filepath,label,split
C:/Users/Ankit/.cache/kagglehub/datasets/aryashah2k/breast-ultrasound-images-dataset/versions/1/Dataset_BUSI_with_GT/benign/benign (26).png,BENIGN,train
C:/Users/Ankit/.cache/kagglehub/datasets/aryashah2k/breast-ultrasound-images-dataset/versions/1/Dataset_BUSI_with_GT/benign/benign (238).png,BENIGN,train
C:/Users/Ankit/.cache/kagglehub/datasets/aryashah2k/breast-ultrasound-images-dataset/versions/1/Dataset_BUSI_with_GT/benign/benign (229).png,BENIGN,train
C:/Users/Ankit/.cache/kagglehub/datasets/aryashah2k/breast-ultrasound-images-dataset/versions/1/Dataset_BUSI_with_GT/benign/benign (235).png,BENIGN,train
C:/Users/Ankit/.cache/kagglehub/datasets/aryashah2k/breast-ultrasound-images-dataset/versions/1/Dataset_BUSI_with_GT/benign/benign (109).png,BENIGN,train
C:/Users/Ankit/.cache/kagglehub/datasets/aryashah2k/breast-ultrasound-images-dataset/versions/1/Dataset_BUSI_with_GT/benign/benign (330).png,BENIGN,train
C:/Users/Ankit/.cache/kagglehub/datasets/aryashah2k/breast-ultrasound-images-dataset/versions/1/Dataset_BUSI_with_GT/benign/benign (257).png,BENIGN,train
C:/Users/Ankit/.cache/kagglehub/datasets/aryashah2k/breast-ultrasound-images-dataset/versions/1/Dataset_BUSI_with_GT/benign/benign (431).png,BENIGN,train
C:/Users/Ankit/.cache/kagglehub/datasets/aryashah2k/breast-ultrasound-images-dataset/versions/1/Dataset_BUSI_with_GT/benign/benign (363).png,BENIGN,train
C:/Users/Ankit/.cache/kagglehub/datasets/aryashah2k/breast-ultrasound-images-dataset/versions/1/Dataset_BUSI_with_GT/benign/benign (233).png,BENIGN,train
C:/Users/Ankit/.cache/kagglehub/datasets/aryashah2k/breast-ultrasound-images-dataset/versions/1/Dataset_BUSI_with_GT/benign/benign (18).png,BENIGN,train
C:/Users/Ankit/.cache/kagglehub/datasets/aryashah2k/breast-ultrasound-images-dataset/versions/1/Dataset_BUSI_with_GT/benign/benign (184).png,BENIGN,train
C:/Users/Ankit/.cache/kagglehub/datasets/aryashah2k/breast-ultrasound-images-dataset/versions/1/Dataset_BUSI_with_GT/benign/benign (5).png,BENIGN,train
C:/Users/Ankit/.cache/kagglehub/datasets/aryashah2k/breast-ultrasound-images-dataset/versions/1/Dataset_BUSI_with_GT/benign/benign (241).png,BENIGN,train
C:/Users/Ankit/.cache/kagglehub/datasets/aryashah2k/breast-ultrasound-images-dataset/versions/1/Dataset_BUSI_with_GT/benign/benign (290).png,BENIGN,train
C:/Users/Ankit/.cache/kagglehub/datasets/aryashah2k/breast-ultrasound-images-dataset/versions/1/Dataset_BUSI_with_GT/benign/benign (265).png,BENIGN,train
C:/Users/Ankit/.cache/kagglehub/datasets/aryashah2k/breast-ultrasound-images-dataset/versions/1/Dataset_BUSI_with_GT/benign/benign (362).png,BENIGN,train
C:/Users/Ankit/.cache/kagglehub/datasets/aryashah2k/breast-ultrasound-images-dataset/versions/1/Dataset_BUSI_with_GT/benign/benign (359).png,BENIGN,train
C:/Users/Ankit/.cache/kagglehub/datasets/aryashah2k/breast-ultrasound-images-dataset/versions/1/Dataset_BUSI_with_GT/benign/benign (81).png,BENIGN,train
C:/Users/Ankit/.cache/kagglehub/datasets/aryashah2k/breast-ultrasound-images-dataset/versions/1/Dataset_BUSI_with_GT/benign/benign (102).png,BENIGN,train
C:/Users/Ankit/.cache/kagglehub/datasets/aryashah2k/breast-ultrasound-images-dataset/versions/1/Dataset_BUSI_with_GT/benign/benign (417).png,BENIGN,train
C:/Users/Ankit/.cache/kagglehub/datasets/aryashah2k/breast-ultrasound-images-dataset/versions/1/Dataset_BUSI_with_GT/benign/benign (59).png,BENIGN,train
C:/Users/Ankit/.cache/kagglehub/datasets/aryashah2k/breast-ultrasound-images-dataset/versions/1/Dataset_BUSI_with_GT/benign/benign (415).png,BENIGN,train
C:/Users/Ankit/.cache/kagglehub/datasets/aryashah2k/breast-ultrasound-images-dataset/versions/1/Dataset_BUSI_with_GT/benign/benign (287).png,BENIGN,train
C:/Users/Ankit/.cache/kagglehub/datasets/aryashah2k/breast-ultrasound-images-dataset/versions/1/Dataset_BUSI_with_GT/benign/benign (280).png,BENIGN,train
C:/Users/Ankit/.cache/kagglehub/datasets/aryashah2k/breast-ultrasound-images-dataset/versions/1/Dataset_BUSI_with_GT/benign/benign (373).png,BENIGN,train
C:/Users/Ankit/.cache/kagglehub/datasets/aryashah2k/breast-ultrasound-images-dataset/versions/1/Dataset_BUSI_with_GT/benign/benign (100).png,BENIGN,train
C:/Users/Ankit/.cache/kagglehub/datasets/aryashah2k/breast-ultrasound-images-dataset/versions/1/Dataset_BUSI_with_GT/benign/benign (169).png,BENIGN,train
C:/Users/Ankit/.cache/kagglehub/datasets/aryashah2k/breast-ultrasound-images-dataset/versions/1/Dataset_BUSI_with_GT/benign/benign (243).png,BENIGN,train
C:/Users/Ankit/.cache/kagglehub/datasets/aryashah2k/breast-ultrasound-images-dataset/versions/1/Dataset_BUSI_with_GT/benign/benign (374).png,BENIGN,train
C:/Users/Ankit/.cache/kagglehub/datasets/aryashah2k/breast-ultrasound-images-dataset/versions/1/Dataset_BUSI_with_GT/benign/benign (269).png,BENIGN,train
C:/Users/Ankit/.cache/kagglehub/datasets/aryashah2k/breast-ultrasound-images-dataset/versions/1/Dataset_BUSI_with_GT/benign/benign (152).png,BENIGN,train
C:/Users/Ankit/.cache/kagglehub/datasets/aryashah2k/breast-ultrasound-images-dataset/versions/1/Dataset_BUSI_with_GT/benign/benign (247).png,BENIGN,train
C:/Users/Ankit/.cache/kagglehub/datasets/aryashah2k/breast-ultrasound-images-dataset/versions/1/Dataset_BUSI_with_GT/benign/benign (323).png,BENIGN,train
C:/Users/Ankit/.cache/kagglehub/datasets/aryashah2k/breast-ultrasound-images-dataset/versions/1/Dataset_BUSI_with_GT/benign/benign (19).png,BENIGN,train
C:/Users/Ankit/.cache/kagglehub/datasets/aryashah2k/breast-ultrasound-images-dataset/versions/1/Dataset_BUSI_with_GT/benign/benign (132).png,BENIGN,train
C:/Users/Ankit/.cache/kagglehub/datasets/aryashah2k/breast-ultrasound-images-dataset/versions/1/Dataset_BUSI_with_GT/benign/benign (118).png,BENIGN,train
C:/Users/Ankit/.cache/kagglehub/datasets/aryashah2k/breast-ultrasound-images-dataset/versions/1/Dataset_BUSI_with_GT/benign/benign (259).png,BENIGN,train
C:/Users/Ankit/.cache/kagglehub/datasets/aryashah2k/breast-ultrasound-images-dataset/versions/1/Dataset_BUSI_with_GT/benign/benign (380).png,BENIGN,train
C:/Users/Ankit/.cache/kagglehub/datasets/aryashah2k/breast-ultrasound-images-dataset/versions/1/Dataset_BUSI_with_GT/benign/benign (49).png,BENIGN,train
C:/Users/Ankit/.cache/kagglehub/datasets/aryashah2k/breast-ultrasound-images-dataset/versions/1/Dataset_BUSI_with_GT/benign/benign (396).png,BENIGN,train
C:/Users/Ankit/.cache/kagglehub/datasets/aryashah2k/breast-ultrasound-images-dataset/versions/1/Dataset_BUSI_with_GT/benign/benign (320).png,BENIGN,train
C:/Users/Ankit/.cache/kagglehub/datasets/aryashah2k/breast-ultrasound-images-dataset/versions/1/Dataset_BUSI_with_GT/benign/benign (434).png,BENIGN,train
C:/Users/Ankit/.cache/kagglehub/datasets/aryashah2k/breast-ultrasound-images-dataset/versions/1/Dataset_BUSI_with_GT/benign/benign (375).png,BENIGN,train
C:/Users/Ankit/.cache/kagglehub/datasets/aryashah2k/breast-ultrasound-images-dataset/versions/1/Dataset_BUSI_with_GT/benign/benign (316).png,BENIGN,train
C:/Users/Ankit/.cache/kagglehub/datasets/aryashah2k/breast-ultrasound-images-dataset/versions/1/Dataset_BUSI_with_GT/benign/benign (216).png,BENIGN,train
C:/Users/Ankit/.cache/kagglehub/datasets/aryashah2k/breast-ultrasound-images-dataset/versions/1/Dataset_BUSI_with_GT/benign/benign (182).png,BENIGN,train
C:/Users/Ankit/.cache/kagglehub/datasets/aryashah2k/breast-ultrasound-images-dataset/versions/1/Dataset_BUSI_with_GT/benign/benign (23).png,BENIGN,train
C:/Users/Ankit/.cache/kagglehub/datasets/aryashah2k/breast-ultrasound-images-dataset/versions/1/Dataset_BUSI_with_GT/benign/benign (215).png,BENIGN,train
C:/Users/Ankit/.cache/kagglehub/datasets/aryashah2k/breast-ultrasound-images-dataset/versions/1/Dataset_BUSI_with_GT/benign/benign (298).png,BENIGN,train
C:/Users/Ankit/.cache/kagglehub/datasets/aryashah2k/breast-ultrasound-images-dataset/versions/1/Dataset_BUSI_with_GT/benign/benign (246).png,BENIGN,train
C:/Users/Ankit/.cache/kagglehub/datasets/aryashah2k/breast-ultrasound-images-dataset/versions/1/Dataset_BUSI_with_GT/benign/benign (293).png,BENIGN,train
C:/Users/Ankit/.cache/kagglehub/datasets/aryashah2k/breast-ultrasound-images-dataset/versions/1/Dataset_BUSI_with_GT/benign/benign (224).png,BENIGN,train
C:/Users/Ankit/.cache/kagglehub/datasets/aryashah2k/breast-ultrasound-images-dataset/versions/1/Dataset_BUSI_with_GT/benign/benign (161).png,BENIGN,train
C:/Users/Ankit/.cache/kagglehub/datasets/aryashah2k/breast-ultrasound-images-dataset/versions/1/Dataset_BUSI_with_GT/benign/benign (136).png,BENIGN,train
C:/Users/Ankit/.cache/kagglehub/datasets/aryashah2k/breast-ultrasound-images-dataset/versions/1/Dataset_BUSI_with_GT/benign/benign (260).png,BENIGN,train
C:/Users/Ankit/.cache/kagglehub/datasets/aryashah2k/breast-ultrasound-images-dataset/versions/1/Dataset_BUSI_with_GT/benign/benign (300).png,BENIGN,train
C:/Users/Ankit/.cache/kagglehub/datasets/aryashah2k/breast-ultrasound-images-dataset/versions/1/Dataset_BUSI_with_GT/benign/benign (335).png,BENIGN,train
C:/Users/Ankit/.cache/kagglehub/datasets/aryashah2k/breast-ultrasound-images-dataset/versions/1/Dataset_BUSI_with_GT/benign/benign (14).png,BENIGN,train
C:/Users/Ankit/.cache/kagglehub/datasets/aryashah2k/breast-ultrasound-images-dataset/versions/1/Dataset_BUSI_with_GT/benign/benign (13).png,BENIGN,train
C:/Users/Ankit/.cache/kagglehub/datasets/aryashah2k/breast-ultrasound-images-dataset/versions/1/Dataset_BUSI_with_GT/benign/benign (186).png,BENIGN,train
C:/Users/Ankit/.cache/kagglehub/datasets/aryashah2k/breast-ultrasound-images-dataset/versions/1/Dataset_BUSI_with_GT/benign/benign (4).png,BENIGN,train
C:/Users/Ankit/.cache/kagglehub/datasets/aryashah2k/breast-ultrasound-images-dataset/versions/1/Dataset_BUSI_with_GT/benign/benign (315).png,BENIGN,train
C:/Users/Ankit/.cache/kagglehub/datasets/aryashah2k/breast-ultrasound-images-dataset/versions/1/Dataset_BUSI_with_GT/benign/benign (411).png,BENIGN,train
C:/Users/Ankit/.cache/kagglehub/datasets/aryashah2k/breast-ultrasound-images-dataset/versions/1/Dataset_BUSI_with_GT/benign/benign (56).png,BENIGN,train
C:/Users/Ankit/.cache/kagglehub/datasets/aryashah2k/breast-ultrasound-images-dataset/versions/1/Dataset_BUSI_with_GT/benign/benign (228).png,BENIGN,train
C:/Users/Ankit/.cache/kagglehub/datasets/aryashah2k/breast-ultrasound-images-dataset/versions/1/Dataset_BUSI_with_GT/benign/benign (301).png,BENIGN,train
C:/Users/Ankit/.cache/kagglehub/datasets/aryashah2k/breast-ultrasound-images-dataset/versions/1/Dataset_BUSI_with_GT/benign/benign (87).png,BENIGN,train
C:/Users/Ankit/.cache/kagglehub/datasets/aryashah2k/breast-ultrasound-images-dataset/versions/1/Dataset_BUSI_with_GT/benign/benign (406).png,BENIGN,train
C:/Users/Ankit/.cache/kagglehub/datasets/aryashah2k/breast-ultrasound-images-dataset/versions/1/Dataset_BUSI_with_GT/benign/benign (179).png,BENIGN,train
C:/Users/Ankit/.cache/kagglehub/datasets/aryashah2k/breast-ultrasound-images-dataset/versions/1/Dataset_BUSI_with_GT/benign/benign (207).png,BENIGN,train
C:/Users/Ankit/.cache/kagglehub/datasets/aryashah2k/breast-ultrasound-images-dataset/versions/1/Dataset_BUSI_with_GT/benign/benign (251).png,BENIGN,train
C:/Users/Ankit/.cache/kagglehub/datasets/aryashah2k/breast-ultrasound-images-dataset/versions/1/Dataset_BUSI_with_GT/benign/benign (160).png,BENIGN,train
C:/Users/Ankit/.cache/kagglehub/datasets/aryashah2k/breast-ultrasound-images-dataset/versions/1/Dataset_BUSI_with_GT/benign/benign (343).png,BENIGN,train
C:/Users/Ankit/.cache/kagglehub/datasets/aryashah2k/breast-ultrasound-images-dataset/versions/1/Dataset_BUSI_with_GT/benign/benign (237).png,BENIGN,train
C:/Users/Ankit/.cache/kagglehub/datasets/aryashah2k/breast-ultrasound-images-dataset/versions/1/Dataset_BUSI_with_GT/benign/benign (183).png,BENIGN,train
C:/Users/Ankit/.cache/kagglehub/datasets/aryashah2k/breast-ultrasound-images-dataset/versions/1/Dataset_BUSI_with_GT/benign/benign (437).png,BENIGN,train
C:/Users/Ankit/.cache/kagglehub/datasets/aryashah2k/breast-ultrasound-images-dataset/versions/1/Dataset_BUSI_with_GT/benign/benign (29).png,BENIGN,train
C:/Users/Ankit/.cache/kagglehub/datasets/aryashah2k/breast-ultrasound-images-dataset/versions/1/Dataset_BUSI_with_GT/benign/benign (338).png,BENIGN,train
C:/Users/Ankit/.cache/kagglehub/datasets/aryashah2k/breast-ultrasound-images-dataset/versions/1/Dataset_BUSI_with_GT/benign/benign (409).png,BENIGN,train
C:/Users/Ankit/.cache/kagglehub/datasets/aryashah2k/breast-ultrasound-images-dataset/versions/1/Dataset_BUSI_with_GT/benign/benign (285).png,BENIGN,train
C:/Users/Ankit/.cache/kagglehub/datasets/aryashah2k/breast-ultrasound-images-dataset/versions/1/Dataset_BUSI_with_GT/benign/benign (133).png,BENIGN,train
C:/Users/Ankit/.cache/kagglehub/datasets/aryashah2k/breast-ultrasound-images-dataset/versions/1/Dataset_BUSI_with_GT/benign/benign (341).png,BENIGN,train
C:/Users/Ankit/.cache/kagglehub/datasets/aryashah2k/breast-ultrasound-images-dataset/versions/1/Dataset_BUSI_with_GT/benign/benign (9).png,BENIGN,train
C:/Users/Ankit/.cache/kagglehub/datasets/aryashah2k/breast-ultrasound-images-dataset/versions/1/Dataset_BUSI_with_GT/benign/benign (144).png,BENIGN,train
C:/Users/Ankit/.cache/kagglehub/datasets/aryashah2k/breast-ultrasound-images-dataset/versions/1/Dataset_BUSI_with_GT/benign/benign (288).png,BENIGN,train
C:/Users/Ankit/.cache/kagglehub/datasets/aryashah2k/breast-ultrasound-images-dataset/versions/1/Dataset_BUSI_with_GT/benign/benign (195).png,BENIGN,train
C:/Users/Ankit/.cache/kagglehub/datasets/aryashah2k/breast-ultrasound-images-dataset/versions/1/Dataset_BUSI_with_GT/benign/benign (349).png,BENIGN,train
C:/Users/Ankit/.cache/kagglehub/datasets/aryashah2k/breast-ultrasound-images-dataset/versions/1/Dataset_BUSI_with_GT/benign/benign (176).png,BENIGN,train
C:/Users/Ankit/.cache/kagglehub/datasets/aryashah2k/breast-ultrasound-images-dataset/versions/1/Dataset_BUSI_with_GT/benign/benign (122).png,BENIGN,train
C:/Users/Ankit/.cache/kagglehub/datasets/aryashah2k/breast-ultrasound-images-dataset/versions/1/Dataset_BUSI_with_GT/benign/benign (327).png,BENIGN,train
C:/Users/Ankit/.cache/kagglehub/datasets/aryashah2k/breast-ultrasound-images-dataset/versions/1/Dataset_BUSI_with_GT/benign/benign (407).png,BENIGN,train
C:/Users/Ankit/.cache/kagglehub/datasets/aryashah2k/breast-ultrasound-images-dataset/versions/1/Dataset_BUSI_with_GT/benign/benign (159).png,BENIGN,train
C:/Users/Ankit/.cache/kagglehub/datasets/aryashah2k/breast-ultrasound-images-dataset/versions/1/Dataset_BUSI_with_GT/benign/benign (278).png,BENIGN,train
C:/Users/Ankit/.cache/kagglehub/datasets/aryashah2k/breast-ultrasound-images-dataset/versions/1/Dataset_BUSI_with_GT/benign/benign (344).png,BENIGN,train
C:/Users/Ankit/.cache/kagglehub/datasets/aryashah2k/breast-ultrasound-images-dataset/versions/1/Dataset_BUSI_with_GT/benign/benign (282).png,BENIGN,train
C:/Users/Ankit/.cache/kagglehub/datasets/aryashah2k/breast-ultrasound-images-dataset/versions/1/Dataset_BUSI_with_GT/benign/benign (147).png,BENIGN,train
C:/Users/Ankit/.cache/kagglehub/datasets/aryashah2k/breast-ultrasound-images-dataset/versions/1/Dataset_BUSI_with_GT/benign/benign (24).png,BENIGN,train
C:/Users/Ankit/.cache/kagglehub/datasets/aryashah2k/breast-ultrasound-images-dataset/versions/1/Dataset_BUSI_with_GT/benign/benign (306).png,BENIGN,train
C:/Users/Ankit/.cache/kagglehub/datasets/aryashah2k/breast-ultrasound-images-dataset/versions/1/Dataset_BUSI_with_GT/benign/benign (295).png,BENIGN,train
C:/Users/Ankit/.cache/kagglehub/datasets/aryashah2k/breast-ultrasound-images-dataset/versions/1/Dataset_BUSI_with_GT/benign/benign (242).png,BENIGN,train
C:/Users/Ankit/.cache/kagglehub/datasets/aryashah2k/breast-ultrasound-images-dataset/versions/1/Dataset_BUSI_with_GT/benign/benign (334).png,BENIGN,train
C:/Users/Ankit/.cache/kagglehub/datasets/aryashah2k/breast-ultrasound-images-dataset/versions/1/Dataset_BUSI_with_GT/benign/benign (127).png,BENIGN,train
C:/Users/Ankit/.cache/kagglehub/datasets/aryashah2k/breast-ultrasound-images-dataset/versions/1/Dataset_BUSI_with_GT/benign/benign (164).png,BENIGN,train
C:/Users/Ankit/.cache/kagglehub/datasets/aryashah2k/breast-ultrasound-images-dataset/versions/1/Dataset_BUSI_with_GT/benign/benign (213).png,BENIGN,train
C:/Users/Ankit/.cache/kagglehub/datasets/aryashah2k/breast-ultrasound-images-dataset/versions/1/Dataset_BUSI_with_GT/benign/benign (352).png,BENIGN,train
C:/Users/Ankit/.cache/kagglehub/datasets/aryashah2k/breast-ultrasound-images-dataset/versions/1/Dataset_BUSI_with_GT/benign/benign (361).png,BENIGN,train
C:/Users/Ankit/.cache/kagglehub/datasets/aryashah2k/breast-ultrasound-images-dataset/versions/1/Dataset_BUSI_with_GT/benign/benign (252).png,BENIGN,train
C:/Users/Ankit/.cache/kagglehub/datasets/aryashah2k/breast-ultrasound-images-dataset/versions/1/Dataset_BUSI_with_GT/benign/benign (307).png,BENIGN,train
C:/Users/Ankit/.cache/kagglehub/datasets/aryashah2k/breast-ultrasound-images-dataset/versions/1/Dataset_BUSI_with_GT/benign/benign (168).png,BENIGN,train
C:/Users/Ankit/.cache/kagglehub/datasets/aryashah2k/breast-ultrasound-images-dataset/versions/1/Dataset_BUSI_with_GT/benign/benign (51).png,BENIGN,train
C:/Users/Ankit/.cache/kagglehub/datasets/aryashah2k/breast-ultrasound-images-dataset/versions/1/Dataset_BUSI_with_GT/benign/benign (291).png,BENIGN,train
C:/Users/Ankit/.cache/kagglehub/datasets/aryashah2k/breast-ultrasound-images-dataset/versions/1/Dataset_BUSI_with_GT/benign/benign (72).png,BENIGN,train
C:/Users/Ankit/.cache/kagglehub/datasets/aryashah2k/breast-ultrasound-images-dataset/versions/1/Dataset_BUSI_with_GT/benign/benign (108).png,BENIGN,train
C:/Users/Ankit/.cache/kagglehub/datasets/aryashah2k/breast-ultrasound-images-dataset/versions/1/Dataset_BUSI_with_GT/benign/benign (158).png,BENIGN,train
C:/Users/Ankit/.cache/kagglehub/datasets/aryashah2k/breast-ultrasound-images-dataset/versions/1/Dataset_BUSI_with_GT/benign/benign (219).png,BENIGN,train
C:/Users/Ankit/.cache/kagglehub/datasets/aryashah2k/breast-ultrasound-images-dataset/versions/1/Dataset_BUSI_with_GT/benign/benign (117).png,BENIGN,train
C:/Users/Ankit/.cache/kagglehub/datasets/aryashah2k/breast-ultrasound-images-dataset/versions/1/Dataset_BUSI_with_GT/benign/benign (357).png,BENIGN,train
C:/Users/Ankit/.cache/kagglehub/datasets/aryashah2k/breast-ultrasound-images-dataset/versions/1/Dataset_BUSI_with_GT/benign/benign (198).png,BENIGN,train
C:/Users/Ankit/.cache/kagglehub/datasets/aryashah2k/breast-ultrasound-images-dataset/versions/1/Dataset_BUSI_with_GT/benign/benign (74).png,BENIGN,train
C:/Users/Ankit/.cache/kagglehub/datasets/aryashah2k/breast-ultrasound-images-dataset/versions/1/Dataset_BUSI_with_GT/benign/benign (157).png,BENIGN,train
C:/Users/Ankit/.cache/kagglehub/datasets/aryashah2k/breast-ultrasound-images-dataset/versions/1/Dataset_BUSI_with_GT/benign/benign (154).png,BENIGN,train
C:/Users/Ankit/.cache/kagglehub/datasets/aryashah2k/breast-ultrasound-images-dataset/versions/1/Dataset_BUSI_with_GT/benign/benign (166).png,BENIGN,train
C:/Users/Ankit/.cache/kagglehub/datasets/aryashah2k/breast-ultrasound-images-dataset/versions/1/Dataset_BUSI_with_GT/benign/benign (104).png,BENIGN,train
C:/Users/Ankit/.cache/kagglehub/datasets/aryashah2k/breast-ultrasound-images-dataset/versions/1/Dataset_BUSI_with_GT/benign/benign (105).png,BENIGN,train
C:/Users/Ankit/.cache/kagglehub/datasets/aryashah2k/breast-ultrasound-images-dataset/versions/1/Dataset_BUSI_with_GT/benign/benign (8).png,BENIGN,train
C:/Users/Ankit/.cache/kagglehub/datasets/aryashah2k/breast-ultrasound-images-dataset/versions/1/Dataset_BUSI_with_GT/benign/benign (302).png,BENIGN,train
C:/Users/Ankit/.cache/kagglehub/datasets/aryashah2k/breast-ultrasound-images-dataset/versions/1/Dataset_BUSI_with_GT/benign/benign (421).png,BENIGN,train
C:/Users/Ankit/.cache/kagglehub/datasets/aryashah2k/breast-ultrasound-images-dataset/versions/1/Dataset_BUSI_with_GT/benign/benign (111).png,BENIGN,train
C:/Users/Ankit/.cache/kagglehub/datasets/aryashah2k/breast-ultrasound-images-dataset/versions/1/Dataset_BUSI_with_GT/benign/benign (149).png,BENIGN,train
C:/Users/Ankit/.cache/kagglehub/datasets/aryashah2k/breast-ultrasound-images-dataset/versions/1/Dataset_BUSI_with_GT/benign/benign (167).png,BENIGN,train
C:/Users/Ankit/.cache/kagglehub/datasets/aryashah2k/breast-ultrasound-images-dataset/versions/1/Dataset_BUSI_with_GT/benign/benign (303).png,BENIGN,train
C:/Users/Ankit/.cache/kagglehub/datasets/aryashah2k/breast-ultrasound-images-dataset/versions/1/Dataset_BUSI_with_GT/benign/benign (134).png,BENIGN,train
C:/Users/Ankit/.cache/kagglehub/datasets/aryashah2k/breast-ultrasound-images-dataset/versions/1/Dataset_BUSI_with_GT/benign/benign (272).png,BENIGN,train
C:/Users/Ankit/.cache/kagglehub/datasets/aryashah2k/breast-ultrasound-images-dataset/versions/1/Dataset_BUSI_with_GT/benign/benign (245).png,BENIGN,train
C:/Users/Ankit/.cache/kagglehub/datasets/aryashah2k/breast-ultrasound-images-dataset/versions/1/Dataset_BUSI_with_GT/benign/benign (387).png,BENIGN,train
C:/Users/Ankit/.cache/kagglehub/datasets/aryashah2k/breast-ultrasound-images-dataset/versions/1/Dataset_BUSI_with_GT/benign/benign (427).png,BENIGN,train
C:/Users/Ankit/.cache/kagglehub/datasets/aryashah2k/breast-ultrasound-images-dataset/versions/1/Dataset_BUSI_with_GT/benign/benign (318).png,BENIGN,train
C:/Users/Ankit/.cache/kagglehub/datasets/aryashah2k/breast-ultrasound-images-dataset/versions/1/Dataset_BUSI_with_GT/benign/benign (189).png,BENIGN,train
C:/Users/Ankit/.cache/kagglehub/datasets/aryashah2k/breast-ultrasound-images-dataset/versions/1/Dataset_BUSI_with_GT/benign/benign (340).png,BENIGN,train
C:/Users/Ankit/.cache/kagglehub/datasets/aryashah2k/breast-ultrasound-images-dataset/versions/1/Dataset_BUSI_with_GT/benign/benign (187).png,BENIGN,train
C:/Users/Ankit/.cache/kagglehub/datasets/aryashah2k/breast-ultrasound-images-dataset/versions/1/Dataset_BUSI_with_GT/benign/benign (426).png,BENIGN,train
C:/Users/Ankit/.cache/kagglehub/datasets/aryashah2k/breast-ultrasound-images-dataset/versions/1/Dataset_BUSI_with_GT/benign/benign (309).png,BENIGN,train
C:/Users/Ankit/.cache/kagglehub/datasets/aryashah2k/breast-ultrasound-images-dataset/versions/1/Dataset_BUSI_with_GT/benign/benign (7).png,BENIGN,train
C:/Users/Ankit/.cache/kagglehub/datasets/aryashah2k/breast-ultrasound-images-dataset/versions/1/Dataset_BUSI_with_GT/benign/benign (325).png,BENIGN,train
C:/Users/Ankit/.cache/kagglehub/datasets/aryashah2k/breast-ultrasound-images-dataset/versions/1/Dataset_BUSI_with_GT/benign/benign (414).png,BENIGN,train
C:/Users/Ankit/.cache/kagglehub/datasets/aryashah2k/breast-ultrasound-images-dataset/versions/1/Dataset_BUSI_with_GT/benign/benign (366).png,BENIGN,train
C:/Users/Ankit/.cache/kagglehub/datasets/aryashah2k/breast-ultrasound-images-dataset/versions/1/Dataset_BUSI_with_GT/benign/benign (268).png,BENIGN,train
C:/Users/Ankit/.cache/kagglehub/datasets/aryashah2k/breast-ultrasound-images-dataset/versions/1/Dataset_BUSI_with_GT/benign/benign (319).png,BENIGN,train
C:/Users/Ankit/.cache/kagglehub/datasets/aryashah2k/breast-ultrasound-images-dataset/versions/1/Dataset_BUSI_with_GT/benign/benign (28).png,BENIGN,train
C:/Users/Ankit/.cache/kagglehub/datasets/aryashah2k/breast-ultrasound-images-dataset/versions/1/Dataset_BUSI_with_GT/benign/benign (75).png,BENIGN,train
C:/Users/Ankit/.cache/kagglehub/datasets/aryashah2k/breast-ultrasound-images-dataset/versions/1/Dataset_BUSI_with_GT/benign/benign (67).png,BENIGN,train
C:/Users/Ankit/.cache/kagglehub/datasets/aryashah2k/breast-ultrasound-images-dataset/versions/1/Dataset_BUSI_with_GT/benign/benign (432).png,BENIGN,train
C:/Users/Ankit/.cache/kagglehub/datasets/aryashah2k/breast-ultrasound-images-dataset/versions/1/Dataset_BUSI_with_GT/benign/benign (97).png,BENIGN,train
C:/Users/Ankit/.cache/kagglehub/datasets/aryashah2k/breast-ultrasound-images-dataset/versions/1/Dataset_BUSI_with_GT/benign/benign (255).png,BENIGN,train
C:/Users/Ankit/.cache/kagglehub/datasets/aryashah2k/breast-ultrasound-images-dataset/versions/1/Dataset_BUSI_with_GT/benign/benign (32).png,BENIGN,train
C:/Users/Ankit/.cache/kagglehub/datasets/aryashah2k/breast-ultrasound-images-dataset/versions/1/Dataset_BUSI_with_GT/benign/benign (200).png,BENIGN,train
C:/Users/Ankit/.cache/kagglehub/datasets/aryashah2k/breast-ultrasound-images-dataset/versions/1/Dataset_BUSI_with_GT/benign/benign (116).png,BENIGN,train
C:/Users/Ankit/.cache/kagglehub/datasets/aryashah2k/breast-ultrasound-images-dataset/versions/1/Dataset_BUSI_with_GT/benign/benign (53).png,BENIGN,train
C:/Users/Ankit/.cache/kagglehub/datasets/aryashah2k/breast-ultrasound-images-dataset/versions/1/Dataset_BUSI_with_GT/benign/benign (205).png,BENIGN,train
C:/Users/Ankit/.cache/kagglehub/datasets/aryashah2k/breast-ultrasound-images-dataset/versions/1/Dataset_BUSI_with_GT/benign/benign (279).png,BENIGN,train
C:/Users/Ankit/.cache/kagglehub/datasets/aryashah2k/breast-ultrasound-images-dataset/versions/1/Dataset_BUSI_with_GT/benign/benign (372).png,BENIGN,train
C:/Users/Ankit/.cache/kagglehub/datasets/aryashah2k/breast-ultrasound-images-dataset/versions/1/Dataset_BUSI_with_GT/benign/benign (261).png,BENIGN,train
C:/Users/Ankit/.cache/kagglehub/datasets/aryashah2k/breast-ultrasound-images-dataset/versions/1/Dataset_BUSI_with_GT/benign/benign (39).png,BENIGN,train
C:/Users/Ankit/.cache/kagglehub/datasets/aryashah2k/breast-ultrasound-images-dataset/versions/1/Dataset_BUSI_with_GT/benign/benign (93).png,BENIGN,train
C:/Users/Ankit/.cache/kagglehub/datasets/aryashah2k/breast-ultrasound-images-dataset/versions/1/Dataset_BUSI_with_GT/benign/benign (395).png,BENIGN,train
C:/Users/Ankit/.cache/kagglehub/datasets/aryashah2k/breast-ultrasound-images-dataset/versions/1/Dataset_BUSI_with_GT/benign/benign (388).png,BENIGN,train
C:/Users/Ankit/.cache/kagglehub/datasets/aryashah2k/breast-ultrasound-images-dataset/versions/1/Dataset_BUSI_with_GT/benign/benign (54).png,BENIGN,train
C:/Users/Ankit/.cache/kagglehub/datasets/aryashah2k/breast-ultrasound-images-dataset/versions/1/Dataset_BUSI_with_GT/benign/benign (299).png,BENIGN,train
C:/Users/Ankit/.cache/kagglehub/datasets/aryashah2k/breast-ultrasound-images-dataset/versions/1/Dataset_BUSI_with_GT/benign/benign (123).png,BENIGN,train
C:/Users/Ankit/.cache/kagglehub/datasets/aryashah2k/breast-ultrasound-images-dataset/versions/1/Dataset_BUSI_with_GT/benign/benign (296).png,BENIGN,train
C:/Users/Ankit/.cache/kagglehub/datasets/aryashah2k/breast-ultrasound-images-dataset/versions/1/Dataset_BUSI_with_GT/benign/benign (192).png,BENIGN,train
C:/Users/Ankit/.cache/kagglehub/datasets/aryashah2k/breast-ultrasound-images-dataset/versions/1/Dataset_BUSI_with_GT/benign/benign (286).png,BENIGN,train
C:/Users/Ankit/.cache/kagglehub/datasets/aryashah2k/breast-ultrasound-images-dataset/versions/1/Dataset_BUSI_with_GT/benign/benign (121).png,BENIGN,train
C:/Users/Ankit/.cache/kagglehub/datasets/aryashah2k/breast-ultrasound-images-dataset/versions/1/Dataset_BUSI_with_GT/benign/benign (34).png,BENIGN,train
C:/Users/Ankit/.cache/kagglehub/datasets/aryashah2k/breast-ultrasound-images-dataset/versions/1/Dataset_BUSI_with_GT/benign/benign (25).png,BENIGN,train
C:/Users/Ankit/.cache/kagglehub/datasets/aryashah2k/breast-ultrasound-images-dataset/versions/1/Dataset_BUSI_with_GT/benign/benign (58).png,BENIGN,train
C:/Users/Ankit/.cache/kagglehub/datasets/aryashah2k/breast-ultrasound-images-dataset/versions/1/Dataset_BUSI_with_GT/benign/benign (78).png,BENIGN,train
C:/Users/Ankit/.cache/kagglehub/datasets/aryashah2k/breast-ultrasound-images-dataset/versions/1/Dataset_BUSI_with_GT/benign/benign (424).png,BENIGN,train
C:/Users/Ankit/.cache/kagglehub/datasets/aryashah2k/breast-ultrasound-images-dataset/versions/1/Dataset_BUSI_with_GT/benign/benign (194).png,BENIGN,train
C:/Users/Ankit/.cache/kagglehub/datasets/aryashah2k/breast-ultrasound-images-dataset/versions/1/Dataset_BUSI_with_GT/benign/benign (364).png,BENIGN,train
C:/Users/Ankit/.cache/kagglehub/datasets/aryashah2k/breast-ultrasound-images-dataset/versions/1/Dataset_BUSI_with_GT/benign/benign (180).png,BENIGN,train
C:/Users/Ankit/.cache/kagglehub/datasets/aryashah2k/breast-ultrasound-images-dataset/versions/1/Dataset_BUSI_with_GT/benign/benign (6).png,BENIGN,train
C:/Users/Ankit/.cache/kagglehub/datasets/aryashah2k/breast-ultrasound-images-dataset/versions/1/Dataset_BUSI_with_GT/benign/benign (35).png,BENIGN,train
C:/Users/Ankit/.cache/kagglehub/datasets/aryashah2k/breast-ultrasound-images-dataset/versions/1/Dataset_BUSI_with_GT/benign/benign (48).png,BENIGN,train
C:/Users/Ankit/.cache/kagglehub/datasets/aryashah2k/breast-ultrasound-images-dataset/versions/1/Dataset_BUSI_with_GT/benign/benign (86).png,BENIGN,train
C:/Users/Ankit/.cache/kagglehub/datasets/aryashah2k/breast-ultrasound-images-dataset/versions/1/Dataset_BUSI_with_GT/benign/benign (142).png,BENIGN,train
C:/Users/Ankit/.cache/kagglehub/datasets/aryashah2k/breast-ultrasound-images-dataset/versions/1/Dataset_BUSI_with_GT/benign/benign (193).png,BENIGN,train
C:/Users/Ankit/.cache/kagglehub/datasets/aryashah2k/breast-ultrasound-images-dataset/versions/1/Dataset_BUSI_with_GT/benign/benign (270).png,BENIGN,train
C:/Users/Ankit/.cache/kagglehub/datasets/aryashah2k/breast-ultrasound-images-dataset/versions/1/Dataset_BUSI_with_GT/benign/benign (155).png,BENIGN,train
C:/Users/Ankit/.cache/kagglehub/datasets/aryashah2k/breast-ultrasound-images-dataset/versions/1/Dataset_BUSI_with_GT/benign/benign (321).png,BENIGN,train
C:/Users/Ankit/.cache/kagglehub/datasets/aryashah2k/breast-ultrasound-images-dataset/versions/1/Dataset_BUSI_with_GT/benign/benign (231).png,BENIGN,train
C:/Users/Ankit/.cache/kagglehub/datasets/aryashah2k/breast-ultrasound-images-dataset/versions/1/Dataset_BUSI_with_GT/benign/benign (230).png,BENIGN,train
C:/Users/Ankit/.cache/kagglehub/datasets/aryashah2k/breast-ultrasound-images-dataset/versions/1/Dataset_BUSI_with_GT/benign/benign (336).png,BENIGN,train
C:/Users/Ankit/.cache/kagglehub/datasets/aryashah2k/breast-ultrasound-images-dataset/versions/1/Dataset_BUSI_with_GT/benign/benign (402).png,BENIGN,train
C:/Users/Ankit/.cache/kagglehub/datasets/aryashah2k/breast-ultrasound-images-dataset/versions/1/Dataset_BUSI_with_GT/benign/benign (405).png,BENIGN,train
C:/Users/Ankit/.cache/kagglehub/datasets/aryashah2k/breast-ultrasound-images-dataset/versions/1/Dataset_BUSI_with_GT/benign/benign (313).png,BENIGN,train
C:/Users/Ankit/.cache/kagglehub/datasets/aryashah2k/breast-ultrasound-images-dataset/versions/1/Dataset_BUSI_with_GT/benign/benign (210).png,BENIGN,train
C:/Users/Ankit/.cache/kagglehub/datasets/aryashah2k/breast-ultrasound-images-dataset/versions/1/Dataset_BUSI_with_GT/benign/benign (304).png,BENIGN,train
C:/Users/Ankit/.cache/kagglehub/datasets/aryashah2k/breast-ultrasound-images-dataset/versions/1/Dataset_BUSI_with_GT/benign/benign (385).png,BENIGN,train
C:/Users/Ankit/.cache/kagglehub/datasets/aryashah2k/breast-ultrasound-images-dataset/versions/1/Dataset_BUSI_with_GT/benign/benign (153).png,BENIGN,train
C:/Users/Ankit/.cache/kagglehub/datasets/aryashah2k/breast-ultrasound-images-dataset/versions/1/Dataset_BUSI_with_GT/benign/benign (217).png,BENIGN,train
C:/Users/Ankit/.cache/kagglehub/datasets/aryashah2k/breast-ultrasound-images-dataset/versions/1/Dataset_BUSI_with_GT/benign/benign (289).png,BENIGN,train
C:/Users/Ankit/.cache/kagglehub/datasets/aryashah2k/breast-ultrasound-images-dataset/versions/1/Dataset_BUSI_with_GT/benign/benign (175).png,BENIGN,train
C:/Users/Ankit/.cache/kagglehub/datasets/aryashah2k/breast-ultrasound-images-dataset/versions/1/Dataset_BUSI_with_GT/benign/benign (106).png,BENIGN,train
C:/Users/Ankit/.cache/kagglehub/datasets/aryashah2k/breast-ultrasound-images-dataset/versions/1/Dataset_BUSI_with_GT/benign/benign (114).png,BENIGN,train
C:/Users/Ankit/.cache/kagglehub/datasets/aryashah2k/breast-ultrasound-images-dataset/versions/1/Dataset_BUSI_with_GT/benign/benign (71).png,BENIGN,train
C:/Users/Ankit/.cache/kagglehub/datasets/aryashah2k/breast-ultrasound-images-dataset/versions/1/Dataset_BUSI_with_GT/benign/benign (83).png,BENIGN,train
C:/Users/Ankit/.cache/kagglehub/datasets/aryashah2k/breast-ultrasound-images-dataset/versions/1/Dataset_BUSI_with_GT/benign/benign (391).png,BENIGN,train
C:/Users/Ankit/.cache/kagglehub/datasets/aryashah2k/breast-ultrasound-images-dataset/versions/1/Dataset_BUSI_with_GT/benign/benign (416).png,BENIGN,train
C:/Users/Ankit/.cache/kagglehub/datasets/aryashah2k/breast-ultrasound-images-dataset/versions/1/Dataset_BUSI_with_GT/benign/benign (115).png,BENIGN,train
C:/Users/Ankit/.cache/kagglehub/datasets/aryashah2k/breast-ultrasound-images-dataset/versions/1/Dataset_BUSI_with_GT/benign/benign (351).png,BENIGN,train
C:/Users/Ankit/.cache/kagglehub/datasets/aryashah2k/breast-ultrasound-images-dataset/versions/1/Dataset_BUSI_with_GT/benign/benign (69).png,BENIGN,train
C:/Users/Ankit/.cache/kagglehub/datasets/aryashah2k/breast-ultrasound-images-dataset/versions/1/Dataset_BUSI_with_GT/benign/benign (379).png,BENIGN,train
C:/Users/Ankit/.cache/kagglehub/datasets/aryashah2k/breast-ultrasound-images-dataset/versions/1/Dataset_BUSI_with_GT/benign/benign (36).png,BENIGN,train
C:/Users/Ankit/.cache/kagglehub/datasets/aryashah2k/breast-ultrasound-images-dataset/versions/1/Dataset_BUSI_with_GT/benign/benign (226).png,BENIGN,train
C:/Users/Ankit/.cache/kagglehub/datasets/aryashah2k/breast-ultrasound-images-dataset/versions/1/Dataset_BUSI_with_GT/benign/benign (355).png,BENIGN,train
C:/Users/Ankit/.cache/kagglehub/datasets/aryashah2k/breast-ultrasound-images-dataset/versions/1/Dataset_BUSI_with_GT/benign/benign (41).png,BENIGN,train
C:/Users/Ankit/.cache/kagglehub/datasets/aryashah2k/breast-ultrasound-images-dataset/versions/1/Dataset_BUSI_with_GT/benign/benign (177).png,BENIGN,train
C:/Users/Ankit/.cache/kagglehub/datasets/aryashah2k/breast-ultrasound-images-dataset/versions/1/Dataset_BUSI_with_GT/benign/benign (412).png,BENIGN,train
C:/Users/Ankit/.cache/kagglehub/datasets/aryashah2k/breast-ultrasound-images-dataset/versions/1/Dataset_BUSI_with_GT/benign/benign (337).png,BENIGN,train
C:/Users/Ankit/.cache/kagglehub/datasets/aryashah2k/breast-ultrasound-images-dataset/versions/1/Dataset_BUSI_with_GT/benign/benign (46).png,BENIGN,train
C:/Users/Ankit/.cache/kagglehub/datasets/aryashah2k/breast-ultrasound-images-dataset/versions/1/Dataset_BUSI_with_GT/benign/benign (126).png,BENIGN,train
C:/Users/Ankit/.cache/kagglehub/datasets/aryashah2k/breast-ultrasound-images-dataset/versions/1/Dataset_BUSI_with_GT/benign/benign (202).png,BENIGN,train
C:/Users/Ankit/.cache/kagglehub/datasets/aryashah2k/breast-ultrasound-images-dataset/versions/1/Dataset_BUSI_with_GT/benign/benign (218).png,BENIGN,train
C:/Users/Ankit/.cache/kagglehub/datasets/aryashah2k/breast-ultrasound-images-dataset/versions/1/Dataset_BUSI_with_GT/benign/benign (376).png,BENIGN,train
C:/Users/Ankit/.cache/kagglehub/datasets/aryashah2k/breast-ultrasound-images-dataset/versions/1/Dataset_BUSI_with_GT/benign/benign (185).png,BENIGN,train
C:/Users/Ankit/.cache/kagglehub/datasets/aryashah2k/breast-ultrasound-images-dataset/versions/1/Dataset_BUSI_with_GT/benign/benign (40).png,BENIGN,train
C:/Users/Ankit/.cache/kagglehub/datasets/aryashah2k/breast-ultrasound-images-dataset/versions/1/Dataset_BUSI_with_GT/benign/benign (253).png,BENIGN,train
C:/Users/Ankit/.cache/kagglehub/datasets/aryashah2k/breast-ultrasound-images-dataset/versions/1/Dataset_BUSI_with_GT/benign/benign (191).png,BENIGN,train
C:/Users/Ankit/.cache/kagglehub/datasets/aryashah2k/breast-ultrasound-images-dataset/versions/1/Dataset_BUSI_with_GT/benign/benign (60).png,BENIGN,train
C:/Users/Ankit/.cache/kagglehub/datasets/aryashah2k/breast-ultrasound-images-dataset/versions/1/Dataset_BUSI_with_GT/benign/benign (263).png,BENIGN,train
C:/Users/Ankit/.cache/kagglehub/datasets/aryashah2k/breast-ultrasound-images-dataset/versions/1/Dataset_BUSI_with_GT/benign/benign (430).png,BENIGN,train
C:/Users/Ankit/.cache/kagglehub/datasets/aryashah2k/breast-ultrasound-images-dataset/versions/1/Dataset_BUSI_with_GT/benign/benign (52).png,BENIGN,train
C:/Users/Ankit/.cache/kagglehub/datasets/aryashah2k/breast-ultrasound-images-dataset/versions/1/Dataset_BUSI_with_GT/benign/benign (419).png,BENIGN,train
C:/Users/Ankit/.cache/kagglehub/datasets/aryashah2k/breast-ultrasound-images-dataset/versions/1/Dataset_BUSI_with_GT/benign/benign (91).png,BENIGN,train
C:/Users/Ankit/.cache/kagglehub/datasets/aryashah2k/breast-ultrasound-images-dataset/versions/1/Dataset_BUSI_with_GT/benign/benign (428).png,BENIGN,train
C:/Users/Ankit/.cache/kagglehub/datasets/aryashah2k/breast-ultrasound-images-dataset/versions/1/Dataset_BUSI_with_GT/benign/benign (312).png,BENIGN,train
C:/Users/Ankit/.cache/kagglehub/datasets/aryashah2k/breast-ultrasound-images-dataset/versions/1/Dataset_BUSI_with_GT/benign/benign (382).png,BENIGN,train
C:/Users/Ankit/.cache/kagglehub/datasets/aryashah2k/breast-ultrasound-images-dataset/versions/1/Dataset_BUSI_with_GT/benign/benign (390).png,BENIGN,train
C:/Users/Ankit/.cache/kagglehub/datasets/aryashah2k/breast-ultrasound-images-dataset/versions/1/Dataset_BUSI_with_GT/benign/benign (239).png,BENIGN,train
C:/Users/Ankit/.cache/kagglehub/datasets/aryashah2k/breast-ultrasound-images-dataset/versions/1/Dataset_BUSI_with_GT/benign/benign (30).png,BENIGN,train
C:/Users/Ankit/.cache/kagglehub/datasets/aryashah2k/breast-ultrasound-images-dataset/versions/1/Dataset_BUSI_with_GT/benign/benign (386).png,BENIGN,train
C:/Users/Ankit/.cache/kagglehub/datasets/aryashah2k/breast-ultrasound-images-dataset/versions/1/Dataset_BUSI_with_GT/benign/benign (16).png,BENIGN,train
C:/Users/Ankit/.cache/kagglehub/datasets/aryashah2k/breast-ultrasound-images-dataset/versions/1/Dataset_BUSI_with_GT/benign/benign (137).png,BENIGN,train
C:/Users/Ankit/.cache/kagglehub/datasets/aryashah2k/breast-ultrasound-images-dataset/versions/1/Dataset_BUSI_with_GT/benign/benign (95).png,BENIGN,train
C:/Users/Ankit/.cache/kagglehub/datasets/aryashah2k/breast-ultrasound-images-dataset/versions/1/Dataset_BUSI_with_GT/benign/benign (317).png,BENIGN,train
C:/Users/Ankit/.cache/kagglehub/datasets/aryashah2k/breast-ultrasound-images-dataset/versions/1/Dataset_BUSI_with_GT/benign/benign (208).png,BENIGN,train
C:/Users/Ankit/.cache/kagglehub/datasets/aryashah2k/breast-ultrasound-images-dataset/versions/1/Dataset_BUSI_with_GT/benign/benign (250).png,BENIGN,train
C:/Users/Ankit/.cache/kagglehub/datasets/aryashah2k/breast-ultrasound-images-dataset/versions/1/Dataset_BUSI_with_GT/benign/benign (328).png,BENIGN,train
C:/Users/Ankit/.cache/kagglehub/datasets/aryashah2k/breast-ultrasound-images-dataset/versions/1/Dataset_BUSI_with_GT/benign/benign (367).png,BENIGN,train
C:/Users/Ankit/.cache/kagglehub/datasets/aryashah2k/breast-ultrasound-images-dataset/versions/1/Dataset_BUSI_with_GT/benign/benign (276).png,BENIGN,train
C:/Users/Ankit/.cache/kagglehub/datasets/aryashah2k/breast-ultrasound-images-dataset/versions/1/Dataset_BUSI_with_GT/benign/benign (383).png,BENIGN,train
C:/Users/Ankit/.cache/kagglehub/datasets/aryashah2k/breast-ultrasound-images-dataset/versions/1/Dataset_BUSI_with_GT/benign/benign (404).png,BENIGN,train
C:/Users/Ankit/.cache/kagglehub/datasets/aryashah2k/breast-ultrasound-images-dataset/versions/1/Dataset_BUSI_with_GT/benign/benign (339).png,BENIGN,train
C:/Users/Ankit/.cache/kagglehub/datasets/aryashah2k/breast-ultrasound-images-dataset/versions/1/Dataset_BUSI_with_GT/benign/benign (43).png,BENIGN,train
C:/Users/Ankit/.cache/kagglehub/datasets/aryashah2k/breast-ultrasound-images-dataset/versions/1/Dataset_BUSI_with_GT/benign/benign (322).png,BENIGN,train
C:/Users/Ankit/.cache/kagglehub/datasets/aryashah2k/breast-ultrasound-images-dataset/versions/1/Dataset_BUSI_with_GT/benign/benign (138).png,BENIGN,train
C:/Users/Ankit/.cache/kagglehub/datasets/aryashah2k/breast-ultrasound-images-dataset/versions/1/Dataset_BUSI_with_GT/benign/benign (425).png,BENIGN,train
C:/Users/Ankit/.cache/kagglehub/datasets/aryashah2k/breast-ultrasound-images-dataset/versions/1/Dataset_BUSI_with_GT/benign/benign (21).png,BENIGN,train
C:/Users/Ankit/.cache/kagglehub/datasets/aryashah2k/breast-ultrasound-images-dataset/versions/1/Dataset_BUSI_with_GT/benign/benign (125).png,BENIGN,train
C:/Users/Ankit/.cache/kagglehub/datasets/aryashah2k/breast-ultrasound-images-dataset/versions/1/Dataset_BUSI_with_GT/benign/benign (209).png,BENIGN,train
C:/Users/Ankit/.cache/kagglehub/datasets/aryashah2k/breast-ultrasound-images-dataset/versions/1/Dataset_BUSI_with_GT/benign/benign (240).png,BENIGN,train
C:/Users/Ankit/.cache/kagglehub/datasets/aryashah2k/breast-ultrasound-images-dataset/versions/1/Dataset_BUSI_with_GT/benign/benign (79).png,BENIGN,train
C:/Users/Ankit/.cache/kagglehub/datasets/aryashah2k/breast-ultrasound-images-dataset/versions/1/Dataset_BUSI_with_GT/benign/benign (401).png,BENIGN,train
C:/Users/Ankit/.cache/kagglehub/datasets/aryashah2k/breast-ultrasound-images-dataset/versions/1/Dataset_BUSI_with_GT/benign/benign (107).png,BENIGN,train
C:/Users/Ankit/.cache/kagglehub/datasets/aryashah2k/breast-ultrasound-images-dataset/versions/1/Dataset_BUSI_with_GT/benign/benign (324).png,BENIGN,train
C:/Users/Ankit/.cache/kagglehub/datasets/aryashah2k/breast-ultrasound-images-dataset/versions/1/Dataset_BUSI_with_GT/benign/benign (248).png,BENIGN,train
C:/Users/Ankit/.cache/kagglehub/datasets/aryashah2k/breast-ultrasound-images-dataset/versions/1/Dataset_BUSI_with_GT/benign/benign (1).png,BENIGN,train
C:/Users/Ankit/.cache/kagglehub/datasets/aryashah2k/breast-ultrasound-images-dataset/versions/1/Dataset_BUSI_with_GT/benign/benign (173).png,BENIGN,train
C:/Users/Ankit/.cache/kagglehub/datasets/aryashah2k/breast-ultrasound-images-dataset/versions/1/Dataset_BUSI_with_GT/benign/benign (271).png,BENIGN,train
C:/Users/Ankit/.cache/kagglehub/datasets/aryashah2k/breast-ultrasound-images-dataset/versions/1/Dataset_BUSI_with_GT/benign/benign (37).png,BENIGN,train
C:/Users/Ankit/.cache/kagglehub/datasets/aryashah2k/breast-ultrasound-images-dataset/versions/1/Dataset_BUSI_with_GT/benign/benign (76).png,BENIGN,train
C:/Users/Ankit/.cache/kagglehub/datasets/aryashah2k/breast-ultrasound-images-dataset/versions/1/Dataset_BUSI_with_GT/benign/benign (348).png,BENIGN,train
C:/Users/Ankit/.cache/kagglehub/datasets/aryashah2k/breast-ultrasound-images-dataset/versions/1/Dataset_BUSI_with_GT/benign/benign (236).png,BENIGN,train
C:/Users/Ankit/.cache/kagglehub/datasets/aryashah2k/breast-ultrasound-images-dataset/versions/1/Dataset_BUSI_with_GT/benign/benign (148).png,BENIGN,train
C:/Users/Ankit/.cache/kagglehub/datasets/aryashah2k/breast-ultrasound-images-dataset/versions/1/Dataset_BUSI_with_GT/benign/benign (332).png,BENIGN,train
C:/Users/Ankit/.cache/kagglehub/datasets/aryashah2k/breast-ultrasound-images-dataset/versions/1/Dataset_BUSI_with_GT/benign/benign (181).png,BENIGN,train
C:/Users/Ankit/.cache/kagglehub/datasets/aryashah2k/breast-ultrasound-images-dataset/versions/1/Dataset_BUSI_with_GT/benign/benign (33).png,BENIGN,train
C:/Users/Ankit/.cache/kagglehub/datasets/aryashah2k/breast-ultrasound-images-dataset/versions/1/Dataset_BUSI_with_GT/benign/benign (381).png,BENIGN,train
C:/Users/Ankit/.cache/kagglehub/datasets/aryashah2k/breast-ultrasound-images-dataset/versions/1/Dataset_BUSI_with_GT/benign/benign (10).png,BENIGN,train
C:/Users/Ankit/.cache/kagglehub/datasets/aryashah2k/breast-ultrasound-images-dataset/versions/1/Dataset_BUSI_with_GT/benign/benign (64).png,BENIGN,train
C:/Users/Ankit/.cache/kagglehub/datasets/aryashah2k/breast-ultrasound-images-dataset/versions/1/Dataset_BUSI_with_GT/benign/benign (171).png,BENIGN,train
C:/Users/Ankit/.cache/kagglehub/datasets/aryashah2k/breast-ultrasound-images-dataset/versions/1/Dataset_BUSI_with_GT/benign/benign (3).png,BENIGN,train
C:/Users/Ankit/.cache/kagglehub/datasets/aryashah2k/breast-ultrasound-images-dataset/versions/1/Dataset_BUSI_with_GT/benign/benign (436).png,BENIGN,train
C:/Users/Ankit/.cache/kagglehub/datasets/aryashah2k/breast-ultrasound-images-dataset/versions/1/Dataset_BUSI_with_GT/benign/benign (98).png,BENIGN,train
C:/Users/Ankit/.cache/kagglehub/datasets/aryashah2k/breast-ultrasound-images-dataset/versions/1/Dataset_BUSI_with_GT/benign/benign (62).png,BENIGN,train
C:/Users/Ankit/.cache/kagglehub/datasets/aryashah2k/breast-ultrasound-images-dataset/versions/1/Dataset_BUSI_with_GT/benign/benign (413).png,BENIGN,train
C:/Users/Ankit/.cache/kagglehub/datasets/aryashah2k/breast-ultrasound-images-dataset/versions/1/Dataset_BUSI_with_GT/benign/benign (89).png,BENIGN,train
C:/Users/Ankit/.cache/kagglehub/datasets/aryashah2k/breast-ultrasound-images-dataset/versions/1/Dataset_BUSI_with_GT/benign/benign (151).png,BENIGN,train
C:/Users/Ankit/.cache/kagglehub/datasets/aryashah2k/breast-ultrasound-images-dataset/versions/1/Dataset_BUSI_with_GT/benign/benign (103).png,BENIGN,train
C:/Users/Ankit/.cache/kagglehub/datasets/aryashah2k/breast-ultrasound-images-dataset/versions/1/Dataset_BUSI_with_GT/benign/benign (354).png,BENIGN,train
C:/Users/Ankit/.cache/kagglehub/datasets/aryashah2k/breast-ultrasound-images-dataset/versions/1/Dataset_BUSI_with_GT/benign/benign (214).png,BENIGN,train
C:/Users/Ankit/.cache/kagglehub/datasets/aryashah2k/breast-ultrasound-images-dataset/versions/1/Dataset_BUSI_with_GT/benign/benign (342).png,BENIGN,train
C:/Users/Ankit/.cache/kagglehub/datasets/aryashah2k/breast-ultrasound-images-dataset/versions/1/Dataset_BUSI_with_GT/benign/benign (314).png,BENIGN,train
C:/Users/Ankit/.cache/kagglehub/datasets/aryashah2k/breast-ultrasound-images-dataset/versions/1/Dataset_BUSI_with_GT/benign/benign (275).png,BENIGN,train
C:/Users/Ankit/.cache/kagglehub/datasets/aryashah2k/breast-ultrasound-images-dataset/versions/1/Dataset_BUSI_with_GT/benign/benign (277).png,BENIGN,train
C:/Users/Ankit/.cache/kagglehub/datasets/aryashah2k/breast-ultrasound-images-dataset/versions/1/Dataset_BUSI_with_GT/benign/benign (128).png,BENIGN,train
C:/Users/Ankit/.cache/kagglehub/datasets/aryashah2k/breast-ultrasound-images-dataset/versions/1/Dataset_BUSI_with_GT/benign/benign (63).png,BENIGN,train
C:/Users/Ankit/.cache/kagglehub/datasets/aryashah2k/breast-ultrasound-images-dataset/versions/1/Dataset_BUSI_with_GT/benign/benign (65).png,BENIGN,train
C:/Users/Ankit/.cache/kagglehub/datasets/aryashah2k/breast-ultrasound-images-dataset/versions/1/Dataset_BUSI_with_GT/benign/benign (17).png,BENIGN,train
C:/Users/Ankit/.cache/kagglehub/datasets/aryashah2k/breast-ultrasound-images-dataset/versions/1/Dataset_BUSI_with_GT/benign/benign (15).png,BENIGN,train
C:/Users/Ankit/.cache/kagglehub/datasets/aryashah2k/breast-ultrasound-images-dataset/versions/1/Dataset_BUSI_with_GT/benign/benign (120).png,BENIGN,train
C:/Users/Ankit/.cache/kagglehub/datasets/aryashah2k/breast-ultrasound-images-dataset/versions/1/Dataset_BUSI_with_GT/benign/benign (140).png,BENIGN,train
C:/Users/Ankit/.cache/kagglehub/datasets/aryashah2k/breast-ultrasound-images-dataset/versions/1/Dataset_BUSI_with_GT/benign/benign (326).png,BENIGN,train
C:/Users/Ankit/.cache/kagglehub/datasets/aryashah2k/breast-ultrasound-images-dataset/versions/1/Dataset_BUSI_with_GT/benign/benign (333).png,BENIGN,train
C:/Users/Ankit/.cache/kagglehub/datasets/aryashah2k/breast-ultrasound-images-dataset/versions/1/Dataset_BUSI_with_GT/benign/benign (162).png,BENIGN,train
C:/Users/Ankit/.cache/kagglehub/datasets/aryashah2k/breast-ultrasound-images-dataset/versions/1/Dataset_BUSI_with_GT/benign/benign (400).png,BENIGN,train
C:/Users/Ankit/.cache/kagglehub/datasets/aryashah2k/breast-ultrasound-images-dataset/versions/1/Dataset_BUSI_with_GT/benign/benign (433).png,BENIGN,train
C:/Users/Ankit/.cache/kagglehub/datasets/aryashah2k/breast-ultrasound-images-dataset/versions/1/Dataset_BUSI_with_GT/benign/benign (283).png,BENIGN,train
C:/Users/Ankit/.cache/kagglehub/datasets/aryashah2k/breast-ultrasound-images-dataset/versions/1/Dataset_BUSI_with_GT/benign/benign (368).png,BENIGN,train
C:/Users/Ankit/.cache/kagglehub/datasets/aryashah2k/breast-ultrasound-images-dataset/versions/1/Dataset_BUSI_with_GT/benign/benign (297).png,BENIGN,train
C:/Users/Ankit/.cache/kagglehub/datasets/aryashah2k/breast-ultrasound-images-dataset/versions/1/Dataset_BUSI_with_GT/benign/benign (369).png,BENIGN,train
C:/Users/Ankit/.cache/kagglehub/datasets/aryashah2k/breast-ultrasound-images-dataset/versions/1/Dataset_BUSI_with_GT/benign/benign (22).png,BENIGN,train
C:/Users/Ankit/.cache/kagglehub/datasets/aryashah2k/breast-ultrasound-images-dataset/versions/1/Dataset_BUSI_with_GT/benign/benign (347).png,BENIGN,train
C:/Users/Ankit/.cache/kagglehub/datasets/aryashah2k/breast-ultrasound-images-dataset/versions/1/Dataset_BUSI_with_GT/benign/benign (77).png,BENIGN,train
C:/Users/Ankit/.cache/kagglehub/datasets/aryashah2k/breast-ultrasound-images-dataset/versions/1/Dataset_BUSI_with_GT/benign/benign (212).png,BENIGN,train
C:/Users/Ankit/.cache/kagglehub/datasets/aryashah2k/breast-ultrasound-images-dataset/versions/1/Dataset_BUSI_with_GT/benign/benign (92).png,BENIGN,train
C:/Users/Ankit/.cache/kagglehub/datasets/aryashah2k/breast-ultrasound-images-dataset/versions/1/Dataset_BUSI_with_GT/benign/benign (50).png,BENIGN,train
C:/Users/Ankit/.cache/kagglehub/datasets/aryashah2k/breast-ultrasound-images-dataset/versions/1/Dataset_BUSI_with_GT/benign/benign (165).png,BENIGN,train
C:/Users/Ankit/.cache/kagglehub/datasets/aryashah2k/breast-ultrasound-images-dataset/versions/1/Dataset_BUSI_with_GT/benign/benign (31).png,BENIGN,train
C:/Users/Ankit/.cache/kagglehub/datasets/aryashah2k/breast-ultrasound-images-dataset/versions/1/Dataset_BUSI_with_GT/benign/benign (281).png,BENIGN,train
C:/Users/Ankit/.cache/kagglehub/datasets/aryashah2k/breast-ultrasound-images-dataset/versions/1/Dataset_BUSI_with_GT/benign/benign (329).png,BENIGN,train
C:/Users/Ankit/.cache/kagglehub/datasets/aryashah2k/breast-ultrasound-images-dataset/versions/1/Dataset_BUSI_with_GT/benign/benign (393).png,BENIGN,train
C:/Users/Ankit/.cache/kagglehub/datasets/aryashah2k/breast-ultrasound-images-dataset/versions/1/Dataset_BUSI_with_GT/benign/benign (397).png,BENIGN,train
C:/Users/Ankit/.cache/kagglehub/datasets/aryashah2k/breast-ultrasound-images-dataset/versions/1/Dataset_BUSI_with_GT/benign/benign (360).png,BENIGN,train
C:/Users/Ankit/.cache/kagglehub/datasets/aryashah2k/breast-ultrasound-images-dataset/versions/1/Dataset_BUSI_with_GT/benign/benign (197).png,BENIGN,train
C:/Users/Ankit/.cache/kagglehub/datasets/aryashah2k/breast-ultrasound-images-dataset/versions/1/Dataset_BUSI_with_GT/benign/benign (129).png,BENIGN,train
C:/Users/Ankit/.cache/kagglehub/datasets/aryashah2k/breast-ultrasound-images-dataset/versions/1/Dataset_BUSI_with_GT/benign/benign (222).png,BENIGN,train
C:/Users/Ankit/.cache/kagglehub/datasets/aryashah2k/breast-ultrasound-images-dataset/versions/1/Dataset_BUSI_with_GT/benign/benign (284).png,BENIGN,train
C:/Users/Ankit/.cache/kagglehub/datasets/aryashah2k/breast-ultrasound-images-dataset/versions/1/Dataset_BUSI_with_GT/benign/benign (244).png,BENIGN,train
C:/Users/Ankit/.cache/kagglehub/datasets/aryashah2k/breast-ultrasound-images-dataset/versions/1/Dataset_BUSI_with_GT/benign/benign (84).png,BENIGN,train
C:/Users/Ankit/.cache/kagglehub/datasets/aryashah2k/breast-ultrasound-images-dataset/versions/1/Dataset_BUSI_with_GT/benign/benign (204).png,BENIGN,train
C:/Users/Ankit/.cache/kagglehub/datasets/aryashah2k/breast-ultrasound-images-dataset/versions/1/Dataset_BUSI_with_GT/benign/benign (124).png,BENIGN,train
C:/Users/Ankit/.cache/kagglehub/datasets/aryashah2k/breast-ultrasound-images-dataset/versions/1/Dataset_BUSI_with_GT/benign/benign (249).png,BENIGN,train
C:/Users/Ankit/.cache/kagglehub/datasets/aryashah2k/breast-ultrasound-images-dataset/versions/1/Dataset_BUSI_with_GT/benign/benign (70).png,BENIGN,train
C:/Users/Ankit/.cache/kagglehub/datasets/aryashah2k/breast-ultrasound-images-dataset/versions/1/Dataset_BUSI_with_GT/benign/benign (356).png,BENIGN,train
C:/Users/Ankit/.cache/kagglehub/datasets/aryashah2k/breast-ultrasound-images-dataset/versions/1/Dataset_BUSI_with_GT/benign/benign (99).png,BENIGN,train
C:/Users/Ankit/.cache/kagglehub/datasets/aryashah2k/breast-ultrasound-images-dataset/versions/1/Dataset_BUSI_with_GT/benign/benign (223).png,BENIGN,train
C:/Users/Ankit/.cache/kagglehub/datasets/aryashah2k/breast-ultrasound-images-dataset/versions/1/Dataset_BUSI_with_GT/benign/benign (73).png,BENIGN,train
C:/Users/Ankit/.cache/kagglehub/datasets/aryashah2k/breast-ultrasound-images-dataset/versions/1/Dataset_BUSI_with_GT/benign/benign (311).png,BENIGN,train
C:/Users/Ankit/.cache/kagglehub/datasets/aryashah2k/breast-ultrasound-images-dataset/versions/1/Dataset_BUSI_with_GT/benign/benign (418).png,BENIGN,train
C:/Users/Ankit/.cache/kagglehub/datasets/aryashah2k/breast-ultrasound-images-dataset/versions/1/Dataset_BUSI_with_GT/benign/benign (94).png,BENIGN,train
C:/Users/Ankit/.cache/kagglehub/datasets/aryashah2k/breast-ultrasound-images-dataset/versions/1/Dataset_BUSI_with_GT/benign/benign (345).png,BENIGN,train
C:/Users/Ankit/.cache/kagglehub/datasets/aryashah2k/breast-ultrasound-images-dataset/versions/1/Dataset_BUSI_with_GT/benign/benign (178).png,BENIGN,train
C:/Users/Ankit/.cache/kagglehub/datasets/aryashah2k/breast-ultrasound-images-dataset/versions/1/Dataset_BUSI_with_GT/benign/benign (42).png,BENIGN,train
C:/Users/Ankit/.cache/kagglehub/datasets/aryashah2k/breast-ultrasound-images-dataset/versions/1/Dataset_BUSI_with_GT/benign/benign (38).png,BENIGN,train
C:/Users/Ankit/.cache/kagglehub/datasets/aryashah2k/breast-ultrasound-images-dataset/versions/1/Dataset_BUSI_with_GT/benign/benign (131).png,BENIGN,train
C:/Users/Ankit/.cache/kagglehub/datasets/aryashah2k/breast-ultrasound-images-dataset/versions/1/Dataset_BUSI_with_GT/benign/benign (398).png,BENIGN,train
C:/Users/Ankit/.cache/kagglehub/datasets/aryashah2k/breast-ultrasound-images-dataset/versions/1/Dataset_BUSI_with_GT/benign/benign (221).png,BENIGN,val
C:/Users/Ankit/.cache/kagglehub/datasets/aryashah2k/breast-ultrasound-images-dataset/versions/1/Dataset_BUSI_with_GT/benign/benign (408).png,BENIGN,val
C:/Users/Ankit/.cache/kagglehub/datasets/aryashah2k/breast-ultrasound-images-dataset/versions/1/Dataset_BUSI_with_GT/benign/benign (196).png,BENIGN,val
C:/Users/Ankit/.cache/kagglehub/datasets/aryashah2k/breast-ultrasound-images-dataset/versions/1/Dataset_BUSI_with_GT/benign/benign (262).png,BENIGN,val
C:/Users/Ankit/.cache/kagglehub/datasets/aryashah2k/breast-ultrasound-images-dataset/versions/1/Dataset_BUSI_with_GT/benign/benign (27).png,BENIGN,val
C:/Users/Ankit/.cache/kagglehub/datasets/aryashah2k/breast-ultrasound-images-dataset/versions/1/Dataset_BUSI_with_GT/benign/benign (174).png,BENIGN,val
C:/Users/Ankit/.cache/kagglehub/datasets/aryashah2k/breast-ultrasound-images-dataset/versions/1/Dataset_BUSI_with_GT/benign/benign (267).png,BENIGN,val
C:/Users/Ankit/.cache/kagglehub/datasets/aryashah2k/breast-ultrasound-images-dataset/versions/1/Dataset_BUSI_with_GT/benign/benign (392).png,BENIGN,val
C:/Users/Ankit/.cache/kagglehub/datasets/aryashah2k/breast-ultrasound-images-dataset/versions/1/Dataset_BUSI_with_GT/benign/benign (308).png,BENIGN,val
C:/Users/Ankit/.cache/kagglehub/datasets/aryashah2k/breast-ultrasound-images-dataset/versions/1/Dataset_BUSI_with_GT/benign/benign (61).png,BENIGN,val
C:/Users/Ankit/.cache/kagglehub/datasets/aryashah2k/breast-ultrasound-images-dataset/versions/1/Dataset_BUSI_with_GT/benign/benign (66).png,BENIGN,val
C:/Users/Ankit/.cache/kagglehub/datasets/aryashah2k/breast-ultrasound-images-dataset/versions/1/Dataset_BUSI_with_GT/benign/benign (145).png,BENIGN,val
C:/Users/Ankit/.cache/kagglehub/datasets/aryashah2k/breast-ultrasound-images-dataset/versions/1/Dataset_BUSI_with_GT/benign/benign (80).png,BENIGN,val
C:/Users/Ankit/.cache/kagglehub/datasets/aryashah2k/breast-ultrasound-images-dataset/versions/1/Dataset_BUSI_with_GT/benign/benign (44).png,BENIGN,val
C:/Users/Ankit/.cache/kagglehub/datasets/aryashah2k/breast-ultrasound-images-dataset/versions/1/Dataset_BUSI_with_GT/benign/benign (232).png,BENIGN,val
C:/Users/Ankit/.cache/kagglehub/datasets/aryashah2k/breast-ultrasound-images-dataset/versions/1/Dataset_BUSI_with_GT/benign/benign (203).png,BENIGN,val
C:/Users/Ankit/.cache/kagglehub/datasets/aryashah2k/breast-ultrasound-images-dataset/versions/1/Dataset_BUSI_with_GT/benign/benign (403).png,BENIGN,val
C:/Users/Ankit/.cache/kagglehub/datasets/aryashah2k/breast-ultrasound-images-dataset/versions/1/Dataset_BUSI_with_GT/benign/benign (12).png,BENIGN,val
C:/Users/Ankit/.cache/kagglehub/datasets/aryashah2k/breast-ultrasound-images-dataset/versions/1/Dataset_BUSI_with_GT/benign/benign (130).png,BENIGN,val
C:/Users/Ankit/.cache/kagglehub/datasets/aryashah2k/breast-ultrasound-images-dataset/versions/1/Dataset_BUSI_with_GT/benign/benign (423).png,BENIGN,val
C:/Users/Ankit/.cache/kagglehub/datasets/aryashah2k/breast-ultrasound-images-dataset/versions/1/Dataset_BUSI_with_GT/benign/benign (188).png,BENIGN,val
C:/Users/Ankit/.cache/kagglehub/datasets/aryashah2k/breast-ultrasound-images-dataset/versions/1/Dataset_BUSI_with_GT/benign/benign (365).png,BENIGN,val
C:/Users/Ankit/.cache/kagglehub/datasets/aryashah2k/breast-ultrasound-images-dataset/versions/1/Dataset_BUSI_with_GT/benign/benign (266).png,BENIGN,val
C:/Users/Ankit/.cache/kagglehub/datasets/aryashah2k/breast-ultrasound-images-dataset/versions/1/Dataset_BUSI_with_GT/benign/benign (384).png,BENIGN,val
C:/Users/Ankit/.cache/kagglehub/datasets/aryashah2k/breast-ultrasound-images-dataset/versions/1/Dataset_BUSI_with_GT/benign/benign (389).png,BENIGN,val
C:/Users/Ankit/.cache/kagglehub/datasets/aryashah2k/breast-ultrasound-images-dataset/versions/1/Dataset_BUSI_with_GT/benign/benign (234).png,BENIGN,val
C:/Users/Ankit/.cache/kagglehub/datasets/aryashah2k/breast-ultrasound-images-dataset/versions/1/Dataset_BUSI_with_GT/benign/benign (353).png,BENIGN,val
C:/Users/Ankit/.cache/kagglehub/datasets/aryashah2k/breast-ultrasound-images-dataset/versions/1/Dataset_BUSI_with_GT/benign/benign (135).png,BENIGN,val
C:/Users/Ankit/.cache/kagglehub/datasets/aryashah2k/breast-ultrasound-images-dataset/versions/1/Dataset_BUSI_with_GT/benign/benign (273).png,BENIGN,val
C:/Users/Ankit/.cache/kagglehub/datasets/aryashah2k/breast-ultrasound-images-dataset/versions/1/Dataset_BUSI_with_GT/benign/benign (156).png,BENIGN,val
C:/Users/Ankit/.cache/kagglehub/datasets/aryashah2k/breast-ultrasound-images-dataset/versions/1/Dataset_BUSI_with_GT/benign/benign (346).png,BENIGN,val
C:/Users/Ankit/.cache/kagglehub/datasets/aryashah2k/breast-ultrasound-images-dataset/versions/1/Dataset_BUSI_with_GT/benign/benign (310).png,BENIGN,val
C:/Users/Ankit/.cache/kagglehub/datasets/aryashah2k/breast-ultrasound-images-dataset/versions/1/Dataset_BUSI_with_GT/benign/benign (435).png,BENIGN,val
C:/Users/Ankit/.cache/kagglehub/datasets/aryashah2k/breast-ultrasound-images-dataset/versions/1/Dataset_BUSI_with_GT/benign/benign (119).png,BENIGN,val
C:/Users/Ankit/.cache/kagglehub/datasets/aryashah2k/breast-ultrasound-images-dataset/versions/1/Dataset_BUSI_with_GT/benign/benign (220).png,BENIGN,val
C:/Users/Ankit/.cache/kagglehub/datasets/aryashah2k/breast-ultrasound-images-dataset/versions/1/Dataset_BUSI_with_GT/benign/benign (378).png,BENIGN,val
C:/Users/Ankit/.cache/kagglehub/datasets/aryashah2k/breast-ultrasound-images-dataset/versions/1/Dataset_BUSI_with_GT/benign/benign (258).png,BENIGN,val
C:/Users/Ankit/.cache/kagglehub/datasets/aryashah2k/breast-ultrasound-images-dataset/versions/1/Dataset_BUSI_with_GT/benign/benign (264).png,BENIGN,val
C:/Users/Ankit/.cache/kagglehub/datasets/aryashah2k/breast-ultrasound-images-dataset/versions/1/Dataset_BUSI_with_GT/benign/benign (143).png,BENIGN,val
C:/Users/Ankit/.cache/kagglehub/datasets/aryashah2k/breast-ultrasound-images-dataset/versions/1/Dataset_BUSI_with_GT/benign/benign (274).png,BENIGN,val
C:/Users/Ankit/.cache/kagglehub/datasets/aryashah2k/breast-ultrasound-images-dataset/versions/1/Dataset_BUSI_with_GT/benign/benign (82).png,BENIGN,val
C:/Users/Ankit/.cache/kagglehub/datasets/aryashah2k/breast-ultrasound-images-dataset/versions/1/Dataset_BUSI_with_GT/benign/benign (90).png,BENIGN,val
C:/Users/Ankit/.cache/kagglehub/datasets/aryashah2k/breast-ultrasound-images-dataset/versions/1/Dataset_BUSI_with_GT/benign/benign (254).png,BENIGN,val
C:/Users/Ankit/.cache/kagglehub/datasets/aryashah2k/breast-ultrasound-images-dataset/versions/1/Dataset_BUSI_with_GT/benign/benign (57).png,BENIGN,test
C:/Users/Ankit/.cache/kagglehub/datasets/aryashah2k/breast-ultrasound-images-dataset/versions/1/Dataset_BUSI_with_GT/benign/benign (199).png,BENIGN,test
C:/Users/Ankit/.cache/kagglehub/datasets/aryashah2k/breast-ultrasound-images-dataset/versions/1/Dataset_BUSI_with_GT/benign/benign (170).png,BENIGN,test
C:/Users/Ankit/.cache/kagglehub/datasets/aryashah2k/breast-ultrasound-images-dataset/versions/1/Dataset_BUSI_with_GT/benign/benign (68).png,BENIGN,test
C:/Users/Ankit/.cache/kagglehub/datasets/aryashah2k/breast-ultrasound-images-dataset/versions/1/Dataset_BUSI_with_GT/benign/benign (256).png,BENIGN,test
C:/Users/Ankit/.cache/kagglehub/datasets/aryashah2k/breast-ultrasound-images-dataset/versions/1/Dataset_BUSI_with_GT/benign/benign (85).png,BENIGN,test
C:/Users/Ankit/.cache/kagglehub/datasets/aryashah2k/breast-ultrasound-images-dataset/versions/1/Dataset_BUSI_with_GT/benign/benign (420).png,BENIGN,test
C:/Users/Ankit/.cache/kagglehub/datasets/aryashah2k/breast-ultrasound-images-dataset/versions/1/Dataset_BUSI_with_GT/benign/benign (172).png,BENIGN,test
C:/Users/Ankit/.cache/kagglehub/datasets/aryashah2k/breast-ultrasound-images-dataset/versions/1/Dataset_BUSI_with_GT/benign/benign (55).png,BENIGN,test
C:/Users/Ankit/.cache/kagglehub/datasets/aryashah2k/breast-ultrasound-images-dataset/versions/1/Dataset_BUSI_with_GT/benign/benign (101).png,BENIGN,test
C:/Users/Ankit/.cache/kagglehub/datasets/aryashah2k/breast-ultrasound-images-dataset/versions/1/Dataset_BUSI_with_GT/benign/benign (227).png,BENIGN,test
C:/Users/Ankit/.cache/kagglehub/datasets/aryashah2k/breast-ultrasound-images-dataset/versions/1/Dataset_BUSI_with_GT/benign/benign (370).png,BENIGN,test
C:/Users/Ankit/.cache/kagglehub/datasets/aryashah2k/breast-ultrasound-images-dataset/versions/1/Dataset_BUSI_with_GT/benign/benign (305).png,BENIGN,test
C:/Users/Ankit/.cache/kagglehub/datasets/aryashah2k/breast-ultrasound-images-dataset/versions/1/Dataset_BUSI_with_GT/benign/benign (20).png,BENIGN,test
C:/Users/Ankit/.cache/kagglehub/datasets/aryashah2k/breast-ultrasound-images-dataset/versions/1/Dataset_BUSI_with_GT/benign/benign (292).png,BENIGN,test
C:/Users/Ankit/.cache/kagglehub/datasets/aryashah2k/breast-ultrasound-images-dataset/versions/1/Dataset_BUSI_with_GT/benign/benign (88).png,BENIGN,test
C:/Users/Ankit/.cache/kagglehub/datasets/aryashah2k/breast-ultrasound-images-dataset/versions/1/Dataset_BUSI_with_GT/benign/benign (422).png,BENIGN,test
C:/Users/Ankit/.cache/kagglehub/datasets/aryashah2k/breast-ultrasound-images-dataset/versions/1/Dataset_BUSI_with_GT/benign/benign (399).png,BENIGN,test
C:/Users/Ankit/.cache/kagglehub/datasets/aryashah2k/breast-ultrasound-images-dataset/versions/1/Dataset_BUSI_with_GT/benign/benign (429).png,BENIGN,test
C:/Users/Ankit/.cache/kagglehub/datasets/aryashah2k/breast-ultrasound-images-dataset/versions/1/Dataset_BUSI_with_GT/benign/benign (190).png,BENIGN,test
C:/Users/Ankit/.cache/kagglehub/datasets/aryashah2k/breast-ultrasound-images-dataset/versions/1/Dataset_BUSI_with_GT/benign/benign (358).png,BENIGN,test
C:/Users/Ankit/.cache/kagglehub/datasets/aryashah2k/breast-ultrasound-images-dataset/versions/1/Dataset_BUSI_with_GT/benign/benign (110).png,BENIGN,test
C:/Users/Ankit/.cache/kagglehub/datasets/aryashah2k/breast-ultrasound-images-dataset/versions/1/Dataset_BUSI_with_GT/benign/benign (377).png,BENIGN,test
C:/Users/Ankit/.cache/kagglehub/datasets/aryashah2k/breast-ultrasound-images-dataset/versions/1/Dataset_BUSI_with_GT/benign/benign (331).png,BENIGN,test
C:/Users/Ankit/.cache/kagglehub/datasets/aryashah2k/breast-ultrasound-images-dataset/versions/1/Dataset_BUSI_with_GT/benign/benign (206).png,BENIGN,test
C:/Users/Ankit/.cache/kagglehub/datasets/aryashah2k/breast-ultrasound-images-dataset/versions/1/Dataset_BUSI_with_GT/benign/benign (2).png,BENIGN,test
C:/Users/Ankit/.cache/kagglehub/datasets/aryashah2k/breast-ultrasound-images-dataset/versions/1/Dataset_BUSI_with_GT/benign/benign (141).png,BENIGN,test
C:/Users/Ankit/.cache/kagglehub/datasets/aryashah2k/breast-ultrasound-images-dataset/versions/1/Dataset_BUSI_with_GT/benign/benign (112).png,BENIGN,test
C:/Users/Ankit/.cache/kagglehub/datasets/aryashah2k/breast-ultrasound-images-dataset/versions/1/Dataset_BUSI_with_GT/benign/benign (113).png,BENIGN,test
C:/Users/Ankit/.cache/kagglehub/datasets/aryashah2k/breast-ultrasound-images-dataset/versions/1/Dataset_BUSI_with_GT/benign/benign (294).png,BENIGN,test
C:/Users/Ankit/.cache/kagglehub/datasets/aryashah2k/breast-ultrasound-images-dataset/versions/1/Dataset_BUSI_with_GT/benign/benign (371).png,BENIGN,test
C:/Users/Ankit/.cache/kagglehub/datasets/aryashah2k/breast-ultrasound-images-dataset/versions/1/Dataset_BUSI_with_GT/benign/benign (139).png,BENIGN,test
C:/Users/Ankit/.cache/kagglehub/datasets/aryashah2k/breast-ultrasound-images-dataset/versions/1/Dataset_BUSI_with_GT/benign/benign (350).png,BENIGN,test
C:/Users/Ankit/.cache/kagglehub/datasets/aryashah2k/breast-ultrasound-images-dataset/versions/1/Dataset_BUSI_with_GT/benign/benign (96).png,BENIGN,test
C:/Users/Ankit/.cache/kagglehub/datasets/aryashah2k/breast-ultrasound-images-dataset/versions/1/Dataset_BUSI_with_GT/benign/benign (410).png,BENIGN,test
C:/Users/Ankit/.cache/kagglehub/datasets/aryashah2k/breast-ultrasound-images-dataset/versions/1/Dataset_BUSI_with_GT/benign/benign (146).png,BENIGN,test
C:/Users/Ankit/.cache/kagglehub/datasets/aryashah2k/breast-ultrasound-images-dataset/versions/1/Dataset_BUSI_with_GT/benign/benign (45).png,BENIGN,test
C:/Users/Ankit/.cache/kagglehub/datasets/aryashah2k/breast-ultrasound-images-dataset/versions/1/Dataset_BUSI_with_GT/benign/benign (163).png,BENIGN,test
C:/Users/Ankit/.cache/kagglehub/datasets/aryashah2k/breast-ultrasound-images-dataset/versions/1/Dataset_BUSI_with_GT/benign/benign (201).png,BENIGN,test
C:/Users/Ankit/.cache/kagglehub/datasets/aryashah2k/breast-ultrasound-images-dataset/versions/1/Dataset_BUSI_with_GT/benign/benign (211).png,BENIGN,test
C:/Users/Ankit/.cache/kagglehub/datasets/aryashah2k/breast-ultrasound-images-dataset/versions/1/Dataset_BUSI_with_GT/benign/benign (225).png,BENIGN,test
C:/Users/Ankit/.cache/kagglehub/datasets/aryashah2k/breast-ultrasound-images-dataset/versions/1/Dataset_BUSI_with_GT/benign/benign (47).png,BENIGN,test
C:/Users/Ankit/.cache/kagglehub/datasets/aryashah2k/breast-ultrasound-images-dataset/versions/1/Dataset_BUSI_with_GT/benign/benign (11).png,BENIGN,test
C:/Users/Ankit/.cache/kagglehub/datasets/aryashah2k/breast-ultrasound-images-dataset/versions/1/Dataset_BUSI_with_GT/benign/benign (150).png,BENIGN,test
C:/Users/Ankit/.cache/kagglehub/datasets/aryashah2k/breast-ultrasound-images-dataset/versions/1/Dataset_BUSI_with_GT/benign/benign (394).png,BENIGN,test
C:/Users/Ankit/.cache/kagglehub/datasets/aryashah2k/breast-ultrasound-images-dataset/versions/1/Dataset_BUSI_with_GT/malignant/malignant (102).png,MALIGNANT,train
C:/Users/Ankit/.cache/kagglehub/datasets/aryashah2k/breast-ultrasound-images-dataset/versions/1/Dataset_BUSI_with_GT/normal/normal (130).png,MALIGNANT,train
C:/Users/Ankit/.cache/kagglehub/datasets/aryashah2k/breast-ultrasound-images-dataset/versions/1/Dataset_BUSI_with_GT/malignant/malignant (168).png,MALIGNANT,train
C:/Users/Ankit/.cache/kagglehub/datasets/aryashah2k/breast-ultrasound-images-dataset/versions/1/Dataset_BUSI_with_GT/malignant/malignant (67).png,MALIGNANT,train
C:/Users/Ankit/.cache/kagglehub/datasets/aryashah2k/breast-ultrasound-images-dataset/versions/1/Dataset_BUSI_with_GT/malignant/malignant (141).png,MALIGNANT,train
C:/Users/Ankit/.cache/kagglehub/datasets/aryashah2k/breast-ultrasound-images-dataset/versions/1/Dataset_BUSI_with_GT/malignant/malignant (72).png,MALIGNANT,train
C:/Users/Ankit/.cache/kagglehub/datasets/aryashah2k/breast-ultrasound-images-dataset/versions/1/Dataset_BUSI_with_GT/malignant/malignant (57).png,MALIGNANT,train
C:/Users/Ankit/.cache/kagglehub/datasets/aryashah2k/breast-ultrasound-images-dataset/versions/1/Dataset_BUSI_with_GT/malignant/malignant (157).png,MALIGNANT,train
C:/Users/Ankit/.cache/kagglehub/datasets/aryashah2k/breast-ultrasound-images-dataset/versions/1/Dataset_BUSI_with_GT/normal/normal (17).png,MALIGNANT,train
C:/Users/Ankit/.cache/kagglehub/datasets/aryashah2k/breast-ultrasound-images-dataset/versions/1/Dataset_BUSI_with_GT/normal/normal (114).png,MALIGNANT,train
C:/Users/Ankit/.cache/kagglehub/datasets/aryashah2k/breast-ultrasound-images-dataset/versions/1/Dataset_BUSI_with_GT/normal/normal (57).png,MALIGNANT,train
C:/Users/Ankit/.cache/kagglehub/datasets/aryashah2k/breast-ultrasound-images-dataset/versions/1/Dataset_BUSI_with_GT/normal/normal (8).png,MALIGNANT,train
C:/Users/Ankit/.cache/kagglehub/datasets/aryashah2k/breast-ultrasound-images-dataset/versions/1/Dataset_BUSI_with_GT/normal/normal (21).png,MALIGNANT,train
C:/Users/Ankit/.cache/kagglehub/datasets/aryashah2k/breast-ultrasound-images-dataset/versions/1/Dataset_BUSI_with_GT/normal/normal (123).png,MALIGNANT,train
C:/Users/Ankit/.cache/kagglehub/datasets/aryashah2k/breast-ultrasound-images-dataset/versions/1/Dataset_BUSI_with_GT/malignant/malignant (22).png,MALIGNANT,train
C:/Users/Ankit/.cache/kagglehub/datasets/aryashah2k/breast-ultrasound-images-dataset/versions/1/Dataset_BUSI_with_GT/normal/normal (47).png,MALIGNANT,train
C:/Users/Ankit/.cache/kagglehub/datasets/aryashah2k/breast-ultrasound-images-dataset/versions/1/Dataset_BUSI_with_GT/normal/normal (85).png,MALIGNANT,train
C:/Users/Ankit/.cache/kagglehub/datasets/aryashah2k/breast-ultrasound-images-dataset/versions/1/Dataset_BUSI_with_GT/malignant/malignant (171).png,MALIGNANT,train
C:/Users/Ankit/.cache/kagglehub/datasets/aryashah2k/breast-ultrasound-images-dataset/versions/1/Dataset_BUSI_with_GT/malignant/malignant (122).png,MALIGNANT,train
C:/Users/Ankit/.cache/kagglehub/datasets/aryashah2k/breast-ultrasound-images-dataset/versions/1/Dataset_BUSI_with_GT/malignant/malignant (121).png,MALIGNANT,train
C:/Users/Ankit/.cache/kagglehub/datasets/aryashah2k/breast-ultrasound-images-dataset/versions/1/Dataset_BUSI_with_GT/normal/normal (36).png,MALIGNANT,train
C:/Users/Ankit/.cache/kagglehub/datasets/aryashah2k/breast-ultrasound-images-dataset/versions/1/Dataset_BUSI_with_GT/normal/normal (39).png,MALIGNANT,train
C:/Users/Ankit/.cache/kagglehub/datasets/aryashah2k/breast-ultrasound-images-dataset/versions/1/Dataset_BUSI_with_GT/malignant/malignant (179).png,MALIGNANT,train
C:/Users/Ankit/.cache/kagglehub/datasets/aryashah2k/breast-ultrasound-images-dataset/versions/1/Dataset_BUSI_with_GT/normal/normal (22).png,MALIGNANT,train
C:/Users/Ankit/.cache/kagglehub/datasets/aryashah2k/breast-ultrasound-images-dataset/versions/1/Dataset_BUSI_with_GT/malignant/malignant (92).png,MALIGNANT,train
C:/Users/Ankit/.cache/kagglehub/datasets/aryashah2k/breast-ultrasound-images-dataset/versions/1/Dataset_BUSI_with_GT/malignant/malignant (166).png,MALIGNANT,train
C:/Users/Ankit/.cache/kagglehub/datasets/aryashah2k/breast-ultrasound-images-dataset/versions/1/Dataset_BUSI_with_GT/normal/normal (30).png,MALIGNANT,train
C:/Users/Ankit/.cache/kagglehub/datasets/aryashah2k/breast-ultrasound-images-dataset/versions/1/Dataset_BUSI_with_GT/normal/normal (87).png,MALIGNANT,train
C:/Users/Ankit/.cache/kagglehub/datasets/aryashah2k/breast-ultrasound-images-dataset/versions/1/Dataset_BUSI_with_GT/malignant/malignant (80).png,MALIGNANT,train
C:/Users/Ankit/.cache/kagglehub/datasets/aryashah2k/breast-ultrasound-images-dataset/versions/1/Dataset_BUSI_with_GT/normal/normal (42).png,MALIGNANT,train
C:/Users/Ankit/.cache/kagglehub/datasets/aryashah2k/breast-ultrasound-images-dataset/versions/1/Dataset_BUSI_with_GT/malignant/malignant (77).png,MALIGNANT,train
C:/Users/Ankit/.cache/kagglehub/datasets/aryashah2k/breast-ultrasound-images-dataset/versions/1/Dataset_BUSI_with_GT/malignant/malignant (120).png,MALIGNANT,train
C:/Users/Ankit/.cache/kagglehub/datasets/aryashah2k/breast-ultrasound-images-dataset/versions/1/Dataset_BUSI_with_GT/normal/normal (86).png,MALIGNANT,train
C:/Users/Ankit/.cache/kagglehub/datasets/aryashah2k/breast-ultrasound-images-dataset/versions/1/Dataset_BUSI_with_GT/malignant/malignant (64).png,MALIGNANT,train
C:/Users/Ankit/.cache/kagglehub/datasets/aryashah2k/breast-ultrasound-images-dataset/versions/1/Dataset_BUSI_with_GT/normal/normal (112).png,MALIGNANT,train
C:/Users/Ankit/.cache/kagglehub/datasets/aryashah2k/breast-ultrasound-images-dataset/versions/1/Dataset_BUSI_with_GT/normal/normal (20).png,MALIGNANT,train
C:/Users/Ankit/.cache/kagglehub/datasets/aryashah2k/breast-ultrasound-images-dataset/versions/1/Dataset_BUSI_with_GT/malignant/malignant (59).png,MALIGNANT,train
C:/Users/Ankit/.cache/kagglehub/datasets/aryashah2k/breast-ultrasound-images-dataset/versions/1/Dataset_BUSI_with_GT/malignant/malignant (140).png,MALIGNANT,train
C:/Users/Ankit/.cache/kagglehub/datasets/aryashah2k/breast-ultrasound-images-dataset/versions/1/Dataset_BUSI_with_GT/malignant/malignant (53).png,MALIGNANT,train
C:/Users/Ankit/.cache/kagglehub/datasets/aryashah2k/breast-ultrasound-images-dataset/versions/1/Dataset_BUSI_with_GT/normal/normal (111).png,MALIGNANT,train
C:/Users/Ankit/.cache/kagglehub/datasets/aryashah2k/breast-ultrasound-images-dataset/versions/1/Dataset_BUSI_with_GT/normal/normal (45).png,MALIGNANT,train
C:/Users/Ankit/.cache/kagglehub/datasets/aryashah2k/breast-ultrasound-images-dataset/versions/1/Dataset_BUSI_with_GT/malignant/malignant (190).png,MALIGNANT,train
C:/Users/Ankit/.cache/kagglehub/datasets/aryashah2k/breast-ultrasound-images-dataset/versions/1/Dataset_BUSI_with_GT/malignant/malignant (21).png,MALIGNANT,train
C:/Users/Ankit/.cache/kagglehub/datasets/aryashah2k/breast-ultrasound-images-dataset/versions/1/Dataset_BUSI_with_GT/malignant/malignant (125).png,MALIGNANT,train
C:/Users/Ankit/.cache/kagglehub/datasets/aryashah2k/breast-ultrasound-images-dataset/versions/1/Dataset_BUSI_with_GT/malignant/malignant (110).png,MALIGNANT,train
C:/Users/Ankit/.cache/kagglehub/datasets/aryashah2k/breast-ultrasound-images-dataset/versions/1/Dataset_BUSI_with_GT/malignant/malignant (131).png,MALIGNANT,train
C:/Users/Ankit/.cache/kagglehub/datasets/aryashah2k/breast-ultrasound-images-dataset/versions/1/Dataset_BUSI_with_GT/malignant/malignant (105).png,MALIGNANT,train
C:/Users/Ankit/.cache/kagglehub/datasets/aryashah2k/breast-ultrasound-images-dataset/versions/1/Dataset_BUSI_with_GT/malignant/malignant (137).png,MALIGNANT,train
C:/Users/Ankit/.cache/kagglehub/datasets/aryashah2k/breast-ultrasound-images-dataset/versions/1/Dataset_BUSI_with_GT/malignant/malignant (126).png,MALIGNANT,train
C:/Users/Ankit/.cache/kagglehub/datasets/aryashah2k/breast-ultrasound-images-dataset/versions/1/Dataset_BUSI_with_GT/normal/normal (12).png,MALIGNANT,train
C:/Users/Ankit/.cache/kagglehub/datasets/aryashah2k/breast-ultrasound-images-dataset/versions/1/Dataset_BUSI_with_GT/normal/normal (119).png,MALIGNANT,train
C:/Users/Ankit/.cache/kagglehub/datasets/aryashah2k/breast-ultrasound-images-dataset/versions/1/Dataset_BUSI_with_GT/malignant/malignant (107).png,MALIGNANT,train
C:/Users/Ankit/.cache/kagglehub/datasets/aryashah2k/breast-ultrasound-images-dataset/versions/1/Dataset_BUSI_with_GT/malignant/malignant (74).png,MALIGNANT,train
C:/Users/Ankit/.cache/kagglehub/datasets/aryashah2k/breast-ultrasound-images-dataset/versions/1/Dataset_BUSI_with_GT/normal/normal (104).png,MALIGNANT,train
C:/Users/Ankit/.cache/kagglehub/datasets/aryashah2k/breast-ultrasound-images-dataset/versions/1/Dataset_BUSI_with_GT/malignant/malignant (163).png,MALIGNANT,train
C:/Users/Ankit/.cache/kagglehub/datasets/aryashah2k/breast-ultrasound-images-dataset/versions/1/Dataset_BUSI_with_GT/malignant/malignant (90).png,MALIGNANT,train
C:/Users/Ankit/.cache/kagglehub/datasets/aryashah2k/breast-ultrasound-images-dataset/versions/1/Dataset_BUSI_with_GT/malignant/malignant (30).png,MALIGNANT,train
C:/Users/Ankit/.cache/kagglehub/datasets/aryashah2k/breast-ultrasound-images-dataset/versions/1/Dataset_BUSI_with_GT/normal/normal (80).png,MALIGNANT,train
C:/Users/Ankit/.cache/kagglehub/datasets/aryashah2k/breast-ultrasound-images-dataset/versions/1/Dataset_BUSI_with_GT/normal/normal (31).png,MALIGNANT,train
C:/Users/Ankit/.cache/kagglehub/datasets/aryashah2k/breast-ultrasound-images-dataset/versions/1/Dataset_BUSI_with_GT/malignant/malignant (16).png,MALIGNANT,train
C:/Users/Ankit/.cache/kagglehub/datasets/aryashah2k/breast-ultrasound-images-dataset/versions/1/Dataset_BUSI_with_GT/normal/normal (54).png,MALIGNANT,train
C:/Users/Ankit/.cache/kagglehub/datasets/aryashah2k/breast-ultrasound-images-dataset/versions/1/Dataset_BUSI_with_GT/normal/normal (99).png,MALIGNANT,train
C:/Users/Ankit/.cache/kagglehub/datasets/aryashah2k/breast-ultrasound-images-dataset/versions/1/Dataset_BUSI_with_GT/normal/normal (131).png,MALIGNANT,train
C:/Users/Ankit/.cache/kagglehub/datasets/aryashah2k/breast-ultrasound-images-dataset/versions/1/Dataset_BUSI_with_GT/malignant/malignant (106).png,MALIGNANT,train
C:/Users/Ankit/.cache/kagglehub/datasets/aryashah2k/breast-ultrasound-images-dataset/versions/1/Dataset_BUSI_with_GT/malignant/malignant (58).png,MALIGNANT,train
C:/Users/Ankit/.cache/kagglehub/datasets/aryashah2k/breast-ultrasound-images-dataset/versions/1/Dataset_BUSI_with_GT/malignant/malignant (139).png,MALIGNANT,train
C:/Users/Ankit/.cache/kagglehub/datasets/aryashah2k/breast-ultrasound-images-dataset/versions/1/Dataset_BUSI_with_GT/malignant/malignant (44).png,MALIGNANT,train
C:/Users/Ankit/.cache/kagglehub/datasets/aryashah2k/breast-ultrasound-images-dataset/versions/1/Dataset_BUSI_with_GT/malignant/malignant (100).png,MALIGNANT,train
C:/Users/Ankit/.cache/kagglehub/datasets/aryashah2k/breast-ultrasound-images-dataset/versions/1/Dataset_BUSI_with_GT/malignant/malignant (66).png,MALIGNANT,train
C:/Users/Ankit/.cache/kagglehub/datasets/aryashah2k/breast-ultrasound-images-dataset/versions/1/Dataset_BUSI_with_GT/malignant/malignant (178).png,MALIGNANT,train
C:/Users/Ankit/.cache/kagglehub/datasets/aryashah2k/breast-ultrasound-images-dataset/versions/1/Dataset_BUSI_with_GT/malignant/malignant (128).png,MALIGNANT,train
C:/Users/Ankit/.cache/kagglehub/datasets/aryashah2k/breast-ultrasound-images-dataset/versions/1/Dataset_BUSI_with_GT/malignant/malignant (7).png,MALIGNANT,train
C:/Users/Ankit/.cache/kagglehub/datasets/aryashah2k/breast-ultrasound-images-dataset/versions/1/Dataset_BUSI_with_GT/malignant/malignant (41).png,MALIGNANT,train
C:/Users/Ankit/.cache/kagglehub/datasets/aryashah2k/breast-ultrasound-images-dataset/versions/1/Dataset_BUSI_with_GT/normal/normal (61).png,MALIGNANT,train
C:/Users/Ankit/.cache/kagglehub/datasets/aryashah2k/breast-ultrasound-images-dataset/versions/1/Dataset_BUSI_with_GT/malignant/malignant (192).png,MALIGNANT,train
C:/Users/Ankit/.cache/kagglehub/datasets/aryashah2k/breast-ultrasound-images-dataset/versions/1/Dataset_BUSI_with_GT/malignant/malignant (17).png,MALIGNANT,train
C:/Users/Ankit/.cache/kagglehub/datasets/aryashah2k/breast-ultrasound-images-dataset/versions/1/Dataset_BUSI_with_GT/malignant/malignant (151).png,MALIGNANT,train
C:/Users/Ankit/.cache/kagglehub/datasets/aryashah2k/breast-ultrasound-images-dataset/versions/1/Dataset_BUSI_with_GT/malignant/malignant (81).png,MALIGNANT,train
C:/Users/Ankit/.cache/kagglehub/datasets/aryashah2k/breast-ultrasound-images-dataset/versions/1/Dataset_BUSI_with_GT/malignant/malignant (136).png,MALIGNANT,train
C:/Users/Ankit/.cache/kagglehub/datasets/aryashah2k/breast-ultrasound-images-dataset/versions/1/Dataset_BUSI_with_GT/malignant/malignant (142).png,MALIGNANT,train
C:/Users/Ankit/.cache/kagglehub/datasets/aryashah2k/breast-ultrasound-images-dataset/versions/1/Dataset_BUSI_with_GT/malignant/malignant (129).png,MALIGNANT,train
C:/Users/Ankit/.cache/kagglehub/datasets/aryashah2k/breast-ultrasound-images-dataset/versions/1/Dataset_BUSI_with_GT/normal/normal (100).png,MALIGNANT,train
C:/Users/Ankit/.cache/kagglehub/datasets/aryashah2k/breast-ultrasound-images-dataset/versions/1/Dataset_BUSI_with_GT/normal/normal (50).png,MALIGNANT,train
C:/Users/Ankit/.cache/kagglehub/datasets/aryashah2k/breast-ultrasound-images-dataset/versions/1/Dataset_BUSI_with_GT/normal/normal (113).png,MALIGNANT,train
C:/Users/Ankit/.cache/kagglehub/datasets/aryashah2k/breast-ultrasound-images-dataset/versions/1/Dataset_BUSI_with_GT/malignant/malignant (114).png,MALIGNANT,train
C:/Users/Ankit/.cache/kagglehub/datasets/aryashah2k/breast-ultrasound-images-dataset/versions/1/Dataset_BUSI_with_GT/malignant/malignant (37).png,MALIGNANT,train
C:/Users/Ankit/.cache/kagglehub/datasets/aryashah2k/breast-ultrasound-images-dataset/versions/1/Dataset_BUSI_with_GT/normal/normal (129).png,MALIGNANT,train
C:/Users/Ankit/.cache/kagglehub/datasets/aryashah2k/breast-ultrasound-images-dataset/versions/1/Dataset_BUSI_with_GT/malignant/malignant (108).png,MALIGNANT,train
C:/Users/Ankit/.cache/kagglehub/datasets/aryashah2k/breast-ultrasound-images-dataset/versions/1/Dataset_BUSI_with_GT/malignant/malignant (183).png,MALIGNANT,train
C:/Users/Ankit/.cache/kagglehub/datasets/aryashah2k/breast-ultrasound-images-dataset/versions/1/Dataset_BUSI_with_GT/malignant/malignant (33).png,MALIGNANT,train
C:/Users/Ankit/.cache/kagglehub/datasets/aryashah2k/breast-ultrasound-images-dataset/versions/1/Dataset_BUSI_with_GT/normal/normal (115).png,MALIGNANT,train
C:/Users/Ankit/.cache/kagglehub/datasets/aryashah2k/breast-ultrasound-images-dataset/versions/1/Dataset_BUSI_with_GT/malignant/malignant (167).png,MALIGNANT,train
C:/Users/Ankit/.cache/kagglehub/datasets/aryashah2k/breast-ultrasound-images-dataset/versions/1/Dataset_BUSI_with_GT/normal/normal (102).png,MALIGNANT,train
C:/Users/Ankit/.cache/kagglehub/datasets/aryashah2k/breast-ultrasound-images-dataset/versions/1/Dataset_BUSI_with_GT/malignant/malignant (194).png,MALIGNANT,train
C:/Users/Ankit/.cache/kagglehub/datasets/aryashah2k/breast-ultrasound-images-dataset/versions/1/Dataset_BUSI_with_GT/malignant/malignant (204).png,MALIGNANT,train
C:/Users/Ankit/.cache/kagglehub/datasets/aryashah2k/breast-ultrasound-images-dataset/versions/1/Dataset_BUSI_with_GT/normal/normal (105).png,MALIGNANT,train
C:/Users/Ankit/.cache/kagglehub/datasets/aryashah2k/breast-ultrasound-images-dataset/versions/1/Dataset_BUSI_with_GT/malignant/malignant (84).png,MALIGNANT,train
C:/Users/Ankit/.cache/kagglehub/datasets/aryashah2k/breast-ultrasound-images-dataset/versions/1/Dataset_BUSI_with_GT/malignant/malignant (4).png,MALIGNANT,train
C:/Users/Ankit/.cache/kagglehub/datasets/aryashah2k/breast-ultrasound-images-dataset/versions/1/Dataset_BUSI_with_GT/normal/normal (116).png,MALIGNANT,train
C:/Users/Ankit/.cache/kagglehub/datasets/aryashah2k/breast-ultrasound-images-dataset/versions/1/Dataset_BUSI_with_GT/malignant/malignant (182).png,MALIGNANT,train
C:/Users/Ankit/.cache/kagglehub/datasets/aryashah2k/breast-ultrasound-images-dataset/versions/1/Dataset_BUSI_with_GT/malignant/malignant (145).png,MALIGNANT,train
C:/Users/Ankit/.cache/kagglehub/datasets/aryashah2k/breast-ultrasound-images-dataset/versions/1/Dataset_BUSI_with_GT/malignant/malignant (177).png,MALIGNANT,train
C:/Users/Ankit/.cache/kagglehub/datasets/aryashah2k/breast-ultrasound-images-dataset/versions/1/Dataset_BUSI_with_GT/malignant/malignant (45).png,MALIGNANT,train
C:/Users/Ankit/.cache/kagglehub/datasets/aryashah2k/breast-ultrasound-images-dataset/versions/1/Dataset_BUSI_with_GT/normal/normal (118).png,MALIGNANT,train
C:/Users/Ankit/.cache/kagglehub/datasets/aryashah2k/breast-ultrasound-images-dataset/versions/1/Dataset_BUSI_with_GT/malignant/malignant (25).png,MALIGNANT,train
C:/Users/Ankit/.cache/kagglehub/datasets/aryashah2k/breast-ultrasound-images-dataset/versions/1/Dataset_BUSI_with_GT/malignant/malignant (101).png,MALIGNANT,train
C:/Users/Ankit/.cache/kagglehub/datasets/aryashah2k/breast-ultrasound-images-dataset/versions/1/Dataset_BUSI_with_GT/normal/normal (133).png,MALIGNANT,train
C:/Users/Ankit/.cache/kagglehub/datasets/aryashah2k/breast-ultrasound-images-dataset/versions/1/Dataset_BUSI_with_GT/normal/normal (51).png,MALIGNANT,train
C:/Users/Ankit/.cache/kagglehub/datasets/aryashah2k/breast-ultrasound-images-dataset/versions/1/Dataset_BUSI_with_GT/normal/normal (59).png,MALIGNANT,train
C:/Users/Ankit/.cache/kagglehub/datasets/aryashah2k/breast-ultrasound-images-dataset/versions/1/Dataset_BUSI_with_GT/malignant/malignant (2).png,MALIGNANT,train
C:/Users/Ankit/.cache/kagglehub/datasets/aryashah2k/breast-ultrasound-images-dataset/versions/1/Dataset_BUSI_with_GT/normal/normal (77).png,MALIGNANT,train
C:/Users/Ankit/.cache/kagglehub/datasets/aryashah2k/breast-ultrasound-images-dataset/versions/1/Dataset_BUSI_with_GT/malignant/malignant (124).png,MALIGNANT,train
C:/Users/Ankit/.cache/kagglehub/datasets/aryashah2k/breast-ultrasound-images-dataset/versions/1/Dataset_BUSI_with_GT/normal/normal (16).png,MALIGNANT,train
C:/Users/Ankit/.cache/kagglehub/datasets/aryashah2k/breast-ultrasound-images-dataset/versions/1/Dataset_BUSI_with_GT/normal/normal (2).png,MALIGNANT,train
C:/Users/Ankit/.cache/kagglehub/datasets/aryashah2k/breast-ultrasound-images-dataset/versions/1/Dataset_BUSI_with_GT/normal/normal (26).png,MALIGNANT,train
C:/Users/Ankit/.cache/kagglehub/datasets/aryashah2k/breast-ultrasound-images-dataset/versions/1/Dataset_BUSI_with_GT/malignant/malignant (184).png,MALIGNANT,train
C:/Users/Ankit/.cache/kagglehub/datasets/aryashah2k/breast-ultrasound-images-dataset/versions/1/Dataset_BUSI_with_GT/malignant/malignant (185).png,MALIGNANT,train
C:/Users/Ankit/.cache/kagglehub/datasets/aryashah2k/breast-ultrasound-images-dataset/versions/1/Dataset_BUSI_with_GT/malignant/malignant (160).png,MALIGNANT,train
C:/Users/Ankit/.cache/kagglehub/datasets/aryashah2k/breast-ultrasound-images-dataset/versions/1/Dataset_BUSI_with_GT/normal/normal (14).png,MALIGNANT,train
C:/Users/Ankit/.cache/kagglehub/datasets/aryashah2k/breast-ultrasound-images-dataset/versions/1/Dataset_BUSI_with_GT/malignant/malignant (68).png,MALIGNANT,train
C:/Users/Ankit/.cache/kagglehub/datasets/aryashah2k/breast-ultrasound-images-dataset/versions/1/Dataset_BUSI_with_GT/malignant/malignant (6).png,MALIGNANT,train
C:/Users/Ankit/.cache/kagglehub/datasets/aryashah2k/breast-ultrasound-images-dataset/versions/1/Dataset_BUSI_with_GT/normal/normal (120).png,MALIGNANT,train
C:/Users/Ankit/.cache/kagglehub/datasets/aryashah2k/breast-ultrasound-images-dataset/versions/1/Dataset_BUSI_with_GT/normal/normal (132).png,MALIGNANT,train
C:/Users/Ankit/.cache/kagglehub/datasets/aryashah2k/breast-ultrasound-images-dataset/versions/1/Dataset_BUSI_with_GT/malignant/malignant (186).png,MALIGNANT,train
C:/Users/Ankit/.cache/kagglehub/datasets/aryashah2k/breast-ultrasound-images-dataset/versions/1/Dataset_BUSI_with_GT/malignant/malignant (40).png,MALIGNANT,train
C:/Users/Ankit/.cache/kagglehub/datasets/aryashah2k/breast-ultrasound-images-dataset/versions/1/Dataset_BUSI_with_GT/malignant/malignant (79).png,MALIGNANT,train
C:/Users/Ankit/.cache/kagglehub/datasets/aryashah2k/breast-ultrasound-images-dataset/versions/1/Dataset_BUSI_with_GT/malignant/malignant (207).png,MALIGNANT,train
C:/Users/Ankit/.cache/kagglehub/datasets/aryashah2k/breast-ultrasound-images-dataset/versions/1/Dataset_BUSI_with_GT/malignant/malignant (82).png,MALIGNANT,train
C:/Users/Ankit/.cache/kagglehub/datasets/aryashah2k/breast-ultrasound-images-dataset/versions/1/Dataset_BUSI_with_GT/malignant/malignant (209).png,MALIGNANT,train
C:/Users/Ankit/.cache/kagglehub/datasets/aryashah2k/breast-ultrasound-images-dataset/versions/1/Dataset_BUSI_with_GT/normal/normal (44).png,MALIGNANT,train
C:/Users/Ankit/.cache/kagglehub/datasets/aryashah2k/breast-ultrasound-images-dataset/versions/1/Dataset_BUSI_with_GT/malignant/malignant (103).png,MALIGNANT,train
C:/Users/Ankit/.cache/kagglehub/datasets/aryashah2k/breast-ultrasound-images-dataset/versions/1/Dataset_BUSI_with_GT/malignant/malignant (189).png,MALIGNANT,train
C:/Users/Ankit/.cache/kagglehub/datasets/aryashah2k/breast-ultrasound-images-dataset/versions/1/Dataset_BUSI_with_GT/normal/normal (95).png,MALIGNANT,train
C:/Users/Ankit/.cache/kagglehub/datasets/aryashah2k/breast-ultrasound-images-dataset/versions/1/Dataset_BUSI_with_GT/normal/normal (93).png,MALIGNANT,train
C:/Users/Ankit/.cache/kagglehub/datasets/aryashah2k/breast-ultrasound-images-dataset/versions/1/Dataset_BUSI_with_GT/malignant/malignant (112).png,MALIGNANT,train
C:/Users/Ankit/.cache/kagglehub/datasets/aryashah2k/breast-ultrasound-images-dataset/versions/1/Dataset_BUSI_with_GT/malignant/malignant (35).png,MALIGNANT,train
C:/Users/Ankit/.cache/kagglehub/datasets/aryashah2k/breast-ultrasound-images-dataset/versions/1/Dataset_BUSI_with_GT/normal/normal (128).png,MALIGNANT,train
C:/Users/Ankit/.cache/kagglehub/datasets/aryashah2k/breast-ultrasound-images-dataset/versions/1/Dataset_BUSI_with_GT/malignant/malignant (175).png,MALIGNANT,train
C:/Users/Ankit/.cache/kagglehub/datasets/aryashah2k/breast-ultrasound-images-dataset/versions/1/Dataset_BUSI_with_GT/malignant/malignant (193).png,MALIGNANT,train
C:/Users/Ankit/.cache/kagglehub/datasets/aryashah2k/breast-ultrasound-images-dataset/versions/1/Dataset_BUSI_with_GT/normal/normal (6).png,MALIGNANT,train
C:/Users/Ankit/.cache/kagglehub/datasets/aryashah2k/breast-ultrasound-images-dataset/versions/1/Dataset_BUSI_with_GT/malignant/malignant (113).png,MALIGNANT,train
C:/Users/Ankit/.cache/kagglehub/datasets/aryashah2k/breast-ultrasound-images-dataset/versions/1/Dataset_BUSI_with_GT/normal/normal (124).png,MALIGNANT,train
C:/Users/Ankit/.cache/kagglehub/datasets/aryashah2k/breast-ultrasound-images-dataset/versions/1/Dataset_BUSI_with_GT/malignant/malignant (134).png,MALIGNANT,train
C:/Users/Ankit/.cache/kagglehub/datasets/aryashah2k/breast-ultrasound-images-dataset/versions/1/Dataset_BUSI_with_GT/malignant/malignant (89).png,MALIGNANT,train
C:/Users/Ankit/.cache/kagglehub/datasets/aryashah2k/breast-ultrasound-images-dataset/versions/1/Dataset_BUSI_with_GT/normal/normal (46).png,MALIGNANT,train
C:/Users/Ankit/.cache/kagglehub/datasets/aryashah2k/breast-ultrasound-images-dataset/versions/1/Dataset_BUSI_with_GT/malignant/malignant (133).png,MALIGNANT,train
C:/Users/Ankit/.cache/kagglehub/datasets/aryashah2k/breast-ultrasound-images-dataset/versions/1/Dataset_BUSI_with_GT/normal/normal (35).png,MALIGNANT,train
C:/Users/Ankit/.cache/kagglehub/datasets/aryashah2k/breast-ultrasound-images-dataset/versions/1/Dataset_BUSI_with_GT/normal/normal (97).png,MALIGNANT,train
C:/Users/Ankit/.cache/kagglehub/datasets/aryashah2k/breast-ultrasound-images-dataset/versions/1/Dataset_BUSI_with_GT/malignant/malignant (34).png,MALIGNANT,train
C:/Users/Ankit/.cache/kagglehub/datasets/aryashah2k/breast-ultrasound-images-dataset/versions/1/Dataset_BUSI_with_GT/normal/normal (106).png,MALIGNANT,train
C:/Users/Ankit/.cache/kagglehub/datasets/aryashah2k/breast-ultrasound-images-dataset/versions/1/Dataset_BUSI_with_GT/normal/normal (41).png,MALIGNANT,train
C:/Users/Ankit/.cache/kagglehub/datasets/aryashah2k/breast-ultrasound-images-dataset/versions/1/Dataset_BUSI_with_GT/malignant/malignant (161).png,MALIGNANT,train
C:/Users/Ankit/.cache/kagglehub/datasets/aryashah2k/breast-ultrasound-images-dataset/versions/1/Dataset_BUSI_with_GT/normal/normal (107).png,MALIGNANT,train
C:/Users/Ankit/.cache/kagglehub/datasets/aryashah2k/breast-ultrasound-images-dataset/versions/1/Dataset_BUSI_with_GT/normal/normal (15).png,MALIGNANT,train
C:/Users/Ankit/.cache/kagglehub/datasets/aryashah2k/breast-ultrasound-images-dataset/versions/1/Dataset_BUSI_with_GT/normal/normal (52).png,MALIGNANT,train
C:/Users/Ankit/.cache/kagglehub/datasets/aryashah2k/breast-ultrasound-images-dataset/versions/1/Dataset_BUSI_with_GT/malignant/malignant (20).png,MALIGNANT,train
C:/Users/Ankit/.cache/kagglehub/datasets/aryashah2k/breast-ultrasound-images-dataset/versions/1/Dataset_BUSI_with_GT/normal/normal (33).png,MALIGNANT,train
C:/Users/Ankit/.cache/kagglehub/datasets/aryashah2k/breast-ultrasound-images-dataset/versions/1/Dataset_BUSI_with_GT/malignant/malignant (154).png,MALIGNANT,train
C:/Users/Ankit/.cache/kagglehub/datasets/aryashah2k/breast-ultrasound-images-dataset/versions/1/Dataset_BUSI_with_GT/malignant/malignant (210).png,MALIGNANT,train
C:/Users/Ankit/.cache/kagglehub/datasets/aryashah2k/breast-ultrasound-images-dataset/versions/1/Dataset_BUSI_with_GT/normal/normal (55).png,MALIGNANT,train
C:/Users/Ankit/.cache/kagglehub/datasets/aryashah2k/breast-ultrasound-images-dataset/versions/1/Dataset_BUSI_with_GT/malignant/malignant (162).png,MALIGNANT,train
C:/Users/Ankit/.cache/kagglehub/datasets/aryashah2k/breast-ultrasound-images-dataset/versions/1/Dataset_BUSI_with_GT/normal/normal (92).png,MALIGNANT,train
C:/Users/Ankit/.cache/kagglehub/datasets/aryashah2k/breast-ultrasound-images-dataset/versions/1/Dataset_BUSI_with_GT/malignant/malignant (159).png,MALIGNANT,train
C:/Users/Ankit/.cache/kagglehub/datasets/aryashah2k/breast-ultrasound-images-dataset/versions/1/Dataset_BUSI_with_GT/malignant/malignant (202).png,MALIGNANT,train
C:/Users/Ankit/.cache/kagglehub/datasets/aryashah2k/breast-ultrasound-images-dataset/versions/1/Dataset_BUSI_with_GT/normal/normal (109).png,MALIGNANT,train
C:/Users/Ankit/.cache/kagglehub/datasets/aryashah2k/breast-ultrasound-images-dataset/versions/1/Dataset_BUSI_with_GT/malignant/malignant (135).png,MALIGNANT,train
C:/Users/Ankit/.cache/kagglehub/datasets/aryashah2k/breast-ultrasound-images-dataset/versions/1/Dataset_BUSI_with_GT/normal/normal (69).png,MALIGNANT,train
C:/Users/Ankit/.cache/kagglehub/datasets/aryashah2k/breast-ultrasound-images-dataset/versions/1/Dataset_BUSI_with_GT/normal/normal (19).png,MALIGNANT,train
C:/Users/Ankit/.cache/kagglehub/datasets/aryashah2k/breast-ultrasound-images-dataset/versions/1/Dataset_BUSI_with_GT/malignant/malignant (198).png,MALIGNANT,train
C:/Users/Ankit/.cache/kagglehub/datasets/aryashah2k/breast-ultrasound-images-dataset/versions/1/Dataset_BUSI_with_GT/malignant/malignant (26).png,MALIGNANT,train
C:/Users/Ankit/.cache/kagglehub/datasets/aryashah2k/breast-ultrasound-images-dataset/versions/1/Dataset_BUSI_with_GT/normal/normal (90).png,MALIGNANT,train
C:/Users/Ankit/.cache/kagglehub/datasets/aryashah2k/breast-ultrasound-images-dataset/versions/1/Dataset_BUSI_with_GT/normal/normal (75).png,MALIGNANT,train
C:/Users/Ankit/.cache/kagglehub/datasets/aryashah2k/breast-ultrasound-images-dataset/versions/1/Dataset_BUSI_with_GT/normal/normal (79).png,MALIGNANT,train
C:/Users/Ankit/.cache/kagglehub/datasets/aryashah2k/breast-ultrasound-images-dataset/versions/1/Dataset_BUSI_with_GT/malignant/malignant (47).png,MALIGNANT,train
C:/Users/Ankit/.cache/kagglehub/datasets/aryashah2k/breast-ultrasound-images-dataset/versions/1/Dataset_BUSI_with_GT/malignant/malignant (39).png,MALIGNANT,train
C:/Users/Ankit/.cache/kagglehub/datasets/aryashah2k/breast-ultrasound-images-dataset/versions/1/Dataset_BUSI_with_GT/normal/normal (53).png,MALIGNANT,train
C:/Users/Ankit/.cache/kagglehub/datasets/aryashah2k/breast-ultrasound-images-dataset/versions/1/Dataset_BUSI_with_GT/normal/normal (82).png,MALIGNANT,train
C:/Users/Ankit/.cache/kagglehub/datasets/aryashah2k/breast-ultrasound-images-dataset/versions/1/Dataset_BUSI_with_GT/malignant/malignant (76).png,MALIGNANT,train
C:/Users/Ankit/.cache/kagglehub/datasets/aryashah2k/breast-ultrasound-images-dataset/versions/1/Dataset_BUSI_with_GT/malignant/malignant (13).png,MALIGNANT,train
C:/Users/Ankit/.cache/kagglehub/datasets/aryashah2k/breast-ultrasound-images-dataset/versions/1/Dataset_BUSI_with_GT/malignant/malignant (95).png,MALIGNANT,train
C:/Users/Ankit/.cache/kagglehub/datasets/aryashah2k/breast-ultrasound-images-dataset/versions/1/Dataset_BUSI_with_GT/malignant/malignant (127).png,MALIGNANT,train
C:/Users/Ankit/.cache/kagglehub/datasets/aryashah2k/breast-ultrasound-images-dataset/versions/1/Dataset_BUSI_with_GT/normal/normal (32).png,MALIGNANT,train
C:/Users/Ankit/.cache/kagglehub/datasets/aryashah2k/breast-ultrasound-images-dataset/versions/1/Dataset_BUSI_with_GT/normal/normal (62).png,MALIGNANT,train
C:/Users/Ankit/.cache/kagglehub/datasets/aryashah2k/breast-ultrasound-images-dataset/versions/1/Dataset_BUSI_with_GT/normal/normal (68).png,MALIGNANT,train
C:/Users/Ankit/.cache/kagglehub/datasets/aryashah2k/breast-ultrasound-images-dataset/versions/1/Dataset_BUSI_with_GT/malignant/malignant (205).png,MALIGNANT,train
C:/Users/Ankit/.cache/kagglehub/datasets/aryashah2k/breast-ultrasound-images-dataset/versions/1/Dataset_BUSI_with_GT/malignant/malignant (29).png,MALIGNANT,train
C:/Users/Ankit/.cache/kagglehub/datasets/aryashah2k/breast-ultrasound-images-dataset/versions/1/Dataset_BUSI_with_GT/malignant/malignant (9).png,MALIGNANT,train
C:/Users/Ankit/.cache/kagglehub/datasets/aryashah2k/breast-ultrasound-images-dataset/versions/1/Dataset_BUSI_with_GT/malignant/malignant (14).png,MALIGNANT,train
C:/Users/Ankit/.cache/kagglehub/datasets/aryashah2k/breast-ultrasound-images-dataset/versions/1/Dataset_BUSI_with_GT/malignant/malignant (15).png,MALIGNANT,train
C:/Users/Ankit/.cache/kagglehub/datasets/aryashah2k/breast-ultrasound-images-dataset/versions/1/Dataset_BUSI_with_GT/malignant/malignant (197).png,MALIGNANT,train
C:/Users/Ankit/.cache/kagglehub/datasets/aryashah2k/breast-ultrasound-images-dataset/versions/1/Dataset_BUSI_with_GT/malignant/malignant (123).png,MALIGNANT,train
C:/Users/Ankit/.cache/kagglehub/datasets/aryashah2k/breast-ultrasound-images-dataset/versions/1/Dataset_BUSI_with_GT/malignant/malignant (10).png,MALIGNANT,train
C:/Users/Ankit/.cache/kagglehub/datasets/aryashah2k/breast-ultrasound-images-dataset/versions/1/Dataset_BUSI_with_GT/normal/normal (5).png,MALIGNANT,train
C:/Users/Ankit/.cache/kagglehub/datasets/aryashah2k/breast-ultrasound-images-dataset/versions/1/Dataset_BUSI_with_GT/normal/normal (13).png,MALIGNANT,train
C:/Users/Ankit/.cache/kagglehub/datasets/aryashah2k/breast-ultrasound-images-dataset/versions/1/Dataset_BUSI_with_GT/normal/normal (18).png,MALIGNANT,train
C:/Users/Ankit/.cache/kagglehub/datasets/aryashah2k/breast-ultrasound-images-dataset/versions/1/Dataset_BUSI_with_GT/normal/normal (81).png,MALIGNANT,train
C:/Users/Ankit/.cache/kagglehub/datasets/aryashah2k/breast-ultrasound-images-dataset/versions/1/Dataset_BUSI_with_GT/normal/normal (73).png,MALIGNANT,train
C:/Users/Ankit/.cache/kagglehub/datasets/aryashah2k/breast-ultrasound-images-dataset/versions/1/Dataset_BUSI_with_GT/malignant/malignant (23).png,MALIGNANT,train
C:/Users/Ankit/.cache/kagglehub/datasets/aryashah2k/breast-ultrasound-images-dataset/versions/1/Dataset_BUSI_with_GT/normal/normal (60).png,MALIGNANT,train
C:/Users/Ankit/.cache/kagglehub/datasets/aryashah2k/breast-ultrasound-images-dataset/versions/1/Dataset_BUSI_with_GT/malignant/malignant (70).png,MALIGNANT,train
C:/Users/Ankit/.cache/kagglehub/datasets/aryashah2k/breast-ultrasound-images-dataset/versions/1/Dataset_BUSI_with_GT/normal/normal (96).png,MALIGNANT,train
C:/Users/Ankit/.cache/kagglehub/datasets/aryashah2k/breast-ultrasound-images-dataset/versions/1/Dataset_BUSI_with_GT/malignant/malignant (143).png,MALIGNANT,train
C:/Users/Ankit/.cache/kagglehub/datasets/aryashah2k/breast-ultrasound-images-dataset/versions/1/Dataset_BUSI_with_GT/malignant/malignant (42).png,MALIGNANT,train
C:/Users/Ankit/.cache/kagglehub/datasets/aryashah2k/breast-ultrasound-images-dataset/versions/1/Dataset_BUSI_with_GT/malignant/malignant (55).png,MALIGNANT,train
C:/Users/Ankit/.cache/kagglehub/datasets/aryashah2k/breast-ultrasound-images-dataset/versions/1/Dataset_BUSI_with_GT/malignant/malignant (195).png,MALIGNANT,train
C:/Users/Ankit/.cache/kagglehub/datasets/aryashah2k/breast-ultrasound-images-dataset/versions/1/Dataset_BUSI_with_GT/normal/normal (7).png,MALIGNANT,train
C:/Users/Ankit/.cache/kagglehub/datasets/aryashah2k/breast-ultrasound-images-dataset/versions/1/Dataset_BUSI_with_GT/malignant/malignant (115).png,MALIGNANT,train
C:/Users/Ankit/.cache/kagglehub/datasets/aryashah2k/breast-ultrasound-images-dataset/versions/1/Dataset_BUSI_with_GT/malignant/malignant (87).png,MALIGNANT,train
C:/Users/Ankit/.cache/kagglehub/datasets/aryashah2k/breast-ultrasound-images-dataset/versions/1/Dataset_BUSI_with_GT/normal/normal (70).png,MALIGNANT,train
C:/Users/Ankit/.cache/kagglehub/datasets/aryashah2k/breast-ultrasound-images-dataset/versions/1/Dataset_BUSI_with_GT/normal/normal (122).png,MALIGNANT,train
C:/Users/Ankit/.cache/kagglehub/datasets/aryashah2k/breast-ultrasound-images-dataset/versions/1/Dataset_BUSI_with_GT/malignant/malignant (155).png,MALIGNANT,train
C:/Users/Ankit/.cache/kagglehub/datasets/aryashah2k/breast-ultrasound-images-dataset/versions/1/Dataset_BUSI_with_GT/malignant/malignant (109).png,MALIGNANT,train
C:/Users/Ankit/.cache/kagglehub/datasets/aryashah2k/breast-ultrasound-images-dataset/versions/1/Dataset_BUSI_with_GT/malignant/malignant (104).png,MALIGNANT,train
C:/Users/Ankit/.cache/kagglehub/datasets/aryashah2k/breast-ultrasound-images-dataset/versions/1/Dataset_BUSI_with_GT/malignant/malignant (132).png,MALIGNANT,train
C:/Users/Ankit/.cache/kagglehub/datasets/aryashah2k/breast-ultrasound-images-dataset/versions/1/Dataset_BUSI_with_GT/malignant/malignant (144).png,MALIGNANT,train
C:/Users/Ankit/.cache/kagglehub/datasets/aryashah2k/breast-ultrasound-images-dataset/versions/1/Dataset_BUSI_with_GT/normal/normal (27).png,MALIGNANT,train
C:/Users/Ankit/.cache/kagglehub/datasets/aryashah2k/breast-ultrasound-images-dataset/versions/1/Dataset_BUSI_with_GT/malignant/malignant (150).png,MALIGNANT,train
C:/Users/Ankit/.cache/kagglehub/datasets/aryashah2k/breast-ultrasound-images-dataset/versions/1/Dataset_BUSI_with_GT/normal/normal (89).png,MALIGNANT,train
C:/Users/Ankit/.cache/kagglehub/datasets/aryashah2k/breast-ultrasound-images-dataset/versions/1/Dataset_BUSI_with_GT/normal/normal (125).png,MALIGNANT,train
C:/Users/Ankit/.cache/kagglehub/datasets/aryashah2k/breast-ultrasound-images-dataset/versions/1/Dataset_BUSI_with_GT/malignant/malignant (153).png,MALIGNANT,train
C:/Users/Ankit/.cache/kagglehub/datasets/aryashah2k/breast-ultrasound-images-dataset/versions/1/Dataset_BUSI_with_GT/malignant/malignant (83).png,MALIGNANT,train
C:/Users/Ankit/.cache/kagglehub/datasets/aryashah2k/breast-ultrasound-images-dataset/versions/1/Dataset_BUSI_with_GT/normal/normal (29).png,MALIGNANT,train
C:/Users/Ankit/.cache/kagglehub/datasets/aryashah2k/breast-ultrasound-images-dataset/versions/1/Dataset_BUSI_with_GT/malignant/malignant (12).png,MALIGNANT,train
C:/Users/Ankit/.cache/kagglehub/datasets/aryashah2k/breast-ultrasound-images-dataset/versions/1/Dataset_BUSI_with_GT/malignant/malignant (176).png,MALIGNANT,train
C:/Users/Ankit/.cache/kagglehub/datasets/aryashah2k/breast-ultrasound-images-dataset/versions/1/Dataset_BUSI_with_GT/normal/normal (4).png,MALIGNANT,train
C:/Users/Ankit/.cache/kagglehub/datasets/aryashah2k/breast-ultrasound-images-dataset/versions/1/Dataset_BUSI_with_GT/malignant/malignant (56).png,MALIGNANT,train
C:/Users/Ankit/.cache/kagglehub/datasets/aryashah2k/breast-ultrasound-images-dataset/versions/1/Dataset_BUSI_with_GT/normal/normal (34).png,MALIGNANT,train
C:/Users/Ankit/.cache/kagglehub/datasets/aryashah2k/breast-ultrasound-images-dataset/versions/1/Dataset_BUSI_with_GT/malignant/malignant (28).png,MALIGNANT,train
C:/Users/Ankit/.cache/kagglehub/datasets/aryashah2k/breast-ultrasound-images-dataset/versions/1/Dataset_BUSI_with_GT/malignant/malignant (164).png,MALIGNANT,train
C:/Users/Ankit/.cache/kagglehub/datasets/aryashah2k/breast-ultrasound-images-dataset/versions/1/Dataset_BUSI_with_GT/malignant/malignant (118).png,MALIGNANT,train
C:/Users/Ankit/.cache/kagglehub/datasets/aryashah2k/breast-ultrasound-images-dataset/versions/1/Dataset_BUSI_with_GT/normal/normal (65).png,MALIGNANT,train
C:/Users/Ankit/.cache/kagglehub/datasets/aryashah2k/breast-ultrasound-images-dataset/versions/1/Dataset_BUSI_with_GT/malignant/malignant (138).png,MALIGNANT,train
C:/Users/Ankit/.cache/kagglehub/datasets/aryashah2k/breast-ultrasound-images-dataset/versions/1/Dataset_BUSI_with_GT/malignant/malignant (8).png,MALIGNANT,train
C:/Users/Ankit/.cache/kagglehub/datasets/aryashah2k/breast-ultrasound-images-dataset/versions/1/Dataset_BUSI_with_GT/normal/normal (72).png,MALIGNANT,train
C:/Users/Ankit/.cache/kagglehub/datasets/aryashah2k/breast-ultrasound-images-dataset/versions/1/Dataset_BUSI_with_GT/normal/normal (117).png,MALIGNANT,train
C:/Users/Ankit/.cache/kagglehub/datasets/aryashah2k/breast-ultrasound-images-dataset/versions/1/Dataset_BUSI_with_GT/malignant/malignant (93).png,MALIGNANT,train
C:/Users/Ankit/.cache/kagglehub/datasets/aryashah2k/breast-ultrasound-images-dataset/versions/1/Dataset_BUSI_with_GT/normal/normal (88).png,MALIGNANT,train
C:/Users/Ankit/.cache/kagglehub/datasets/aryashah2k/breast-ultrasound-images-dataset/versions/1/Dataset_BUSI_with_GT/normal/normal (43).png,MALIGNANT,train
C:/Users/Ankit/.cache/kagglehub/datasets/aryashah2k/breast-ultrasound-images-dataset/versions/1/Dataset_BUSI_with_GT/malignant/malignant (148).png,MALIGNANT,train
C:/Users/Ankit/.cache/kagglehub/datasets/aryashah2k/breast-ultrasound-images-dataset/versions/1/Dataset_BUSI_with_GT/malignant/malignant (65).png,MALIGNANT,train
C:/Users/Ankit/.cache/kagglehub/datasets/aryashah2k/breast-ultrasound-images-dataset/versions/1/Dataset_BUSI_with_GT/normal/normal (127).png,MALIGNANT,train
C:/Users/Ankit/.cache/kagglehub/datasets/aryashah2k/breast-ultrasound-images-dataset/versions/1/Dataset_BUSI_with_GT/normal/normal (74).png,MALIGNANT,train
C:/Users/Ankit/.cache/kagglehub/datasets/aryashah2k/breast-ultrasound-images-dataset/versions/1/Dataset_BUSI_with_GT/malignant/malignant (206).png,MALIGNANT,train
C:/Users/Ankit/.cache/kagglehub/datasets/aryashah2k/breast-ultrasound-images-dataset/versions/1/Dataset_BUSI_with_GT/malignant/malignant (173).png,MALIGNANT,train
C:/Users/Ankit/.cache/kagglehub/datasets/aryashah2k/breast-ultrasound-images-dataset/versions/1/Dataset_BUSI_with_GT/normal/normal (28).png,MALIGNANT,train
C:/Users/Ankit/.cache/kagglehub/datasets/aryashah2k/breast-ultrasound-images-dataset/versions/1/Dataset_BUSI_with_GT/malignant/malignant (5).png,MALIGNANT,train
C:/Users/Ankit/.cache/kagglehub/datasets/aryashah2k/breast-ultrasound-images-dataset/versions/1/Dataset_BUSI_with_GT/malignant/malignant (43).png,MALIGNANT,train
C:/Users/Ankit/.cache/kagglehub/datasets/aryashah2k/breast-ultrasound-images-dataset/versions/1/Dataset_BUSI_with_GT/malignant/malignant (91).png,MALIGNANT,train
C:/Users/Ankit/.cache/kagglehub/datasets/aryashah2k/breast-ultrasound-images-dataset/versions/1/Dataset_BUSI_with_GT/malignant/malignant (199).png,MALIGNANT,train
C:/Users/Ankit/.cache/kagglehub/datasets/aryashah2k/breast-ultrasound-images-dataset/versions/1/Dataset_BUSI_with_GT/malignant/malignant (147).png,MALIGNANT,train
C:/Users/Ankit/.cache/kagglehub/datasets/aryashah2k/breast-ultrasound-images-dataset/versions/1/Dataset_BUSI_with_GT/malignant/malignant (165).png,MALIGNANT,train
C:/Users/Ankit/.cache/kagglehub/datasets/aryashah2k/breast-ultrasound-images-dataset/versions/1/Dataset_BUSI_with_GT/malignant/malignant (169).png,MALIGNANT,train
C:/Users/Ankit/.cache/kagglehub/datasets/aryashah2k/breast-ultrasound-images-dataset/versions/1/Dataset_BUSI_with_GT/normal/normal (40).png,MALIGNANT,train
C:/Users/Ankit/.cache/kagglehub/datasets/aryashah2k/breast-ultrasound-images-dataset/versions/1/Dataset_BUSI_with_GT/normal/normal (101).png,MALIGNANT,train
C:/Users/Ankit/.cache/kagglehub/datasets/aryashah2k/breast-ultrasound-images-dataset/versions/1/Dataset_BUSI_with_GT/malignant/malignant (36).png,MALIGNANT,train
C:/Users/Ankit/.cache/kagglehub/datasets/aryashah2k/breast-ultrasound-images-dataset/versions/1/Dataset_BUSI_with_GT/malignant/malignant (97).png,MALIGNANT,train
C:/Users/Ankit/.cache/kagglehub/datasets/aryashah2k/breast-ultrasound-images-dataset/versions/1/Dataset_BUSI_with_GT/malignant/malignant (49).png,MALIGNANT,train
C:/Users/Ankit/.cache/kagglehub/datasets/aryashah2k/breast-ultrasound-images-dataset/versions/1/Dataset_BUSI_with_GT/malignant/malignant (18).png,MALIGNANT,train
C:/Users/Ankit/.cache/kagglehub/datasets/aryashah2k/breast-ultrasound-images-dataset/versions/1/Dataset_BUSI_with_GT/malignant/malignant (85).png,MALIGNANT,train
C:/Users/Ankit/.cache/kagglehub/datasets/aryashah2k/breast-ultrasound-images-dataset/versions/1/Dataset_BUSI_with_GT/normal/normal (103).png,MALIGNANT,train
C:/Users/Ankit/.cache/kagglehub/datasets/aryashah2k/breast-ultrasound-images-dataset/versions/1/Dataset_BUSI_with_GT/normal/normal (67).png,MALIGNANT,train
C:/Users/Ankit/.cache/kagglehub/datasets/aryashah2k/breast-ultrasound-images-dataset/versions/1/Dataset_BUSI_with_GT/malignant/malignant (158).png,MALIGNANT,train
C:/Users/Ankit/.cache/kagglehub/datasets/aryashah2k/breast-ultrasound-images-dataset/versions/1/Dataset_BUSI_with_GT/malignant/malignant (46).png,MALIGNANT,train
C:/Users/Ankit/.cache/kagglehub/datasets/aryashah2k/breast-ultrasound-images-dataset/versions/1/Dataset_BUSI_with_GT/malignant/malignant (96).png,MALIGNANT,train
C:/Users/Ankit/.cache/kagglehub/datasets/aryashah2k/breast-ultrasound-images-dataset/versions/1/Dataset_BUSI_with_GT/malignant/malignant (60).png,MALIGNANT,train
C:/Users/Ankit/.cache/kagglehub/datasets/aryashah2k/breast-ultrasound-images-dataset/versions/1/Dataset_BUSI_with_GT/malignant/malignant (99).png,MALIGNANT,train
C:/Users/Ankit/.cache/kagglehub/datasets/aryashah2k/breast-ultrasound-images-dataset/versions/1/Dataset_BUSI_with_GT/malignant/malignant (52).png,MALIGNANT,train
C:/Users/Ankit/.cache/kagglehub/datasets/aryashah2k/breast-ultrasound-images-dataset/versions/1/Dataset_BUSI_with_GT/normal/normal (23).png,MALIGNANT,train
C:/Users/Ankit/.cache/kagglehub/datasets/aryashah2k/breast-ultrasound-images-dataset/versions/1/Dataset_BUSI_with_GT/malignant/malignant (48).png,MALIGNANT,train
C:/Users/Ankit/.cache/kagglehub/datasets/aryashah2k/breast-ultrasound-images-dataset/versions/1/Dataset_BUSI_with_GT/malignant/malignant (156).png,MALIGNANT,train
C:/Users/Ankit/.cache/kagglehub/datasets/aryashah2k/breast-ultrasound-images-dataset/versions/1/Dataset_BUSI_with_GT/normal/normal (49).png,MALIGNANT,train
C:/Users/Ankit/.cache/kagglehub/datasets/aryashah2k/breast-ultrasound-images-dataset/versions/1/Dataset_BUSI_with_GT/normal/normal (58).png,MALIGNANT,train
C:/Users/Ankit/.cache/kagglehub/datasets/aryashah2k/breast-ultrasound-images-dataset/versions/1/Dataset_BUSI_with_GT/normal/normal (63).png,MALIGNANT,train
C:/Users/Ankit/.cache/kagglehub/datasets/aryashah2k/breast-ultrasound-images-dataset/versions/1/Dataset_BUSI_with_GT/normal/normal (108).png,MALIGNANT,train
C:/Users/Ankit/.cache/kagglehub/datasets/aryashah2k/breast-ultrasound-images-dataset/versions/1/Dataset_BUSI_with_GT/normal/normal (98).png,MALIGNANT,val
C:/Users/Ankit/.cache/kagglehub/datasets/aryashah2k/breast-ultrasound-images-dataset/versions/1/Dataset_BUSI_with_GT/malignant/malignant (19).png,MALIGNANT,val
C:/Users/Ankit/.cache/kagglehub/datasets/aryashah2k/breast-ultrasound-images-dataset/versions/1/Dataset_BUSI_with_GT/normal/normal (38).png,MALIGNANT,val
C:/Users/Ankit/.cache/kagglehub/datasets/aryashah2k/breast-ultrasound-images-dataset/versions/1/Dataset_BUSI_with_GT/normal/normal (3).png,MALIGNANT,val
C:/Users/Ankit/.cache/kagglehub/datasets/aryashah2k/breast-ultrasound-images-dataset/versions/1/Dataset_BUSI_with_GT/malignant/malignant (1).png,MALIGNANT,val
C:/Users/Ankit/.cache/kagglehub/datasets/aryashah2k/breast-ultrasound-images-dataset/versions/1/Dataset_BUSI_with_GT/normal/normal (91).png,MALIGNANT,val
C:/Users/Ankit/.cache/kagglehub/datasets/aryashah2k/breast-ultrasound-images-dataset/versions/1/Dataset_BUSI_with_GT/malignant/malignant (119).png,MALIGNANT,val
C:/Users/Ankit/.cache/kagglehub/datasets/aryashah2k/breast-ultrasound-images-dataset/versions/1/Dataset_BUSI_with_GT/malignant/malignant (27).png,MALIGNANT,val
C:/Users/Ankit/.cache/kagglehub/datasets/aryashah2k/breast-ultrasound-images-dataset/versions/1/Dataset_BUSI_with_GT/malignant/malignant (187).png,MALIGNANT,val
C:/Users/Ankit/.cache/kagglehub/datasets/aryashah2k/breast-ultrasound-images-dataset/versions/1/Dataset_BUSI_with_GT/malignant/malignant (88).png,MALIGNANT,val
C:/Users/Ankit/.cache/kagglehub/datasets/aryashah2k/breast-ultrasound-images-dataset/versions/1/Dataset_BUSI_with_GT/normal/normal (56).png,MALIGNANT,val
C:/Users/Ankit/.cache/kagglehub/datasets/aryashah2k/breast-ultrasound-images-dataset/versions/1/Dataset_BUSI_with_GT/normal/normal (25).png,MALIGNANT,val
C:/Users/Ankit/.cache/kagglehub/datasets/aryashah2k/breast-ultrasound-images-dataset/versions/1/Dataset_BUSI_with_GT/normal/normal (110).png,MALIGNANT,val
C:/Users/Ankit/.cache/kagglehub/datasets/aryashah2k/breast-ultrasound-images-dataset/versions/1/Dataset_BUSI_with_GT/malignant/malignant (54).png,MALIGNANT,val
C:/Users/Ankit/.cache/kagglehub/datasets/aryashah2k/breast-ultrasound-images-dataset/versions/1/Dataset_BUSI_with_GT/malignant/malignant (69).png,MALIGNANT,val
C:/Users/Ankit/.cache/kagglehub/datasets/aryashah2k/breast-ultrasound-images-dataset/versions/1/Dataset_BUSI_with_GT/normal/normal (11).png,MALIGNANT,val
C:/Users/Ankit/.cache/kagglehub/datasets/aryashah2k/breast-ultrasound-images-dataset/versions/1/Dataset_BUSI_with_GT/normal/normal (78).png,MALIGNANT,val
C:/Users/Ankit/.cache/kagglehub/datasets/aryashah2k/breast-ultrasound-images-dataset/versions/1/Dataset_BUSI_with_GT/normal/normal (9).png,MALIGNANT,val
C:/Users/Ankit/.cache/kagglehub/datasets/aryashah2k/breast-ultrasound-images-dataset/versions/1/Dataset_BUSI_with_GT/malignant/malignant (31).png,MALIGNANT,val
C:/Users/Ankit/.cache/kagglehub/datasets/aryashah2k/breast-ultrasound-images-dataset/versions/1/Dataset_BUSI_with_GT/normal/normal (83).png,MALIGNANT,val
C:/Users/Ankit/.cache/kagglehub/datasets/aryashah2k/breast-ultrasound-images-dataset/versions/1/Dataset_BUSI_with_GT/malignant/malignant (3).png,MALIGNANT,val
C:/Users/Ankit/.cache/kagglehub/datasets/aryashah2k/breast-ultrasound-images-dataset/versions/1/Dataset_BUSI_with_GT/malignant/malignant (152).png,MALIGNANT,val
C:/Users/Ankit/.cache/kagglehub/datasets/aryashah2k/breast-ultrasound-images-dataset/versions/1/Dataset_BUSI_with_GT/malignant/malignant (111).png,MALIGNANT,val
C:/Users/Ankit/.cache/kagglehub/datasets/aryashah2k/breast-ultrasound-images-dataset/versions/1/Dataset_BUSI_with_GT/malignant/malignant (62).png,MALIGNANT,val
C:/Users/Ankit/.cache/kagglehub/datasets/aryashah2k/breast-ultrasound-images-dataset/versions/1/Dataset_BUSI_with_GT/normal/normal (37).png,MALIGNANT,val
C:/Users/Ankit/.cache/kagglehub/datasets/aryashah2k/breast-ultrasound-images-dataset/versions/1/Dataset_BUSI_with_GT/normal/normal (66).png,MALIGNANT,val
C:/Users/Ankit/.cache/kagglehub/datasets/aryashah2k/breast-ultrasound-images-dataset/versions/1/Dataset_BUSI_with_GT/normal/normal (24).png,MALIGNANT,val
C:/Users/Ankit/.cache/kagglehub/datasets/aryashah2k/breast-ultrasound-images-dataset/versions/1/Dataset_BUSI_with_GT/normal/normal (71).png,MALIGNANT,val
C:/Users/Ankit/.cache/kagglehub/datasets/aryashah2k/breast-ultrasound-images-dataset/versions/1/Dataset_BUSI_with_GT/normal/normal (64).png,MALIGNANT,val
C:/Users/Ankit/.cache/kagglehub/datasets/aryashah2k/breast-ultrasound-images-dataset/versions/1/Dataset_BUSI_with_GT/malignant/malignant (130).png,MALIGNANT,val
C:/Users/Ankit/.cache/kagglehub/datasets/aryashah2k/breast-ultrasound-images-dataset/versions/1/Dataset_BUSI_with_GT/malignant/malignant (38).png,MALIGNANT,val
C:/Users/Ankit/.cache/kagglehub/datasets/aryashah2k/breast-ultrasound-images-dataset/versions/1/Dataset_BUSI_with_GT/malignant/malignant (61).png,MALIGNANT,val
C:/Users/Ankit/.cache/kagglehub/datasets/aryashah2k/breast-ultrasound-images-dataset/versions/1/Dataset_BUSI_with_GT/malignant/malignant (94).png,MALIGNANT,val
C:/Users/Ankit/.cache/kagglehub/datasets/aryashah2k/breast-ultrasound-images-dataset/versions/1/Dataset_BUSI_with_GT/malignant/malignant (188).png,MALIGNANT,val
C:/Users/Ankit/.cache/kagglehub/datasets/aryashah2k/breast-ultrasound-images-dataset/versions/1/Dataset_BUSI_with_GT/normal/normal (84).png,MALIGNANT,test
C:/Users/Ankit/.cache/kagglehub/datasets/aryashah2k/breast-ultrasound-images-dataset/versions/1/Dataset_BUSI_with_GT/malignant/malignant (201).png,MALIGNANT,test
C:/Users/Ankit/.cache/kagglehub/datasets/aryashah2k/breast-ultrasound-images-dataset/versions/1/Dataset_BUSI_with_GT/malignant/malignant (203).png,MALIGNANT,test
C:/Users/Ankit/.cache/kagglehub/datasets/aryashah2k/breast-ultrasound-images-dataset/versions/1/Dataset_BUSI_with_GT/malignant/malignant (50).png,MALIGNANT,test
C:/Users/Ankit/.cache/kagglehub/datasets/aryashah2k/breast-ultrasound-images-dataset/versions/1/Dataset_BUSI_with_GT/malignant/malignant (71).png,MALIGNANT,test
C:/Users/Ankit/.cache/kagglehub/datasets/aryashah2k/breast-ultrasound-images-dataset/versions/1/Dataset_BUSI_with_GT/normal/normal (121).png,MALIGNANT,test
C:/Users/Ankit/.cache/kagglehub/datasets/aryashah2k/breast-ultrasound-images-dataset/versions/1/Dataset_BUSI_with_GT/malignant/malignant (191).png,MALIGNANT,test
C:/Users/Ankit/.cache/kagglehub/datasets/aryashah2k/breast-ultrasound-images-dataset/versions/1/Dataset_BUSI_with_GT/malignant/malignant (200).png,MALIGNANT,test
C:/Users/Ankit/.cache/kagglehub/datasets/aryashah2k/breast-ultrasound-images-dataset/versions/1/Dataset_BUSI_with_GT/normal/normal (126).png,MALIGNANT,test
C:/Users/Ankit/.cache/kagglehub/datasets/aryashah2k/breast-ultrasound-images-dataset/versions/1/Dataset_BUSI_with_GT/malignant/malignant (116).png,MALIGNANT,test
C:/Users/Ankit/.cache/kagglehub/datasets/aryashah2k/breast-ultrasound-images-dataset/versions/1/Dataset_BUSI_with_GT/malignant/malignant (86).png,MALIGNANT,test
C:/Users/Ankit/.cache/kagglehub/datasets/aryashah2k/breast-ultrasound-images-dataset/versions/1/Dataset_BUSI_with_GT/malignant/malignant (149).png,MALIGNANT,test
C:/Users/Ankit/.cache/kagglehub/datasets/aryashah2k/breast-ultrasound-images-dataset/versions/1/Dataset_BUSI_with_GT/malignant/malignant (172).png,MALIGNANT,test
C:/Users/Ankit/.cache/kagglehub/datasets/aryashah2k/breast-ultrasound-images-dataset/versions/1/Dataset_BUSI_with_GT/malignant/malignant (32).png,MALIGNANT,test
C:/Users/Ankit/.cache/kagglehub/datasets/aryashah2k/breast-ultrasound-images-dataset/versions/1/Dataset_BUSI_with_GT/normal/normal (94).png,MALIGNANT,test
C:/Users/Ankit/.cache/kagglehub/datasets/aryashah2k/breast-ultrasound-images-dataset/versions/1/Dataset_BUSI_with_GT/normal/normal (1).png,MALIGNANT,test
C:/Users/Ankit/.cache/kagglehub/datasets/aryashah2k/breast-ultrasound-images-dataset/versions/1/Dataset_BUSI_with_GT/malignant/malignant (63).png,MALIGNANT,test
C:/Users/Ankit/.cache/kagglehub/datasets/aryashah2k/breast-ultrasound-images-dataset/versions/1/Dataset_BUSI_with_GT/malignant/malignant (181).png,MALIGNANT,test
C:/Users/Ankit/.cache/kagglehub/datasets/aryashah2k/breast-ultrasound-images-dataset/versions/1/Dataset_BUSI_with_GT/malignant/malignant (11).png,MALIGNANT,test
C:/Users/Ankit/.cache/kagglehub/datasets/aryashah2k/breast-ultrasound-images-dataset/versions/1/Dataset_BUSI_with_GT/normal/normal (10).png,MALIGNANT,test
C:/Users/Ankit/.cache/kagglehub/datasets/aryashah2k/breast-ultrasound-images-dataset/versions/1/Dataset_BUSI_with_GT/malignant/malignant (180).png,MALIGNANT,test
C:/Users/Ankit/.cache/kagglehub/datasets/aryashah2k/breast-ultrasound-images-dataset/versions/1/Dataset_BUSI_with_GT/malignant/malignant (174).png,MALIGNANT,test
C:/Users/Ankit/.cache/kagglehub/datasets/aryashah2k/breast-ultrasound-images-dataset/versions/1/Dataset_BUSI_with_GT/malignant/malignant (208).png,MALIGNANT,test
C:/Users/Ankit/.cache/kagglehub/datasets/aryashah2k/breast-ultrasound-images-dataset/versions/1/Dataset_BUSI_with_GT/malignant/malignant (170).png,MALIGNANT,test
C:/Users/Ankit/.cache/kagglehub/datasets/aryashah2k/breast-ultrasound-images-dataset/versions/1/Dataset_BUSI_with_GT/normal/normal (76).png,MALIGNANT,test
C:/Users/Ankit/.cache/kagglehub/datasets/aryashah2k/breast-ultrasound-images-dataset/versions/1/Dataset_BUSI_with_GT/malignant/malignant (98).png,MALIGNANT,test
C:/Users/Ankit/.cache/kagglehub/datasets/aryashah2k/breast-ultrasound-images-dataset/versions/1/Dataset_BUSI_with_GT/normal/normal (48).png,MALIGNANT,test
C:/Users/Ankit/.cache/kagglehub/datasets/aryashah2k/breast-ultrasound-images-dataset/versions/1/Dataset_BUSI_with_GT/malignant/malignant (73).png,MALIGNANT,test
C:/Users/Ankit/.cache/kagglehub/datasets/aryashah2k/breast-ultrasound-images-dataset/versions/1/Dataset_BUSI_with_GT/malignant/malignant (146).png,MALIGNANT,test
C:/Users/Ankit/.cache/kagglehub/datasets/aryashah2k/breast-ultrasound-images-dataset/versions/1/Dataset_BUSI_with_GT/malignant/malignant (24).png,MALIGNANT,test
C:/Users/Ankit/.cache/kagglehub/datasets/aryashah2k/breast-ultrasound-images-dataset/versions/1/Dataset_BUSI_with_GT/malignant/malignant (196).png,MALIGNANT,test
C:/Users/Ankit/.cache/kagglehub/datasets/aryashah2k/breast-ultrasound-images-dataset/versions/1/Dataset_BUSI_with_GT/malignant/malignant (75).png,MALIGNANT,test
C:/Users/Ankit/.cache/kagglehub/datasets/aryashah2k/breast-ultrasound-images-dataset/versions/1/Dataset_BUSI_with_GT/malignant/malignant (117).png,MALIGNANT,test
C:/Users/Ankit/.cache/kagglehub/datasets/aryashah2k/breast-ultrasound-images-dataset/versions/1/Dataset_BUSI_with_GT/malignant/malignant (78).png,MALIGNANT,test
C:/Users/Ankit/.cache/kagglehub/datasets/aryashah2k/breast-ultrasound-images-dataset/versions/1/Dataset_BUSI_with_GT/malignant/malignant (51).png,MALIGNANT,test
