filepath,label,class_idx,split
datasets/generic_negatives/generic_0032.jpg,INVALID_INPUT,0,train
C:/Users/Ankit/.cache/kagglehub/datasets/aryashah2k/breast-ultrasound-images-dataset/versions/1/Dataset_BUSI_with_GT/benign/benign (109).png,VALID_MAMMOGRAM,1,train
datasets/generic_negatives/generic_0303.jpg,INVALID_INPUT,0,train
C:/Users/Ankit/.cache/kagglehub/datasets/aryashah2k/breast-ultrasound-images-dataset/versions/1/Dataset_BUSI_with_GT/benign/benign (28).png,VALID_MAMMOGRAM,1,train
C:/Users/Ankit/.cache/kagglehub/datasets/aryashah2k/breast-ultrasound-images-dataset/versions/1/Dataset_BUSI_with_GT/benign/benign (37).png,VALID_MAMMOGRAM,1,train
datasets/generic_negatives/generic_0195.jpg,INVALID_INPUT,0,train
datasets/generic_negatives/generic_0252.jpg,INVALID_INPUT,0,train
C:/Users/Ankit/.cache/kagglehub/datasets/aryashah2k/breast-ultrasound-images-dataset/versions/1/Dataset_BUSI_with_GT/benign/benign (292).png,VALID_MAMMOGRAM,1,train
C:/Users/Ankit/.cache/kagglehub/datasets/aryashah2k/breast-ultrasound-images-dataset/versions/1/Dataset_BUSI_with_GT/normal/normal (6).png,VALID_MAMMOGRAM,1,train
datasets/generic_negatives/generic_0155.jpg,INVALID_INPUT,0,train
C:/Users/Ankit/.cache/kagglehub/datasets/aryashah2k/breast-ultrasound-images-dataset/versions/1/Dataset_BUSI_with_GT/benign/benign (368).png,VALID_MAMMOGRAM,1,train
C:/Users/Ankit/.cache/kagglehub/datasets/aryashah2k/breast-ultrasound-images-dataset/versions/1/Dataset_BUSI_with_GT/malignant/malignant (129).png,VALID_MAMMOGRAM,1,train
C:/Users/Ankit/.cache/kagglehub/datasets/aryashah2k/breast-ultrasound-images-dataset/versions/1/Dataset_BUSI_with_GT/benign/benign (11).png,VALID_MAMMOGRAM,1,train
C:/Users/Ankit/.cache/kagglehub/datasets/aryashah2k/breast-ultrasound-images-dataset/versions/1/Dataset_BUSI_with_GT/benign/benign (97).png,VALID_MAMMOGRAM,1,train
datasets/generic_negatives/generic_0255.jpg,INVALID_INPUT,0,train
C:/Users/Ankit/.cache/kagglehub/datasets/aryashah2k/breast-ultrasound-images-dataset/versions/1/Dataset_BUSI_with_GT/normal/normal (120).png,VALID_MAMMOGRAM,1,train
C:/Users/Ankit/.cache/kagglehub/datasets/aryashah2k/breast-ultrasound-images-dataset/versions/1/Dataset_BUSI_with_GT/benign/benign (369).png,VALID_MAMMOGRAM,1,train
datasets/generic_negatives/generic_0164.jpg,INVALID_INPUT,0,train
datasets/generic_negatives/generic_0229.jpg,INVALID_INPUT,0,train
datasets/generic_negatives/generic_0285.jpg,INVALID_INPUT,0,train
C:/Users/Ankit/.cache/kagglehub/datasets/aryashah2k/breast-ultrasound-images-dataset/versions/1/Dataset_BUSI_with_GT/malignant/malignant (189).png,VALID_MAMMOGRAM,1,train
C:/Users/Ankit/.cache/kagglehub/datasets/aryashah2k/breast-ultrasound-images-dataset/versions/1/Dataset_BUSI_with_GT/malignant/malignant (19).png,VALID_MAMMOGRAM,1,train
C:/Users/Ankit/.cache/kagglehub/datasets/aryashah2k/breast-ultrasound-images-dataset/versions/1/Dataset_BUSI_with_GT/malignant/malignant (72).png,VALID_MAMMOGRAM,1,train
C:/Users/Ankit/.cache/kagglehub/datasets/aryashah2k/breast-ultrasound-images-dataset/versions/1/Dataset_BUSI_with_GT/benign/benign (289).png,VALID_MAMMOGRAM,1,train
C:/Users/Ankit/.cache/kagglehub/datasets/aryashah2k/breast-ultrasound-images-dataset/versions/1/Dataset_BUSI_with_GT/benign/benign (39).png,VALID_MAMMOGRAM,1,train
datasets/generic_negatives/generic_0064.jpg,INVALID_INPUT,0,train
datasets/generic_negatives/generic_0107.jpg,INVALID_INPUT,0,train
datasets/generic_negatives/generic_0063.jpg,INVALID_INPUT,0,train
datasets/generic_negatives/generic_0068.jpg,INVALID_INPUT,0,train
C:/Users/Ankit/.cache/kagglehub/datasets/aryashah2k/breast-ultrasound-images-dataset/versions/1/Dataset_BUSI_with_GT/normal/normal (10).png,VALID_MAMMOGRAM,1,train
C:/Users/Ankit/.cache/kagglehub/datasets/aryashah2k/breast-ultrasound-images-dataset/versions/1/Dataset_BUSI_with_GT/benign/benign (204).png,VALID_MAMMOGRAM,1,train
C:/Users/Ankit/.cache/kagglehub/datasets/aryashah2k/breast-ultrasound-images-dataset/versions/1/Dataset_BUSI_with_GT/benign/benign (159).png,VALID_MAMMOGRAM,1,train
datasets/generic_negatives/generic_0189.jpg,INVALID_INPUT,0,train
datasets/generic_negatives/generic_0344.jpg,INVALID_INPUT,0,train
C:/Users/Ankit/.cache/kagglehub/datasets/aryashah2k/breast-ultrasound-images-dataset/versions/1/Dataset_BUSI_with_GT/normal/normal (42).png,VALID_MAMMOGRAM,1,train
datasets/generic_negatives/generic_0334.jpg,INVALID_INPUT,0,train
datasets/generic_negatives/generic_0057.jpg,INVALID_INPUT,0,train
datasets/generic_negatives/generic_0201.jpg,INVALID_INPUT,0,train
C:/Users/Ankit/.cache/kagglehub/datasets/aryashah2k/breast-ultrasound-images-dataset/versions/1/Dataset_BUSI_with_GT/malignant/malignant (82).png,VALID_MAMMOGRAM,1,train
C:/Users/Ankit/.cache/kagglehub/datasets/aryashah2k/breast-ultrasound-images-dataset/versions/1/Dataset_BUSI_with_GT/normal/normal (26).png,VALID_MAMMOGRAM,1,train
C:/Users/Ankit/.cache/kagglehub/datasets/aryashah2k/breast-ultrasound-images-dataset/versions/1/Dataset_BUSI_with_GT/benign/benign (15).png,VALID_MAMMOGRAM,1,train
datasets/generic_negatives/generic_0011.jpg,INVALID_INPUT,0,train
C:/Users/Ankit/.cache/kagglehub/datasets/aryashah2k/breast-ultrasound-images-dataset/versions/1/Dataset_BUSI_with_GT/benign/benign (57).png,VALID_MAMMOGRAM,1,train
C:/Users/Ankit/.cache/kagglehub/datasets/aryashah2k/breast-ultrasound-images-dataset/versions/1/Dataset_BUSI_with_GT/benign/benign (102).png,VALID_MAMMOGRAM,1,train
datasets/generic_negatives/generic_0209.jpg,INVALID_INPUT,0,train
C:/Users/Ankit/.cache/kagglehub/datasets/aryashah2k/breast-ultrasound-images-dataset/versions/1/Dataset_BUSI_with_GT/benign/benign (178).png,VALID_MAMMOGRAM,1,train
datasets/generic_negatives/generic_0145.jpg,INVALID_INPUT,0,train
datasets/generic_negatives/generic_0066.jpg,INVALID_INPUT,0,train
C:/Users/Ankit/.cache/kagglehub/datasets/aryashah2k/breast-ultrasound-images-dataset/versions/1/Dataset_BUSI_with_GT/benign/benign (52).png,VALID_MAMMOGRAM,1,train
C:/Users/Ankit/.cache/kagglehub/datasets/aryashah2k/breast-ultrasound-images-dataset/versions/1/Dataset_BUSI_with_GT/normal/normal (127).png,VALID_MAMMOGRAM,1,train
datasets/generic_negatives/generic_0286.jpg,INVALID_INPUT,0,train
C:/Users/Ankit/.cache/kagglehub/datasets/aryashah2k/breast-ultrasound-images-dataset/versions/1/Dataset_BUSI_with_GT/benign/benign (87).png,VALID_MAMMOGRAM,1,train
C:/Users/Ankit/.cache/kagglehub/datasets/aryashah2k/breast-ultrasound-images-dataset/versions/1/Dataset_BUSI_with_GT/benign/benign (91).png,VALID_MAMMOGRAM,1,train
C:/Users/Ankit/.cache/kagglehub/datasets/aryashah2k/breast-ultrasound-images-dataset/versions/1/Dataset_BUSI_with_GT/normal/normal (31).png,VALID_MAMMOGRAM,1,train
datasets/generic_negatives/generic_0364.jpg,INVALID_INPUT,0,train
C:/Users/Ankit/.cache/kagglehub/datasets/aryashah2k/breast-ultrasound-images-dataset/versions/1/Dataset_BUSI_with_GT/normal/normal (5).png,VALID_MAMMOGRAM,1,train
C:/Users/Ankit/.cache/kagglehub/datasets/aryashah2k/breast-ultrasound-images-dataset/versions/1/Dataset_BUSI_with_GT/malignant/malignant (103).png,VALID_MAMMOGRAM,1,train
datasets/generic_negatives/generic_0218.jpg,INVALID_INPUT,0,train
datasets/generic_negatives/generic_0219.jpg,INVALID_INPUT,0,train
datasets/generic_negatives/generic_0038.jpg,INVALID_INPUT,0,train
datasets/generic_negatives/generic_0135.jpg,INVALID_INPUT,0,train
C:/Users/Ankit/.cache/kagglehub/datasets/aryashah2k/breast-ultrasound-images-dataset/versions/1/Dataset_BUSI_with_GT/benign/benign (172).png,VALID_MAMMOGRAM,1,train
C:/Users/Ankit/.cache/kagglehub/datasets/aryashah2k/breast-ultrasound-images-dataset/versions/1/Dataset_BUSI_with_GT/benign/benign (387).png,VALID_MAMMOGRAM,1,train
C:/Users/Ankit/.cache/kagglehub/datasets/aryashah2k/breast-ultrasound-images-dataset/versions/1/Dataset_BUSI_with_GT/malignant/malignant (92).png,VALID_MAMMOGRAM,1,train
C:/Users/Ankit/.cache/kagglehub/datasets/aryashah2k/breast-ultrasound-images-dataset/versions/1/Dataset_BUSI_with_GT/normal/normal (29).png,VALID_MAMMOGRAM,1,train
C:/Users/Ankit/.cache/kagglehub/datasets/aryashah2k/breast-ultrasound-images-dataset/versions/1/Dataset_BUSI_with_GT/malignant/malignant (120).png,VALID_MAMMOGRAM,1,train
C:/Users/Ankit/.cache/kagglehub/datasets/aryashah2k/breast-ultrasound-images-dataset/versions/1/Dataset_BUSI_with_GT/benign/benign (63).png,VALID_MAMMOGRAM,1,train
C:/Users/Ankit/.cache/kagglehub/datasets/aryashah2k/breast-ultrasound-images-dataset/versions/1/Dataset_BUSI_with_GT/normal/normal (94).png,VALID_MAMMOGRAM,1,train
C:/Users/Ankit/.cache/kagglehub/datasets/aryashah2k/breast-ultrasound-images-dataset/versions/1/Dataset_BUSI_with_GT/malignant/malignant (176).png,VALID_MAMMOGRAM,1,train
C:/Users/Ankit/.cache/kagglehub/datasets/aryashah2k/breast-ultrasound-images-dataset/versions/1/Dataset_BUSI_with_GT/benign/benign (67).png,VALID_MAMMOGRAM,1,train
datasets/generic_negatives/generic_0340.jpg,INVALID_INPUT,0,train
C:/Users/Ankit/.cache/kagglehub/datasets/aryashah2k/breast-ultrasound-images-dataset/versions/1/Dataset_BUSI_with_GT/benign/benign (357).png,VALID_MAMMOGRAM,1,train
datasets/generic_negatives/generic_0278.jpg,INVALID_INPUT,0,train
C:/Users/Ankit/.cache/kagglehub/datasets/aryashah2k/breast-ultrasound-images-dataset/versions/1/Dataset_BUSI_with_GT/benign/benign (247).png,VALID_MAMMOGRAM,1,train
C:/Users/Ankit/.cache/kagglehub/datasets/aryashah2k/breast-ultrasound-images-dataset/versions/1/Dataset_BUSI_with_GT/normal/normal (109).png,VALID_MAMMOGRAM,1,train
C:/Users/Ankit/.cache/kagglehub/datasets/aryashah2k/breast-ultrasound-images-dataset/versions/1/Dataset_BUSI_with_GT/malignant/malignant (122).png,VALID_MAMMOGRAM,1,train
C:/Users/Ankit/.cache/kagglehub/datasets/aryashah2k/breast-ultrasound-images-dataset/versions/1/Dataset_BUSI_with_GT/benign/benign (232).png,VALID_MAMMOGRAM,1,train
C:/Users/Ankit/.cache/kagglehub/datasets/aryashah2k/breast-ultrasound-images-dataset/versions/1/Dataset_BUSI_with_GT/benign/benign (90).png,VALID_MAMMOGRAM,1,train
C:/Users/Ankit/.cache/kagglehub/datasets/aryashah2k/breast-ultrasound-images-dataset/versions/1/Dataset_BUSI_with_GT/benign/benign (273).png,VALID_MAMMOGRAM,1,train
C:/Users/Ankit/.cache/kagglehub/datasets/aryashah2k/breast-ultrasound-images-dataset/versions/1/Dataset_BUSI_with_GT/benign/benign (349).png,VALID_MAMMOGRAM,1,train
datasets/generic_negatives/generic_0329.jpg,INVALID_INPUT,0,train
C:/Users/Ankit/.cache/kagglehub/datasets/aryashah2k/breast-ultrasound-images-dataset/versions/1/Dataset_BUSI_with_GT/malignant/malignant (69).png,VALID_MAMMOGRAM,1,train
C:/Users/Ankit/.cache/kagglehub/datasets/aryashah2k/breast-ultrasound-images-dataset/versions/1/Dataset_BUSI_with_GT/benign/benign (395).png,VALID_MAMMOGRAM,1,train
datasets/generic_negatives/generic_0246.jpg,INVALID_INPUT,0,train
datasets/generic_negatives/generic_0292.jpg,INVALID_INPUT,0,train
datasets/generic_negatives/generic_0112.jpg,INVALID_INPUT,0,train
datasets/generic_negatives/generic_0137.jpg,INVALID_INPUT,0,train
C:/Users/Ankit/.cache/kagglehub/datasets/aryashah2k/breast-ultrasound-images-dataset/versions/1/Dataset_BUSI_with_GT/malignant/malignant (79).png,VALID_MAMMOGRAM,1,train
datasets/generic_negatives/generic_0055.jpg,INVALID_INPUT,0,train
datasets/generic_negatives/generic_0184.jpg,INVALID_INPUT,0,train
datasets/generic_negatives/generic_0304.jpg,INVALID_INPUT,0,train
C:/Users/Ankit/.cache/kagglehub/datasets/aryashah2k/breast-ultrasound-images-dataset/versions/1/Dataset_BUSI_with_GT/benign/benign (314).png,VALID_MAMMOGRAM,1,train
datasets/generic_negatives/generic_0069.jpg,INVALID_INPUT,0,train
datasets/generic_negatives/generic_0290.jpg,INVALID_INPUT,0,train
datasets/generic_negatives/generic_0127.jpg,INVALID_INPUT,0,train
C:/Users/Ankit/.cache/kagglehub/datasets/aryashah2k/breast-ultrasound-images-dataset/versions/1/Dataset_BUSI_with_GT/benign/benign (353).png,VALID_MAMMOGRAM,1,train
C:/Users/Ankit/.cache/kagglehub/datasets/aryashah2k/breast-ultrasound-images-dataset/versions/1/Dataset_BUSI_with_GT/malignant/malignant (52).png,VALID_MAMMOGRAM,1,train
C:/Users/Ankit/.cache/kagglehub/datasets/aryashah2k/breast-ultrasound-images-dataset/versions/1/Dataset_BUSI_with_GT/benign/benign (424).png,VALID_MAMMOGRAM,1,train
C:/Users/Ankit/.cache/kagglehub/datasets/aryashah2k/breast-ultrasound-images-dataset/versions/1/Dataset_BUSI_with_GT/benign/benign (114).png,VALID_MAMMOGRAM,1,train
datasets/generic_negatives/generic_0058.jpg,INVALID_INPUT,0,train
C:/Users/Ankit/.cache/kagglehub/datasets/aryashah2k/breast-ultrasound-images-dataset/versions/1/Dataset_BUSI_with_GT/malignant/malignant (165).png,VALID_MAMMOGRAM,1,train
C:/Users/Ankit/.cache/kagglehub/datasets/aryashah2k/breast-ultrasound-images-dataset/versions/1/Dataset_BUSI_with_GT/benign/benign (358).png,VALID_MAMMOGRAM,1,train
datasets/generic_negatives/generic_0320.jpg,INVALID_INPUT,0,train
C:/Users/Ankit/.cache/kagglehub/datasets/aryashah2k/breast-ultrasound-images-dataset/versions/1/Dataset_BUSI_with_GT/benign/benign (143).png,VALID_MAMMOGRAM,1,train
C:/Users/Ankit/.cache/kagglehub/datasets/aryashah2k/breast-ultrasound-images-dataset/versions/1/Dataset_BUSI_with_GT/normal/normal (46).png,VALID_MAMMOGRAM,1,train
datasets/generic_negatives/generic_0048.jpg,INVALID_INPUT,0,train
datasets/generic_negatives/generic_0266.jpg,INVALID_INPUT,0,train
C:/Users/Ankit/.cache/kagglehub/datasets/aryashah2k/breast-ultrasound-images-dataset/versions/1/Dataset_BUSI_with_GT/benign/benign (341).png,VALID_MAMMOGRAM,1,train
C:/Users/Ankit/.cache/kagglehub/datasets/aryashah2k/breast-ultrasound-images-dataset/versions/1/Dataset_BUSI_with_GT/malignant/malignant (137).png,VALID_MAMMOGRAM,1,train
datasets/generic_negatives/generic_0002.jpg,INVALID_INPUT,0,train
C:/Users/Ankit/.cache/kagglehub/datasets/aryashah2k/breast-ultrasound-images-dataset/versions/1/Dataset_BUSI_with_GT/malignant/malignant (95).png,VALID_MAMMOGRAM,1,train
C:/Users/Ankit/.cache/kagglehub/datasets/aryashah2k/breast-ultrasound-images-dataset/versions/1/Dataset_BUSI_with_GT/malignant/malignant (167).png,VALID_MAMMOGRAM,1,train
C:/Users/Ankit/.cache/kagglehub/datasets/aryashah2k/breast-ultrasound-images-dataset/versions/1/Dataset_BUSI_with_GT/benign/benign (13).png,VALID_MAMMOGRAM,1,train
C:/Users/Ankit/.cache/kagglehub/datasets/aryashah2k/breast-ultrasound-images-dataset/versions/1/Dataset_BUSI_with_GT/malignant/malignant (132).png,VALID_MAMMOGRAM,1,train
C:/Users/Ankit/.cache/kagglehub/datasets/aryashah2k/breast-ultrasound-images-dataset/versions/1/Dataset_BUSI_with_GT/normal/normal (115).png,VALID_MAMMOGRAM,1,train
C:/Users/Ankit/.cache/kagglehub/datasets/aryashah2k/breast-ultrasound-images-dataset/versions/1/Dataset_BUSI_with_GT/normal/normal (44).png,VALID_MAMMOGRAM,1,train
C:/Users/Ankit/.cache/kagglehub/datasets/aryashah2k/breast-ultrasound-images-dataset/versions/1/Dataset_BUSI_with_GT/malignant/malignant (43).png,VALID_MAMMOGRAM,1,train
C:/Users/Ankit/.cache/kagglehub/datasets/aryashah2k/breast-ultrasound-images-dataset/versions/1/Dataset_BUSI_with_GT/malignant/malignant (21).png,VALID_MAMMOGRAM,1,train
C:/Users/Ankit/.cache/kagglehub/datasets/aryashah2k/breast-ultrasound-images-dataset/versions/1/Dataset_BUSI_with_GT/malignant/malignant (168).png,VALID_MAMMOGRAM,1,train
C:/Users/Ankit/.cache/kagglehub/datasets/aryashah2k/breast-ultrasound-images-dataset/versions/1/Dataset_BUSI_with_GT/benign/benign (412).png,VALID_MAMMOGRAM,1,train
C:/Users/Ankit/.cache/kagglehub/datasets/aryashah2k/breast-ultrasound-images-dataset/versions/1/Dataset_BUSI_with_GT/benign/benign (240).png,VALID_MAMMOGRAM,1,train
datasets/generic_negatives/generic_0337.jpg,INVALID_INPUT,0,train
C:/Users/Ankit/.cache/kagglehub/datasets/aryashah2k/breast-ultrasound-images-dataset/versions/1/Dataset_BUSI_with_GT/benign/benign (208).png,VALID_MAMMOGRAM,1,train
C:/Users/Ankit/.cache/kagglehub/datasets/aryashah2k/breast-ultrasound-images-dataset/versions/1/Dataset_BUSI_with_GT/normal/normal (1).png,VALID_MAMMOGRAM,1,train
C:/Users/Ankit/.cache/kagglehub/datasets/aryashah2k/breast-ultrasound-images-dataset/versions/1/Dataset_BUSI_with_GT/normal/normal (54).png,VALID_MAMMOGRAM,1,train
C:/Users/Ankit/.cache/kagglehub/datasets/aryashah2k/breast-ultrasound-images-dataset/versions/1/Dataset_BUSI_with_GT/malignant/malignant (178).png,VALID_MAMMOGRAM,1,train
C:/Users/Ankit/.cache/kagglehub/datasets/aryashah2k/breast-ultrasound-images-dataset/versions/1/Dataset_BUSI_with_GT/benign/benign (196).png,VALID_MAMMOGRAM,1,train
datasets/generic_negatives/generic_0222.jpg,INVALID_INPUT,0,train
datasets/generic_negatives/generic_0013.jpg,INVALID_INPUT,0,train
C:/Users/Ankit/.cache/kagglehub/datasets/aryashah2k/breast-ultrasound-images-dataset/versions/1/Dataset_BUSI_with_GT/malignant/malignant (93).png,VALID_MAMMOGRAM,1,train
datasets/generic_negatives/generic_0004.jpg,INVALID_INPUT,0,train
C:/Users/Ankit/.cache/kagglehub/datasets/aryashah2k/breast-ultrasound-images-dataset/versions/1/Dataset_BUSI_with_GT/malignant/malignant (4).png,VALID_MAMMOGRAM,1,train
C:/Users/Ankit/.cache/kagglehub/datasets/aryashah2k/breast-ultrasound-images-dataset/versions/1/Dataset_BUSI_with_GT/normal/normal (78).png,VALID_MAMMOGRAM,1,train
C:/Users/Ankit/.cache/kagglehub/datasets/aryashah2k/breast-ultrasound-images-dataset/versions/1/Dataset_BUSI_with_GT/normal/normal (36).png,VALID_MAMMOGRAM,1,train
C:/Users/Ankit/.cache/kagglehub/datasets/aryashah2k/breast-ultrasound-images-dataset/versions/1/Dataset_BUSI_with_GT/normal/normal (12).png,VALID_MAMMOGRAM,1,train
C:/Users/Ankit/.cache/kagglehub/datasets/aryashah2k/breast-ultrasound-images-dataset/versions/1/Dataset_BUSI_with_GT/malignant/malignant (78).png,VALID_MAMMOGRAM,1,train
C:/Users/Ankit/.cache/kagglehub/datasets/aryashah2k/breast-ultrasound-images-dataset/versions/1/Dataset_BUSI_with_GT/benign/benign (419).png,VALID_MAMMOGRAM,1,train
datasets/generic_negatives/generic_0049.jpg,INVALID_INPUT,0,train
datasets/generic_negatives/generic_0356.jpg,INVALID_INPUT,0,train
C:/Users/Ankit/.cache/kagglehub/datasets/aryashah2k/breast-ultrasound-images-dataset/versions/1/Dataset_BUSI_with_GT/benign/benign (373).png,VALID_MAMMOGRAM,1,train
datasets/generic_negatives/generic_0073.jpg,INVALID_INPUT,0,train
datasets/generic_negatives/generic_0306.jpg,INVALID_INPUT,0,train
datasets/generic_negatives/generic_0033.jpg,INVALID_INPUT,0,train
datasets/generic_negatives/generic_0122.jpg,INVALID_INPUT,0,train
C:/Users/Ankit/.cache/kagglehub/datasets/aryashah2k/breast-ultrasound-images-dataset/versions/1/Dataset_BUSI_with_GT/normal/normal (62).png,VALID_MAMMOGRAM,1,train
C:/Users/Ankit/.cache/kagglehub/datasets/aryashah2k/breast-ultrasound-images-dataset/versions/1/Dataset_BUSI_with_GT/benign/benign (431).png,VALID_MAMMOGRAM,1,train
C:/Users/Ankit/.cache/kagglehub/datasets/aryashah2k/breast-ultrasound-images-dataset/versions/1/Dataset_BUSI_with_GT/benign/benign (182).png,VALID_MAMMOGRAM,1,train
C:/Users/Ankit/.cache/kagglehub/datasets/aryashah2k/breast-ultrasound-images-dataset/versions/1/Dataset_BUSI_with_GT/benign/benign (9).png,VALID_MAMMOGRAM,1,train
C:/Users/Ankit/.cache/kagglehub/datasets/aryashah2k/breast-ultrasound-images-dataset/versions/1/Dataset_BUSI_with_GT/benign/benign (142).png,VALID_MAMMOGRAM,1,train
datasets/generic_negatives/generic_0059.jpg,INVALID_INPUT,0,train
C:/Users/Ankit/.cache/kagglehub/datasets/aryashah2k/breast-ultrasound-images-dataset/versions/1/Dataset_BUSI_with_GT/benign/benign (25).png,VALID_MAMMOGRAM,1,train
C:/Users/Ankit/.cache/kagglehub/datasets/aryashah2k/breast-ultrasound-images-dataset/versions/1/Dataset_BUSI_with_GT/benign/benign (33).png,VALID_MAMMOGRAM,1,train
C:/Users/Ankit/.cache/kagglehub/datasets/aryashah2k/breast-ultrasound-images-dataset/versions/1/Dataset_BUSI_with_GT/benign/benign (334).png,VALID_MAMMOGRAM,1,train
C:/Users/Ankit/.cache/kagglehub/datasets/aryashah2k/breast-ultrasound-images-dataset/versions/1/Dataset_BUSI_with_GT/normal/normal (105).png,VALID_MAMMOGRAM,1,train
C:/Users/Ankit/.cache/kagglehub/datasets/aryashah2k/breast-ultrasound-images-dataset/versions/1/Dataset_BUSI_with_GT/malignant/malignant (94).png,VALID_MAMMOGRAM,1,train
C:/Users/Ankit/.cache/kagglehub/datasets/aryashah2k/breast-ultrasound-images-dataset/versions/1/Dataset_BUSI_with_GT/benign/benign (290).png,VALID_MAMMOGRAM,1,train
C:/Users/Ankit/.cache/kagglehub/datasets/aryashah2k/breast-ultrasound-images-dataset/versions/1/Dataset_BUSI_with_GT/benign/benign (320).png,VALID_MAMMOGRAM,1,train
C:/Users/Ankit/.cache/kagglehub/datasets/aryashah2k/breast-ultrasound-images-dataset/versions/1/Dataset_BUSI_with_GT/benign/benign (253).png,VALID_MAMMOGRAM,1,train
C:/Users/Ankit/.cache/kagglehub/datasets/aryashah2k/breast-ultrasound-images-dataset/versions/1/Dataset_BUSI_with_GT/normal/normal (2).png,VALID_MAMMOGRAM,1,train
C:/Users/Ankit/.cache/kagglehub/datasets/aryashah2k/breast-ultrasound-images-dataset/versions/1/Dataset_BUSI_with_GT/benign/benign (336).png,VALID_MAMMOGRAM,1,train
C:/Users/Ankit/.cache/kagglehub/datasets/aryashah2k/breast-ultrasound-images-dataset/versions/1/Dataset_BUSI_with_GT/benign/benign (119).png,VALID_MAMMOGRAM,1,train
C:/Users/Ankit/.cache/kagglehub/datasets/aryashah2k/breast-ultrasound-images-dataset/versions/1/Dataset_BUSI_with_GT/benign/benign (432).png,VALID_MAMMOGRAM,1,train
C:/Users/Ankit/.cache/kagglehub/datasets/aryashah2k/breast-ultrasound-images-dataset/versions/1/Dataset_BUSI_with_GT/normal/normal (92).png,VALID_MAMMOGRAM,1,train
datasets/generic_negatives/generic_0270.jpg,INVALID_INPUT,0,train
C:/Users/Ankit/.cache/kagglehub/datasets/aryashah2k/breast-ultrasound-images-dataset/versions/1/Dataset_BUSI_with_GT/malignant/malignant (199).png,VALID_MAMMOGRAM,1,train
datasets/generic_negatives/generic_0386.jpg,INVALID_INPUT,0,train
C:/Users/Ankit/.cache/kagglehub/datasets/aryashah2k/breast-ultrasound-images-dataset/versions/1/Dataset_BUSI_with_GT/benign/benign (433).png,VALID_MAMMOGRAM,1,train
C:/Users/Ankit/.cache/kagglehub/datasets/aryashah2k/breast-ultrasound-images-dataset/versions/1/Dataset_BUSI_with_GT/normal/normal (72).png,VALID_MAMMOGRAM,1,train
C:/Users/Ankit/.cache/kagglehub/datasets/aryashah2k/breast-ultrasound-images-dataset/versions/1/Dataset_BUSI_with_GT/benign/benign (175).png,VALID_MAMMOGRAM,1,train
datasets/generic_negatives/generic_0374.jpg,INVALID_INPUT,0,train
C:/Users/Ankit/.cache/kagglehub/datasets/aryashah2k/breast-ultrasound-images-dataset/versions/1/Dataset_BUSI_with_GT/benign/benign (416).png,VALID_MAMMOGRAM,1,train
C:/Users/Ankit/.cache/kagglehub/datasets/aryashah2k/breast-ultrasound-images-dataset/versions/1/Dataset_BUSI_with_GT/benign/benign (365).png,VALID_MAMMOGRAM,1,train
datasets/generic_negatives/generic_0140.jpg,INVALID_INPUT,0,train
C:/Users/Ankit/.cache/kagglehub/datasets/aryashah2k/breast-ultrasound-images-dataset/versions/1/Dataset_BUSI_with_GT/benign/benign (193).png,VALID_MAMMOGRAM,1,train
C:/Users/Ankit/.cache/kagglehub/datasets/aryashah2k/breast-ultrasound-images-dataset/versions/1/Dataset_BUSI_with_GT/benign/benign (18).png,VALID_MAMMOGRAM,1,train
C:/Users/Ankit/.cache/kagglehub/datasets/aryashah2k/breast-ultrasound-images-dataset/versions/1/Dataset_BUSI_with_GT/malignant/malignant (181).png,VALID_MAMMOGRAM,1,train
C:/Users/Ankit/.cache/kagglehub/datasets/aryashah2k/breast-ultrasound-images-dataset/versions/1/Dataset_BUSI_with_GT/normal/normal (56).png,VALID_MAMMOGRAM,1,train
C:/Users/Ankit/.cache/kagglehub/datasets/aryashah2k/breast-ultrasound-images-dataset/versions/1/Dataset_BUSI_with_GT/malignant/malignant (187).png,VALID_MAMMOGRAM,1,train
datasets/generic_negatives/generic_0087.jpg,INVALID_INPUT,0,train
C:/Users/Ankit/.cache/kagglehub/datasets/aryashah2k/breast-ultrasound-images-dataset/versions/1/Dataset_BUSI_with_GT/malignant/malignant (144).png,VALID_MAMMOGRAM,1,train
datasets/generic_negatives/generic_0243.jpg,INVALID_INPUT,0,train
C:/Users/Ankit/.cache/kagglehub/datasets/aryashah2k/breast-ultrasound-images-dataset/versions/1/Dataset_BUSI_with_GT/benign/benign (140).png,VALID_MAMMOGRAM,1,train
datasets/generic_negatives/generic_0205.jpg,INVALID_INPUT,0,train
C:/Users/Ankit/.cache/kagglehub/datasets/aryashah2k/breast-ultrasound-images-dataset/versions/1/Dataset_BUSI_with_GT/malignant/malignant (204).png,VALID_MAMMOGRAM,1,train
datasets/generic_negatives/generic_0156.jpg,INVALID_INPUT,0,train
datasets/generic_negatives/generic_0283.jpg,INVALID_INPUT,0,train
C:/Users/Ankit/.cache/kagglehub/datasets/aryashah2k/breast-ultrasound-images-dataset/versions/1/Dataset_BUSI_with_GT/benign/benign (207).png,VALID_MAMMOGRAM,1,train
C:/Users/Ankit/.cache/kagglehub/datasets/aryashah2k/breast-ultrasound-images-dataset/versions/1/Dataset_BUSI_with_GT/benign/benign (68).png,VALID_MAMMOGRAM,1,train
C:/Users/Ankit/.cache/kagglehub/datasets/aryashah2k/breast-ultrasound-images-dataset/versions/1/Dataset_BUSI_with_GT/normal/normal (50).png,VALID_MAMMOGRAM,1,train
C:/Users/Ankit/.cache/kagglehub/datasets/aryashah2k/breast-ultrasound-images-dataset/versions/1/Dataset_BUSI_with_GT/malignant/malignant (197).png,VALID_MAMMOGRAM,1,train
C:/Users/Ankit/.cache/kagglehub/datasets/aryashah2k/breast-ultrasound-images-dataset/versions/1/Dataset_BUSI_with_GT/benign/benign (307).png,VALID_MAMMOGRAM,1,train
C:/Users/Ankit/.cache/kagglehub/datasets/aryashah2k/breast-ultrasound-images-dataset/versions/1/Dataset_BUSI_with_GT/benign/benign (275).png,VALID_MAMMOGRAM,1,train
C:/Users/Ankit/.cache/kagglehub/datasets/aryashah2k/breast-ultrasound-images-dataset/versions/1/Dataset_BUSI_with_GT/benign/benign (45).png,VALID_MAMMOGRAM,1,train
C:/Users/Ankit/.cache/kagglehub/datasets/aryashah2k/breast-ultrasound-images-dataset/versions/1/Dataset_BUSI_with_GT/benign/benign (316).png,VALID_MAMMOGRAM,1,train
C:/Users/Ankit/.cache/kagglehub/datasets/aryashah2k/breast-ultrasound-images-dataset/versions/1/Dataset_BUSI_with_GT/malignant/malignant (61).png,VALID_MAMMOGRAM,1,train
C:/Users/Ankit/.cache/kagglehub/datasets/aryashah2k/breast-ultrasound-images-dataset/versions/1/Dataset_BUSI_with_GT/malignant/malignant (140).png,VALID_MAMMOGRAM,1,train
C:/Users/Ankit/.cache/kagglehub/datasets/aryashah2k/breast-ultrasound-images-dataset/versions/1/Dataset_BUSI_with_GT/malignant/malignant (6).png,VALID_MAMMOGRAM,1,train
datasets/generic_negatives/generic_0316.jpg,INVALID_INPUT,0,train
datasets/generic_negatives/generic_0395.jpg,INVALID_INPUT,0,train
C:/Users/Ankit/.cache/kagglehub/datasets/aryashah2k/breast-ultrasound-images-dataset/versions/1/Dataset_BUSI_with_GT/normal/normal (108).png,VALID_MAMMOGRAM,1,train
C:/Users/Ankit/.cache/kagglehub/datasets/aryashah2k/breast-ultrasound-images-dataset/versions/1/Dataset_BUSI_with_GT/malignant/malignant (86).png,VALID_MAMMOGRAM,1,train
C:/Users/Ankit/.cache/kagglehub/datasets/aryashah2k/breast-ultrasound-images-dataset/versions/1/Dataset_BUSI_with_GT/normal/normal (93).png,VALID_MAMMOGRAM,1,train
datasets/generic_negatives/generic_0018.jpg,INVALID_INPUT,0,train
datasets/generic_negatives/generic_0276.jpg,INVALID_INPUT,0,train
datasets/generic_negatives/generic_0353.jpg,INVALID_INPUT,0,train
C:/Users/Ankit/.cache/kagglehub/datasets/aryashah2k/breast-ultrasound-images-dataset/versions/1/Dataset_BUSI_with_GT/benign/benign (237).png,VALID_MAMMOGRAM,1,train
C:/Users/Ankit/.cache/kagglehub/datasets/aryashah2k/breast-ultrasound-images-dataset/versions/1/Dataset_BUSI_with_GT/malignant/malignant (16).png,VALID_MAMMOGRAM,1,train
C:/Users/Ankit/.cache/kagglehub/datasets/aryashah2k/breast-ultrasound-images-dataset/versions/1/Dataset_BUSI_with_GT/malignant/malignant (96).png,VALID_MAMMOGRAM,1,train
datasets/generic_negatives/generic_0012.jpg,INVALID_INPUT,0,train
datasets/generic_negatives/generic_0003.jpg,INVALID_INPUT,0,train
C:/Users/Ankit/.cache/kagglehub/datasets/aryashah2k/breast-ultrasound-images-dataset/versions/1/Dataset_BUSI_with_GT/malignant/malignant (22).png,VALID_MAMMOGRAM,1,train
datasets/generic_negatives/generic_0094.jpg,INVALID_INPUT,0,train
C:/Users/Ankit/.cache/kagglehub/datasets/aryashah2k/breast-ultrasound-images-dataset/versions/1/Dataset_BUSI_with_GT/benign/benign (192).png,VALID_MAMMOGRAM,1,train
datasets/generic_negatives/generic_0088.jpg,INVALID_INPUT,0,train
C:/Users/Ankit/.cache/kagglehub/datasets/aryashah2k/breast-ultrasound-images-dataset/versions/1/Dataset_BUSI_with_GT/malignant/malignant (146).png,VALID_MAMMOGRAM,1,train
datasets/generic_negatives/generic_0206.jpg,INVALID_INPUT,0,train
C:/Users/Ankit/.cache/kagglehub/datasets/aryashah2k/breast-ultrasound-images-dataset/versions/1/Dataset_BUSI_with_GT/benign/benign (206).png,VALID_MAMMOGRAM,1,train
C:/Users/Ankit/.cache/kagglehub/datasets/aryashah2k/breast-ultrasound-images-dataset/versions/1/Dataset_BUSI_with_GT/benign/benign (127).png,VALID_MAMMOGRAM,1,train
C:/Users/Ankit/.cache/kagglehub/datasets/aryashah2k/breast-ultrasound-images-dataset/versions/1/Dataset_BUSI_with_GT/benign/benign (20).png,VALID_MAMMOGRAM,1,train
C:/Users/Ankit/.cache/kagglehub/datasets/aryashah2k/breast-ultrasound-images-dataset/versions/1/Dataset_BUSI_with_GT/benign/benign (165).png,VALID_MAMMOGRAM,1,train
C:/Users/Ankit/.cache/kagglehub/datasets/aryashah2k/breast-ultrasound-images-dataset/versions/1/Dataset_BUSI_with_GT/benign/benign (71).png,VALID_MAMMOGRAM,1,train
C:/Users/Ankit/.cache/kagglehub/datasets/aryashah2k/breast-ultrasound-images-dataset/versions/1/Dataset_BUSI_with_GT/normal/normal (14).png,VALID_MAMMOGRAM,1,train
datasets/generic_negatives/generic_0387.jpg,INVALID_INPUT,0,train
C:/Users/Ankit/.cache/kagglehub/datasets/aryashah2k/breast-ultrasound-images-dataset/versions/1/Dataset_BUSI_with_GT/benign/benign (348).png,VALID_MAMMOGRAM,1,train
C:/Users/Ankit/.cache/kagglehub/datasets/aryashah2k/breast-ultrasound-images-dataset/versions/1/Dataset_BUSI_with_GT/normal/normal (88).png,VALID_MAMMOGRAM,1,train
datasets/generic_negatives/generic_0239.jpg,INVALID_INPUT,0,train
datasets/generic_negatives/generic_0343.jpg,INVALID_INPUT,0,train
C:/Users/Ankit/.cache/kagglehub/datasets/aryashah2k/breast-ultrasound-images-dataset/versions/1/Dataset_BUSI_with_GT/malignant/malignant (158).png,VALID_MAMMOGRAM,1,train
C:/Users/Ankit/.cache/kagglehub/datasets/aryashah2k/breast-ultrasound-images-dataset/versions/1/Dataset_BUSI_with_GT/benign/benign (54).png,VALID_MAMMOGRAM,1,train
C:/Users/Ankit/.cache/kagglehub/datasets/aryashah2k/breast-ultrasound-images-dataset/versions/1/Dataset_BUSI_with_GT/normal/normal (87).png,VALID_MAMMOGRAM,1,train
C:/Users/Ankit/.cache/kagglehub/datasets/aryashah2k/breast-ultrasound-images-dataset/versions/1/Dataset_BUSI_with_GT/malignant/malignant (209).png,VALID_MAMMOGRAM,1,train
C:/Users/Ankit/.cache/kagglehub/datasets/aryashah2k/breast-ultrasound-images-dataset/versions/1/Dataset_BUSI_with_GT/benign/benign (160).png,VALID_MAMMOGRAM,1,train
C:/Users/Ankit/.cache/kagglehub/datasets/aryashah2k/breast-ultrasound-images-dataset/versions/1/Dataset_BUSI_with_GT/benign/benign (44).png,VALID_MAMMOGRAM,1,train
C:/Users/Ankit/.cache/kagglehub/datasets/aryashah2k/breast-ultrasound-images-dataset/versions/1/Dataset_BUSI_with_GT/benign/benign (7).png,VALID_MAMMOGRAM,1,train
C:/Users/Ankit/.cache/kagglehub/datasets/aryashah2k/breast-ultrasound-images-dataset/versions/1/Dataset_BUSI_with_GT/benign/benign (150).png,VALID_MAMMOGRAM,1,train
C:/Users/Ankit/.cache/kagglehub/datasets/aryashah2k/breast-ultrasound-images-dataset/versions/1/Dataset_BUSI_with_GT/benign/benign (224).png,VALID_MAMMOGRAM,1,train
datasets/generic_negatives/generic_0249.jpg,INVALID_INPUT,0,train
datasets/generic_negatives/generic_0014.jpg,INVALID_INPUT,0,train
C:/Users/Ankit/.cache/kagglehub/datasets/aryashah2k/breast-ultrasound-images-dataset/versions/1/Dataset_BUSI_with_GT/normal/normal (101).png,VALID_MAMMOGRAM,1,train
C:/Users/Ankit/.cache/kagglehub/datasets/aryashah2k/breast-ultrasound-images-dataset/versions/1/Dataset_BUSI_with_GT/malignant/malignant (39).png,VALID_MAMMOGRAM,1,train
C:/Users/Ankit/.cache/kagglehub/datasets/aryashah2k/breast-ultrasound-images-dataset/versions/1/Dataset_BUSI_with_GT/malignant/malignant (192).png,VALID_MAMMOGRAM,1,train
C:/Users/Ankit/.cache/kagglehub/datasets/aryashah2k/breast-ultrasound-images-dataset/versions/1/Dataset_BUSI_with_GT/benign/benign (48).png,VALID_MAMMOGRAM,1,train
C:/Users/Ankit/.cache/kagglehub/datasets/aryashah2k/breast-ultrasound-images-dataset/versions/1/Dataset_BUSI_with_GT/benign/benign (243).png,VALID_MAMMOGRAM,1,train
C:/Users/Ankit/.cache/kagglehub/datasets/aryashah2k/breast-ultrasound-images-dataset/versions/1/Dataset_BUSI_with_GT/benign/benign (281).png,VALID_MAMMOGRAM,1,train
C:/Users/Ankit/.cache/kagglehub/datasets/aryashah2k/breast-ultrasound-images-dataset/versions/1/Dataset_BUSI_with_GT/normal/normal (129).png,VALID_MAMMOGRAM,1,train
C:/Users/Ankit/.cache/kagglehub/datasets/aryashah2k/breast-ultrasound-images-dataset/versions/1/Dataset_BUSI_with_GT/benign/benign (16).png,VALID_MAMMOGRAM,1,train
C:/Users/Ankit/.cache/kagglehub/datasets/aryashah2k/breast-ultrasound-images-dataset/versions/1/Dataset_BUSI_with_GT/malignant/malignant (30).png,VALID_MAMMOGRAM,1,train
datasets/generic_negatives/generic_0116.jpg,INVALID_INPUT,0,train
datasets/generic_negatives/generic_0256.jpg,INVALID_INPUT,0,train
C:/Users/Ankit/.cache/kagglehub/datasets/aryashah2k/breast-ultrasound-images-dataset/versions/1/Dataset_BUSI_with_GT/benign/benign (115).png,VALID_MAMMOGRAM,1,train
C:/Users/Ankit/.cache/kagglehub/datasets/aryashah2k/breast-ultrasound-images-dataset/versions/1/Dataset_BUSI_with_GT/benign/benign (388).png,VALID_MAMMOGRAM,1,train
C:/Users/Ankit/.cache/kagglehub/datasets/aryashah2k/breast-ultrasound-images-dataset/versions/1/Dataset_BUSI_with_GT/benign/benign (298).png,VALID_MAMMOGRAM,1,train
C:/Users/Ankit/.cache/kagglehub/datasets/aryashah2k/breast-ultrasound-images-dataset/versions/1/Dataset_BUSI_with_GT/benign/benign (260).png,VALID_MAMMOGRAM,1,train
datasets/generic_negatives/generic_0216.jpg,INVALID_INPUT,0,train
C:/Users/Ankit/.cache/kagglehub/datasets/aryashah2k/breast-ultrasound-images-dataset/versions/1/Dataset_BUSI_with_GT/malignant/malignant (36).png,VALID_MAMMOGRAM,1,train
C:/Users/Ankit/.cache/kagglehub/datasets/aryashah2k/breast-ultrasound-images-dataset/versions/1/Dataset_BUSI_with_GT/benign/benign (231).png,VALID_MAMMOGRAM,1,train
C:/Users/Ankit/.cache/kagglehub/datasets/aryashah2k/breast-ultrasound-images-dataset/versions/1/Dataset_BUSI_with_GT/malignant/malignant (184).png,VALID_MAMMOGRAM,1,train
C:/Users/Ankit/.cache/kagglehub/datasets/aryashah2k/breast-ultrasound-images-dataset/versions/1/Dataset_BUSI_with_GT/benign/benign (113).png,VALID_MAMMOGRAM,1,train
datasets/generic_negatives/generic_0040.jpg,INVALID_INPUT,0,train
C:/Users/Ankit/.cache/kagglehub/datasets/aryashah2k/breast-ultrasound-images-dataset/versions/1/Dataset_BUSI_with_GT/normal/normal (116).png,VALID_MAMMOGRAM,1,train
datasets/generic_negatives/generic_0379.jpg,INVALID_INPUT,0,train
datasets/generic_negatives/generic_0075.jpg,INVALID_INPUT,0,train
datasets/generic_negatives/generic_0035.jpg,INVALID_INPUT,0,train
C:/Users/Ankit/.cache/kagglehub/datasets/aryashah2k/breast-ultrasound-images-dataset/versions/1/Dataset_BUSI_with_GT/benign/benign (351).png,VALID_MAMMOGRAM,1,train
C:/Users/Ankit/.cache/kagglehub/datasets/aryashah2k/breast-ultrasound-images-dataset/versions/1/Dataset_BUSI_with_GT/normal/normal (16).png,VALID_MAMMOGRAM,1,train
datasets/generic_negatives/generic_0360.jpg,INVALID_INPUT,0,train
C:/Users/Ankit/.cache/kagglehub/datasets/aryashah2k/breast-ultrasound-images-dataset/versions/1/Dataset_BUSI_with_GT/malignant/malignant (150).png,VALID_MAMMOGRAM,1,train
C:/Users/Ankit/.cache/kagglehub/datasets/aryashah2k/breast-ultrasound-images-dataset/versions/1/Dataset_BUSI_with_GT/benign/benign (171).png,VALID_MAMMOGRAM,1,train
C:/Users/Ankit/.cache/kagglehub/datasets/aryashah2k/breast-ultrasound-images-dataset/versions/1/Dataset_BUSI_with_GT/benign/benign (136).png,VALID_MAMMOGRAM,1,train
datasets/generic_negatives/generic_0050.jpg,INVALID_INPUT,0,train
C:/Users/Ankit/.cache/kagglehub/datasets/aryashah2k/breast-ultrasound-images-dataset/versions/1/Dataset_BUSI_with_GT/malignant/malignant (159).png,VALID_MAMMOGRAM,1,train
datasets/generic_negatives/generic_0031.jpg,INVALID_INPUT,0,train
C:/Users/Ankit/.cache/kagglehub/datasets/aryashah2k/breast-ultrasound-images-dataset/versions/1/Dataset_BUSI_with_GT/benign/benign (144).png,VALID_MAMMOGRAM,1,train
C:/Users/Ankit/.cache/kagglehub/datasets/aryashah2k/breast-ultrasound-images-dataset/versions/1/Dataset_BUSI_with_GT/benign/benign (126).png,VALID_MAMMOGRAM,1,train
C:/Users/Ankit/.cache/kagglehub/datasets/aryashah2k/breast-ultrasound-images-dataset/versions/1/Dataset_BUSI_with_GT/normal/normal (61).png,VALID_MAMMOGRAM,1,train
C:/Users/Ankit/.cache/kagglehub/datasets/aryashah2k/breast-ultrasound-images-dataset/versions/1/Dataset_BUSI_with_GT/malignant/malignant (100).png,VALID_MAMMOGRAM,1,train
C:/Users/Ankit/.cache/kagglehub/datasets/aryashah2k/breast-ultrasound-images-dataset/versions/1/Dataset_BUSI_with_GT/normal/normal (89).png,VALID_MAMMOGRAM,1,train
C:/Users/Ankit/.cache/kagglehub/datasets/aryashah2k/breast-ultrasound-images-dataset/versions/1/Dataset_BUSI_with_GT/benign/benign (302).png,VALID_MAMMOGRAM,1,train
C:/Users/Ankit/.cache/kagglehub/datasets/aryashah2k/breast-ultrasound-images-dataset/versions/1/Dataset_BUSI_with_GT/malignant/malignant (104).png,VALID_MAMMOGRAM,1,train
datasets/generic_negatives/generic_0021.jpg,INVALID_INPUT,0,train
C:/Users/Ankit/.cache/kagglehub/datasets/aryashah2k/breast-ultrasound-images-dataset/versions/1/Dataset_BUSI_with_GT/normal/normal (84).png,VALID_MAMMOGRAM,1,train
C:/Users/Ankit/.cache/kagglehub/datasets/aryashah2k/breast-ultrasound-images-dataset/versions/1/Dataset_BUSI_with_GT/benign/benign (202).png,VALID_MAMMOGRAM,1,train
C:/Users/Ankit/.cache/kagglehub/datasets/aryashah2k/breast-ultrasound-images-dataset/versions/1/Dataset_BUSI_with_GT/benign/benign (291).png,VALID_MAMMOGRAM,1,train
datasets/generic_negatives/generic_0138.jpg,INVALID_INPUT,0,train
datasets/generic_negatives/generic_0081.jpg,INVALID_INPUT,0,train
C:/Users/Ankit/.cache/kagglehub/datasets/aryashah2k/breast-ultrasound-images-dataset/versions/1/Dataset_BUSI_with_GT/malignant/malignant (106).png,VALID_MAMMOGRAM,1,train
C:/Users/Ankit/.cache/kagglehub/datasets/aryashah2k/breast-ultrasound-images-dataset/versions/1/Dataset_BUSI_with_GT/benign/benign (239).png,VALID_MAMMOGRAM,1,train
C:/Users/Ankit/.cache/kagglehub/datasets/aryashah2k/breast-ultrasound-images-dataset/versions/1/Dataset_BUSI_with_GT/benign/benign (168).png,VALID_MAMMOGRAM,1,train
C:/Users/Ankit/.cache/kagglehub/datasets/aryashah2k/breast-ultrasound-images-dataset/versions/1/Dataset_BUSI_with_GT/normal/normal (90).png,VALID_MAMMOGRAM,1,train
C:/Users/Ankit/.cache/kagglehub/datasets/aryashah2k/breast-ultrasound-images-dataset/versions/1/Dataset_BUSI_with_GT/normal/normal (104).png,VALID_MAMMOGRAM,1,train
C:/Users/Ankit/.cache/kagglehub/datasets/aryashah2k/breast-ultrasound-images-dataset/versions/1/Dataset_BUSI_with_GT/benign/benign (132).png,VALID_MAMMOGRAM,1,train
datasets/generic_negatives/generic_0043.jpg,INVALID_INPUT,0,train
C:/Users/Ankit/.cache/kagglehub/datasets/aryashah2k/breast-ultrasound-images-dataset/versions/1/Dataset_BUSI_with_GT/benign/benign (284).png,VALID_MAMMOGRAM,1,train
C:/Users/Ankit/.cache/kagglehub/datasets/aryashah2k/breast-ultrasound-images-dataset/versions/1/Dataset_BUSI_with_GT/benign/benign (129).png,VALID_MAMMOGRAM,1,train
datasets/generic_negatives/generic_0224.jpg,INVALID_INPUT,0,train
datasets/generic_negatives/generic_0204.jpg,INVALID_INPUT,0,train
C:/Users/Ankit/.cache/kagglehub/datasets/aryashah2k/breast-ultrasound-images-dataset/versions/1/Dataset_BUSI_with_GT/benign/benign (215).png,VALID_MAMMOGRAM,1,train
C:/Users/Ankit/.cache/kagglehub/datasets/aryashah2k/breast-ultrasound-images-dataset/versions/1/Dataset_BUSI_with_GT/benign/benign (122).png,VALID_MAMMOGRAM,1,train
C:/Users/Ankit/.cache/kagglehub/datasets/aryashah2k/breast-ultrasound-images-dataset/versions/1/Dataset_BUSI_with_GT/malignant/malignant (164).png,VALID_MAMMOGRAM,1,train
C:/Users/Ankit/.cache/kagglehub/datasets/aryashah2k/breast-ultrasound-images-dataset/versions/1/Dataset_BUSI_with_GT/benign/benign (50).png,VALID_MAMMOGRAM,1,train
datasets/generic_negatives/generic_0319.jpg,INVALID_INPUT,0,train
C:/Users/Ankit/.cache/kagglehub/datasets/aryashah2k/breast-ultrasound-images-dataset/versions/1/Dataset_BUSI_with_GT/benign/benign (32).png,VALID_MAMMOGRAM,1,train
C:/Users/Ankit/.cache/kagglehub/datasets/aryashah2k/breast-ultrasound-images-dataset/versions/1/Dataset_BUSI_with_GT/malignant/malignant (38).png,VALID_MAMMOGRAM,1,train
C:/Users/Ankit/.cache/kagglehub/datasets/aryashah2k/breast-ultrasound-images-dataset/versions/1/Dataset_BUSI_with_GT/benign/benign (23).png,VALID_MAMMOGRAM,1,train
datasets/generic_negatives/generic_0291.jpg,INVALID_INPUT,0,train
datasets/generic_negatives/generic_0167.jpg,INVALID_INPUT,0,train
C:/Users/Ankit/.cache/kagglehub/datasets/aryashah2k/breast-ultrasound-images-dataset/versions/1/Dataset_BUSI_with_GT/malignant/malignant (114).png,VALID_MAMMOGRAM,1,train
C:/Users/Ankit/.cache/kagglehub/datasets/aryashah2k/breast-ultrasound-images-dataset/versions/1/Dataset_BUSI_with_GT/benign/benign (426).png,VALID_MAMMOGRAM,1,train
C:/Users/Ankit/.cache/kagglehub/datasets/aryashah2k/breast-ultrasound-images-dataset/versions/1/Dataset_BUSI_with_GT/benign/benign (382).png,VALID_MAMMOGRAM,1,train
C:/Users/Ankit/.cache/kagglehub/datasets/aryashah2k/breast-ultrasound-images-dataset/versions/1/Dataset_BUSI_with_GT/benign/benign (233).png,VALID_MAMMOGRAM,1,train
C:/Users/Ankit/.cache/kagglehub/datasets/aryashah2k/breast-ultrasound-images-dataset/versions/1/Dataset_BUSI_with_GT/benign/benign (413).png,VALID_MAMMOGRAM,1,train
C:/Users/Ankit/.cache/kagglehub/datasets/aryashah2k/breast-ultrasound-images-dataset/versions/1/Dataset_BUSI_with_GT/malignant/malignant (44).png,VALID_MAMMOGRAM,1,train
datasets/generic_negatives/generic_0288.jpg,INVALID_INPUT,0,train
C:/Users/Ankit/.cache/kagglehub/datasets/aryashah2k/breast-ultrasound-images-dataset/versions/1/Dataset_BUSI_with_GT/benign/benign (225).png,VALID_MAMMOGRAM,1,train
datasets/generic_negatives/generic_0258.jpg,INVALID_INPUT,0,train
datasets/generic_negatives/generic_0019.jpg,INVALID_INPUT,0,train
datasets/generic_negatives/generic_0227.jpg,INVALID_INPUT,0,train
datasets/generic_negatives/generic_0378.jpg,INVALID_INPUT,0,train
C:/Users/Ankit/.cache/kagglehub/datasets/aryashah2k/breast-ultrasound-images-dataset/versions/1/Dataset_BUSI_with_GT/benign/benign (181).png,VALID_MAMMOGRAM,1,train
C:/Users/Ankit/.cache/kagglehub/datasets/aryashah2k/breast-ultrasound-images-dataset/versions/1/Dataset_BUSI_with_GT/benign/benign (265).png,VALID_MAMMOGRAM,1,train
C:/Users/Ankit/.cache/kagglehub/datasets/aryashah2k/breast-ultrasound-images-dataset/versions/1/Dataset_BUSI_with_GT/benign/benign (203).png,VALID_MAMMOGRAM,1,train
C:/Users/Ankit/.cache/kagglehub/datasets/aryashah2k/breast-ultrasound-images-dataset/versions/1/Dataset_BUSI_with_GT/malignant/malignant (70).png,VALID_MAMMOGRAM,1,train
datasets/generic_negatives/generic_0194.jpg,INVALID_INPUT,0,train
C:/Users/Ankit/.cache/kagglehub/datasets/aryashah2k/breast-ultrasound-images-dataset/versions/1/Dataset_BUSI_with_GT/malignant/malignant (90).png,VALID_MAMMOGRAM,1,train
C:/Users/Ankit/.cache/kagglehub/datasets/aryashah2k/breast-ultrasound-images-dataset/versions/1/Dataset_BUSI_with_GT/benign/benign (229).png,VALID_MAMMOGRAM,1,train
C:/Users/Ankit/.cache/kagglehub/datasets/aryashah2k/breast-ultrasound-images-dataset/versions/1/Dataset_BUSI_with_GT/benign/benign (49).png,VALID_MAMMOGRAM,1,train
datasets/generic_negatives/generic_0000.jpg,INVALID_INPUT,0,train
C:/Users/Ankit/.cache/kagglehub/datasets/aryashah2k/breast-ultrasound-images-dataset/versions/1/Dataset_BUSI_with_GT/benign/benign (370).png,VALID_MAMMOGRAM,1,train
C:/Users/Ankit/.cache/kagglehub/datasets/aryashah2k/breast-ultrasound-images-dataset/versions/1/Dataset_BUSI_with_GT/benign/benign (47).png,VALID_MAMMOGRAM,1,train
datasets/generic_negatives/generic_0377.jpg,INVALID_INPUT,0,train
C:/Users/Ankit/.cache/kagglehub/datasets/aryashah2k/breast-ultrasound-images-dataset/versions/1/Dataset_BUSI_with_GT/normal/normal (55).png,VALID_MAMMOGRAM,1,train
C:/Users/Ankit/.cache/kagglehub/datasets/aryashah2k/breast-ultrasound-images-dataset/versions/1/Dataset_BUSI_with_GT/normal/normal (41).png,VALID_MAMMOGRAM,1,train
datasets/generic_negatives/generic_0009.jpg,INVALID_INPUT,0,train
C:/Users/Ankit/.cache/kagglehub/datasets/aryashah2k/breast-ultrasound-images-dataset/versions/1/Dataset_BUSI_with_GT/benign/benign (346).png,VALID_MAMMOGRAM,1,train
C:/Users/Ankit/.cache/kagglehub/datasets/aryashah2k/breast-ultrasound-images-dataset/versions/1/Dataset_BUSI_with_GT/benign/benign (402).png,VALID_MAMMOGRAM,1,train
datasets/generic_negatives/generic_0044.jpg,INVALID_INPUT,0,train
C:/Users/Ankit/.cache/kagglehub/datasets/aryashah2k/breast-ultrasound-images-dataset/versions/1/Dataset_BUSI_with_GT/benign/benign (188).png,VALID_MAMMOGRAM,1,train
C:/Users/Ankit/.cache/kagglehub/datasets/aryashah2k/breast-ultrasound-images-dataset/versions/1/Dataset_BUSI_with_GT/malignant/malignant (196).png,VALID_MAMMOGRAM,1,train
C:/Users/Ankit/.cache/kagglehub/datasets/aryashah2k/breast-ultrasound-images-dataset/versions/1/Dataset_BUSI_with_GT/normal/normal (18).png,VALID_MAMMOGRAM,1,train
C:/Users/Ankit/.cache/kagglehub/datasets/aryashah2k/breast-ultrasound-images-dataset/versions/1/Dataset_BUSI_with_GT/benign/benign (214).png,VALID_MAMMOGRAM,1,train
datasets/generic_negatives/generic_0080.jpg,INVALID_INPUT,0,train
C:/Users/Ankit/.cache/kagglehub/datasets/aryashah2k/breast-ultrasound-images-dataset/versions/1/Dataset_BUSI_with_GT/normal/normal (37).png,VALID_MAMMOGRAM,1,train
C:/Users/Ankit/.cache/kagglehub/datasets/aryashah2k/breast-ultrasound-images-dataset/versions/1/Dataset_BUSI_with_GT/benign/benign (308).png,VALID_MAMMOGRAM,1,train
C:/Users/Ankit/.cache/kagglehub/datasets/aryashah2k/breast-ultrasound-images-dataset/versions/1/Dataset_BUSI_with_GT/normal/normal (24).png,VALID_MAMMOGRAM,1,train
datasets/generic_negatives/generic_0307.jpg,INVALID_INPUT,0,train
datasets/generic_negatives/generic_0265.jpg,INVALID_INPUT,0,train
datasets/generic_negatives/generic_0274.jpg,INVALID_INPUT,0,train
C:/Users/Ankit/.cache/kagglehub/datasets/aryashah2k/breast-ultrasound-images-dataset/versions/1/Dataset_BUSI_with_GT/benign/benign (258).png,VALID_MAMMOGRAM,1,train
C:/Users/Ankit/.cache/kagglehub/datasets/aryashah2k/breast-ultrasound-images-dataset/versions/1/Dataset_BUSI_with_GT/normal/normal (27).png,VALID_MAMMOGRAM,1,train
C:/Users/Ankit/.cache/kagglehub/datasets/aryashah2k/breast-ultrasound-images-dataset/versions/1/Dataset_BUSI_with_GT/malignant/malignant (45).png,VALID_MAMMOGRAM,1,train
datasets/generic_negatives/generic_0142.jpg,INVALID_INPUT,0,train
C:/Users/Ankit/.cache/kagglehub/datasets/aryashah2k/breast-ultrasound-images-dataset/versions/1/Dataset_BUSI_with_GT/malignant/malignant (14).png,VALID_MAMMOGRAM,1,train
C:/Users/Ankit/.cache/kagglehub/datasets/aryashah2k/breast-ultrasound-images-dataset/versions/1/Dataset_BUSI_with_GT/benign/benign (367).png,VALID_MAMMOGRAM,1,train
C:/Users/Ankit/.cache/kagglehub/datasets/aryashah2k/breast-ultrasound-images-dataset/versions/1/Dataset_BUSI_with_GT/normal/normal (32).png,VALID_MAMMOGRAM,1,train
datasets/generic_negatives/generic_0124.jpg,INVALID_INPUT,0,train
C:/Users/Ankit/.cache/kagglehub/datasets/aryashah2k/breast-ultrasound-images-dataset/versions/1/Dataset_BUSI_with_GT/malignant/malignant (162).png,VALID_MAMMOGRAM,1,train
C:/Users/Ankit/.cache/kagglehub/datasets/aryashah2k/breast-ultrasound-images-dataset/versions/1/Dataset_BUSI_with_GT/benign/benign (418).png,VALID_MAMMOGRAM,1,train
C:/Users/Ankit/.cache/kagglehub/datasets/aryashah2k/breast-ultrasound-images-dataset/versions/1/Dataset_BUSI_with_GT/benign/benign (286).png,VALID_MAMMOGRAM,1,train
C:/Users/Ankit/.cache/kagglehub/datasets/aryashah2k/breast-ultrasound-images-dataset/versions/1/Dataset_BUSI_with_GT/benign/benign (200).png,VALID_MAMMOGRAM,1,train
datasets/generic_negatives/generic_0261.jpg,INVALID_INPUT,0,train
C:/Users/Ankit/.cache/kagglehub/datasets/aryashah2k/breast-ultrasound-images-dataset/versions/1/Dataset_BUSI_with_GT/malignant/malignant (81).png,VALID_MAMMOGRAM,1,train
datasets/generic_negatives/generic_0036.jpg,INVALID_INPUT,0,train
datasets/generic_negatives/generic_0301.jpg,INVALID_INPUT,0,train
C:/Users/Ankit/.cache/kagglehub/datasets/aryashah2k/breast-ultrasound-images-dataset/versions/1/Dataset_BUSI_with_GT/benign/benign (325).png,VALID_MAMMOGRAM,1,train
C:/Users/Ankit/.cache/kagglehub/datasets/aryashah2k/breast-ultrasound-images-dataset/versions/1/Dataset_BUSI_with_GT/benign/benign (427).png,VALID_MAMMOGRAM,1,train
datasets/generic_negatives/generic_0268.jpg,INVALID_INPUT,0,train
datasets/generic_negatives/generic_0214.jpg,INVALID_INPUT,0,train
C:/Users/Ankit/.cache/kagglehub/datasets/aryashah2k/breast-ultrasound-images-dataset/versions/1/Dataset_BUSI_with_GT/malignant/malignant (118).png,VALID_MAMMOGRAM,1,train
C:/Users/Ankit/.cache/kagglehub/datasets/aryashah2k/breast-ultrasound-images-dataset/versions/1/Dataset_BUSI_with_GT/normal/normal (79).png,VALID_MAMMOGRAM,1,train
datasets/generic_negatives/generic_0111.jpg,INVALID_INPUT,0,train
datasets/generic_negatives/generic_0121.jpg,INVALID_INPUT,0,train
datasets/generic_negatives/generic_0017.jpg,INVALID_INPUT,0,train
C:/Users/Ankit/.cache/kagglehub/datasets/aryashah2k/breast-ultrasound-images-dataset/versions/1/Dataset_BUSI_with_GT/benign/benign (430).png,VALID_MAMMOGRAM,1,train
datasets/generic_negatives/generic_0238.jpg,INVALID_INPUT,0,train
C:/Users/Ankit/.cache/kagglehub/datasets/aryashah2k/breast-ultrasound-images-dataset/versions/1/Dataset_BUSI_with_GT/benign/benign (138).png,VALID_MAMMOGRAM,1,train
C:/Users/Ankit/.cache/kagglehub/datasets/aryashah2k/breast-ultrasound-images-dataset/versions/1/Dataset_BUSI_with_GT/benign/benign (187).png,VALID_MAMMOGRAM,1,train
C:/Users/Ankit/.cache/kagglehub/datasets/aryashah2k/breast-ultrasound-images-dataset/versions/1/Dataset_BUSI_with_GT/benign/benign (337).png,VALID_MAMMOGRAM,1,train
C:/Users/Ankit/.cache/kagglehub/datasets/aryashah2k/breast-ultrasound-images-dataset/versions/1/Dataset_BUSI_with_GT/malignant/malignant (7).png,VALID_MAMMOGRAM,1,train
datasets/generic_negatives/generic_0052.jpg,INVALID_INPUT,0,train
datasets/generic_negatives/generic_0126.jpg,INVALID_INPUT,0,train
C:/Users/Ankit/.cache/kagglehub/datasets/aryashah2k/breast-ultrasound-images-dataset/versions/1/Dataset_BUSI_with_GT/normal/normal (38).png,VALID_MAMMOGRAM,1,train
C:/Users/Ankit/.cache/kagglehub/datasets/aryashah2k/breast-ultrasound-images-dataset/versions/1/Dataset_BUSI_with_GT/normal/normal (13).png,VALID_MAMMOGRAM,1,train
datasets/generic_negatives/generic_0168.jpg,INVALID_INPUT,0,train
datasets/generic_negatives/generic_0007.jpg,INVALID_INPUT,0,train
C:/Users/Ankit/.cache/kagglehub/datasets/aryashah2k/breast-ultrasound-images-dataset/versions/1/Dataset_BUSI_with_GT/benign/benign (218).png,VALID_MAMMOGRAM,1,train
C:/Users/Ankit/.cache/kagglehub/datasets/aryashah2k/breast-ultrasound-images-dataset/versions/1/Dataset_BUSI_with_GT/normal/normal (65).png,VALID_MAMMOGRAM,1,train
C:/Users/Ankit/.cache/kagglehub/datasets/aryashah2k/breast-ultrasound-images-dataset/versions/1/Dataset_BUSI_with_GT/benign/benign (197).png,VALID_MAMMOGRAM,1,train
C:/Users/Ankit/.cache/kagglehub/datasets/aryashah2k/breast-ultrasound-images-dataset/versions/1/Dataset_BUSI_with_GT/malignant/malignant (71).png,VALID_MAMMOGRAM,1,train
datasets/generic_negatives/generic_0349.jpg,INVALID_INPUT,0,train
datasets/generic_negatives/generic_0262.jpg,INVALID_INPUT,0,train
C:/Users/Ankit/.cache/kagglehub/datasets/aryashah2k/breast-ultrasound-images-dataset/versions/1/Dataset_BUSI_with_GT/malignant/malignant (46).png,VALID_MAMMOGRAM,1,train
C:/Users/Ankit/.cache/kagglehub/datasets/aryashah2k/breast-ultrasound-images-dataset/versions/1/Dataset_BUSI_with_GT/benign/benign (111).png,VALID_MAMMOGRAM,1,train
C:/Users/Ankit/.cache/kagglehub/datasets/aryashah2k/breast-ultrasound-images-dataset/versions/1/Dataset_BUSI_with_GT/benign/benign (254).png,VALID_MAMMOGRAM,1,train
datasets/generic_negatives/generic_0067.jpg,INVALID_INPUT,0,train
C:/Users/Ankit/.cache/kagglehub/datasets/aryashah2k/breast-ultrasound-images-dataset/versions/1/Dataset_BUSI_with_GT/malignant/malignant (148).png,VALID_MAMMOGRAM,1,train
C:/Users/Ankit/.cache/kagglehub/datasets/aryashah2k/breast-ultrasound-images-dataset/versions/1/Dataset_BUSI_with_GT/normal/normal (48).png,VALID_MAMMOGRAM,1,train
datasets/generic_negatives/generic_0045.jpg,INVALID_INPUT,0,train
C:/Users/Ankit/.cache/kagglehub/datasets/aryashah2k/breast-ultrasound-images-dataset/versions/1/Dataset_BUSI_with_GT/benign/benign (312).png,VALID_MAMMOGRAM,1,train
C:/Users/Ankit/.cache/kagglehub/datasets/aryashah2k/breast-ultrasound-images-dataset/versions/1/Dataset_BUSI_with_GT/benign/benign (51).png,VALID_MAMMOGRAM,1,train
C:/Users/Ankit/.cache/kagglehub/datasets/aryashah2k/breast-ultrasound-images-dataset/versions/1/Dataset_BUSI_with_GT/malignant/malignant (115).png,VALID_MAMMOGRAM,1,train
C:/Users/Ankit/.cache/kagglehub/datasets/aryashah2k/breast-ultrasound-images-dataset/versions/1/Dataset_BUSI_with_GT/malignant/malignant (85).png,VALID_MAMMOGRAM,1,train
datasets/generic_negatives/generic_0354.jpg,INVALID_INPUT,0,train
C:/Users/Ankit/.cache/kagglehub/datasets/aryashah2k/breast-ultrasound-images-dataset/versions/1/Dataset_BUSI_with_GT/benign/benign (139).png,VALID_MAMMOGRAM,1,train
C:/Users/Ankit/.cache/kagglehub/datasets/aryashah2k/breast-ultrasound-images-dataset/versions/1/Dataset_BUSI_with_GT/benign/benign (211).png,VALID_MAMMOGRAM,1,train
C:/Users/Ankit/.cache/kagglehub/datasets/aryashah2k/breast-ultrasound-images-dataset/versions/1/Dataset_BUSI_with_GT/normal/normal (99).png,VALID_MAMMOGRAM,1,train
datasets/generic_negatives/generic_0332.jpg,INVALID_INPUT,0,train
datasets/generic_negatives/generic_0169.jpg,INVALID_INPUT,0,train
C:/Users/Ankit/.cache/kagglehub/datasets/aryashah2k/breast-ultrasound-images-dataset/versions/1/Dataset_BUSI_with_GT/benign/benign (436).png,VALID_MAMMOGRAM,1,train
C:/Users/Ankit/.cache/kagglehub/datasets/aryashah2k/breast-ultrasound-images-dataset/versions/1/Dataset_BUSI_with_GT/benign/benign (30).png,VALID_MAMMOGRAM,1,train
datasets/generic_negatives/generic_0331.jpg,INVALID_INPUT,0,train
C:/Users/Ankit/.cache/kagglehub/datasets/aryashah2k/breast-ultrasound-images-dataset/versions/1/Dataset_BUSI_with_GT/benign/benign (321).png,VALID_MAMMOGRAM,1,train
C:/Users/Ankit/.cache/kagglehub/datasets/aryashah2k/breast-ultrasound-images-dataset/versions/1/Dataset_BUSI_with_GT/benign/benign (62).png,VALID_MAMMOGRAM,1,train
C:/Users/Ankit/.cache/kagglehub/datasets/aryashah2k/breast-ultrasound-images-dataset/versions/1/Dataset_BUSI_with_GT/benign/benign (347).png,VALID_MAMMOGRAM,1,train
datasets/generic_negatives/generic_0098.jpg,INVALID_INPUT,0,train
datasets/generic_negatives/generic_0338.jpg,INVALID_INPUT,0,train
datasets/generic_negatives/generic_0095.jpg,INVALID_INPUT,0,train
datasets/generic_negatives/generic_0308.jpg,INVALID_INPUT,0,train
datasets/generic_negatives/generic_0016.jpg,INVALID_INPUT,0,train
C:/Users/Ankit/.cache/kagglehub/datasets/aryashah2k/breast-ultrasound-images-dataset/versions/1/Dataset_BUSI_with_GT/benign/benign (437).png,VALID_MAMMOGRAM,1,train
C:/Users/Ankit/.cache/kagglehub/datasets/aryashah2k/breast-ultrasound-images-dataset/versions/1/Dataset_BUSI_with_GT/benign/benign (180).png,VALID_MAMMOGRAM,1,train
datasets/generic_negatives/generic_0117.jpg,INVALID_INPUT,0,train
C:/Users/Ankit/.cache/kagglehub/datasets/aryashah2k/breast-ultrasound-images-dataset/versions/1/Dataset_BUSI_with_GT/malignant/malignant (151).png,VALID_MAMMOGRAM,1,train
C:/Users/Ankit/.cache/kagglehub/datasets/aryashah2k/breast-ultrasound-images-dataset/versions/1/Dataset_BUSI_with_GT/normal/normal (71).png,VALID_MAMMOGRAM,1,train
datasets/generic_negatives/generic_0300.jpg,INVALID_INPUT,0,train
datasets/generic_negatives/generic_0025.jpg,INVALID_INPUT,0,train
C:/Users/Ankit/.cache/kagglehub/datasets/aryashah2k/breast-ultrasound-images-dataset/versions/1/Dataset_BUSI_with_GT/benign/benign (392).png,VALID_MAMMOGRAM,1,train
C:/Users/Ankit/.cache/kagglehub/datasets/aryashah2k/breast-ultrasound-images-dataset/versions/1/Dataset_BUSI_with_GT/benign/benign (266).png,VALID_MAMMOGRAM,1,train
C:/Users/Ankit/.cache/kagglehub/datasets/aryashah2k/breast-ultrasound-images-dataset/versions/1/Dataset_BUSI_with_GT/benign/benign (299).png,VALID_MAMMOGRAM,1,train
datasets/generic_negatives/generic_0383.jpg,INVALID_INPUT,0,train
datasets/generic_negatives/generic_0176.jpg,INVALID_INPUT,0,train
C:/Users/Ankit/.cache/kagglehub/datasets/aryashah2k/breast-ultrasound-images-dataset/versions/1/Dataset_BUSI_with_GT/normal/normal (60).png,VALID_MAMMOGRAM,1,train
C:/Users/Ankit/.cache/kagglehub/datasets/aryashah2k/breast-ultrasound-images-dataset/versions/1/Dataset_BUSI_with_GT/normal/normal (102).png,VALID_MAMMOGRAM,1,train
C:/Users/Ankit/.cache/kagglehub/datasets/aryashah2k/breast-ultrasound-images-dataset/versions/1/Dataset_BUSI_with_GT/malignant/malignant (34).png,VALID_MAMMOGRAM,1,train
C:/Users/Ankit/.cache/kagglehub/datasets/aryashah2k/breast-ultrasound-images-dataset/versions/1/Dataset_BUSI_with_GT/benign/benign (256).png,VALID_MAMMOGRAM,1,train
C:/Users/Ankit/.cache/kagglehub/datasets/aryashah2k/breast-ultrasound-images-dataset/versions/1/Dataset_BUSI_with_GT/benign/benign (398).png,VALID_MAMMOGRAM,1,train
C:/Users/Ankit/.cache/kagglehub/datasets/aryashah2k/breast-ultrasound-images-dataset/versions/1/Dataset_BUSI_with_GT/benign/benign (332).png,VALID_MAMMOGRAM,1,train
C:/Users/Ankit/.cache/kagglehub/datasets/aryashah2k/breast-ultrasound-images-dataset/versions/1/Dataset_BUSI_with_GT/malignant/malignant (163).png,VALID_MAMMOGRAM,1,train
datasets/generic_negatives/generic_0366.jpg,INVALID_INPUT,0,train
C:/Users/Ankit/.cache/kagglehub/datasets/aryashah2k/breast-ultrasound-images-dataset/versions/1/Dataset_BUSI_with_GT/normal/normal (96).png,VALID_MAMMOGRAM,1,train
C:/Users/Ankit/.cache/kagglehub/datasets/aryashah2k/breast-ultrasound-images-dataset/versions/1/Dataset_BUSI_with_GT/malignant/malignant (28).png,VALID_MAMMOGRAM,1,train
C:/Users/Ankit/.cache/kagglehub/datasets/aryashah2k/breast-ultrasound-images-dataset/versions/1/Dataset_BUSI_with_GT/benign/benign (344).png,VALID_MAMMOGRAM,1,train
C:/Users/Ankit/.cache/kagglehub/datasets/aryashah2k/breast-ultrasound-images-dataset/versions/1/Dataset_BUSI_with_GT/benign/benign (259).png,VALID_MAMMOGRAM,1,train
datasets/generic_negatives/generic_0233.jpg,INVALID_INPUT,0,train
C:/Users/Ankit/.cache/kagglehub/datasets/aryashah2k/breast-ultrasound-images-dataset/versions/1/Dataset_BUSI_with_GT/benign/benign (66).png,VALID_MAMMOGRAM,1,train
C:/Users/Ankit/.cache/kagglehub/datasets/aryashah2k/breast-ultrasound-images-dataset/versions/1/Dataset_BUSI_with_GT/benign/benign (36).png,VALID_MAMMOGRAM,1,train
datasets/generic_negatives/generic_0271.jpg,INVALID_INPUT,0,train
datasets/generic_negatives/generic_0388.jpg,INVALID_INPUT,0,train
datasets/generic_negatives/generic_0153.jpg,INVALID_INPUT,0,train
C:/Users/Ankit/.cache/kagglehub/datasets/aryashah2k/breast-ultrasound-images-dataset/versions/1/Dataset_BUSI_with_GT/normal/normal (121).png,VALID_MAMMOGRAM,1,train
datasets/generic_negatives/generic_0333.jpg,INVALID_INPUT,0,train
C:/Users/Ankit/.cache/kagglehub/datasets/aryashah2k/breast-ultrasound-images-dataset/versions/1/Dataset_BUSI_with_GT/malignant/malignant (68).png,VALID_MAMMOGRAM,1,train
C:/Users/Ankit/.cache/kagglehub/datasets/aryashah2k/breast-ultrasound-images-dataset/versions/1/Dataset_BUSI_with_GT/malignant/malignant (56).png,VALID_MAMMOGRAM,1,train
C:/Users/Ankit/.cache/kagglehub/datasets/aryashah2k/breast-ultrasound-images-dataset/versions/1/Dataset_BUSI_with_GT/benign/benign (61).png,VALID_MAMMOGRAM,1,train
C:/Users/Ankit/.cache/kagglehub/datasets/aryashah2k/breast-ultrasound-images-dataset/versions/1/Dataset_BUSI_with_GT/benign/benign (42).png,VALID_MAMMOGRAM,1,train
datasets/generic_negatives/generic_0010.jpg,INVALID_INPUT,0,train
C:/Users/Ankit/.cache/kagglehub/datasets/aryashah2k/breast-ultrasound-images-dataset/versions/1/Dataset_BUSI_with_GT/malignant/malignant (60).png,VALID_MAMMOGRAM,1,train
datasets/generic_negatives/generic_0251.jpg,INVALID_INPUT,0,train
C:/Users/Ankit/.cache/kagglehub/datasets/aryashah2k/breast-ultrasound-images-dataset/versions/1/Dataset_BUSI_with_GT/normal/normal (28).png,VALID_MAMMOGRAM,1,train
C:/Users/Ankit/.cache/kagglehub/datasets/aryashah2k/breast-ultrasound-images-dataset/versions/1/Dataset_BUSI_with_GT/normal/normal (34).png,VALID_MAMMOGRAM,1,train
datasets/generic_negatives/generic_0118.jpg,INVALID_INPUT,0,train
C:/Users/Ankit/.cache/kagglehub/datasets/aryashah2k/breast-ultrasound-images-dataset/versions/1/Dataset_BUSI_with_GT/benign/benign (133).png,VALID_MAMMOGRAM,1,train
C:/Users/Ankit/.cache/kagglehub/datasets/aryashah2k/breast-ultrasound-images-dataset/versions/1/Dataset_BUSI_with_GT/benign/benign (190).png,VALID_MAMMOGRAM,1,train
C:/Users/Ankit/.cache/kagglehub/datasets/aryashah2k/breast-ultrasound-images-dataset/versions/1/Dataset_BUSI_with_GT/normal/normal (77).png,VALID_MAMMOGRAM,1,train
C:/Users/Ankit/.cache/kagglehub/datasets/aryashah2k/breast-ultrasound-images-dataset/versions/1/Dataset_BUSI_with_GT/normal/normal (11).png,VALID_MAMMOGRAM,1,train
C:/Users/Ankit/.cache/kagglehub/datasets/aryashah2k/breast-ultrasound-images-dataset/versions/1/Dataset_BUSI_with_GT/benign/benign (272).png,VALID_MAMMOGRAM,1,train
C:/Users/Ankit/.cache/kagglehub/datasets/aryashah2k/breast-ultrasound-images-dataset/versions/1/Dataset_BUSI_with_GT/malignant/malignant (123).png,VALID_MAMMOGRAM,1,train
datasets/generic_negatives/generic_0234.jpg,INVALID_INPUT,0,train
C:/Users/Ankit/.cache/kagglehub/datasets/aryashah2k/breast-ultrasound-images-dataset/versions/1/Dataset_BUSI_with_GT/benign/benign (364).png,VALID_MAMMOGRAM,1,train
datasets/generic_negatives/generic_0240.jpg,INVALID_INPUT,0,train
datasets/generic_negatives/generic_0375.jpg,INVALID_INPUT,0,train
C:/Users/Ankit/.cache/kagglehub/datasets/aryashah2k/breast-ultrasound-images-dataset/versions/1/Dataset_BUSI_with_GT/benign/benign (366).png,VALID_MAMMOGRAM,1,train
datasets/generic_negatives/generic_0185.jpg,INVALID_INPUT,0,train
datasets/generic_negatives/generic_0024.jpg,INVALID_INPUT,0,train
C:/Users/Ankit/.cache/kagglehub/datasets/aryashah2k/breast-ultrasound-images-dataset/versions/1/Dataset_BUSI_with_GT/malignant/malignant (17).png,VALID_MAMMOGRAM,1,train
C:/Users/Ankit/.cache/kagglehub/datasets/aryashah2k/breast-ultrasound-images-dataset/versions/1/Dataset_BUSI_with_GT/benign/benign (83).png,VALID_MAMMOGRAM,1,train
datasets/generic_negatives/generic_0244.jpg,INVALID_INPUT,0,train
C:/Users/Ankit/.cache/kagglehub/datasets/aryashah2k/breast-ultrasound-images-dataset/versions/1/Dataset_BUSI_with_GT/malignant/malignant (73).png,VALID_MAMMOGRAM,1,train
C:/Users/Ankit/.cache/kagglehub/datasets/aryashah2k/breast-ultrasound-images-dataset/versions/1/Dataset_BUSI_with_GT/benign/benign (43).png,VALID_MAMMOGRAM,1,train
C:/Users/Ankit/.cache/kagglehub/datasets/aryashah2k/breast-ultrasound-images-dataset/versions/1/Dataset_BUSI_with_GT/benign/benign (5).png,VALID_MAMMOGRAM,1,train
C:/Users/Ankit/.cache/kagglehub/datasets/aryashah2k/breast-ultrasound-images-dataset/versions/1/Dataset_BUSI_with_GT/malignant/malignant (138).png,VALID_MAMMOGRAM,1,train
C:/Users/Ankit/.cache/kagglehub/datasets/aryashah2k/breast-ultrasound-images-dataset/versions/1/Dataset_BUSI_with_GT/benign/benign (379).png,VALID_MAMMOGRAM,1,train
C:/Users/Ankit/.cache/kagglehub/datasets/aryashah2k/breast-ultrasound-images-dataset/versions/1/Dataset_BUSI_with_GT/normal/normal (73).png,VALID_MAMMOGRAM,1,train
C:/Users/Ankit/.cache/kagglehub/datasets/aryashah2k/breast-ultrasound-images-dataset/versions/1/Dataset_BUSI_with_GT/benign/benign (269).png,VALID_MAMMOGRAM,1,train
C:/Users/Ankit/.cache/kagglehub/datasets/aryashah2k/breast-ultrasound-images-dataset/versions/1/Dataset_BUSI_with_GT/malignant/malignant (62).png,VALID_MAMMOGRAM,1,train
C:/Users/Ankit/.cache/kagglehub/datasets/aryashah2k/breast-ultrasound-images-dataset/versions/1/Dataset_BUSI_with_GT/benign/benign (217).png,VALID_MAMMOGRAM,1,train
C:/Users/Ankit/.cache/kagglehub/datasets/aryashah2k/breast-ultrasound-images-dataset/versions/1/Dataset_BUSI_with_GT/malignant/malignant (166).png,VALID_MAMMOGRAM,1,train
C:/Users/Ankit/.cache/kagglehub/datasets/aryashah2k/breast-ultrasound-images-dataset/versions/1/Dataset_BUSI_with_GT/benign/benign (313).png,VALID_MAMMOGRAM,1,train
datasets/generic_negatives/generic_0114.jpg,INVALID_INPUT,0,train
C:/Users/Ankit/.cache/kagglehub/datasets/aryashah2k/breast-ultrasound-images-dataset/versions/1/Dataset_BUSI_with_GT/malignant/malignant (142).png,VALID_MAMMOGRAM,1,train
datasets/generic_negatives/generic_0125.jpg,INVALID_INPUT,0,train
datasets/generic_negatives/generic_0101.jpg,INVALID_INPUT,0,train
C:/Users/Ankit/.cache/kagglehub/datasets/aryashah2k/breast-ultrasound-images-dataset/versions/1/Dataset_BUSI_with_GT/benign/benign (407).png,VALID_MAMMOGRAM,1,train
C:/Users/Ankit/.cache/kagglehub/datasets/aryashah2k/breast-ultrasound-images-dataset/versions/1/Dataset_BUSI_with_GT/normal/normal (67).png,VALID_MAMMOGRAM,1,train
C:/Users/Ankit/.cache/kagglehub/datasets/aryashah2k/breast-ultrasound-images-dataset/versions/1/Dataset_BUSI_with_GT/benign/benign (157).png,VALID_MAMMOGRAM,1,train
datasets/generic_negatives/generic_0090.jpg,INVALID_INPUT,0,train
C:/Users/Ankit/.cache/kagglehub/datasets/aryashah2k/breast-ultrasound-images-dataset/versions/1/Dataset_BUSI_with_GT/benign/benign (17).png,VALID_MAMMOGRAM,1,train
datasets/generic_negatives/generic_0370.jpg,INVALID_INPUT,0,train
C:/Users/Ankit/.cache/kagglehub/datasets/aryashah2k/breast-ultrasound-images-dataset/versions/1/Dataset_BUSI_with_GT/benign/benign (108).png,VALID_MAMMOGRAM,1,train
datasets/generic_negatives/generic_0062.jpg,INVALID_INPUT,0,train
datasets/generic_negatives/generic_0056.jpg,INVALID_INPUT,0,train
C:/Users/Ankit/.cache/kagglehub/datasets/aryashah2k/breast-ultrasound-images-dataset/versions/1/Dataset_BUSI_with_GT/benign/benign (212).png,VALID_MAMMOGRAM,1,train
C:/Users/Ankit/.cache/kagglehub/datasets/aryashah2k/breast-ultrasound-images-dataset/versions/1/Dataset_BUSI_with_GT/malignant/malignant (49).png,VALID_MAMMOGRAM,1,train
datasets/generic_negatives/generic_0150.jpg,INVALID_INPUT,0,train
C:/Users/Ankit/.cache/kagglehub/datasets/aryashah2k/breast-ultrasound-images-dataset/versions/1/Dataset_BUSI_with_GT/benign/benign (53).png,VALID_MAMMOGRAM,1,train
datasets/generic_negatives/generic_0042.jpg,INVALID_INPUT,0,train
datasets/generic_negatives/generic_0339.jpg,INVALID_INPUT,0,train
datasets/generic_negatives/generic_0260.jpg,INVALID_INPUT,0,train
datasets/generic_negatives/generic_0054.jpg,INVALID_INPUT,0,train
C:/Users/Ankit/.cache/kagglehub/datasets/aryashah2k/breast-ultrasound-images-dataset/versions/1/Dataset_BUSI_with_GT/benign/benign (130).png,VALID_MAMMOGRAM,1,train
C:/Users/Ankit/.cache/kagglehub/datasets/aryashah2k/breast-ultrasound-images-dataset/versions/1/Dataset_BUSI_with_GT/benign/benign (399).png,VALID_MAMMOGRAM,1,train
datasets/generic_negatives/generic_0341.jpg,INVALID_INPUT,0,train
datasets/generic_negatives/generic_0225.jpg,INVALID_INPUT,0,train
C:/Users/Ankit/.cache/kagglehub/datasets/aryashah2k/breast-ultrasound-images-dataset/versions/1/Dataset_BUSI_with_GT/benign/benign (147).png,VALID_MAMMOGRAM,1,train
C:/Users/Ankit/.cache/kagglehub/datasets/aryashah2k/breast-ultrasound-images-dataset/versions/1/Dataset_BUSI_with_GT/benign/benign (116).png,VALID_MAMMOGRAM,1,train
C:/Users/Ankit/.cache/kagglehub/datasets/aryashah2k/breast-ultrasound-images-dataset/versions/1/Dataset_BUSI_with_GT/normal/normal (52).png,VALID_MAMMOGRAM,1,train
datasets/generic_negatives/generic_0083.jpg,INVALID_INPUT,0,train
C:/Users/Ankit/.cache/kagglehub/datasets/aryashah2k/breast-ultrasound-images-dataset/versions/1/Dataset_BUSI_with_GT/benign/benign (331).png,VALID_MAMMOGRAM,1,train
C:/Users/Ankit/.cache/kagglehub/datasets/aryashah2k/breast-ultrasound-images-dataset/versions/1/Dataset_BUSI_with_GT/benign/benign (94).png,VALID_MAMMOGRAM,1,train
C:/Users/Ankit/.cache/kagglehub/datasets/aryashah2k/breast-ultrasound-images-dataset/versions/1/Dataset_BUSI_with_GT/benign/benign (355).png,VALID_MAMMOGRAM,1,train
C:/Users/Ankit/.cache/kagglehub/datasets/aryashah2k/breast-ultrasound-images-dataset/versions/1/Dataset_BUSI_with_GT/malignant/malignant (179).png,VALID_MAMMOGRAM,1,train
C:/Users/Ankit/.cache/kagglehub/datasets/aryashah2k/breast-ultrasound-images-dataset/versions/1/Dataset_BUSI_with_GT/benign/benign (41).png,VALID_MAMMOGRAM,1,train
C:/Users/Ankit/.cache/kagglehub/datasets/aryashah2k/breast-ultrasound-images-dataset/versions/1/Dataset_BUSI_with_GT/normal/normal (118).png,VALID_MAMMOGRAM,1,train
datasets/generic_negatives/generic_0130.jpg,INVALID_INPUT,0,train
C:/Users/Ankit/.cache/kagglehub/datasets/aryashah2k/breast-ultrasound-images-dataset/versions/1/Dataset_BUSI_with_GT/benign/benign (294).png,VALID_MAMMOGRAM,1,train
C:/Users/Ankit/.cache/kagglehub/datasets/aryashah2k/breast-ultrasound-images-dataset/versions/1/Dataset_BUSI_with_GT/benign/benign (400).png,VALID_MAMMOGRAM,1,train
datasets/generic_negatives/generic_0182.jpg,INVALID_INPUT,0,train
C:/Users/Ankit/.cache/kagglehub/datasets/aryashah2k/breast-ultrasound-images-dataset/versions/1/Dataset_BUSI_with_GT/benign/benign (339).png,VALID_MAMMOGRAM,1,train
C:/Users/Ankit/.cache/kagglehub/datasets/aryashah2k/breast-ultrasound-images-dataset/versions/1/Dataset_BUSI_with_GT/malignant/malignant (63).png,VALID_MAMMOGRAM,1,train
datasets/generic_negatives/generic_0299.jpg,INVALID_INPUT,0,train
C:/Users/Ankit/.cache/kagglehub/datasets/aryashah2k/breast-ultrasound-images-dataset/versions/1/Dataset_BUSI_with_GT/malignant/malignant (130).png,VALID_MAMMOGRAM,1,train
C:/Users/Ankit/.cache/kagglehub/datasets/aryashah2k/breast-ultrasound-images-dataset/versions/1/Dataset_BUSI_with_GT/benign/benign (223).png,VALID_MAMMOGRAM,1,train
C:/Users/Ankit/.cache/kagglehub/datasets/aryashah2k/breast-ultrasound-images-dataset/versions/1/Dataset_BUSI_with_GT/malignant/malignant (10).png,VALID_MAMMOGRAM,1,train
C:/Users/Ankit/.cache/kagglehub/datasets/aryashah2k/breast-ultrasound-images-dataset/versions/1/Dataset_BUSI_with_GT/benign/benign (176).png,VALID_MAMMOGRAM,1,train
datasets/generic_negatives/generic_0078.jpg,INVALID_INPUT,0,train
C:/Users/Ankit/.cache/kagglehub/datasets/aryashah2k/breast-ultrasound-images-dataset/versions/1/Dataset_BUSI_with_GT/benign/benign (69).png,VALID_MAMMOGRAM,1,train
C:/Users/Ankit/.cache/kagglehub/datasets/aryashah2k/breast-ultrasound-images-dataset/versions/1/Dataset_BUSI_with_GT/benign/benign (123).png,VALID_MAMMOGRAM,1,train
datasets/generic_negatives/generic_0325.jpg,INVALID_INPUT,0,train
datasets/generic_negatives/generic_0188.jpg,INVALID_INPUT,0,train
C:/Users/Ankit/.cache/kagglehub/datasets/aryashah2k/breast-ultrasound-images-dataset/versions/1/Dataset_BUSI_with_GT/benign/benign (251).png,VALID_MAMMOGRAM,1,train
C:/Users/Ankit/.cache/kagglehub/datasets/aryashah2k/breast-ultrasound-images-dataset/versions/1/Dataset_BUSI_with_GT/benign/benign (79).png,VALID_MAMMOGRAM,1,train
C:/Users/Ankit/.cache/kagglehub/datasets/aryashah2k/breast-ultrasound-images-dataset/versions/1/Dataset_BUSI_with_GT/benign/benign (409).png,VALID_MAMMOGRAM,1,train
C:/Users/Ankit/.cache/kagglehub/datasets/aryashah2k/breast-ultrasound-images-dataset/versions/1/Dataset_BUSI_with_GT/malignant/malignant (207).png,VALID_MAMMOGRAM,1,train
C:/Users/Ankit/.cache/kagglehub/datasets/aryashah2k/breast-ultrasound-images-dataset/versions/1/Dataset_BUSI_with_GT/benign/benign (125).png,VALID_MAMMOGRAM,1,train
datasets/generic_negatives/generic_0143.jpg,INVALID_INPUT,0,train
C:/Users/Ankit/.cache/kagglehub/datasets/aryashah2k/breast-ultrasound-images-dataset/versions/1/Dataset_BUSI_with_GT/normal/normal (132).png,VALID_MAMMOGRAM,1,train
C:/Users/Ankit/.cache/kagglehub/datasets/aryashah2k/breast-ultrasound-images-dataset/versions/1/Dataset_BUSI_with_GT/benign/benign (350).png,VALID_MAMMOGRAM,1,train
datasets/generic_negatives/generic_0273.jpg,INVALID_INPUT,0,train
C:/Users/Ankit/.cache/kagglehub/datasets/aryashah2k/breast-ultrasound-images-dataset/versions/1/Dataset_BUSI_with_GT/malignant/malignant (155).png,VALID_MAMMOGRAM,1,train
datasets/generic_negatives/generic_0228.jpg,INVALID_INPUT,0,train
datasets/generic_negatives/generic_0082.jpg,INVALID_INPUT,0,train
datasets/generic_negatives/generic_0134.jpg,INVALID_INPUT,0,train
C:/Users/Ankit/.cache/kagglehub/datasets/aryashah2k/breast-ultrasound-images-dataset/versions/1/Dataset_BUSI_with_GT/benign/benign (374).png,VALID_MAMMOGRAM,1,train
C:/Users/Ankit/.cache/kagglehub/datasets/aryashah2k/breast-ultrasound-images-dataset/versions/1/Dataset_BUSI_with_GT/benign/benign (423).png,VALID_MAMMOGRAM,1,train
datasets/generic_negatives/generic_0279.jpg,INVALID_INPUT,0,train
datasets/generic_negatives/generic_0106.jpg,INVALID_INPUT,0,train
C:/Users/Ankit/.cache/kagglehub/datasets/aryashah2k/breast-ultrasound-images-dataset/versions/1/Dataset_BUSI_with_GT/benign/benign (56).png,VALID_MAMMOGRAM,1,train
C:/Users/Ankit/.cache/kagglehub/datasets/aryashah2k/breast-ultrasound-images-dataset/versions/1/Dataset_BUSI_with_GT/benign/benign (117).png,VALID_MAMMOGRAM,1,train
C:/Users/Ankit/.cache/kagglehub/datasets/aryashah2k/breast-ultrasound-images-dataset/versions/1/Dataset_BUSI_with_GT/benign/benign (64).png,VALID_MAMMOGRAM,1,train
C:/Users/Ankit/.cache/kagglehub/datasets/aryashah2k/breast-ultrasound-images-dataset/versions/1/Dataset_BUSI_with_GT/normal/normal (112).png,VALID_MAMMOGRAM,1,train
C:/Users/Ankit/.cache/kagglehub/datasets/aryashah2k/breast-ultrasound-images-dataset/versions/1/Dataset_BUSI_with_GT/benign/benign (29).png,VALID_MAMMOGRAM,1,train
C:/Users/Ankit/.cache/kagglehub/datasets/aryashah2k/breast-ultrasound-images-dataset/versions/1/Dataset_BUSI_with_GT/benign/benign (156).png,VALID_MAMMOGRAM,1,train
C:/Users/Ankit/.cache/kagglehub/datasets/aryashah2k/breast-ultrasound-images-dataset/versions/1/Dataset_BUSI_with_GT/benign/benign (89).png,VALID_MAMMOGRAM,1,train
C:/Users/Ankit/.cache/kagglehub/datasets/aryashah2k/breast-ultrasound-images-dataset/versions/1/Dataset_BUSI_with_GT/malignant/malignant (135).png,VALID_MAMMOGRAM,1,train
datasets/generic_negatives/generic_0113.jpg,INVALID_INPUT,0,train
C:/Users/Ankit/.cache/kagglehub/datasets/aryashah2k/breast-ultrasound-images-dataset/versions/1/Dataset_BUSI_with_GT/normal/normal (125).png,VALID_MAMMOGRAM,1,train
C:/Users/Ankit/.cache/kagglehub/datasets/aryashah2k/breast-ultrasound-images-dataset/versions/1/Dataset_BUSI_with_GT/benign/benign (81).png,VALID_MAMMOGRAM,1,train
C:/Users/Ankit/.cache/kagglehub/datasets/aryashah2k/breast-ultrasound-images-dataset/versions/1/Dataset_BUSI_with_GT/malignant/malignant (77).png,VALID_MAMMOGRAM,1,train
datasets/generic_negatives/generic_0235.jpg,INVALID_INPUT,0,train
datasets/generic_negatives/generic_0210.jpg,INVALID_INPUT,0,train
C:/Users/Ankit/.cache/kagglehub/datasets/aryashah2k/breast-ultrasound-images-dataset/versions/1/Dataset_BUSI_with_GT/benign/benign (24).png,VALID_MAMMOGRAM,1,train
C:/Users/Ankit/.cache/kagglehub/datasets/aryashah2k/breast-ultrasound-images-dataset/versions/1/Dataset_BUSI_with_GT/benign/benign (59).png,VALID_MAMMOGRAM,1,train
C:/Users/Ankit/.cache/kagglehub/datasets/aryashah2k/breast-ultrasound-images-dataset/versions/1/Dataset_BUSI_with_GT/benign/benign (311).png,VALID_MAMMOGRAM,1,train
C:/Users/Ankit/.cache/kagglehub/datasets/aryashah2k/breast-ultrasound-images-dataset/versions/1/Dataset_BUSI_with_GT/benign/benign (238).png,VALID_MAMMOGRAM,1,train
datasets/generic_negatives/generic_0384.jpg,INVALID_INPUT,0,train
datasets/generic_negatives/generic_0099.jpg,INVALID_INPUT,0,train
datasets/generic_negatives/generic_0152.jpg,INVALID_INPUT,0,train
datasets/generic_negatives/generic_0295.jpg,INVALID_INPUT,0,train
datasets/generic_negatives/generic_0186.jpg,INVALID_INPUT,0,train
datasets/generic_negatives/generic_0131.jpg,INVALID_INPUT,0,train
C:/Users/Ankit/.cache/kagglehub/datasets/aryashah2k/breast-ultrasound-images-dataset/versions/1/Dataset_BUSI_with_GT/malignant/malignant (87).png,VALID_MAMMOGRAM,1,train
datasets/generic_negatives/generic_0129.jpg,INVALID_INPUT,0,train
C:/Users/Ankit/.cache/kagglehub/datasets/aryashah2k/breast-ultrasound-images-dataset/versions/1/Dataset_BUSI_with_GT/benign/benign (170).png,VALID_MAMMOGRAM,1,train
C:/Users/Ankit/.cache/kagglehub/datasets/aryashah2k/breast-ultrasound-images-dataset/versions/1/Dataset_BUSI_with_GT/malignant/malignant (110).png,VALID_MAMMOGRAM,1,train
C:/Users/Ankit/.cache/kagglehub/datasets/aryashah2k/breast-ultrasound-images-dataset/versions/1/Dataset_BUSI_with_GT/benign/benign (352).png,VALID_MAMMOGRAM,1,train
datasets/generic_negatives/generic_0071.jpg,INVALID_INPUT,0,train
C:/Users/Ankit/.cache/kagglehub/datasets/aryashah2k/breast-ultrasound-images-dataset/versions/1/Dataset_BUSI_with_GT/malignant/malignant (152).png,VALID_MAMMOGRAM,1,train
C:/Users/Ankit/.cache/kagglehub/datasets/aryashah2k/breast-ultrasound-images-dataset/versions/1/Dataset_BUSI_with_GT/malignant/malignant (186).png,VALID_MAMMOGRAM,1,train
datasets/generic_negatives/generic_0006.jpg,INVALID_INPUT,0,train
datasets/generic_negatives/generic_0237.jpg,INVALID_INPUT,0,train
C:/Users/Ankit/.cache/kagglehub/datasets/aryashah2k/breast-ultrasound-images-dataset/versions/1/Dataset_BUSI_with_GT/benign/benign (338).png,VALID_MAMMOGRAM,1,train
C:/Users/Ankit/.cache/kagglehub/datasets/aryashah2k/breast-ultrasound-images-dataset/versions/1/Dataset_BUSI_with_GT/malignant/malignant (12).png,VALID_MAMMOGRAM,1,train
C:/Users/Ankit/.cache/kagglehub/datasets/aryashah2k/breast-ultrasound-images-dataset/versions/1/Dataset_BUSI_with_GT/malignant/malignant (8).png,VALID_MAMMOGRAM,1,train
C:/Users/Ankit/.cache/kagglehub/datasets/aryashah2k/breast-ultrasound-images-dataset/versions/1/Dataset_BUSI_with_GT/benign/benign (245).png,VALID_MAMMOGRAM,1,train
C:/Users/Ankit/.cache/kagglehub/datasets/aryashah2k/breast-ultrasound-images-dataset/versions/1/Dataset_BUSI_with_GT/malignant/malignant (116).png,VALID_MAMMOGRAM,1,train
C:/Users/Ankit/.cache/kagglehub/datasets/aryashah2k/breast-ultrasound-images-dataset/versions/1/Dataset_BUSI_with_GT/normal/normal (106).png,VALID_MAMMOGRAM,1,train
C:/Users/Ankit/.cache/kagglehub/datasets/aryashah2k/breast-ultrasound-images-dataset/versions/1/Dataset_BUSI_with_GT/benign/benign (99).png,VALID_MAMMOGRAM,1,train
C:/Users/Ankit/.cache/kagglehub/datasets/aryashah2k/breast-ultrasound-images-dataset/versions/1/Dataset_BUSI_with_GT/malignant/malignant (170).png,VALID_MAMMOGRAM,1,train
datasets/generic_negatives/generic_0359.jpg,INVALID_INPUT,0,train
C:/Users/Ankit/.cache/kagglehub/datasets/aryashah2k/breast-ultrasound-images-dataset/versions/1/Dataset_BUSI_with_GT/benign/benign (391).png,VALID_MAMMOGRAM,1,train
C:/Users/Ankit/.cache/kagglehub/datasets/aryashah2k/breast-ultrasound-images-dataset/versions/1/Dataset_BUSI_with_GT/malignant/malignant (31).png,VALID_MAMMOGRAM,1,train
datasets/generic_negatives/generic_0103.jpg,INVALID_INPUT,0,train
datasets/generic_negatives/generic_0248.jpg,INVALID_INPUT,0,train
C:/Users/Ankit/.cache/kagglehub/datasets/aryashah2k/breast-ultrasound-images-dataset/versions/1/Dataset_BUSI_with_GT/benign/benign (221).png,VALID_MAMMOGRAM,1,train
C:/Users/Ankit/.cache/kagglehub/datasets/aryashah2k/breast-ultrasound-images-dataset/versions/1/Dataset_BUSI_with_GT/malignant/malignant (126).png,VALID_MAMMOGRAM,1,train
C:/Users/Ankit/.cache/kagglehub/datasets/aryashah2k/breast-ultrasound-images-dataset/versions/1/Dataset_BUSI_with_GT/benign/benign (210).png,VALID_MAMMOGRAM,1,train
C:/Users/Ankit/.cache/kagglehub/datasets/aryashah2k/breast-ultrasound-images-dataset/versions/1/Dataset_BUSI_with_GT/normal/normal (74).png,VALID_MAMMOGRAM,1,train
C:/Users/Ankit/.cache/kagglehub/datasets/aryashah2k/breast-ultrasound-images-dataset/versions/1/Dataset_BUSI_with_GT/malignant/malignant (3).png,VALID_MAMMOGRAM,1,train
datasets/generic_negatives/generic_0108.jpg,INVALID_INPUT,0,train
C:/Users/Ankit/.cache/kagglehub/datasets/aryashah2k/breast-ultrasound-images-dataset/versions/1/Dataset_BUSI_with_GT/malignant/malignant (133).png,VALID_MAMMOGRAM,1,train
C:/Users/Ankit/.cache/kagglehub/datasets/aryashah2k/breast-ultrasound-images-dataset/versions/1/Dataset_BUSI_with_GT/malignant/malignant (183).png,VALID_MAMMOGRAM,1,train
C:/Users/Ankit/.cache/kagglehub/datasets/aryashah2k/breast-ultrasound-images-dataset/versions/1/Dataset_BUSI_with_GT/benign/benign (261).png,VALID_MAMMOGRAM,1,train
datasets/generic_negatives/generic_0297.jpg,INVALID_INPUT,0,train
datasets/generic_negatives/generic_0315.jpg,INVALID_INPUT,0,train
datasets/generic_negatives/generic_0027.jpg,INVALID_INPUT,0,train
C:/Users/Ankit/.cache/kagglehub/datasets/aryashah2k/breast-ultrasound-images-dataset/versions/1/Dataset_BUSI_with_GT/benign/benign (103).png,VALID_MAMMOGRAM,1,train
C:/Users/Ankit/.cache/kagglehub/datasets/aryashah2k/breast-ultrasound-images-dataset/versions/1/Dataset_BUSI_with_GT/normal/normal (83).png,VALID_MAMMOGRAM,1,train
C:/Users/Ankit/.cache/kagglehub/datasets/aryashah2k/breast-ultrasound-images-dataset/versions/1/Dataset_BUSI_with_GT/benign/benign (323).png,VALID_MAMMOGRAM,1,train
C:/Users/Ankit/.cache/kagglehub/datasets/aryashah2k/breast-ultrasound-images-dataset/versions/1/Dataset_BUSI_with_GT/normal/normal (35).png,VALID_MAMMOGRAM,1,train
C:/Users/Ankit/.cache/kagglehub/datasets/aryashah2k/breast-ultrasound-images-dataset/versions/1/Dataset_BUSI_with_GT/malignant/malignant (161).png,VALID_MAMMOGRAM,1,train
datasets/generic_negatives/generic_0351.jpg,INVALID_INPUT,0,train
C:/Users/Ankit/.cache/kagglehub/datasets/aryashah2k/breast-ultrasound-images-dataset/versions/1/Dataset_BUSI_with_GT/benign/benign (279).png,VALID_MAMMOGRAM,1,train
C:/Users/Ankit/.cache/kagglehub/datasets/aryashah2k/breast-ultrasound-images-dataset/versions/1/Dataset_BUSI_with_GT/malignant/malignant (47).png,VALID_MAMMOGRAM,1,train
C:/Users/Ankit/.cache/kagglehub/datasets/aryashah2k/breast-ultrasound-images-dataset/versions/1/Dataset_BUSI_with_GT/benign/benign (88).png,VALID_MAMMOGRAM,1,train
datasets/generic_negatives/generic_0348.jpg,INVALID_INPUT,0,train
datasets/generic_negatives/generic_0061.jpg,INVALID_INPUT,0,train
C:/Users/Ankit/.cache/kagglehub/datasets/aryashah2k/breast-ultrasound-images-dataset/versions/1/Dataset_BUSI_with_GT/malignant/malignant (143).png,VALID_MAMMOGRAM,1,train
datasets/generic_negatives/generic_0312.jpg,INVALID_INPUT,0,train
C:/Users/Ankit/.cache/kagglehub/datasets/aryashah2k/breast-ultrasound-images-dataset/versions/1/Dataset_BUSI_with_GT/benign/benign (141).png,VALID_MAMMOGRAM,1,train
datasets/generic_negatives/generic_0207.jpg,INVALID_INPUT,0,train
C:/Users/Ankit/.cache/kagglehub/datasets/aryashah2k/breast-ultrasound-images-dataset/versions/1/Dataset_BUSI_with_GT/benign/benign (234).png,VALID_MAMMOGRAM,1,train
C:/Users/Ankit/.cache/kagglehub/datasets/aryashah2k/breast-ultrasound-images-dataset/versions/1/Dataset_BUSI_with_GT/benign/benign (282).png,VALID_MAMMOGRAM,1,train
datasets/generic_negatives/generic_0236.jpg,INVALID_INPUT,0,train
C:/Users/Ankit/.cache/kagglehub/datasets/aryashah2k/breast-ultrasound-images-dataset/versions/1/Dataset_BUSI_with_GT/benign/benign (385).png,VALID_MAMMOGRAM,1,train
datasets/generic_negatives/generic_0092.jpg,INVALID_INPUT,0,train
datasets/generic_negatives/generic_0280.jpg,INVALID_INPUT,0,train
C:/Users/Ankit/.cache/kagglehub/datasets/aryashah2k/breast-ultrasound-images-dataset/versions/1/Dataset_BUSI_with_GT/benign/benign (408).png,VALID_MAMMOGRAM,1,train
datasets/generic_negatives/generic_0294.jpg,INVALID_INPUT,0,train
C:/Users/Ankit/.cache/kagglehub/datasets/aryashah2k/breast-ultrasound-images-dataset/versions/1/Dataset_BUSI_with_GT/malignant/malignant (180).png,VALID_MAMMOGRAM,1,train
C:/Users/Ankit/.cache/kagglehub/datasets/aryashah2k/breast-ultrasound-images-dataset/versions/1/Dataset_BUSI_with_GT/benign/benign (360).png,VALID_MAMMOGRAM,1,train
C:/Users/Ankit/.cache/kagglehub/datasets/aryashah2k/breast-ultrasound-images-dataset/versions/1/Dataset_BUSI_with_GT/benign/benign (177).png,VALID_MAMMOGRAM,1,train
C:/Users/Ankit/.cache/kagglehub/datasets/aryashah2k/breast-ultrasound-images-dataset/versions/1/Dataset_BUSI_with_GT/benign/benign (255).png,VALID_MAMMOGRAM,1,train
datasets/generic_negatives/generic_0199.jpg,INVALID_INPUT,0,train
datasets/generic_negatives/generic_0187.jpg,INVALID_INPUT,0,train
datasets/generic_negatives/generic_0053.jpg,INVALID_INPUT,0,train
C:/Users/Ankit/.cache/kagglehub/datasets/aryashah2k/breast-ultrasound-images-dataset/versions/1/Dataset_BUSI_with_GT/malignant/malignant (98).png,VALID_MAMMOGRAM,1,train
datasets/generic_negatives/generic_0328.jpg,INVALID_INPUT,0,train
datasets/generic_negatives/generic_0345.jpg,INVALID_INPUT,0,train
C:/Users/Ankit/.cache/kagglehub/datasets/aryashah2k/breast-ultrasound-images-dataset/versions/1/Dataset_BUSI_with_GT/benign/benign (396).png,VALID_MAMMOGRAM,1,train
C:/Users/Ankit/.cache/kagglehub/datasets/aryashah2k/breast-ultrasound-images-dataset/versions/1/Dataset_BUSI_with_GT/malignant/malignant (76).png,VALID_MAMMOGRAM,1,train
datasets/generic_negatives/generic_0162.jpg,INVALID_INPUT,0,train
C:/Users/Ankit/.cache/kagglehub/datasets/aryashah2k/breast-ultrasound-images-dataset/versions/1/Dataset_BUSI_with_GT/normal/normal (82).png,VALID_MAMMOGRAM,1,train
C:/Users/Ankit/.cache/kagglehub/datasets/aryashah2k/breast-ultrasound-images-dataset/versions/1/Dataset_BUSI_with_GT/normal/normal (76).png,VALID_MAMMOGRAM,1,train
C:/Users/Ankit/.cache/kagglehub/datasets/aryashah2k/breast-ultrasound-images-dataset/versions/1/Dataset_BUSI_with_GT/benign/benign (363).png,VALID_MAMMOGRAM,1,train
C:/Users/Ankit/.cache/kagglehub/datasets/aryashah2k/breast-ultrasound-images-dataset/versions/1/Dataset_BUSI_with_GT/benign/benign (38).png,VALID_MAMMOGRAM,1,train
C:/Users/Ankit/.cache/kagglehub/datasets/aryashah2k/breast-ultrasound-images-dataset/versions/1/Dataset_BUSI_with_GT/benign/benign (1).png,VALID_MAMMOGRAM,1,train
C:/Users/Ankit/.cache/kagglehub/datasets/aryashah2k/breast-ultrasound-images-dataset/versions/1/Dataset_BUSI_with_GT/malignant/malignant (210).png,VALID_MAMMOGRAM,1,train
C:/Users/Ankit/.cache/kagglehub/datasets/aryashah2k/breast-ultrasound-images-dataset/versions/1/Dataset_BUSI_with_GT/benign/benign (8).png,VALID_MAMMOGRAM,1,train
C:/Users/Ankit/.cache/kagglehub/datasets/aryashah2k/breast-ultrasound-images-dataset/versions/1/Dataset_BUSI_with_GT/benign/benign (377).png,VALID_MAMMOGRAM,1,train
C:/Users/Ankit/.cache/kagglehub/datasets/aryashah2k/breast-ultrasound-images-dataset/versions/1/Dataset_BUSI_with_GT/malignant/malignant (40).png,VALID_MAMMOGRAM,1,train
C:/Users/Ankit/.cache/kagglehub/datasets/aryashah2k/breast-ultrasound-images-dataset/versions/1/Dataset_BUSI_with_GT/malignant/malignant (84).png,VALID_MAMMOGRAM,1,train
datasets/generic_negatives/generic_0391.jpg,INVALID_INPUT,0,train
datasets/generic_negatives/generic_0136.jpg,INVALID_INPUT,0,train
C:/Users/Ankit/.cache/kagglehub/datasets/aryashah2k/breast-ultrasound-images-dataset/versions/1/Dataset_BUSI_with_GT/benign/benign (93).png,VALID_MAMMOGRAM,1,train
datasets/generic_negatives/generic_0172.jpg,INVALID_INPUT,0,train
datasets/generic_negatives/generic_0026.jpg,INVALID_INPUT,0,train
datasets/generic_negatives/generic_0034.jpg,INVALID_INPUT,0,train
C:/Users/Ankit/.cache/kagglehub/datasets/aryashah2k/breast-ultrasound-images-dataset/versions/1/Dataset_BUSI_with_GT/benign/benign (371).png,VALID_MAMMOGRAM,1,train
datasets/generic_negatives/generic_0179.jpg,INVALID_INPUT,0,train
datasets/generic_negatives/generic_0330.jpg,INVALID_INPUT,0,train
C:/Users/Ankit/.cache/kagglehub/datasets/aryashah2k/breast-ultrasound-images-dataset/versions/1/Dataset_BUSI_with_GT/benign/benign (82).png,VALID_MAMMOGRAM,1,train
C:/Users/Ankit/.cache/kagglehub/datasets/aryashah2k/breast-ultrasound-images-dataset/versions/1/Dataset_BUSI_with_GT/benign/benign (384).png,VALID_MAMMOGRAM,1,train
C:/Users/Ankit/.cache/kagglehub/datasets/aryashah2k/breast-ultrasound-images-dataset/versions/1/Dataset_BUSI_with_GT/malignant/malignant (173).png,VALID_MAMMOGRAM,1,train
datasets/generic_negatives/generic_0065.jpg,INVALID_INPUT,0,train
C:/Users/Ankit/.cache/kagglehub/datasets/aryashah2k/breast-ultrasound-images-dataset/versions/1/Dataset_BUSI_with_GT/benign/benign (213).png,VALID_MAMMOGRAM,1,train
C:/Users/Ankit/.cache/kagglehub/datasets/aryashah2k/breast-ultrasound-images-dataset/versions/1/Dataset_BUSI_with_GT/normal/normal (21).png,VALID_MAMMOGRAM,1,train
datasets/generic_negatives/generic_0277.jpg,INVALID_INPUT,0,train
datasets/generic_negatives/generic_0217.jpg,INVALID_INPUT,0,train
C:/Users/Ankit/.cache/kagglehub/datasets/aryashah2k/breast-ultrasound-images-dataset/versions/1/Dataset_BUSI_with_GT/normal/normal (4).png,VALID_MAMMOGRAM,1,train
datasets/generic_negatives/generic_0192.jpg,INVALID_INPUT,0,train
C:/Users/Ankit/.cache/kagglehub/datasets/aryashah2k/breast-ultrasound-images-dataset/versions/1/Dataset_BUSI_with_GT/benign/benign (434).png,VALID_MAMMOGRAM,1,train
C:/Users/Ankit/.cache/kagglehub/datasets/aryashah2k/breast-ultrasound-images-dataset/versions/1/Dataset_BUSI_with_GT/benign/benign (280).png,VALID_MAMMOGRAM,1,train
C:/Users/Ankit/.cache/kagglehub/datasets/aryashah2k/breast-ultrasound-images-dataset/versions/1/Dataset_BUSI_with_GT/malignant/malignant (201).png,VALID_MAMMOGRAM,1,train
C:/Users/Ankit/.cache/kagglehub/datasets/aryashah2k/breast-ultrasound-images-dataset/versions/1/Dataset_BUSI_with_GT/malignant/malignant (185).png,VALID_MAMMOGRAM,1,train
datasets/generic_negatives/generic_0267.jpg,INVALID_INPUT,0,train
C:/Users/Ankit/.cache/kagglehub/datasets/aryashah2k/breast-ultrasound-images-dataset/versions/1/Dataset_BUSI_with_GT/normal/normal (20).png,VALID_MAMMOGRAM,1,train
datasets/generic_negatives/generic_0005.jpg,INVALID_INPUT,0,train
C:/Users/Ankit/.cache/kagglehub/datasets/aryashah2k/breast-ultrasound-images-dataset/versions/1/Dataset_BUSI_with_GT/benign/benign (333).png,VALID_MAMMOGRAM,1,train
datasets/generic_negatives/generic_0119.jpg,INVALID_INPUT,0,train
datasets/generic_negatives/generic_0203.jpg,INVALID_INPUT,0,train
C:/Users/Ankit/.cache/kagglehub/datasets/aryashah2k/breast-ultrasound-images-dataset/versions/1/Dataset_BUSI_with_GT/benign/benign (60).png,VALID_MAMMOGRAM,1,train
datasets/generic_negatives/generic_0362.jpg,INVALID_INPUT,0,train
C:/Users/Ankit/.cache/kagglehub/datasets/aryashah2k/breast-ultrasound-images-dataset/versions/1/Dataset_BUSI_with_GT/malignant/malignant (177).png,VALID_MAMMOGRAM,1,train
C:/Users/Ankit/.cache/kagglehub/datasets/aryashah2k/breast-ultrasound-images-dataset/versions/1/Dataset_BUSI_with_GT/malignant/malignant (75).png,VALID_MAMMOGRAM,1,train
C:/Users/Ankit/.cache/kagglehub/datasets/aryashah2k/breast-ultrasound-images-dataset/versions/1/Dataset_BUSI_with_GT/malignant/malignant (107).png,VALID_MAMMOGRAM,1,train
datasets/generic_negatives/generic_0072.jpg,INVALID_INPUT,0,train
C:/Users/Ankit/.cache/kagglehub/datasets/aryashah2k/breast-ultrasound-images-dataset/versions/1/Dataset_BUSI_with_GT/benign/benign (417).png,VALID_MAMMOGRAM,1,train
C:/Users/Ankit/.cache/kagglehub/datasets/aryashah2k/breast-ultrasound-images-dataset/versions/1/Dataset_BUSI_with_GT/malignant/malignant (105).png,VALID_MAMMOGRAM,1,train
C:/Users/Ankit/.cache/kagglehub/datasets/aryashah2k/breast-ultrasound-images-dataset/versions/1/Dataset_BUSI_with_GT/malignant/malignant (66).png,VALID_MAMMOGRAM,1,train
datasets/generic_negatives/generic_0174.jpg,INVALID_INPUT,0,train
C:/Users/Ankit/.cache/kagglehub/datasets/aryashah2k/breast-ultrasound-images-dataset/versions/1/Dataset_BUSI_with_GT/normal/normal (53).png,VALID_MAMMOGRAM,1,train
datasets/generic_negatives/generic_0051.jpg,INVALID_INPUT,0,train
C:/Users/Ankit/.cache/kagglehub/datasets/aryashah2k/breast-ultrasound-images-dataset/versions/1/Dataset_BUSI_with_GT/malignant/malignant (51).png,VALID_MAMMOGRAM,1,train
C:/Users/Ankit/.cache/kagglehub/datasets/aryashah2k/breast-ultrasound-images-dataset/versions/1/Dataset_BUSI_with_GT/benign/benign (263).png,VALID_MAMMOGRAM,1,train
datasets/generic_negatives/generic_0151.jpg,INVALID_INPUT,0,train
datasets/generic_negatives/generic_0028.jpg,INVALID_INPUT,0,train
C:/Users/Ankit/.cache/kagglehub/datasets/aryashah2k/breast-ultrasound-images-dataset/versions/1/Dataset_BUSI_with_GT/benign/benign (124).png,VALID_MAMMOGRAM,1,train
C:/Users/Ankit/.cache/kagglehub/datasets/aryashah2k/breast-ultrasound-images-dataset/versions/1/Dataset_BUSI_with_GT/benign/benign (404).png,VALID_MAMMOGRAM,1,train
datasets/generic_negatives/generic_0170.jpg,INVALID_INPUT,0,train
C:/Users/Ankit/.cache/kagglehub/datasets/aryashah2k/breast-ultrasound-images-dataset/versions/1/Dataset_BUSI_with_GT/normal/normal (22).png,VALID_MAMMOGRAM,1,train
C:/Users/Ankit/.cache/kagglehub/datasets/aryashah2k/breast-ultrasound-images-dataset/versions/1/Dataset_BUSI_with_GT/benign/benign (74).png,VALID_MAMMOGRAM,1,train
C:/Users/Ankit/.cache/kagglehub/datasets/aryashah2k/breast-ultrasound-images-dataset/versions/1/Dataset_BUSI_with_GT/malignant/malignant (175).png,VALID_MAMMOGRAM,1,train
C:/Users/Ankit/.cache/kagglehub/datasets/aryashah2k/breast-ultrasound-images-dataset/versions/1/Dataset_BUSI_with_GT/normal/normal (107).png,VALID_MAMMOGRAM,1,train
C:/Users/Ankit/.cache/kagglehub/datasets/aryashah2k/breast-ultrasound-images-dataset/versions/1/Dataset_BUSI_with_GT/benign/benign (422).png,VALID_MAMMOGRAM,1,train
C:/Users/Ankit/.cache/kagglehub/datasets/aryashah2k/breast-ultrasound-images-dataset/versions/1/Dataset_BUSI_with_GT/normal/normal (40).png,VALID_MAMMOGRAM,1,train
C:/Users/Ankit/.cache/kagglehub/datasets/aryashah2k/breast-ultrasound-images-dataset/versions/1/Dataset_BUSI_with_GT/benign/benign (163).png,VALID_MAMMOGRAM,1,train
datasets/generic_negatives/generic_0165.jpg,INVALID_INPUT,0,train
C:/Users/Ankit/.cache/kagglehub/datasets/aryashah2k/breast-ultrasound-images-dataset/versions/1/Dataset_BUSI_with_GT/benign/benign (401).png,VALID_MAMMOGRAM,1,train
C:/Users/Ankit/.cache/kagglehub/datasets/aryashah2k/breast-ultrasound-images-dataset/versions/1/Dataset_BUSI_with_GT/benign/benign (73).png,VALID_MAMMOGRAM,1,train
C:/Users/Ankit/.cache/kagglehub/datasets/aryashah2k/breast-ultrasound-images-dataset/versions/1/Dataset_BUSI_with_GT/benign/benign (277).png,VALID_MAMMOGRAM,1,train
C:/Users/Ankit/.cache/kagglehub/datasets/aryashah2k/breast-ultrasound-images-dataset/versions/1/Dataset_BUSI_with_GT/normal/normal (124).png,VALID_MAMMOGRAM,1,train
C:/Users/Ankit/.cache/kagglehub/datasets/aryashah2k/breast-ultrasound-images-dataset/versions/1/Dataset_BUSI_with_GT/benign/benign (120).png,VALID_MAMMOGRAM,1,train
datasets/generic_negatives/generic_0284.jpg,INVALID_INPUT,0,train
C:/Users/Ankit/.cache/kagglehub/datasets/aryashah2k/breast-ultrasound-images-dataset/versions/1/Dataset_BUSI_with_GT/benign/benign (309).png,VALID_MAMMOGRAM,1,train
C:/Users/Ankit/.cache/kagglehub/datasets/aryashah2k/breast-ultrasound-images-dataset/versions/1/Dataset_BUSI_with_GT/benign/benign (380).png,VALID_MAMMOGRAM,1,train
C:/Users/Ankit/.cache/kagglehub/datasets/aryashah2k/breast-ultrasound-images-dataset/versions/1/Dataset_BUSI_with_GT/benign/benign (421).png,VALID_MAMMOGRAM,1,train
C:/Users/Ankit/.cache/kagglehub/datasets/aryashah2k/breast-ultrasound-images-dataset/versions/1/Dataset_BUSI_with_GT/malignant/malignant (13).png,VALID_MAMMOGRAM,1,train
C:/Users/Ankit/.cache/kagglehub/datasets/aryashah2k/breast-ultrasound-images-dataset/versions/1/Dataset_BUSI_with_GT/benign/benign (283).png,VALID_MAMMOGRAM,1,train
C:/Users/Ankit/.cache/kagglehub/datasets/aryashah2k/breast-ultrasound-images-dataset/versions/1/Dataset_BUSI_with_GT/benign/benign (303).png,VALID_MAMMOGRAM,1,train
C:/Users/Ankit/.cache/kagglehub/datasets/aryashah2k/breast-ultrasound-images-dataset/versions/1/Dataset_BUSI_with_GT/malignant/malignant (139).png,VALID_MAMMOGRAM,1,train
datasets/generic_negatives/generic_0264.jpg,INVALID_INPUT,0,train
C:/Users/Ankit/.cache/kagglehub/datasets/aryashah2k/breast-ultrasound-images-dataset/versions/1/Dataset_BUSI_with_GT/benign/benign (58).png,VALID_MAMMOGRAM,1,train
C:/Users/Ankit/.cache/kagglehub/datasets/aryashah2k/breast-ultrasound-images-dataset/versions/1/Dataset_BUSI_with_GT/benign/benign (199).png,VALID_MAMMOGRAM,1,train
C:/Users/Ankit/.cache/kagglehub/datasets/aryashah2k/breast-ultrasound-images-dataset/versions/1/Dataset_BUSI_with_GT/normal/normal (43).png,VALID_MAMMOGRAM,1,train
datasets/generic_negatives/generic_0346.jpg,INVALID_INPUT,0,train
C:/Users/Ankit/.cache/kagglehub/datasets/aryashah2k/breast-ultrasound-images-dataset/versions/1/Dataset_BUSI_with_GT/benign/benign (345).png,VALID_MAMMOGRAM,1,train
datasets/generic_negatives/generic_0173.jpg,INVALID_INPUT,0,train
datasets/generic_negatives/generic_0074.jpg,INVALID_INPUT,0,train
C:/Users/Ankit/.cache/kagglehub/datasets/aryashah2k/breast-ultrasound-images-dataset/versions/1/Dataset_BUSI_with_GT/benign/benign (85).png,VALID_MAMMOGRAM,1,train
C:/Users/Ankit/.cache/kagglehub/datasets/aryashah2k/breast-ultrasound-images-dataset/versions/1/Dataset_BUSI_with_GT/benign/benign (405).png,VALID_MAMMOGRAM,1,train
C:/Users/Ankit/.cache/kagglehub/datasets/aryashah2k/breast-ultrasound-images-dataset/versions/1/Dataset_BUSI_with_GT/benign/benign (264).png,VALID_MAMMOGRAM,1,train
C:/Users/Ankit/.cache/kagglehub/datasets/aryashah2k/breast-ultrasound-images-dataset/versions/1/Dataset_BUSI_with_GT/benign/benign (121).png,VALID_MAMMOGRAM,1,train
C:/Users/Ankit/.cache/kagglehub/datasets/aryashah2k/breast-ultrasound-images-dataset/versions/1/Dataset_BUSI_with_GT/benign/benign (86).png,VALID_MAMMOGRAM,1,train
C:/Users/Ankit/.cache/kagglehub/datasets/aryashah2k/breast-ultrasound-images-dataset/versions/1/Dataset_BUSI_with_GT/benign/benign (262).png,VALID_MAMMOGRAM,1,train
C:/Users/Ankit/.cache/kagglehub/datasets/aryashah2k/breast-ultrasound-images-dataset/versions/1/Dataset_BUSI_with_GT/benign/benign (249).png,VALID_MAMMOGRAM,1,train
datasets/generic_negatives/generic_0146.jpg,INVALID_INPUT,0,train
datasets/generic_negatives/generic_0120.jpg,INVALID_INPUT,0,train
C:/Users/Ankit/.cache/kagglehub/datasets/aryashah2k/breast-ultrasound-images-dataset/versions/1/Dataset_BUSI_with_GT/malignant/malignant (89).png,VALID_MAMMOGRAM,1,train
datasets/generic_negatives/generic_0144.jpg,INVALID_INPUT,0,train
C:/Users/Ankit/.cache/kagglehub/datasets/aryashah2k/breast-ultrasound-images-dataset/versions/1/Dataset_BUSI_with_GT/malignant/malignant (32).png,VALID_MAMMOGRAM,1,train
datasets/generic_negatives/generic_0191.jpg,INVALID_INPUT,0,train
C:/Users/Ankit/.cache/kagglehub/datasets/aryashah2k/breast-ultrasound-images-dataset/versions/1/Dataset_BUSI_with_GT/benign/benign (194).png,VALID_MAMMOGRAM,1,train
C:/Users/Ankit/.cache/kagglehub/datasets/aryashah2k/breast-ultrasound-images-dataset/versions/1/Dataset_BUSI_with_GT/normal/normal (130).png,VALID_MAMMOGRAM,1,train
datasets/generic_negatives/generic_0163.jpg,INVALID_INPUT,0,train
C:/Users/Ankit/.cache/kagglehub/datasets/aryashah2k/breast-ultrasound-images-dataset/versions/1/Dataset_BUSI_with_GT/normal/normal (25).png,VALID_MAMMOGRAM,1,train
datasets/generic_negatives/generic_0020.jpg,INVALID_INPUT,0,train
C:/Users/Ankit/.cache/kagglehub/datasets/aryashah2k/breast-ultrasound-images-dataset/versions/1/Dataset_BUSI_with_GT/benign/benign (429).png,VALID_MAMMOGRAM,1,train
datasets/generic_negatives/generic_0373.jpg,INVALID_INPUT,0,train
C:/Users/Ankit/.cache/kagglehub/datasets/aryashah2k/breast-ultrasound-images-dataset/versions/1/Dataset_BUSI_with_GT/benign/benign (435).png,VALID_MAMMOGRAM,1,train
C:/Users/Ankit/.cache/kagglehub/datasets/aryashah2k/breast-ultrasound-images-dataset/versions/1/Dataset_BUSI_with_GT/benign/benign (383).png,VALID_MAMMOGRAM,1,train
C:/Users/Ankit/.cache/kagglehub/datasets/aryashah2k/breast-ultrasound-images-dataset/versions/1/Dataset_BUSI_with_GT/benign/benign (137).png,VALID_MAMMOGRAM,1,train
datasets/generic_negatives/generic_0293.jpg,INVALID_INPUT,0,train
datasets/generic_negatives/generic_0382.jpg,INVALID_INPUT,0,train
C:/Users/Ankit/.cache/kagglehub/datasets/aryashah2k/breast-ultrasound-images-dataset/versions/1/Dataset_BUSI_with_GT/benign/benign (235).png,VALID_MAMMOGRAM,1,train
C:/Users/Ankit/.cache/kagglehub/datasets/aryashah2k/breast-ultrasound-images-dataset/versions/1/Dataset_BUSI_with_GT/malignant/malignant (25).png,VALID_MAMMOGRAM,1,train
C:/Users/Ankit/.cache/kagglehub/datasets/aryashah2k/breast-ultrasound-images-dataset/versions/1/Dataset_BUSI_with_GT/malignant/malignant (53).png,VALID_MAMMOGRAM,1,train
datasets/generic_negatives/generic_0198.jpg,INVALID_INPUT,0,train
C:/Users/Ankit/.cache/kagglehub/datasets/aryashah2k/breast-ultrasound-images-dataset/versions/1/Dataset_BUSI_with_GT/benign/benign (131).png,VALID_MAMMOGRAM,1,train
C:/Users/Ankit/.cache/kagglehub/datasets/aryashah2k/breast-ultrasound-images-dataset/versions/1/Dataset_BUSI_with_GT/malignant/malignant (208).png,VALID_MAMMOGRAM,1,train
C:/Users/Ankit/.cache/kagglehub/datasets/aryashah2k/breast-ultrasound-images-dataset/versions/1/Dataset_BUSI_with_GT/benign/benign (236).png,VALID_MAMMOGRAM,1,train
C:/Users/Ankit/.cache/kagglehub/datasets/aryashah2k/breast-ultrasound-images-dataset/versions/1/Dataset_BUSI_with_GT/normal/normal (33).png,VALID_MAMMOGRAM,1,train
datasets/generic_negatives/generic_0161.jpg,INVALID_INPUT,0,train
datasets/generic_negatives/generic_0324.jpg,INVALID_INPUT,0,train
datasets/generic_negatives/generic_0060.jpg,INVALID_INPUT,0,train
C:/Users/Ankit/.cache/kagglehub/datasets/aryashah2k/breast-ultrasound-images-dataset/versions/1/Dataset_BUSI_with_GT/malignant/malignant (33).png,VALID_MAMMOGRAM,1,train
C:/Users/Ankit/.cache/kagglehub/datasets/aryashah2k/breast-ultrasound-images-dataset/versions/1/Dataset_BUSI_with_GT/malignant/malignant (1).png,VALID_MAMMOGRAM,1,train
C:/Users/Ankit/.cache/kagglehub/datasets/aryashah2k/breast-ultrasound-images-dataset/versions/1/Dataset_BUSI_with_GT/normal/normal (47).png,VALID_MAMMOGRAM,1,train
C:/Users/Ankit/.cache/kagglehub/datasets/aryashah2k/breast-ultrasound-images-dataset/versions/1/Dataset_BUSI_with_GT/malignant/malignant (24).png,VALID_MAMMOGRAM,1,train
C:/Users/Ankit/.cache/kagglehub/datasets/aryashah2k/breast-ultrasound-images-dataset/versions/1/Dataset_BUSI_with_GT/malignant/malignant (112).png,VALID_MAMMOGRAM,1,train
C:/Users/Ankit/.cache/kagglehub/datasets/aryashah2k/breast-ultrasound-images-dataset/versions/1/Dataset_BUSI_with_GT/normal/normal (80).png,VALID_MAMMOGRAM,1,train
C:/Users/Ankit/.cache/kagglehub/datasets/aryashah2k/breast-ultrasound-images-dataset/versions/1/Dataset_BUSI_with_GT/benign/benign (248).png,VALID_MAMMOGRAM,1,train
C:/Users/Ankit/.cache/kagglehub/datasets/aryashah2k/breast-ultrasound-images-dataset/versions/1/Dataset_BUSI_with_GT/benign/benign (340).png,VALID_MAMMOGRAM,1,train
C:/Users/Ankit/.cache/kagglehub/datasets/aryashah2k/breast-ultrasound-images-dataset/versions/1/Dataset_BUSI_with_GT/normal/normal (103).png,VALID_MAMMOGRAM,1,train
C:/Users/Ankit/.cache/kagglehub/datasets/aryashah2k/breast-ultrasound-images-dataset/versions/1/Dataset_BUSI_with_GT/benign/benign (219).png,VALID_MAMMOGRAM,1,train
C:/Users/Ankit/.cache/kagglehub/datasets/aryashah2k/breast-ultrasound-images-dataset/versions/1/Dataset_BUSI_with_GT/benign/benign (406).png,VALID_MAMMOGRAM,1,train
C:/Users/Ankit/.cache/kagglehub/datasets/aryashah2k/breast-ultrasound-images-dataset/versions/1/Dataset_BUSI_with_GT/benign/benign (101).png,VALID_MAMMOGRAM,1,train
C:/Users/Ankit/.cache/kagglehub/datasets/aryashah2k/breast-ultrasound-images-dataset/versions/1/Dataset_BUSI_with_GT/benign/benign (14).png,VALID_MAMMOGRAM,1,train
datasets/generic_negatives/generic_0302.jpg,INVALID_INPUT,0,train
datasets/generic_negatives/generic_0128.jpg,INVALID_INPUT,0,train
datasets/generic_negatives/generic_0015.jpg,INVALID_INPUT,0,train
C:/Users/Ankit/.cache/kagglehub/datasets/aryashah2k/breast-ultrasound-images-dataset/versions/1/Dataset_BUSI_with_GT/benign/benign (184).png,VALID_MAMMOGRAM,1,train
C:/Users/Ankit/.cache/kagglehub/datasets/aryashah2k/breast-ultrasound-images-dataset/versions/1/Dataset_BUSI_with_GT/benign/benign (146).png,VALID_MAMMOGRAM,1,train
datasets/generic_negatives/generic_0253.jpg,INVALID_INPUT,0,train
C:/Users/Ankit/.cache/kagglehub/datasets/aryashah2k/breast-ultrasound-images-dataset/versions/1/Dataset_BUSI_with_GT/malignant/malignant (156).png,VALID_MAMMOGRAM,1,train
C:/Users/Ankit/.cache/kagglehub/datasets/aryashah2k/breast-ultrasound-images-dataset/versions/1/Dataset_BUSI_with_GT/malignant/malignant (171).png,VALID_MAMMOGRAM,1,train
datasets/generic_negatives/generic_0029.jpg,INVALID_INPUT,0,train
C:/Users/Ankit/.cache/kagglehub/datasets/aryashah2k/breast-ultrasound-images-dataset/versions/1/Dataset_BUSI_with_GT/normal/normal (100).png,VALID_MAMMOGRAM,1,train
C:/Users/Ankit/.cache/kagglehub/datasets/aryashah2k/breast-ultrasound-images-dataset/versions/1/Dataset_BUSI_with_GT/normal/normal (3).png,VALID_MAMMOGRAM,1,train
C:/Users/Ankit/.cache/kagglehub/datasets/aryashah2k/breast-ultrasound-images-dataset/versions/1/Dataset_BUSI_with_GT/benign/benign (287).png,VALID_MAMMOGRAM,1,train
C:/Users/Ankit/.cache/kagglehub/datasets/aryashah2k/breast-ultrasound-images-dataset/versions/1/Dataset_BUSI_with_GT/benign/benign (415).png,VALID_MAMMOGRAM,1,train
C:/Users/Ankit/.cache/kagglehub/datasets/aryashah2k/breast-ultrasound-images-dataset/versions/1/Dataset_BUSI_with_GT/normal/normal (58).png,VALID_MAMMOGRAM,1,train
C:/Users/Ankit/.cache/kagglehub/datasets/aryashah2k/breast-ultrasound-images-dataset/versions/1/Dataset_BUSI_with_GT/benign/benign (293).png,VALID_MAMMOGRAM,1,train
C:/Users/Ankit/.cache/kagglehub/datasets/aryashah2k/breast-ultrasound-images-dataset/versions/1/Dataset_BUSI_with_GT/malignant/malignant (74).png,VALID_MAMMOGRAM,1,train
C:/Users/Ankit/.cache/kagglehub/datasets/aryashah2k/breast-ultrasound-images-dataset/versions/1/Dataset_BUSI_with_GT/benign/benign (359).png,VALID_MAMMOGRAM,1,train
C:/Users/Ankit/.cache/kagglehub/datasets/aryashah2k/breast-ultrasound-images-dataset/versions/1/Dataset_BUSI_with_GT/benign/benign (35).png,VALID_MAMMOGRAM,1,train
C:/Users/Ankit/.cache/kagglehub/datasets/aryashah2k/breast-ultrasound-images-dataset/versions/1/Dataset_BUSI_with_GT/benign/benign (242).png,VALID_MAMMOGRAM,1,train
C:/Users/Ankit/.cache/kagglehub/datasets/aryashah2k/breast-ultrasound-images-dataset/versions/1/Dataset_BUSI_with_GT/malignant/malignant (26).png,VALID_MAMMOGRAM,1,train
C:/Users/Ankit/.cache/kagglehub/datasets/aryashah2k/breast-ultrasound-images-dataset/versions/1/Dataset_BUSI_with_GT/normal/normal (81).png,VALID_MAMMOGRAM,1,train
C:/Users/Ankit/.cache/kagglehub/datasets/aryashah2k/breast-ultrasound-images-dataset/versions/1/Dataset_BUSI_with_GT/benign/benign (198).png,VALID_MAMMOGRAM,1,train
datasets/generic_negatives/generic_0272.jpg,INVALID_INPUT,0,train
C:/Users/Ankit/.cache/kagglehub/datasets/aryashah2k/breast-ultrasound-images-dataset/versions/1/Dataset_BUSI_with_GT/benign/benign (342).png,VALID_MAMMOGRAM,1,train
C:/Users/Ankit/.cache/kagglehub/datasets/aryashah2k/breast-ultrasound-images-dataset/versions/1/Dataset_BUSI_with_GT/benign/benign (222).png,VALID_MAMMOGRAM,1,train
C:/Users/Ankit/.cache/kagglehub/datasets/aryashah2k/breast-ultrasound-images-dataset/versions/1/Dataset_BUSI_with_GT/benign/benign (195).png,VALID_MAMMOGRAM,1,train
C:/Users/Ankit/.cache/kagglehub/datasets/aryashah2k/breast-ultrasound-images-dataset/versions/1/Dataset_BUSI_with_GT/normal/normal (128).png,VALID_MAMMOGRAM,1,train
C:/Users/Ankit/.cache/kagglehub/datasets/aryashah2k/breast-ultrasound-images-dataset/versions/1/Dataset_BUSI_with_GT/benign/benign (375).png,VALID_MAMMOGRAM,1,train
datasets/generic_negatives/generic_0231.jpg,INVALID_INPUT,0,train
C:/Users/Ankit/.cache/kagglehub/datasets/aryashah2k/breast-ultrasound-images-dataset/versions/1/Dataset_BUSI_with_GT/normal/normal (131).png,VALID_MAMMOGRAM,1,train
C:/Users/Ankit/.cache/kagglehub/datasets/aryashah2k/breast-ultrasound-images-dataset/versions/1/Dataset_BUSI_with_GT/benign/benign (106).png,VALID_MAMMOGRAM,1,train
datasets/generic_negatives/generic_0361.jpg,INVALID_INPUT,0,train
datasets/generic_negatives/generic_0183.jpg,INVALID_INPUT,0,train
C:/Users/Ankit/.cache/kagglehub/datasets/aryashah2k/breast-ultrasound-images-dataset/versions/1/Dataset_BUSI_with_GT/malignant/malignant (80).png,VALID_MAMMOGRAM,1,train
C:/Users/Ankit/.cache/kagglehub/datasets/aryashah2k/breast-ultrasound-images-dataset/versions/1/Dataset_BUSI_with_GT/benign/benign (378).png,VALID_MAMMOGRAM,1,train
C:/Users/Ankit/.cache/kagglehub/datasets/aryashah2k/breast-ultrasound-images-dataset/versions/1/Dataset_BUSI_with_GT/normal/normal (45).png,VALID_MAMMOGRAM,1,train
C:/Users/Ankit/.cache/kagglehub/datasets/aryashah2k/breast-ultrasound-images-dataset/versions/1/Dataset_BUSI_with_GT/malignant/malignant (206).png,VALID_MAMMOGRAM,1,train
datasets/generic_negatives/generic_0314.jpg,INVALID_INPUT,0,train
datasets/generic_negatives/generic_0158.jpg,INVALID_INPUT,0,train
C:/Users/Ankit/.cache/kagglehub/datasets/aryashah2k/breast-ultrasound-images-dataset/versions/1/Dataset_BUSI_with_GT/benign/benign (361).png,VALID_MAMMOGRAM,1,train
C:/Users/Ankit/.cache/kagglehub/datasets/aryashah2k/breast-ultrasound-images-dataset/versions/1/Dataset_BUSI_with_GT/benign/benign (46).png,VALID_MAMMOGRAM,1,train
C:/Users/Ankit/.cache/kagglehub/datasets/aryashah2k/breast-ultrasound-images-dataset/versions/1/Dataset_BUSI_with_GT/benign/benign (324).png,VALID_MAMMOGRAM,1,train
datasets/generic_negatives/generic_0157.jpg,INVALID_INPUT,0,train
C:/Users/Ankit/.cache/kagglehub/datasets/aryashah2k/breast-ultrasound-images-dataset/versions/1/Dataset_BUSI_with_GT/benign/benign (420).png,VALID_MAMMOGRAM,1,train
datasets/generic_negatives/generic_0208.jpg,INVALID_INPUT,0,train
datasets/generic_negatives/generic_0070.jpg,INVALID_INPUT,0,train
C:/Users/Ankit/.cache/kagglehub/datasets/aryashah2k/breast-ultrasound-images-dataset/versions/1/Dataset_BUSI_with_GT/malignant/malignant (172).png,VALID_MAMMOGRAM,1,train
datasets/generic_negatives/generic_0241.jpg,INVALID_INPUT,0,train
C:/Users/Ankit/.cache/kagglehub/datasets/aryashah2k/breast-ultrasound-images-dataset/versions/1/Dataset_BUSI_with_GT/malignant/malignant (200).png,VALID_MAMMOGRAM,1,train
C:/Users/Ankit/.cache/kagglehub/datasets/aryashah2k/breast-ultrasound-images-dataset/versions/1/Dataset_BUSI_with_GT/benign/benign (167).png,VALID_MAMMOGRAM,1,train
C:/Users/Ankit/.cache/kagglehub/datasets/aryashah2k/breast-ultrasound-images-dataset/versions/1/Dataset_BUSI_with_GT/benign/benign (191).png,VALID_MAMMOGRAM,1,train
C:/Users/Ankit/.cache/kagglehub/datasets/aryashah2k/breast-ultrasound-images-dataset/versions/1/Dataset_BUSI_with_GT/malignant/malignant (35).png,VALID_MAMMOGRAM,1,train
C:/Users/Ankit/.cache/kagglehub/datasets/aryashah2k/breast-ultrasound-images-dataset/versions/1/Dataset_BUSI_with_GT/malignant/malignant (9).png,VALID_MAMMOGRAM,1,train
datasets/generic_negatives/generic_0323.jpg,INVALID_INPUT,0,train
C:/Users/Ankit/.cache/kagglehub/datasets/aryashah2k/breast-ultrasound-images-dataset/versions/1/Dataset_BUSI_with_GT/benign/benign (107).png,VALID_MAMMOGRAM,1,train
C:/Users/Ankit/.cache/kagglehub/datasets/aryashah2k/breast-ultrasound-images-dataset/versions/1/Dataset_BUSI_with_GT/benign/benign (166).png,VALID_MAMMOGRAM,1,train
C:/Users/Ankit/.cache/kagglehub/datasets/aryashah2k/breast-ultrasound-images-dataset/versions/1/Dataset_BUSI_with_GT/normal/normal (9).png,VALID_MAMMOGRAM,1,train
datasets/generic_negatives/generic_0077.jpg,INVALID_INPUT,0,train
C:/Users/Ankit/.cache/kagglehub/datasets/aryashah2k/breast-ultrasound-images-dataset/versions/1/Dataset_BUSI_with_GT/malignant/malignant (127).png,VALID_MAMMOGRAM,1,train
C:/Users/Ankit/.cache/kagglehub/datasets/aryashah2k/breast-ultrasound-images-dataset/versions/1/Dataset_BUSI_with_GT/benign/benign (376).png,VALID_MAMMOGRAM,1,train
C:/Users/Ankit/.cache/kagglehub/datasets/aryashah2k/breast-ultrasound-images-dataset/versions/1/Dataset_BUSI_with_GT/normal/normal (110).png,VALID_MAMMOGRAM,1,train
C:/Users/Ankit/.cache/kagglehub/datasets/aryashah2k/breast-ultrasound-images-dataset/versions/1/Dataset_BUSI_with_GT/normal/normal (15).png,VALID_MAMMOGRAM,1,train
C:/Users/Ankit/.cache/kagglehub/datasets/aryashah2k/breast-ultrasound-images-dataset/versions/1/Dataset_BUSI_with_GT/benign/benign (22).png,VALID_MAMMOGRAM,1,train
C:/Users/Ankit/.cache/kagglehub/datasets/aryashah2k/breast-ultrasound-images-dataset/versions/1/Dataset_BUSI_with_GT/benign/benign (70).png,VALID_MAMMOGRAM,1,train
datasets/generic_negatives/generic_0133.jpg,INVALID_INPUT,0,train
C:/Users/Ankit/.cache/kagglehub/datasets/aryashah2k/breast-ultrasound-images-dataset/versions/1/Dataset_BUSI_with_GT/benign/benign (319).png,VALID_MAMMOGRAM,1,train
datasets/generic_negatives/generic_0282.jpg,INVALID_INPUT,0,train
C:/Users/Ankit/.cache/kagglehub/datasets/aryashah2k/breast-ultrasound-images-dataset/versions/1/Dataset_BUSI_with_GT/normal/normal (57).png,VALID_MAMMOGRAM,1,train
datasets/generic_negatives/generic_0212.jpg,INVALID_INPUT,0,train
datasets/generic_negatives/generic_0367.jpg,INVALID_INPUT,0,train
C:/Users/Ankit/.cache/kagglehub/datasets/aryashah2k/breast-ultrasound-images-dataset/versions/1/Dataset_BUSI_with_GT/benign/benign (34).png,VALID_MAMMOGRAM,1,train
datasets/generic_negatives/generic_0281.jpg,INVALID_INPUT,0,train
C:/Users/Ankit/.cache/kagglehub/datasets/aryashah2k/breast-ultrasound-images-dataset/versions/1/Dataset_BUSI_with_GT/malignant/malignant (188).png,VALID_MAMMOGRAM,1,train
C:/Users/Ankit/.cache/kagglehub/datasets/aryashah2k/breast-ultrasound-images-dataset/versions/1/Dataset_BUSI_with_GT/malignant/malignant (37).png,VALID_MAMMOGRAM,1,train
C:/Users/Ankit/.cache/kagglehub/datasets/aryashah2k/breast-ultrasound-images-dataset/versions/1/Dataset_BUSI_with_GT/malignant/malignant (54).png,VALID_MAMMOGRAM,1,train
C:/Users/Ankit/.cache/kagglehub/datasets/aryashah2k/breast-ultrasound-images-dataset/versions/1/Dataset_BUSI_with_GT/normal/normal (122).png,VALID_MAMMOGRAM,1,train
datasets/generic_negatives/generic_0380.jpg,INVALID_INPUT,0,train
C:/Users/Ankit/.cache/kagglehub/datasets/aryashah2k/breast-ultrasound-images-dataset/versions/1/Dataset_BUSI_with_GT/benign/benign (174).png,VALID_MAMMOGRAM,1,train
C:/Users/Ankit/.cache/kagglehub/datasets/aryashah2k/breast-ultrasound-images-dataset/versions/1/Dataset_BUSI_with_GT/malignant/malignant (88).png,VALID_MAMMOGRAM,1,train
C:/Users/Ankit/.cache/kagglehub/datasets/aryashah2k/breast-ultrasound-images-dataset/versions/1/Dataset_BUSI_with_GT/benign/benign (135).png,VALID_MAMMOGRAM,1,train
C:/Users/Ankit/.cache/kagglehub/datasets/aryashah2k/breast-ultrasound-images-dataset/versions/1/Dataset_BUSI_with_GT/malignant/malignant (64).png,VALID_MAMMOGRAM,1,train
datasets/generic_negatives/generic_0347.jpg,INVALID_INPUT,0,train
C:/Users/Ankit/.cache/kagglehub/datasets/aryashah2k/breast-ultrasound-images-dataset/versions/1/Dataset_BUSI_with_GT/benign/benign (326).png,VALID_MAMMOGRAM,1,train
C:/Users/Ankit/.cache/kagglehub/datasets/aryashah2k/breast-ultrasound-images-dataset/versions/1/Dataset_BUSI_with_GT/malignant/malignant (41).png,VALID_MAMMOGRAM,1,train
C:/Users/Ankit/.cache/kagglehub/datasets/aryashah2k/breast-ultrasound-images-dataset/versions/1/Dataset_BUSI_with_GT/benign/benign (209).png,VALID_MAMMOGRAM,1,train
C:/Users/Ankit/.cache/kagglehub/datasets/aryashah2k/breast-ultrasound-images-dataset/versions/1/Dataset_BUSI_with_GT/benign/benign (78).png,VALID_MAMMOGRAM,1,train
C:/Users/Ankit/.cache/kagglehub/datasets/aryashah2k/breast-ultrasound-images-dataset/versions/1/Dataset_BUSI_with_GT/benign/benign (315).png,VALID_MAMMOGRAM,1,train
C:/Users/Ankit/.cache/kagglehub/datasets/aryashah2k/breast-ultrasound-images-dataset/versions/1/Dataset_BUSI_with_GT/normal/normal (19).png,VALID_MAMMOGRAM,1,train
datasets/generic_negatives/generic_0221.jpg,INVALID_INPUT,0,train
C:/Users/Ankit/.cache/kagglehub/datasets/aryashah2k/breast-ultrasound-images-dataset/versions/1/Dataset_BUSI_with_GT/malignant/malignant (65).png,VALID_MAMMOGRAM,1,train
C:/Users/Ankit/.cache/kagglehub/datasets/aryashah2k/breast-ultrasound-images-dataset/versions/1/Dataset_BUSI_with_GT/benign/benign (162).png,VALID_MAMMOGRAM,1,train
C:/Users/Ankit/.cache/kagglehub/datasets/aryashah2k/breast-ultrasound-images-dataset/versions/1/Dataset_BUSI_with_GT/benign/benign (270).png,VALID_MAMMOGRAM,1,train
datasets/generic_negatives/generic_0091.jpg,INVALID_INPUT,0,train
C:/Users/Ankit/.cache/kagglehub/datasets/aryashah2k/breast-ultrasound-images-dataset/versions/1/Dataset_BUSI_with_GT/benign/benign (173).png,VALID_MAMMOGRAM,1,train
C:/Users/Ankit/.cache/kagglehub/datasets/aryashah2k/breast-ultrasound-images-dataset/versions/1/Dataset_BUSI_with_GT/malignant/malignant (174).png,VALID_MAMMOGRAM,1,train
datasets/generic_negatives/generic_0109.jpg,INVALID_INPUT,0,train
datasets/generic_negatives/generic_0257.jpg,INVALID_INPUT,0,train
C:/Users/Ankit/.cache/kagglehub/datasets/aryashah2k/breast-ultrasound-images-dataset/versions/1/Dataset_BUSI_with_GT/malignant/malignant (195).png,VALID_MAMMOGRAM,1,train
datasets/generic_negatives/generic_0093.jpg,INVALID_INPUT,0,train
datasets/generic_negatives/generic_0289.jpg,INVALID_INPUT,0,train
C:/Users/Ankit/.cache/kagglehub/datasets/aryashah2k/breast-ultrasound-images-dataset/versions/1/Dataset_BUSI_with_GT/malignant/malignant (145).png,VALID_MAMMOGRAM,1,train
C:/Users/Ankit/.cache/kagglehub/datasets/aryashah2k/breast-ultrasound-images-dataset/versions/1/Dataset_BUSI_with_GT/malignant/malignant (55).png,VALID_MAMMOGRAM,1,train
datasets/generic_negatives/generic_0154.jpg,INVALID_INPUT,0,train
C:/Users/Ankit/.cache/kagglehub/datasets/aryashah2k/breast-ultrasound-images-dataset/versions/1/Dataset_BUSI_with_GT/benign/benign (151).png,VALID_MAMMOGRAM,1,train
C:/Users/Ankit/.cache/kagglehub/datasets/aryashah2k/breast-ultrasound-images-dataset/versions/1/Dataset_BUSI_with_GT/benign/benign (389).png,VALID_MAMMOGRAM,1,train
datasets/generic_negatives/generic_0269.jpg,INVALID_INPUT,0,train
datasets/generic_negatives/generic_0180.jpg,INVALID_INPUT,0,train
C:/Users/Ankit/.cache/kagglehub/datasets/aryashah2k/breast-ultrasound-images-dataset/versions/1/Dataset_BUSI_with_GT/malignant/malignant (205).png,VALID_MAMMOGRAM,1,train
C:/Users/Ankit/.cache/kagglehub/datasets/aryashah2k/breast-ultrasound-images-dataset/versions/1/Dataset_BUSI_with_GT/normal/normal (75).png,VALID_MAMMOGRAM,1,train
C:/Users/Ankit/.cache/kagglehub/datasets/aryashah2k/breast-ultrasound-images-dataset/versions/1/Dataset_BUSI_with_GT/malignant/malignant (50).png,VALID_MAMMOGRAM,1,train
C:/Users/Ankit/.cache/kagglehub/datasets/aryashah2k/breast-ultrasound-images-dataset/versions/1/Dataset_BUSI_with_GT/benign/benign (152).png,VALID_MAMMOGRAM,1,train
C:/Users/Ankit/.cache/kagglehub/datasets/aryashah2k/breast-ultrasound-images-dataset/versions/1/Dataset_BUSI_with_GT/benign/benign (3).png,VALID_MAMMOGRAM,1,train
C:/Users/Ankit/.cache/kagglehub/datasets/aryashah2k/breast-ultrasound-images-dataset/versions/1/Dataset_BUSI_with_GT/benign/benign (372).png,VALID_MAMMOGRAM,1,train
datasets/generic_negatives/generic_0171.jpg,INVALID_INPUT,0,train
C:/Users/Ankit/.cache/kagglehub/datasets/aryashah2k/breast-ultrasound-images-dataset/versions/1/Dataset_BUSI_with_GT/benign/benign (241).png,VALID_MAMMOGRAM,1,train
C:/Users/Ankit/.cache/kagglehub/datasets/aryashah2k/breast-ultrasound-images-dataset/versions/1/Dataset_BUSI_with_GT/malignant/malignant (154).png,VALID_MAMMOGRAM,1,train
datasets/generic_negatives/generic_0363.jpg,INVALID_INPUT,0,train
C:/Users/Ankit/.cache/kagglehub/datasets/aryashah2k/breast-ultrasound-images-dataset/versions/1/Dataset_BUSI_with_GT/normal/normal (126).png,VALID_MAMMOGRAM,1,train
datasets/generic_negatives/generic_0342.jpg,INVALID_INPUT,0,train
datasets/generic_negatives/generic_0132.jpg,INVALID_INPUT,0,train
C:/Users/Ankit/.cache/kagglehub/datasets/aryashah2k/breast-ultrasound-images-dataset/versions/1/Dataset_BUSI_with_GT/normal/normal (70).png,VALID_MAMMOGRAM,1,train
C:/Users/Ankit/.cache/kagglehub/datasets/aryashah2k/breast-ultrasound-images-dataset/versions/1/Dataset_BUSI_with_GT/normal/normal (39).png,VALID_MAMMOGRAM,1,train
datasets/generic_negatives/generic_0190.jpg,INVALID_INPUT,0,train
datasets/generic_negatives/generic_0311.jpg,INVALID_INPUT,0,train
C:/Users/Ankit/.cache/kagglehub/datasets/aryashah2k/breast-ultrasound-images-dataset/versions/1/Dataset_BUSI_with_GT/malignant/malignant (124).png,VALID_MAMMOGRAM,1,train
datasets/generic_negatives/generic_0200.jpg,INVALID_INPUT,0,train
datasets/generic_negatives/generic_0022.jpg,INVALID_INPUT,0,train
C:/Users/Ankit/.cache/kagglehub/datasets/aryashah2k/breast-ultrasound-images-dataset/versions/1/Dataset_BUSI_with_GT/benign/benign (343).png,VALID_MAMMOGRAM,1,train
C:/Users/Ankit/.cache/kagglehub/datasets/aryashah2k/breast-ultrasound-images-dataset/versions/1/Dataset_BUSI_with_GT/benign/benign (65).png,VALID_MAMMOGRAM,1,train
C:/Users/Ankit/.cache/kagglehub/datasets/aryashah2k/breast-ultrasound-images-dataset/versions/1/Dataset_BUSI_with_GT/benign/benign (100).png,VALID_MAMMOGRAM,1,train
C:/Users/Ankit/.cache/kagglehub/datasets/aryashah2k/breast-ultrasound-images-dataset/versions/1/Dataset_BUSI_with_GT/benign/benign (55).png,VALID_MAMMOGRAM,1,train
C:/Users/Ankit/.cache/kagglehub/datasets/aryashah2k/breast-ultrasound-images-dataset/versions/1/Dataset_BUSI_with_GT/benign/benign (250).png,VALID_MAMMOGRAM,1,train
datasets/generic_negatives/generic_0223.jpg,INVALID_INPUT,0,train
C:/Users/Ankit/.cache/kagglehub/datasets/aryashah2k/breast-ultrasound-images-dataset/versions/1/Dataset_BUSI_with_GT/benign/benign (75).png,VALID_MAMMOGRAM,1,train
datasets/generic_negatives/generic_0105.jpg,INVALID_INPUT,0,train
C:/Users/Ankit/.cache/kagglehub/datasets/aryashah2k/breast-ultrasound-images-dataset/versions/1/Dataset_BUSI_with_GT/benign/benign (296).png,VALID_MAMMOGRAM,1,train
C:/Users/Ankit/.cache/kagglehub/datasets/aryashah2k/breast-ultrasound-images-dataset/versions/1/Dataset_BUSI_with_GT/malignant/malignant (149).png,VALID_MAMMOGRAM,1,train
datasets/generic_negatives/generic_0211.jpg,INVALID_INPUT,0,train
datasets/generic_negatives/generic_0197.jpg,INVALID_INPUT,0,train
C:/Users/Ankit/.cache/kagglehub/datasets/aryashah2k/breast-ultrasound-images-dataset/versions/1/Dataset_BUSI_with_GT/benign/benign (252).png,VALID_MAMMOGRAM,1,train
C:/Users/Ankit/.cache/kagglehub/datasets/aryashah2k/breast-ultrasound-images-dataset/versions/1/Dataset_BUSI_with_GT/benign/benign (317).png,VALID_MAMMOGRAM,1,train
datasets/generic_negatives/generic_0089.jpg,INVALID_INPUT,0,train
C:/Users/Ankit/.cache/kagglehub/datasets/aryashah2k/breast-ultrasound-images-dataset/versions/1/Dataset_BUSI_with_GT/normal/normal (91).png,VALID_MAMMOGRAM,1,train
C:/Users/Ankit/.cache/kagglehub/datasets/aryashah2k/breast-ultrasound-images-dataset/versions/1/Dataset_BUSI_with_GT/benign/benign (185).png,VALID_MAMMOGRAM,1,train
C:/Users/Ankit/.cache/kagglehub/datasets/aryashah2k/breast-ultrasound-images-dataset/versions/1/Dataset_BUSI_with_GT/benign/benign (112).png,VALID_MAMMOGRAM,1,train
datasets/generic_negatives/generic_0076.jpg,INVALID_INPUT,0,train
C:/Users/Ankit/.cache/kagglehub/datasets/aryashah2k/breast-ultrasound-images-dataset/versions/1/Dataset_BUSI_with_GT/malignant/malignant (203).png,VALID_MAMMOGRAM,1,train
C:/Users/Ankit/.cache/kagglehub/datasets/aryashah2k/breast-ultrasound-images-dataset/versions/1/Dataset_BUSI_with_GT/normal/normal (117).png,VALID_MAMMOGRAM,1,train
datasets/generic_negatives/generic_0398.jpg,INVALID_INPUT,0,train
datasets/generic_negatives/generic_0181.jpg,INVALID_INPUT,0,train
datasets/generic_negatives/generic_0397.jpg,INVALID_INPUT,0,train
datasets/generic_negatives/generic_0096.jpg,INVALID_INPUT,0,train
datasets/generic_negatives/generic_0175.jpg,INVALID_INPUT,0,train
datasets/generic_negatives/generic_0047.jpg,INVALID_INPUT,0,train
C:/Users/Ankit/.cache/kagglehub/datasets/aryashah2k/breast-ultrasound-images-dataset/versions/1/Dataset_BUSI_with_GT/malignant/malignant (113).png,VALID_MAMMOGRAM,1,train
C:/Users/Ankit/.cache/kagglehub/datasets/aryashah2k/breast-ultrasound-images-dataset/versions/1/Dataset_BUSI_with_GT/benign/benign (169).png,VALID_MAMMOGRAM,1,train
datasets/generic_negatives/generic_0115.jpg,INVALID_INPUT,0,train
datasets/generic_negatives/generic_0357.jpg,INVALID_INPUT,0,train
C:/Users/Ankit/.cache/kagglehub/datasets/aryashah2k/breast-ultrasound-images-dataset/versions/1/Dataset_BUSI_with_GT/malignant/malignant (131).png,VALID_MAMMOGRAM,1,val
datasets/generic_negatives/generic_0213.jpg,INVALID_INPUT,0,val
C:/Users/Ankit/.cache/kagglehub/datasets/aryashah2k/breast-ultrasound-images-dataset/versions/1/Dataset_BUSI_with_GT/benign/benign (268).png,VALID_MAMMOGRAM,1,val
datasets/generic_negatives/generic_0317.jpg,INVALID_INPUT,0,val
C:/Users/Ankit/.cache/kagglehub/datasets/aryashah2k/breast-ultrasound-images-dataset/versions/1/Dataset_BUSI_with_GT/benign/benign (228).png,VALID_MAMMOGRAM,1,val
C:/Users/Ankit/.cache/kagglehub/datasets/aryashah2k/breast-ultrasound-images-dataset/versions/1/Dataset_BUSI_with_GT/malignant/malignant (119).png,VALID_MAMMOGRAM,1,val
C:/Users/Ankit/.cache/kagglehub/datasets/aryashah2k/breast-ultrasound-images-dataset/versions/1/Dataset_BUSI_with_GT/malignant/malignant (20).png,VALID_MAMMOGRAM,1,val
datasets/generic_negatives/generic_0196.jpg,INVALID_INPUT,0,val
C:/Users/Ankit/.cache/kagglehub/datasets/aryashah2k/breast-ultrasound-images-dataset/versions/1/Dataset_BUSI_with_GT/benign/benign (276).png,VALID_MAMMOGRAM,1,val
C:/Users/Ankit/.cache/kagglehub/datasets/aryashah2k/breast-ultrasound-images-dataset/versions/1/Dataset_BUSI_with_GT/benign/benign (328).png,VALID_MAMMOGRAM,1,val
C:/Users/Ankit/.cache/kagglehub/datasets/aryashah2k/breast-ultrasound-images-dataset/versions/1/Dataset_BUSI_with_GT/benign/benign (2).png,VALID_MAMMOGRAM,1,val
datasets/generic_negatives/generic_0102.jpg,INVALID_INPUT,0,val
datasets/generic_negatives/generic_0039.jpg,INVALID_INPUT,0,val
C:/Users/Ankit/.cache/kagglehub/datasets/aryashah2k/breast-ultrasound-images-dataset/versions/1/Dataset_BUSI_with_GT/benign/benign (411).png,VALID_MAMMOGRAM,1,val
C:/Users/Ankit/.cache/kagglehub/datasets/aryashah2k/breast-ultrasound-images-dataset/versions/1/Dataset_BUSI_with_GT/normal/normal (68).png,VALID_MAMMOGRAM,1,val
C:/Users/Ankit/.cache/kagglehub/datasets/aryashah2k/breast-ultrasound-images-dataset/versions/1/Dataset_BUSI_with_GT/benign/benign (77).png,VALID_MAMMOGRAM,1,val
C:/Users/Ankit/.cache/kagglehub/datasets/aryashah2k/breast-ultrasound-images-dataset/versions/1/Dataset_BUSI_with_GT/benign/benign (155).png,VALID_MAMMOGRAM,1,val
C:/Users/Ankit/.cache/kagglehub/datasets/aryashah2k/breast-ultrasound-images-dataset/versions/1/Dataset_BUSI_with_GT/benign/benign (19).png,VALID_MAMMOGRAM,1,val
C:/Users/Ankit/.cache/kagglehub/datasets/aryashah2k/breast-ultrasound-images-dataset/versions/1/Dataset_BUSI_with_GT/normal/normal (111).png,VALID_MAMMOGRAM,1,val
C:/Users/Ankit/.cache/kagglehub/datasets/aryashah2k/breast-ultrasound-images-dataset/versions/1/Dataset_BUSI_with_GT/normal/normal (119).png,VALID_MAMMOGRAM,1,val
datasets/generic_negatives/generic_0368.jpg,INVALID_INPUT,0,val
C:/Users/Ankit/.cache/kagglehub/datasets/aryashah2k/breast-ultrasound-images-dataset/versions/1/Dataset_BUSI_with_GT/benign/benign (149).png,VALID_MAMMOGRAM,1,val
C:/Users/Ankit/.cache/kagglehub/datasets/aryashah2k/breast-ultrasound-images-dataset/versions/1/Dataset_BUSI_with_GT/normal/normal (69).png,VALID_MAMMOGRAM,1,val
datasets/generic_negatives/generic_0104.jpg,INVALID_INPUT,0,val
C:/Users/Ankit/.cache/kagglehub/datasets/aryashah2k/breast-ultrasound-images-dataset/versions/1/Dataset_BUSI_with_GT/malignant/malignant (136).png,VALID_MAMMOGRAM,1,val
C:/Users/Ankit/.cache/kagglehub/datasets/aryashah2k/breast-ultrasound-images-dataset/versions/1/Dataset_BUSI_with_GT/benign/benign (84).png,VALID_MAMMOGRAM,1,val
datasets/generic_negatives/generic_0247.jpg,INVALID_INPUT,0,val
C:/Users/Ankit/.cache/kagglehub/datasets/aryashah2k/breast-ultrasound-images-dataset/versions/1/Dataset_BUSI_with_GT/benign/benign (425).png,VALID_MAMMOGRAM,1,val
C:/Users/Ankit/.cache/kagglehub/datasets/aryashah2k/breast-ultrasound-images-dataset/versions/1/Dataset_BUSI_with_GT/malignant/malignant (102).png,VALID_MAMMOGRAM,1,val
C:/Users/Ankit/.cache/kagglehub/datasets/aryashah2k/breast-ultrasound-images-dataset/versions/1/Dataset_BUSI_with_GT/normal/normal (123).png,VALID_MAMMOGRAM,1,val
C:/Users/Ankit/.cache/kagglehub/datasets/aryashah2k/breast-ultrasound-images-dataset/versions/1/Dataset_BUSI_with_GT/benign/benign (189).png,VALID_MAMMOGRAM,1,val
datasets/generic_negatives/generic_0298.jpg,INVALID_INPUT,0,val
C:/Users/Ankit/.cache/kagglehub/datasets/aryashah2k/breast-ultrasound-images-dataset/versions/1/Dataset_BUSI_with_GT/benign/benign (274).png,VALID_MAMMOGRAM,1,val
C:/Users/Ankit/.cache/kagglehub/datasets/aryashah2k/breast-ultrasound-images-dataset/versions/1/Dataset_BUSI_with_GT/benign/benign (80).png,VALID_MAMMOGRAM,1,val
datasets/generic_negatives/generic_0046.jpg,INVALID_INPUT,0,val
datasets/generic_negatives/generic_0202.jpg,INVALID_INPUT,0,val
datasets/generic_negatives/generic_0023.jpg,INVALID_INPUT,0,val
C:/Users/Ankit/.cache/kagglehub/datasets/aryashah2k/breast-ultrasound-images-dataset/versions/1/Dataset_BUSI_with_GT/benign/benign (322).png,VALID_MAMMOGRAM,1,val
C:/Users/Ankit/.cache/kagglehub/datasets/aryashah2k/breast-ultrasound-images-dataset/versions/1/Dataset_BUSI_with_GT/malignant/malignant (141).png,VALID_MAMMOGRAM,1,val
C:/Users/Ankit/.cache/kagglehub/datasets/aryashah2k/breast-ultrasound-images-dataset/versions/1/Dataset_BUSI_with_GT/malignant/malignant (48).png,VALID_MAMMOGRAM,1,val
C:/Users/Ankit/.cache/kagglehub/datasets/aryashah2k/breast-ultrasound-images-dataset/versions/1/Dataset_BUSI_with_GT/malignant/malignant (42).png,VALID_MAMMOGRAM,1,val
datasets/generic_negatives/generic_0123.jpg,INVALID_INPUT,0,val
datasets/generic_negatives/generic_0177.jpg,INVALID_INPUT,0,val
datasets/generic_negatives/generic_0352.jpg,INVALID_INPUT,0,val
datasets/generic_negatives/generic_0358.jpg,INVALID_INPUT,0,val
datasets/generic_negatives/generic_0327.jpg,INVALID_INPUT,0,val
C:/Users/Ankit/.cache/kagglehub/datasets/aryashah2k/breast-ultrasound-images-dataset/versions/1/Dataset_BUSI_with_GT/benign/benign (297).png,VALID_MAMMOGRAM,1,val
C:/Users/Ankit/.cache/kagglehub/datasets/aryashah2k/breast-ultrasound-images-dataset/versions/1/Dataset_BUSI_with_GT/malignant/malignant (153).png,VALID_MAMMOGRAM,1,val
C:/Users/Ankit/.cache/kagglehub/datasets/aryashah2k/breast-ultrasound-images-dataset/versions/1/Dataset_BUSI_with_GT/normal/normal (133).png,VALID_MAMMOGRAM,1,val
datasets/generic_negatives/generic_0309.jpg,INVALID_INPUT,0,val
C:/Users/Ankit/.cache/kagglehub/datasets/aryashah2k/breast-ultrasound-images-dataset/versions/1/Dataset_BUSI_with_GT/benign/benign (318).png,VALID_MAMMOGRAM,1,val
C:/Users/Ankit/.cache/kagglehub/datasets/aryashah2k/breast-ultrasound-images-dataset/versions/1/Dataset_BUSI_with_GT/malignant/malignant (18).png,VALID_MAMMOGRAM,1,val
datasets/generic_negatives/generic_0226.jpg,INVALID_INPUT,0,val
datasets/generic_negatives/generic_0250.jpg,INVALID_INPUT,0,val
datasets/generic_negatives/generic_0100.jpg,INVALID_INPUT,0,val
C:/Users/Ankit/.cache/kagglehub/datasets/aryashah2k/breast-ultrasound-images-dataset/versions/1/Dataset_BUSI_with_GT/benign/benign (128).png,VALID_MAMMOGRAM,1,val
datasets/generic_negatives/generic_0147.jpg,INVALID_INPUT,0,val
C:/Users/Ankit/.cache/kagglehub/datasets/aryashah2k/breast-ultrasound-images-dataset/versions/1/Dataset_BUSI_with_GT/benign/benign (161).png,VALID_MAMMOGRAM,1,val
datasets/generic_negatives/generic_0287.jpg,INVALID_INPUT,0,val
C:/Users/Ankit/.cache/kagglehub/datasets/aryashah2k/breast-ultrasound-images-dataset/versions/1/Dataset_BUSI_with_GT/benign/benign (153).png,VALID_MAMMOGRAM,1,val
datasets/generic_negatives/generic_0321.jpg,INVALID_INPUT,0,val
C:/Users/Ankit/.cache/kagglehub/datasets/aryashah2k/breast-ultrasound-images-dataset/versions/1/Dataset_BUSI_with_GT/normal/normal (49).png,VALID_MAMMOGRAM,1,val
C:/Users/Ankit/.cache/kagglehub/datasets/aryashah2k/breast-ultrasound-images-dataset/versions/1/Dataset_BUSI_with_GT/benign/benign (164).png,VALID_MAMMOGRAM,1,val
C:/Users/Ankit/.cache/kagglehub/datasets/aryashah2k/breast-ultrasound-images-dataset/versions/1/Dataset_BUSI_with_GT/benign/benign (105).png,VALID_MAMMOGRAM,1,val
C:/Users/Ankit/.cache/kagglehub/datasets/aryashah2k/breast-ultrasound-images-dataset/versions/1/Dataset_BUSI_with_GT/benign/benign (301).png,VALID_MAMMOGRAM,1,val
datasets/generic_negatives/generic_0232.jpg,INVALID_INPUT,0,val
C:/Users/Ankit/.cache/kagglehub/datasets/aryashah2k/breast-ultrasound-images-dataset/versions/1/Dataset_BUSI_with_GT/benign/benign (310).png,VALID_MAMMOGRAM,1,val
C:/Users/Ankit/.cache/kagglehub/datasets/aryashah2k/breast-ultrasound-images-dataset/versions/1/Dataset_BUSI_with_GT/malignant/malignant (27).png,VALID_MAMMOGRAM,1,val
C:/Users/Ankit/.cache/kagglehub/datasets/aryashah2k/breast-ultrasound-images-dataset/versions/1/Dataset_BUSI_with_GT/malignant/malignant (59).png,VALID_MAMMOGRAM,1,val
C:/Users/Ankit/.cache/kagglehub/datasets/aryashah2k/breast-ultrasound-images-dataset/versions/1/Dataset_BUSI_with_GT/benign/benign (118).png,VALID_MAMMOGRAM,1,val
C:/Users/Ankit/.cache/kagglehub/datasets/aryashah2k/breast-ultrasound-images-dataset/versions/1/Dataset_BUSI_with_GT/benign/benign (410).png,VALID_MAMMOGRAM,1,val
datasets/generic_negatives/generic_0322.jpg,INVALID_INPUT,0,val
C:/Users/Ankit/.cache/kagglehub/datasets/aryashah2k/breast-ultrasound-images-dataset/versions/1/Dataset_BUSI_with_GT/benign/benign (306).png,VALID_MAMMOGRAM,1,val
C:/Users/Ankit/.cache/kagglehub/datasets/aryashah2k/breast-ultrasound-images-dataset/versions/1/Dataset_BUSI_with_GT/benign/benign (327).png,VALID_MAMMOGRAM,1,val
C:/Users/Ankit/.cache/kagglehub/datasets/aryashah2k/breast-ultrasound-images-dataset/versions/1/Dataset_BUSI_with_GT/benign/benign (21).png,VALID_MAMMOGRAM,1,val
C:/Users/Ankit/.cache/kagglehub/datasets/aryashah2k/breast-ultrasound-images-dataset/versions/1/Dataset_BUSI_with_GT/malignant/malignant (121).png,VALID_MAMMOGRAM,1,val
C:/Users/Ankit/.cache/kagglehub/datasets/aryashah2k/breast-ultrasound-images-dataset/versions/1/Dataset_BUSI_with_GT/malignant/malignant (182).png,VALID_MAMMOGRAM,1,val
datasets/generic_negatives/generic_0141.jpg,INVALID_INPUT,0,val
C:/Users/Ankit/.cache/kagglehub/datasets/aryashah2k/breast-ultrasound-images-dataset/versions/1/Dataset_BUSI_with_GT/malignant/malignant (109).png,VALID_MAMMOGRAM,1,val
C:/Users/Ankit/.cache/kagglehub/datasets/aryashah2k/breast-ultrasound-images-dataset/versions/1/Dataset_BUSI_with_GT/normal/normal (85).png,VALID_MAMMOGRAM,1,val
datasets/generic_negatives/generic_0305.jpg,INVALID_INPUT,0,val
C:/Users/Ankit/.cache/kagglehub/datasets/aryashah2k/breast-ultrasound-images-dataset/versions/1/Dataset_BUSI_with_GT/malignant/malignant (91).png,VALID_MAMMOGRAM,1,val
C:/Users/Ankit/.cache/kagglehub/datasets/aryashah2k/breast-ultrasound-images-dataset/versions/1/Dataset_BUSI_with_GT/benign/benign (76).png,VALID_MAMMOGRAM,1,val
C:/Users/Ankit/.cache/kagglehub/datasets/aryashah2k/breast-ultrasound-images-dataset/versions/1/Dataset_BUSI_with_GT/benign/benign (96).png,VALID_MAMMOGRAM,1,val
datasets/generic_negatives/generic_0086.jpg,INVALID_INPUT,0,val
datasets/generic_negatives/generic_0310.jpg,INVALID_INPUT,0,val
C:/Users/Ankit/.cache/kagglehub/datasets/aryashah2k/breast-ultrasound-images-dataset/versions/1/Dataset_BUSI_with_GT/benign/benign (403).png,VALID_MAMMOGRAM,1,val
datasets/generic_negatives/generic_0193.jpg,INVALID_INPUT,0,val
C:/Users/Ankit/.cache/kagglehub/datasets/aryashah2k/breast-ultrasound-images-dataset/versions/1/Dataset_BUSI_with_GT/benign/benign (335).png,VALID_MAMMOGRAM,1,val
C:/Users/Ankit/.cache/kagglehub/datasets/aryashah2k/breast-ultrasound-images-dataset/versions/1/Dataset_BUSI_with_GT/benign/benign (330).png,VALID_MAMMOGRAM,1,val
C:/Users/Ankit/.cache/kagglehub/datasets/aryashah2k/breast-ultrasound-images-dataset/versions/1/Dataset_BUSI_with_GT/benign/benign (226).png,VALID_MAMMOGRAM,1,val
datasets/generic_negatives/generic_0215.jpg,INVALID_INPUT,0,val
C:/Users/Ankit/.cache/kagglehub/datasets/aryashah2k/breast-ultrasound-images-dataset/versions/1/Dataset_BUSI_with_GT/benign/benign (257).png,VALID_MAMMOGRAM,1,val
datasets/generic_negatives/generic_0355.jpg,INVALID_INPUT,0,val
C:/Users/Ankit/.cache/kagglehub/datasets/aryashah2k/breast-ultrasound-images-dataset/versions/1/Dataset_BUSI_with_GT/malignant/malignant (15).png,VALID_MAMMOGRAM,1,val
C:/Users/Ankit/.cache/kagglehub/datasets/aryashah2k/breast-ultrasound-images-dataset/versions/1/Dataset_BUSI_with_GT/benign/benign (205).png,VALID_MAMMOGRAM,1,val
C:/Users/Ankit/.cache/kagglehub/datasets/aryashah2k/breast-ultrasound-images-dataset/versions/1/Dataset_BUSI_with_GT/malignant/malignant (147).png,VALID_MAMMOGRAM,1,val
C:/Users/Ankit/.cache/kagglehub/datasets/aryashah2k/breast-ultrasound-images-dataset/versions/1/Dataset_BUSI_with_GT/malignant/malignant (83).png,VALID_MAMMOGRAM,1,val
C:/Users/Ankit/.cache/kagglehub/datasets/aryashah2k/breast-ultrasound-images-dataset/versions/1/Dataset_BUSI_with_GT/normal/normal (66).png,VALID_MAMMOGRAM,1,val
C:/Users/Ankit/.cache/kagglehub/datasets/aryashah2k/breast-ultrasound-images-dataset/versions/1/Dataset_BUSI_with_GT/benign/benign (305).png,VALID_MAMMOGRAM,1,val
C:/Users/Ankit/.cache/kagglehub/datasets/aryashah2k/breast-ultrasound-images-dataset/versions/1/Dataset_BUSI_with_GT/benign/benign (134).png,VALID_MAMMOGRAM,1,val
datasets/generic_negatives/generic_0220.jpg,INVALID_INPUT,0,val
C:/Users/Ankit/.cache/kagglehub/datasets/aryashah2k/breast-ultrasound-images-dataset/versions/1/Dataset_BUSI_with_GT/normal/normal (113).png,VALID_MAMMOGRAM,1,val
C:/Users/Ankit/.cache/kagglehub/datasets/aryashah2k/breast-ultrasound-images-dataset/versions/1/Dataset_BUSI_with_GT/benign/benign (10).png,VALID_MAMMOGRAM,1,val
C:/Users/Ankit/.cache/kagglehub/datasets/aryashah2k/breast-ultrasound-images-dataset/versions/1/Dataset_BUSI_with_GT/benign/benign (397).png,VALID_MAMMOGRAM,1,val
C:/Users/Ankit/.cache/kagglehub/datasets/aryashah2k/breast-ultrasound-images-dataset/versions/1/Dataset_BUSI_with_GT/normal/normal (86).png,VALID_MAMMOGRAM,1,val
datasets/generic_negatives/generic_0296.jpg,INVALID_INPUT,0,val
datasets/generic_negatives/generic_0381.jpg,INVALID_INPUT,0,val
datasets/generic_negatives/generic_0275.jpg,INVALID_INPUT,0,val
C:/Users/Ankit/.cache/kagglehub/datasets/aryashah2k/breast-ultrasound-images-dataset/versions/1/Dataset_BUSI_with_GT/malignant/malignant (67).png,VALID_MAMMOGRAM,1,val
C:/Users/Ankit/.cache/kagglehub/datasets/aryashah2k/breast-ultrasound-images-dataset/versions/1/Dataset_BUSI_with_GT/benign/benign (295).png,VALID_MAMMOGRAM,1,val
datasets/generic_negatives/generic_0259.jpg,INVALID_INPUT,0,val
C:/Users/Ankit/.cache/kagglehub/datasets/aryashah2k/breast-ultrasound-images-dataset/versions/1/Dataset_BUSI_with_GT/benign/benign (428).png,VALID_MAMMOGRAM,1,val
datasets/generic_negatives/generic_0245.jpg,INVALID_INPUT,0,val
C:/Users/Ankit/.cache/kagglehub/datasets/aryashah2k/breast-ultrasound-images-dataset/versions/1/Dataset_BUSI_with_GT/malignant/malignant (191).png,VALID_MAMMOGRAM,1,val
C:/Users/Ankit/.cache/kagglehub/datasets/aryashah2k/breast-ultrasound-images-dataset/versions/1/Dataset_BUSI_with_GT/benign/benign (104).png,VALID_MAMMOGRAM,1,val
datasets/generic_negatives/generic_0149.jpg,INVALID_INPUT,0,val
C:/Users/Ankit/.cache/kagglehub/datasets/aryashah2k/breast-ultrasound-images-dataset/versions/1/Dataset_BUSI_with_GT/benign/benign (390).png,VALID_MAMMOGRAM,1,val
datasets/generic_negatives/generic_0110.jpg,INVALID_INPUT,0,test
C:/Users/Ankit/.cache/kagglehub/datasets/aryashah2k/breast-ultrasound-images-dataset/versions/1/Dataset_BUSI_with_GT/malignant/malignant (58).png,VALID_MAMMOGRAM,1,test
datasets/generic_negatives/generic_0399.jpg,INVALID_INPUT,0,test
datasets/generic_negatives/generic_0372.jpg,INVALID_INPUT,0,test
datasets/generic_negatives/generic_0335.jpg,INVALID_INPUT,0,test
C:/Users/Ankit/.cache/kagglehub/datasets/aryashah2k/breast-ultrasound-images-dataset/versions/1/Dataset_BUSI_with_GT/benign/benign (31).png,VALID_MAMMOGRAM,1,test
C:/Users/Ankit/.cache/kagglehub/datasets/aryashah2k/breast-ultrasound-images-dataset/versions/1/Dataset_BUSI_with_GT/benign/benign (12).png,VALID_MAMMOGRAM,1,test
C:/Users/Ankit/.cache/kagglehub/datasets/aryashah2k/breast-ultrasound-images-dataset/versions/1/Dataset_BUSI_with_GT/malignant/malignant (169).png,VALID_MAMMOGRAM,1,test
datasets/generic_negatives/generic_0178.jpg,INVALID_INPUT,0,test
datasets/generic_negatives/generic_0001.jpg,INVALID_INPUT,0,test
datasets/generic_negatives/generic_0008.jpg,INVALID_INPUT,0,test
C:/Users/Ankit/.cache/kagglehub/datasets/aryashah2k/breast-ultrasound-images-dataset/versions/1/Dataset_BUSI_with_GT/benign/benign (216).png,VALID_MAMMOGRAM,1,test
datasets/generic_negatives/generic_0390.jpg,INVALID_INPUT,0,test
C:/Users/Ankit/.cache/kagglehub/datasets/aryashah2k/breast-ultrasound-images-dataset/versions/1/Dataset_BUSI_with_GT/benign/benign (394).png,VALID_MAMMOGRAM,1,test
C:/Users/Ankit/.cache/kagglehub/datasets/aryashah2k/breast-ultrasound-images-dataset/versions/1/Dataset_BUSI_with_GT/benign/benign (381).png,VALID_MAMMOGRAM,1,test
C:/Users/Ankit/.cache/kagglehub/datasets/aryashah2k/breast-ultrasound-images-dataset/versions/1/Dataset_BUSI_with_GT/benign/benign (300).png,VALID_MAMMOGRAM,1,test
C:/Users/Ankit/.cache/kagglehub/datasets/aryashah2k/breast-ultrasound-images-dataset/versions/1/Dataset_BUSI_with_GT/benign/benign (186).png,VALID_MAMMOGRAM,1,test
C:/Users/Ankit/.cache/kagglehub/datasets/aryashah2k/breast-ultrasound-images-dataset/versions/1/Dataset_BUSI_with_GT/benign/benign (267).png,VALID_MAMMOGRAM,1,test
datasets/generic_negatives/generic_0230.jpg,INVALID_INPUT,0,test
datasets/generic_negatives/generic_0263.jpg,INVALID_INPUT,0,test
C:/Users/Ankit/.cache/kagglehub/datasets/aryashah2k/breast-ultrasound-images-dataset/versions/1/Dataset_BUSI_with_GT/benign/benign (354).png,VALID_MAMMOGRAM,1,test
datasets/generic_negatives/generic_0326.jpg,INVALID_INPUT,0,test
C:/Users/Ankit/.cache/kagglehub/datasets/aryashah2k/breast-ultrasound-images-dataset/versions/1/Dataset_BUSI_with_GT/normal/normal (64).png,VALID_MAMMOGRAM,1,test
datasets/generic_negatives/generic_0037.jpg,INVALID_INPUT,0,test
datasets/generic_negatives/generic_0097.jpg,INVALID_INPUT,0,test
C:/Users/Ankit/.cache/kagglehub/datasets/aryashah2k/breast-ultrasound-images-dataset/versions/1/Dataset_BUSI_with_GT/malignant/malignant (190).png,VALID_MAMMOGRAM,1,test
C:/Users/Ankit/.cache/kagglehub/datasets/aryashah2k/breast-ultrasound-images-dataset/versions/1/Dataset_BUSI_with_GT/malignant/malignant (160).png,VALID_MAMMOGRAM,1,test
datasets/generic_negatives/generic_0394.jpg,INVALID_INPUT,0,test
C:/Users/Ankit/.cache/kagglehub/datasets/aryashah2k/breast-ultrasound-images-dataset/versions/1/Dataset_BUSI_with_GT/malignant/malignant (194).png,VALID_MAMMOGRAM,1,test
C:/Users/Ankit/.cache/kagglehub/datasets/aryashah2k/breast-ultrasound-images-dataset/versions/1/Dataset_BUSI_with_GT/benign/benign (362).png,VALID_MAMMOGRAM,1,test
datasets/generic_negatives/generic_0159.jpg,INVALID_INPUT,0,test
datasets/generic_negatives/generic_0030.jpg,INVALID_INPUT,0,test
datasets/generic_negatives/generic_0242.jpg,INVALID_INPUT,0,test
C:/Users/Ankit/.cache/kagglehub/datasets/aryashah2k/breast-ultrasound-images-dataset/versions/1/Dataset_BUSI_with_GT/benign/benign (98).png,VALID_MAMMOGRAM,1,test
C:/Users/Ankit/.cache/kagglehub/datasets/aryashah2k/breast-ultrasound-images-dataset/versions/1/Dataset_BUSI_with_GT/malignant/malignant (97).png,VALID_MAMMOGRAM,1,test
C:/Users/Ankit/.cache/kagglehub/datasets/aryashah2k/breast-ultrasound-images-dataset/versions/1/Dataset_BUSI_with_GT/benign/benign (95).png,VALID_MAMMOGRAM,1,test
C:/Users/Ankit/.cache/kagglehub/datasets/aryashah2k/breast-ultrasound-images-dataset/versions/1/Dataset_BUSI_with_GT/benign/benign (220).png,VALID_MAMMOGRAM,1,test
C:/Users/Ankit/.cache/kagglehub/datasets/aryashah2k/breast-ultrasound-images-dataset/versions/1/Dataset_BUSI_with_GT/malignant/malignant (2).png,VALID_MAMMOGRAM,1,test
datasets/generic_negatives/generic_0041.jpg,INVALID_INPUT,0,test
C:/Users/Ankit/.cache/kagglehub/datasets/aryashah2k/breast-ultrasound-images-dataset/versions/1/Dataset_BUSI_with_GT/malignant/malignant (99).png,VALID_MAMMOGRAM,1,test
datasets/generic_negatives/generic_0389.jpg,INVALID_INPUT,0,test
C:/Users/Ankit/.cache/kagglehub/datasets/aryashah2k/breast-ultrasound-images-dataset/versions/1/Dataset_BUSI_with_GT/malignant/malignant (128).png,VALID_MAMMOGRAM,1,test
C:/Users/Ankit/.cache/kagglehub/datasets/aryashah2k/breast-ultrasound-images-dataset/versions/1/Dataset_BUSI_with_GT/benign/benign (201).png,VALID_MAMMOGRAM,1,test
C:/Users/Ankit/.cache/kagglehub/datasets/aryashah2k/breast-ultrasound-images-dataset/versions/1/Dataset_BUSI_with_GT/normal/normal (114).png,VALID_MAMMOGRAM,1,test
C:/Users/Ankit/.cache/kagglehub/datasets/aryashah2k/breast-ultrasound-images-dataset/versions/1/Dataset_BUSI_with_GT/malignant/malignant (11).png,VALID_MAMMOGRAM,1,test
C:/Users/Ankit/.cache/kagglehub/datasets/aryashah2k/breast-ultrasound-images-dataset/versions/1/Dataset_BUSI_with_GT/malignant/malignant (202).png,VALID_MAMMOGRAM,1,test
C:/Users/Ankit/.cache/kagglehub/datasets/aryashah2k/breast-ultrasound-images-dataset/versions/1/Dataset_BUSI_with_GT/normal/normal (97).png,VALID_MAMMOGRAM,1,test
datasets/generic_negatives/generic_0166.jpg,INVALID_INPUT,0,test
C:/Users/Ankit/.cache/kagglehub/datasets/aryashah2k/breast-ultrasound-images-dataset/versions/1/Dataset_BUSI_with_GT/benign/benign (40).png,VALID_MAMMOGRAM,1,test
datasets/generic_negatives/generic_0396.jpg,INVALID_INPUT,0,test
datasets/generic_negatives/generic_0313.jpg,INVALID_INPUT,0,test
C:/Users/Ankit/.cache/kagglehub/datasets/aryashah2k/breast-ultrasound-images-dataset/versions/1/Dataset_BUSI_with_GT/benign/benign (414).png,VALID_MAMMOGRAM,1,test
C:/Users/Ankit/.cache/kagglehub/datasets/aryashah2k/breast-ultrasound-images-dataset/versions/1/Dataset_BUSI_with_GT/benign/benign (230).png,VALID_MAMMOGRAM,1,test
C:/Users/Ankit/.cache/kagglehub/datasets/aryashah2k/breast-ultrasound-images-dataset/versions/1/Dataset_BUSI_with_GT/malignant/malignant (198).png,VALID_MAMMOGRAM,1,test
C:/Users/Ankit/.cache/kagglehub/datasets/aryashah2k/breast-ultrasound-images-dataset/versions/1/Dataset_BUSI_with_GT/benign/benign (92).png,VALID_MAMMOGRAM,1,test
C:/Users/Ankit/.cache/kagglehub/datasets/aryashah2k/breast-ultrasound-images-dataset/versions/1/Dataset_BUSI_with_GT/normal/normal (51).png,VALID_MAMMOGRAM,1,test
C:/Users/Ankit/.cache/kagglehub/datasets/aryashah2k/breast-ultrasound-images-dataset/versions/1/Dataset_BUSI_with_GT/normal/normal (8).png,VALID_MAMMOGRAM,1,test
C:/Users/Ankit/.cache/kagglehub/datasets/aryashah2k/breast-ultrasound-images-dataset/versions/1/Dataset_BUSI_with_GT/benign/benign (4).png,VALID_MAMMOGRAM,1,test
C:/Users/Ankit/.cache/kagglehub/datasets/aryashah2k/breast-ultrasound-images-dataset/versions/1/Dataset_BUSI_with_GT/normal/normal (7).png,VALID_MAMMOGRAM,1,test
datasets/generic_negatives/generic_0148.jpg,INVALID_INPUT,0,test
datasets/generic_negatives/generic_0371.jpg,INVALID_INPUT,0,test
datasets/generic_negatives/generic_0365.jpg,INVALID_INPUT,0,test
C:/Users/Ankit/.cache/kagglehub/datasets/aryashah2k/breast-ultrasound-images-dataset/versions/1/Dataset_BUSI_with_GT/benign/benign (285).png,VALID_MAMMOGRAM,1,test
datasets/generic_negatives/generic_0385.jpg,INVALID_INPUT,0,test
C:/Users/Ankit/.cache/kagglehub/datasets/aryashah2k/breast-ultrasound-images-dataset/versions/1/Dataset_BUSI_with_GT/benign/benign (246).png,VALID_MAMMOGRAM,1,test
C:/Users/Ankit/.cache/kagglehub/datasets/aryashah2k/breast-ultrasound-images-dataset/versions/1/Dataset_BUSI_with_GT/malignant/malignant (5).png,VALID_MAMMOGRAM,1,test
C:/Users/Ankit/.cache/kagglehub/datasets/aryashah2k/breast-ultrasound-images-dataset/versions/1/Dataset_BUSI_with_GT/malignant/malignant (125).png,VALID_MAMMOGRAM,1,test
C:/Users/Ankit/.cache/kagglehub/datasets/aryashah2k/breast-ultrasound-images-dataset/versions/1/Dataset_BUSI_with_GT/benign/benign (183).png,VALID_MAMMOGRAM,1,test
C:/Users/Ankit/.cache/kagglehub/datasets/aryashah2k/breast-ultrasound-images-dataset/versions/1/Dataset_BUSI_with_GT/benign/benign (227).png,VALID_MAMMOGRAM,1,test
C:/Users/Ankit/.cache/kagglehub/datasets/aryashah2k/breast-ultrasound-images-dataset/versions/1/Dataset_BUSI_with_GT/benign/benign (6).png,VALID_MAMMOGRAM,1,test
C:/Users/Ankit/.cache/kagglehub/datasets/aryashah2k/breast-ultrasound-images-dataset/versions/1/Dataset_BUSI_with_GT/normal/normal (63).png,VALID_MAMMOGRAM,1,test
C:/Users/Ankit/.cache/kagglehub/datasets/aryashah2k/breast-ultrasound-images-dataset/versions/1/Dataset_BUSI_with_GT/malignant/malignant (57).png,VALID_MAMMOGRAM,1,test
datasets/generic_negatives/generic_0350.jpg,INVALID_INPUT,0,test
C:/Users/Ankit/.cache/kagglehub/datasets/aryashah2k/breast-ultrasound-images-dataset/versions/1/Dataset_BUSI_with_GT/benign/benign (244).png,VALID_MAMMOGRAM,1,test
C:/Users/Ankit/.cache/kagglehub/datasets/aryashah2k/breast-ultrasound-images-dataset/versions/1/Dataset_BUSI_with_GT/normal/normal (95).png,VALID_MAMMOGRAM,1,test
C:/Users/Ankit/.cache/kagglehub/datasets/aryashah2k/breast-ultrasound-images-dataset/versions/1/Dataset_BUSI_with_GT/benign/benign (329).png,VALID_MAMMOGRAM,1,test
datasets/generic_negatives/generic_0318.jpg,INVALID_INPUT,0,test
datasets/generic_negatives/generic_0160.jpg,INVALID_INPUT,0,test
C:/Users/Ankit/.cache/kagglehub/datasets/aryashah2k/breast-ultrasound-images-dataset/versions/1/Dataset_BUSI_with_GT/benign/benign (179).png,VALID_MAMMOGRAM,1,test
C:/Users/Ankit/.cache/kagglehub/datasets/aryashah2k/breast-ultrasound-images-dataset/versions/1/Dataset_BUSI_with_GT/malignant/malignant (193).png,VALID_MAMMOGRAM,1,test
C:/Users/Ankit/.cache/kagglehub/datasets/aryashah2k/breast-ultrasound-images-dataset/versions/1/Dataset_BUSI_with_GT/normal/normal (30).png,VALID_MAMMOGRAM,1,test
C:/Users/Ankit/.cache/kagglehub/datasets/aryashah2k/breast-ultrasound-images-dataset/versions/1/Dataset_BUSI_with_GT/normal/normal (59).png,VALID_MAMMOGRAM,1,test
C:/Users/Ankit/.cache/kagglehub/datasets/aryashah2k/breast-ultrasound-images-dataset/versions/1/Dataset_BUSI_with_GT/benign/benign (278).png,VALID_MAMMOGRAM,1,test
C:/Users/Ankit/.cache/kagglehub/datasets/aryashah2k/breast-ultrasound-images-dataset/versions/1/Dataset_BUSI_with_GT/normal/normal (98).png,VALID_MAMMOGRAM,1,test
C:/Users/Ankit/.cache/kagglehub/datasets/aryashah2k/breast-ultrasound-images-dataset/versions/1/Dataset_BUSI_with_GT/benign/benign (27).png,VALID_MAMMOGRAM,1,test
datasets/generic_negatives/generic_0393.jpg,INVALID_INPUT,0,test
C:/Users/Ankit/.cache/kagglehub/datasets/aryashah2k/breast-ultrasound-images-dataset/versions/1/Dataset_BUSI_with_GT/normal/normal (17).png,VALID_MAMMOGRAM,1,test
C:/Users/Ankit/.cache/kagglehub/datasets/aryashah2k/breast-ultrasound-images-dataset/versions/1/Dataset_BUSI_with_GT/malignant/malignant (101).png,VALID_MAMMOGRAM,1,test
C:/Users/Ankit/.cache/kagglehub/datasets/aryashah2k/breast-ultrasound-images-dataset/versions/1/Dataset_BUSI_with_GT/benign/benign (386).png,VALID_MAMMOGRAM,1,test
datasets/generic_negatives/generic_0376.jpg,INVALID_INPUT,0,test
C:/Users/Ankit/.cache/kagglehub/datasets/aryashah2k/breast-ultrasound-images-dataset/versions/1/Dataset_BUSI_with_GT/normal/normal (23).png,VALID_MAMMOGRAM,1,test
datasets/generic_negatives/generic_0085.jpg,INVALID_INPUT,0,test
C:/Users/Ankit/.cache/kagglehub/datasets/aryashah2k/breast-ultrasound-images-dataset/versions/1/Dataset_BUSI_with_GT/benign/benign (393).png,VALID_MAMMOGRAM,1,test
C:/Users/Ankit/.cache/kagglehub/datasets/aryashah2k/breast-ultrasound-images-dataset/versions/1/Dataset_BUSI_with_GT/benign/benign (110).png,VALID_MAMMOGRAM,1,test
C:/Users/Ankit/.cache/kagglehub/datasets/aryashah2k/breast-ultrasound-images-dataset/versions/1/Dataset_BUSI_with_GT/malignant/malignant (29).png,VALID_MAMMOGRAM,1,test
datasets/generic_negatives/generic_0139.jpg,INVALID_INPUT,0,test
C:/Users/Ankit/.cache/kagglehub/datasets/aryashah2k/breast-ultrasound-images-dataset/versions/1/Dataset_BUSI_with_GT/malignant/malignant (111).png,VALID_MAMMOGRAM,1,test
datasets/generic_negatives/generic_0079.jpg,INVALID_INPUT,0,test
datasets/generic_negatives/generic_0392.jpg,INVALID_INPUT,0,test
C:/Users/Ankit/.cache/kagglehub/datasets/aryashah2k/breast-ultrasound-images-dataset/versions/1/Dataset_BUSI_with_GT/benign/benign (72).png,VALID_MAMMOGRAM,1,test
datasets/generic_negatives/generic_0369.jpg,INVALID_INPUT,0,test
C:/Users/Ankit/.cache/kagglehub/datasets/aryashah2k/breast-ultrasound-images-dataset/versions/1/Dataset_BUSI_with_GT/benign/benign (148).png,VALID_MAMMOGRAM,1,test
datasets/generic_negatives/generic_0254.jpg,INVALID_INPUT,0,test
C:/Users/Ankit/.cache/kagglehub/datasets/aryashah2k/breast-ultrasound-images-dataset/versions/1/Dataset_BUSI_with_GT/malignant/malignant (134).png,VALID_MAMMOGRAM,1,test
C:/Users/Ankit/.cache/kagglehub/datasets/aryashah2k/breast-ultrasound-images-dataset/versions/1/Dataset_BUSI_with_GT/malignant/malignant (108).png,VALID_MAMMOGRAM,1,test
C:/Users/Ankit/.cache/kagglehub/datasets/aryashah2k/breast-ultrasound-images-dataset/versions/1/Dataset_BUSI_with_GT/benign/benign (271).png,VALID_MAMMOGRAM,1,test
C:/Users/Ankit/.cache/kagglehub/datasets/aryashah2k/breast-ultrasound-images-dataset/versions/1/Dataset_BUSI_with_GT/benign/benign (154).png,VALID_MAMMOGRAM,1,test
C:/Users/Ankit/.cache/kagglehub/datasets/aryashah2k/breast-ultrasound-images-dataset/versions/1/Dataset_BUSI_with_GT/benign/benign (158).png,VALID_MAMMOGRAM,1,test
datasets/generic_negatives/generic_0084.jpg,INVALID_INPUT,0,test
C:/Users/Ankit/.cache/kagglehub/datasets/aryashah2k/breast-ultrasound-images-dataset/versions/1/Dataset_BUSI_with_GT/benign/benign (26).png,VALID_MAMMOGRAM,1,test
datasets/generic_negatives/generic_0336.jpg,INVALID_INPUT,0,test
C:/Users/Ankit/.cache/kagglehub/datasets/aryashah2k/breast-ultrasound-images-dataset/versions/1/Dataset_BUSI_with_GT/benign/benign (288).png,VALID_MAMMOGRAM,1,test
C:/Users/Ankit/.cache/kagglehub/datasets/aryashah2k/breast-ultrasound-images-dataset/versions/1/Dataset_BUSI_with_GT/benign/benign (356).png,VALID_MAMMOGRAM,1,test
C:/Users/Ankit/.cache/kagglehub/datasets/aryashah2k/breast-ultrasound-images-dataset/versions/1/Dataset_BUSI_with_GT/malignant/malignant (117).png,VALID_MAMMOGRAM,1,test
C:/Users/Ankit/.cache/kagglehub/datasets/aryashah2k/breast-ultrasound-images-dataset/versions/1/Dataset_BUSI_with_GT/malignant/malignant (157).png,VALID_MAMMOGRAM,1,test
C:/Users/Ankit/.cache/kagglehub/datasets/aryashah2k/breast-ultrasound-images-dataset/versions/1/Dataset_BUSI_with_GT/malignant/malignant (23).png,VALID_MAMMOGRAM,1,test
C:/Users/Ankit/.cache/kagglehub/datasets/aryashah2k/breast-ultrasound-images-dataset/versions/1/Dataset_BUSI_with_GT/benign/benign (145).png,VALID_MAMMOGRAM,1,test
C:/Users/Ankit/.cache/kagglehub/datasets/aryashah2k/breast-ultrasound-images-dataset/versions/1/Dataset_BUSI_with_GT/benign/benign (304).png,VALID_MAMMOGRAM,1,test
