filepath,label,class_name,split
C:/Users/Ankit/.cache/kagglehub/datasets/paultimothymooney/chest-xray-pneumonia/versions/2/chest_xray/chest_xray/train/NORMAL/IM-0275-0001.jpeg,1,VALID_MODALITY,train
C:/Users/Ankit/.cache/kagglehub/datasets/devbatrax/fracture-detection-using-x-ray-images/versions/1/data/train/not fractured/10-rotated2-rotated1-rotated1-rotated1.jpg,0,INVALID_MODALITY,train
C:/Users/Ankit/.cache/kagglehub/datasets/masoudnickparvar/brain-tumor-mri-dataset/versions/2/Training/meningioma/Tr-me_195.jpg,0,INVALID_MODALITY,train
C:/Users/Ankit/.cache/kagglehub/datasets/masoudnickparvar/brain-tumor-mri-dataset/versions/2/Training/meningioma/Tr-me_758.jpg,0,INVALID_MODALITY,train
C:/Users/Ankit/.cache/kagglehub/datasets/paultimothymooney/chest-xray-pneumonia/versions/2/chest_xray/train/NORMAL/NORMAL2-IM-1262-0001.jpeg,1,VALID_MODALITY,train
C:/Users/Ankit/.cache/kagglehub/datasets/paultimothymooney/chest-xray-pneumonia/versions/2/chest_xray/chest_xray/train/NORMAL/IM-0495-0001.jpeg,1,VALID_MODALITY,train
C:/Users/Ankit/.cache/kagglehub/datasets/devbatrax/fracture-detection-using-x-ray-images/versions/1/data/train/not fractured/7-rotated2-rotated3-rotated2.jpg,0,INVALID_MODALITY,train
C:/Users/Ankit/.cache/kagglehub/datasets/paultimothymooney/chest-xray-pneumonia/versions/2/chest_xray/chest_xray/train/PNEUMONIA/person506_virus_1018.jpeg,1,VALID_MODALITY,train
C:/Users/Ankit/.cache/kagglehub/datasets/devbatrax/fracture-detection-using-x-ray-images/versions/1/data/val/not fractured/2-rotated3-rotated3-rotated2-rotated1.jpg,0,INVALID_MODALITY,train
C:/Users/Ankit/.cache/kagglehub/datasets/paultimothymooney/chest-xray-pneumonia/versions/2/chest_xray/train/PNEUMONIA/person11_bacteria_45.jpeg,1,VALID_MODALITY,train
C:/Users/Ankit/.cache/kagglehub/datasets/devbatrax/fracture-detection-using-x-ray-images/versions/1/data/train/fractured/33-rotated1-rotated1-rotated3.jpg,0,INVALID_MODALITY,train
C:/Users/Ankit/.cache/kagglehub/datasets/masoudnickparvar/brain-tumor-mri-dataset/versions/2/Training/pituitary/Tr-pi_1004.jpg,0,INVALID_MODALITY,train
C:/Users/Ankit/.cache/kagglehub/datasets/masoudnickparvar/brain-tumor-mri-dataset/versions/2/Training/glioma/Tr-gl_479.jpg,0,INVALID_MODALITY,train
C:/Users/Ankit/.cache/kagglehub/datasets/paultimothymooney/chest-xray-pneumonia/versions/2/chest_xray/test/PNEUMONIA/person34_virus_76.jpeg,1,VALID_MODALITY,test
C:/Users/Ankit/.cache/kagglehub/datasets/paultimothymooney/chest-xray-pneumonia/versions/2/chest_xray/chest_xray/train/PNEUMONIA/person442_virus_898.jpeg,1,VALID_MODALITY,train
C:/Users/Ankit/.cache/kagglehub/datasets/paultimothymooney/chest-xray-pneumonia/versions/2/chest_xray/chest_xray/train/PNEUMONIA/person778_bacteria_2682.jpeg,1,VALID_MODALITY,train
C:/Users/Ankit/.cache/kagglehub/datasets/masoudnickparvar/brain-tumor-mri-dataset/versions/2/Training/pituitary/Tr-pi_1191.jpg,0,INVALID_MODALITY,val
C:/Users/Ankit/.cache/kagglehub/datasets/paultimothymooney/chest-xray-pneumonia/versions/2/chest_xray/train/PNEUMONIA/person33_bacteria_175.jpeg,1,VALID_MODALITY,train
C:/Users/Ankit/.cache/kagglehub/datasets/devbatrax/fracture-detection-using-x-ray-images/versions/1/data/train/not fractured/62-rotated3-rotated2-rotated1-rotated1.jpg,0,INVALID_MODALITY,train
D:\anti gravity\Radionova\datasets\generic_negatives\generic_0228.jpg,0,INVALID_MODALITY,train
C:/Users/Ankit/.cache/kagglehub/datasets/paultimothymooney/chest-xray-pneumonia/versions/2/chest_xray/chest_xray/train/PNEUMONIA/person629_virus_1207.jpeg,1,VALID_MODALITY,train
C:/Users/Ankit/.cache/kagglehub/datasets/paultimothymooney/chest-xray-pneumonia/versions/2/chest_xray/chest_xray/train/NORMAL/NORMAL2-IM-1293-0001.jpeg,1,VALID_MODALITY,train
C:/Users/Ankit/.cache/kagglehub/datasets/devbatrax/fracture-detection-using-x-ray-images/versions/1/data/train/fractured/57-rotated1-rotated3.jpg,0,INVALID_MODALITY,val
C:/Users/Ankit/.cache/kagglehub/datasets/devbatrax/fracture-detection-using-x-ray-images/versions/1/data/train/fractured/121-rotated3-rotated1-rotated2.jpg,0,INVALID_MODALITY,train
C:/Users/Ankit/.cache/kagglehub/datasets/paultimothymooney/chest-xray-pneumonia/versions/2/chest_xray/chest_xray/train/PNEUMONIA/person124_virus_234.jpeg,1,VALID_MODALITY,val
C:/Users/Ankit/.cache/kagglehub/datasets/devbatrax/fracture-detection-using-x-ray-images/versions/1/data/train/not fractured/37-rotated2-rotated3-rotated2.jpg,0,INVALID_MODALITY,train
C:/Users/Ankit/.cache/kagglehub/datasets/devbatrax/fracture-detection-using-x-ray-images/versions/1/data/train/fractured/22-rotated1-rotated1-rotated3.jpg,0,INVALID_MODALITY,train
C:/Users/Ankit/.cache/kagglehub/datasets/paultimothymooney/chest-xray-pneumonia/versions/2/chest_xray/chest_xray/test/PNEUMONIA/person142_bacteria_682.jpeg,1,VALID_MODALITY,train
C:/Users/Ankit/.cache/kagglehub/datasets/devbatrax/fracture-detection-using-x-ray-images/versions/1/data/train/fractured/74-rotated2-rotated2-rotated1.jpg,0,INVALID_MODALITY,train
C:/Users/Ankit/.cache/kagglehub/datasets/paultimothymooney/chest-xray-pneumonia/versions/2/chest_xray/chest_xray/train/PNEUMONIA/person1392_bacteria_3538.jpeg,1,VALID_MODALITY,train
C:/Users/Ankit/.cache/kagglehub/datasets/devbatrax/fracture-detection-using-x-ray-images/versions/1/data/train/not fractured/65-rotated3-rotated2.jpg,0,INVALID_MODALITY,val
C:/Users/Ankit/.cache/kagglehub/datasets/masoudnickparvar/brain-tumor-mri-dataset/versions/2/Training/glioma/Tr-gl_1322.jpg,0,INVALID_MODALITY,train
C:/Users/Ankit/.cache/kagglehub/datasets/paultimothymooney/chest-xray-pneumonia/versions/2/chest_xray/chest_xray/train/NORMAL/NORMAL2-IM-0989-0001.jpeg,1,VALID_MODALITY,train
C:/Users/Ankit/.cache/kagglehub/datasets/masoudnickparvar/brain-tumor-mri-dataset/versions/2/Training/pituitary/Tr-pi_819.jpg,0,INVALID_MODALITY,test
D:\anti gravity\Radionova\datasets\generic_negatives\generic_0053.jpg,0,INVALID_MODALITY,val
C:/Users/Ankit/.cache/kagglehub/datasets/devbatrax/fracture-detection-using-x-ray-images/versions/1/data/train/not fractured/21-rotated1-rotated2.jpg,0,INVALID_MODALITY,train
C:/Users/Ankit/.cache/kagglehub/datasets/paultimothymooney/chest-xray-pneumonia/versions/2/chest_xray/chest_xray/train/PNEUMONIA/person1499_bacteria_3915.jpeg,1,VALID_MODALITY,train
C:/Users/Ankit/.cache/kagglehub/datasets/paultimothymooney/chest-xray-pneumonia/versions/2/chest_xray/chest_xray/train/PNEUMONIA/person1345_bacteria_3426.jpeg,1,VALID_MODALITY,train
C:/Users/Ankit/.cache/kagglehub/datasets/paultimothymooney/chest-xray-pneumonia/versions/2/chest_xray/chest_xray/test/PNEUMONIA/person1634_virus_2830.jpeg,1,VALID_MODALITY,train
C:/Users/Ankit/.cache/kagglehub/datasets/devbatrax/fracture-detection-using-x-ray-images/versions/1/data/train/not fractured/38-rotated3-rotated2-rotated1.jpg,0,INVALID_MODALITY,train
C:/Users/Ankit/.cache/kagglehub/datasets/paultimothymooney/chest-xray-pneumonia/versions/2/chest_xray/chest_xray/train/PNEUMONIA/person608_bacteria_2473.jpeg,1,VALID_MODALITY,train
C:/Users/Ankit/.cache/kagglehub/datasets/paultimothymooney/chest-xray-pneumonia/versions/2/chest_xray/chest_xray/train/PNEUMONIA/person1550_bacteria_4051.jpeg,1,VALID_MODALITY,train
C:/Users/Ankit/.cache/kagglehub/datasets/devbatrax/fracture-detection-using-x-ray-images/versions/1/data/train/fractured/62-rotated1-rotated2-rotated1.jpg,0,INVALID_MODALITY,train
C:/Users/Ankit/.cache/kagglehub/datasets/paultimothymooney/chest-xray-pneumonia/versions/2/chest_xray/train/PNEUMONIA/person1296_virus_2224.jpeg,1,VALID_MODALITY,train
C:/Users/Ankit/.cache/kagglehub/datasets/devbatrax/fracture-detection-using-x-ray-images/versions/1/data/train/fractured/44-rotated3-rotated1.jpg,0,INVALID_MODALITY,val
C:/Users/Ankit/.cache/kagglehub/datasets/paultimothymooney/chest-xray-pneumonia/versions/2/chest_xray/chest_xray/train/NORMAL/NORMAL2-IM-0888-0001.jpeg,1,VALID_MODALITY,train
C:/Users/Ankit/.cache/kagglehub/datasets/devbatrax/fracture-detection-using-x-ray-images/versions/1/data/train/fractured/116-rotated1-rotated2-rotated3.jpg,0,INVALID_MODALITY,train
C:/Users/Ankit/.cache/kagglehub/datasets/devbatrax/fracture-detection-using-x-ray-images/versions/1/data/train/not fractured/33-rotated2-rotated2-rotated2-rotated1.jpg,0,INVALID_MODALITY,val
C:/Users/Ankit/.cache/kagglehub/datasets/paultimothymooney/chest-xray-pneumonia/versions/2/chest_xray/train/PNEUMONIA/person1731_bacteria_4563.jpeg,1,VALID_MODALITY,train
C:/Users/Ankit/.cache/kagglehub/datasets/paultimothymooney/chest-xray-pneumonia/versions/2/chest_xray/train/PNEUMONIA/person260_virus_541.jpeg,1,VALID_MODALITY,val
C:/Users/Ankit/.cache/kagglehub/datasets/devbatrax/fracture-detection-using-x-ray-images/versions/1/data/train/fractured/38-rotated2-rotated2-rotated3.jpg,0,INVALID_MODALITY,val
C:/Users/Ankit/.cache/kagglehub/datasets/devbatrax/fracture-detection-using-x-ray-images/versions/1/data/train/fractured/61-rotated3-rotated3-rotated1.jpg,0,INVALID_MODALITY,train
C:/Users/Ankit/.cache/kagglehub/datasets/devbatrax/fracture-detection-using-x-ray-images/versions/1/data/train/fractured/105-rotated3-rotated2-rotated3.jpg,0,INVALID_MODALITY,train
C:/Users/Ankit/.cache/kagglehub/datasets/paultimothymooney/chest-xray-pneumonia/versions/2/chest_xray/chest_xray/train/NORMAL/NORMAL2-IM-1117-0001.jpeg,1,VALID_MODALITY,train
C:/Users/Ankit/.cache/kagglehub/datasets/paultimothymooney/chest-xray-pneumonia/versions/2/chest_xray/chest_xray/test/NORMAL/IM-0111-0001.jpeg,1,VALID_MODALITY,train
C:/Users/Ankit/.cache/kagglehub/datasets/masoudnickparvar/brain-tumor-mri-dataset/versions/2/Testing/meningioma/Te-me_284.jpg,0,INVALID_MODALITY,train
C:/Users/Ankit/.cache/kagglehub/datasets/paultimothymooney/chest-xray-pneumonia/versions/2/chest_xray/train/PNEUMONIA/person1628_bacteria_4294.jpeg,1,VALID_MODALITY,train
C:/Users/Ankit/.cache/kagglehub/datasets/paultimothymooney/chest-xray-pneumonia/versions/2/chest_xray/chest_xray/train/NORMAL/NORMAL2-IM-0874-0001.jpeg,1,VALID_MODALITY,train
C:/Users/Ankit/.cache/kagglehub/datasets/devbatrax/fracture-detection-using-x-ray-images/versions/1/data/train/fractured/100-rotated2-rotated1-rotated2.jpg,0,INVALID_MODALITY,train
C:/Users/Ankit/.cache/kagglehub/datasets/paultimothymooney/chest-xray-pneumonia/versions/2/chest_xray/train/PNEUMONIA/person1405_virus_2408.jpeg,1,VALID_MODALITY,test
C:/Users/Ankit/.cache/kagglehub/datasets/devbatrax/fracture-detection-using-x-ray-images/versions/1/data/train/not fractured/58-rotated2-rotated3-rotated2-rotated1.jpg,0,INVALID_MODALITY,test
D:\anti gravity\Radionova\datasets\generic_negatives\generic_0378.jpg,0,INVALID_MODALITY,train
C:/Users/Ankit/.cache/kagglehub/datasets/devbatrax/fracture-detection-using-x-ray-images/versions/1/data/val/fractured/8-rotated1-rotated2-rotated1.jpg,0,INVALID_MODALITY,train
C:/Users/Ankit/.cache/kagglehub/datasets/paultimothymooney/chest-xray-pneumonia/versions/2/chest_xray/chest_xray/train/NORMAL/NORMAL2-IM-1192-0001.jpeg,1,VALID_MODALITY,train
C:/Users/Ankit/.cache/kagglehub/datasets/paultimothymooney/chest-xray-pneumonia/versions/2/chest_xray/train/PNEUMONIA/person712_bacteria_2613.jpeg,1,VALID_MODALITY,train
C:/Users/Ankit/.cache/kagglehub/datasets/devbatrax/fracture-detection-using-x-ray-images/versions/1/data/train/not fractured/23-rotated1-rotated3-rotated2-rotated1.jpg,0,INVALID_MODALITY,train
C:/Users/Ankit/.cache/kagglehub/datasets/devbatrax/fracture-detection-using-x-ray-images/versions/1/data/train/not fractured/63-rotated3-rotated1-rotated2.jpg,0,INVALID_MODALITY,train
C:/Users/Ankit/.cache/kagglehub/datasets/paultimothymooney/chest-xray-pneumonia/versions/2/chest_xray/chest_xray/train/NORMAL/IM-0739-0001.jpeg,1,VALID_MODALITY,test
C:/Users/Ankit/.cache/kagglehub/datasets/devbatrax/fracture-detection-using-x-ray-images/versions/1/data/train/not fractured/55-rotated2-rotated3-rotated1-rotated1.jpg,0,INVALID_MODALITY,train
C:/Users/Ankit/.cache/kagglehub/datasets/devbatrax/fracture-detection-using-x-ray-images/versions/1/data/train/not fractured/22-rotated2-rotated3-rotated2-rotated1.jpg,0,INVALID_MODALITY,train
C:/Users/Ankit/.cache/kagglehub/datasets/devbatrax/fracture-detection-using-x-ray-images/versions/1/data/train/fractured/116-rotated1-rotated1.jpg,0,INVALID_MODALITY,train
C:/Users/Ankit/.cache/kagglehub/datasets/devbatrax/fracture-detection-using-x-ray-images/versions/1/data/train/not fractured/38-rotated2-rotated1.jpg,0,INVALID_MODALITY,train
C:/Users/Ankit/.cache/kagglehub/datasets/paultimothymooney/chest-xray-pneumonia/versions/2/chest_xray/chest_xray/train/PNEUMONIA/person1917_bacteria_4823.jpeg,1,VALID_MODALITY,train
C:/Users/Ankit/.cache/kagglehub/datasets/paultimothymooney/chest-xray-pneumonia/versions/2/chest_xray/chest_xray/train/PNEUMONIA/person1067_virus_1770.jpeg,1,VALID_MODALITY,train
C:/Users/Ankit/.cache/kagglehub/datasets/devbatrax/fracture-detection-using-x-ray-images/versions/1/data/train/fractured/48-rotated1-rotated3-rotated3.jpg,0,INVALID_MODALITY,train
C:/Users/Ankit/.cache/kagglehub/datasets/paultimothymooney/chest-xray-pneumonia/versions/2/chest_xray/chest_xray/train/PNEUMONIA/person909_virus_1565.jpeg,1,VALID_MODALITY,test
C:/Users/Ankit/.cache/kagglehub/datasets/masoudnickparvar/brain-tumor-mri-dataset/versions/2/Training/meningioma/Tr-aug-me_99.jpg,0,INVALID_MODALITY,val
C:/Users/Ankit/.cache/kagglehub/datasets/paultimothymooney/chest-xray-pneumonia/versions/2/chest_xray/chest_xray/train/NORMAL/NORMAL2-IM-0796-0001.jpeg,1,VALID_MODALITY,val
C:/Users/Ankit/.cache/kagglehub/datasets/masoudnickparvar/brain-tumor-mri-dataset/versions/2/Training/pituitary/Tr-pi_1270.jpg,0,INVALID_MODALITY,train
C:/Users/Ankit/.cache/kagglehub/datasets/paultimothymooney/chest-xray-pneumonia/versions/2/chest_xray/train/PNEUMONIA/person1418_bacteria_3637.jpeg,1,VALID_MODALITY,train
C:/Users/Ankit/.cache/kagglehub/datasets/devbatrax/fracture-detection-using-x-ray-images/versions/1/data/train/fractured/98-rotated2-rotated1-rotated3.jpg,0,INVALID_MODALITY,train
C:/Users/Ankit/.cache/kagglehub/datasets/devbatrax/fracture-detection-using-x-ray-images/versions/1/data/train/fractured/108-rotated1-rotated1-rotated2.jpg,0,INVALID_MODALITY,train
C:/Users/Ankit/.cache/kagglehub/datasets/paultimothymooney/chest-xray-pneumonia/versions/2/chest_xray/chest_xray/train/NORMAL/IM-0301-0001.jpeg,1,VALID_MODALITY,train
C:/Users/Ankit/.cache/kagglehub/datasets/paultimothymooney/chest-xray-pneumonia/versions/2/chest_xray/chest_xray/test/NORMAL/NORMAL2-IM-0173-0001-0001.jpeg,1,VALID_MODALITY,train
C:/Users/Ankit/.cache/kagglehub/datasets/paultimothymooney/chest-xray-pneumonia/versions/2/chest_xray/chest_xray/train/NORMAL/NORMAL2-IM-0392-0001.jpeg,1,VALID_MODALITY,val
C:/Users/Ankit/.cache/kagglehub/datasets/paultimothymooney/chest-xray-pneumonia/versions/2/chest_xray/chest_xray/train/PNEUMONIA/person1935_bacteria_4849.jpeg,1,VALID_MODALITY,test
C:/Users/Ankit/.cache/kagglehub/datasets/devbatrax/fracture-detection-using-x-ray-images/versions/1/data/train/not fractured/12-rotated3-rotated3-rotated2.jpg,0,INVALID_MODALITY,train
C:/Users/Ankit/.cache/kagglehub/datasets/paultimothymooney/chest-xray-pneumonia/versions/2/chest_xray/chest_xray/train/PNEUMONIA/person61_bacteria_289.jpeg,1,VALID_MODALITY,train
C:/Users/Ankit/.cache/kagglehub/datasets/paultimothymooney/chest-xray-pneumonia/versions/2/chest_xray/chest_xray/test/NORMAL/NORMAL2-IM-0249-0001.jpeg,1,VALID_MODALITY,train
C:/Users/Ankit/.cache/kagglehub/datasets/paultimothymooney/chest-xray-pneumonia/versions/2/chest_xray/train/PNEUMONIA/person441_bacteria_1911.jpeg,1,VALID_MODALITY,train
C:/Users/Ankit/.cache/kagglehub/datasets/paultimothymooney/chest-xray-pneumonia/versions/2/chest_xray/chest_xray/train/PNEUMONIA/person544_virus_1076.jpeg,1,VALID_MODALITY,train
C:/Users/Ankit/.cache/kagglehub/datasets/paultimothymooney/chest-xray-pneumonia/versions/2/chest_xray/train/PNEUMONIA/person430_bacteria_1871.jpeg,1,VALID_MODALITY,val
C:/Users/Ankit/.cache/kagglehub/datasets/devbatrax/fracture-detection-using-x-ray-images/versions/1/data/train/not fractured/16-rotated1-rotated3-rotated2-rotated1.jpg,0,INVALID_MODALITY,train
C:/Users/Ankit/.cache/kagglehub/datasets/paultimothymooney/chest-xray-pneumonia/versions/2/chest_xray/chest_xray/test/PNEUMONIA/person81_bacteria_396.jpeg,1,VALID_MODALITY,train
C:/Users/Ankit/.cache/kagglehub/datasets/devbatrax/fracture-detection-using-x-ray-images/versions/1/data/train/fractured/14-rotated2-rotated1.jpg,0,INVALID_MODALITY,train
C:/Users/Ankit/.cache/kagglehub/datasets/paultimothymooney/chest-xray-pneumonia/versions/2/chest_xray/chest_xray/train/PNEUMONIA/person1131_bacteria_3073.jpeg,1,VALID_MODALITY,train
C:/Users/Ankit/.cache/kagglehub/datasets/paultimothymooney/chest-xray-pneumonia/versions/2/chest_xray/train/PNEUMONIA/person518_virus_1036.jpeg,1,VALID_MODALITY,train
C:/Users/Ankit/.cache/kagglehub/datasets/masoudnickparvar/brain-tumor-mri-dataset/versions/2/Training/meningioma/Tr-me_166.jpg,0,INVALID_MODALITY,train
C:/Users/Ankit/.cache/kagglehub/datasets/devbatrax/fracture-detection-using-x-ray-images/versions/1/data/train/not fractured/44-rotated2-rotated2-rotated1.jpg,0,INVALID_MODALITY,train
C:/Users/Ankit/.cache/kagglehub/datasets/paultimothymooney/chest-xray-pneumonia/versions/2/chest_xray/train/NORMAL/IM-0500-0001.jpeg,1,VALID_MODALITY,train
C:/Users/Ankit/.cache/kagglehub/datasets/devbatrax/fracture-detection-using-x-ray-images/versions/1/data/train/fractured/103-rotated1-rotated3-rotated3.jpg,0,INVALID_MODALITY,train
C:/Users/Ankit/.cache/kagglehub/datasets/paultimothymooney/chest-xray-pneumonia/versions/2/chest_xray/chest_xray/train/PNEUMONIA/person736_bacteria_2639.jpeg,1,VALID_MODALITY,train
D:\anti gravity\Radionova\datasets\generic_negatives\generic_0109.jpg,0,INVALID_MODALITY,train
C:/Users/Ankit/.cache/kagglehub/datasets/paultimothymooney/chest-xray-pneumonia/versions/2/chest_xray/train/PNEUMONIA/person788_virus_1419.jpeg,1,VALID_MODALITY,train
C:/Users/Ankit/.cache/kagglehub/datasets/paultimothymooney/chest-xray-pneumonia/versions/2/chest_xray/train/PNEUMONIA/person477_bacteria_2029.jpeg,1,VALID_MODALITY,train
C:/Users/Ankit/.cache/kagglehub/datasets/paultimothymooney/chest-xray-pneumonia/versions/2/chest_xray/chest_xray/train/PNEUMONIA/person470_bacteria_2001.jpeg,1,VALID_MODALITY,train
C:/Users/Ankit/.cache/kagglehub/datasets/devbatrax/fracture-detection-using-x-ray-images/versions/1/data/train/not fractured/36-rotated3-rotated2-rotated2-rotated1.jpg,0,INVALID_MODALITY,val
C:/Users/Ankit/.cache/kagglehub/datasets/paultimothymooney/chest-xray-pneumonia/versions/2/chest_xray/chest_xray/train/PNEUMONIA/person15_bacteria_52.jpeg,1,VALID_MODALITY,train
C:/Users/Ankit/.cache/kagglehub/datasets/devbatrax/fracture-detection-using-x-ray-images/versions/1/data/train/not fractured/15-rotated1-rotated3-rotated1-rotated1.jpg,0,INVALID_MODALITY,train
C:/Users/Ankit/.cache/kagglehub/datasets/masoudnickparvar/brain-tumor-mri-dataset/versions/2/Training/meningioma/Tr-me_883.jpg,0,INVALID_MODALITY,val
C:/Users/Ankit/.cache/kagglehub/datasets/devbatrax/fracture-detection-using-x-ray-images/versions/1/data/train/fractured/58-rotated1-rotated3-rotated3.jpg,0,INVALID_MODALITY,val
C:/Users/Ankit/.cache/kagglehub/datasets/devbatrax/fracture-detection-using-x-ray-images/versions/1/data/train/not fractured/68-rotated1-rotated3-rotated1-rotated1.jpg,0,INVALID_MODALITY,train
C:/Users/Ankit/.cache/kagglehub/datasets/devbatrax/fracture-detection-using-x-ray-images/versions/1/data/train/fractured/71-rotated3-rotated3.jpg,0,INVALID_MODALITY,train
C:/Users/Ankit/.cache/kagglehub/datasets/masoudnickparvar/brain-tumor-mri-dataset/versions/2/Training/glioma/Tr-gl_1262.jpg,0,INVALID_MODALITY,train
C:/Users/Ankit/.cache/kagglehub/datasets/masoudnickparvar/brain-tumor-mri-dataset/versions/2/Testing/pituitary/Te-pi_155.jpg,0,INVALID_MODALITY,train
C:/Users/Ankit/.cache/kagglehub/datasets/devbatrax/fracture-detection-using-x-ray-images/versions/1/data/train/fractured/49-rotated3-rotated2.jpg,0,INVALID_MODALITY,train
C:/Users/Ankit/.cache/kagglehub/datasets/devbatrax/fracture-detection-using-x-ray-images/versions/1/data/train/not fractured/54-rotated3-rotated2-rotated2.jpg,0,INVALID_MODALITY,train
D:\anti gravity\Radionova\datasets\generic_negatives\generic_0198.jpg,0,INVALID_MODALITY,train
C:/Users/Ankit/.cache/kagglehub/datasets/devbatrax/fracture-detection-using-x-ray-images/versions/1/data/train/fractured/84-rotated1-rotated2-rotated2.jpg,0,INVALID_MODALITY,train
C:/Users/Ankit/.cache/kagglehub/datasets/paultimothymooney/chest-xray-pneumonia/versions/2/chest_xray/train/PNEUMONIA/person1453_virus_2485.jpeg,1,VALID_MODALITY,train
C:/Users/Ankit/.cache/kagglehub/datasets/devbatrax/fracture-detection-using-x-ray-images/versions/1/data/train/fractured/35-rotated3.jpg,0,INVALID_MODALITY,test
C:/Users/Ankit/.cache/kagglehub/datasets/paultimothymooney/chest-xray-pneumonia/versions/2/chest_xray/train/NORMAL/IM-0444-0001.jpeg,1,VALID_MODALITY,train
C:/Users/Ankit/.cache/kagglehub/datasets/devbatrax/fracture-detection-using-x-ray-images/versions/1/data/train/not fractured/53.jpg,0,INVALID_MODALITY,val
C:/Users/Ankit/.cache/kagglehub/datasets/paultimothymooney/chest-xray-pneumonia/versions/2/chest_xray/test/NORMAL/IM-0003-0001.jpeg,1,VALID_MODALITY,train
C:/Users/Ankit/.cache/kagglehub/datasets/masoudnickparvar/brain-tumor-mri-dataset/versions/2/Testing/pituitary/Te-pi_153.jpg,0,INVALID_MODALITY,train
C:/Users/Ankit/.cache/kagglehub/datasets/devbatrax/fracture-detection-using-x-ray-images/versions/1/data/train/not fractured/25-rotated1-rotated1-rotated3.jpg,0,INVALID_MODALITY,train
C:/Users/Ankit/.cache/kagglehub/datasets/devbatrax/fracture-detection-using-x-ray-images/versions/1/data/train/not fractured/14-rotated3.jpg,0,INVALID_MODALITY,val
C:/Users/Ankit/.cache/kagglehub/datasets/paultimothymooney/chest-xray-pneumonia/versions/2/chest_xray/chest_xray/train/NORMAL/IM-0166-0001.jpeg,1,VALID_MODALITY,train
C:/Users/Ankit/.cache/kagglehub/datasets/paultimothymooney/chest-xray-pneumonia/versions/2/chest_xray/train/PNEUMONIA/person313_bacteria_1458.jpeg,1,VALID_MODALITY,train
C:/Users/Ankit/.cache/kagglehub/datasets/devbatrax/fracture-detection-using-x-ray-images/versions/1/data/train/not fractured/15-rotated2-rotated3.jpg,0,INVALID_MODALITY,train
D:\anti gravity\Radionova\datasets\generic_negatives\generic_0395.jpg,0,INVALID_MODALITY,train
C:/Users/Ankit/.cache/kagglehub/datasets/paultimothymooney/chest-xray-pneumonia/versions/2/chest_xray/train/PNEUMONIA/person893_bacteria_2818.jpeg,1,VALID_MODALITY,val
C:/Users/Ankit/.cache/kagglehub/datasets/paultimothymooney/chest-xray-pneumonia/versions/2/chest_xray/train/PNEUMONIA/person342_virus_701.jpeg,1,VALID_MODALITY,test
C:/Users/Ankit/.cache/kagglehub/datasets/paultimothymooney/chest-xray-pneumonia/versions/2/chest_xray/train/NORMAL/IM-0491-0001.jpeg,1,VALID_MODALITY,train
C:/Users/Ankit/.cache/kagglehub/datasets/masoudnickparvar/brain-tumor-mri-dataset/versions/2/Testing/glioma/Te-gl_68.jpg,0,INVALID_MODALITY,train
C:/Users/Ankit/.cache/kagglehub/datasets/devbatrax/fracture-detection-using-x-ray-images/versions/1/data/train/not fractured/5-rotated1-rotated2-rotated1.jpg,0,INVALID_MODALITY,train
C:/Users/Ankit/.cache/kagglehub/datasets/masoudnickparvar/brain-tumor-mri-dataset/versions/2/Training/pituitary/Tr-pi_1157.jpg,0,INVALID_MODALITY,train
C:/Users/Ankit/.cache/kagglehub/datasets/paultimothymooney/chest-xray-pneumonia/versions/2/chest_xray/chest_xray/train/NORMAL/NORMAL2-IM-1015-0001.jpeg,1,VALID_MODALITY,train
C:/Users/Ankit/.cache/kagglehub/datasets/paultimothymooney/chest-xray-pneumonia/versions/2/chest_xray/train/PNEUMONIA/person334_bacteria_1542.jpeg,1,VALID_MODALITY,train
C:/Users/Ankit/.cache/kagglehub/datasets/devbatrax/fracture-detection-using-x-ray-images/versions/1/data/train/fractured/118-rotated3.jpg,0,INVALID_MODALITY,test
C:/Users/Ankit/.cache/kagglehub/datasets/devbatrax/fracture-detection-using-x-ray-images/versions/1/data/train/not fractured/62-rotated3-rotated2-rotated3.jpg,0,INVALID_MODALITY,train
D:\anti gravity\Radionova\datasets\generic_negatives\generic_0096.jpg,0,INVALID_MODALITY,train
C:/Users/Ankit/.cache/kagglehub/datasets/paultimothymooney/chest-xray-pneumonia/versions/2/chest_xray/chest_xray/train/NORMAL/NORMAL2-IM-0622-0001.jpeg,1,VALID_MODALITY,train
C:/Users/Ankit/.cache/kagglehub/datasets/devbatrax/fracture-detection-using-x-ray-images/versions/1/data/train/fractured/62-rotated1-rotated1-rotated1.jpg,0,INVALID_MODALITY,train
D:\anti gravity\Radionova\datasets\generic_negatives\generic_0284.jpg,0,INVALID_MODALITY,val
C:/Users/Ankit/.cache/kagglehub/datasets/paultimothymooney/chest-xray-pneumonia/versions/2/chest_xray/train/PNEUMONIA/person1635_bacteria_4335.jpeg,1,VALID_MODALITY,train
C:/Users/Ankit/.cache/kagglehub/datasets/masoudnickparvar/brain-tumor-mri-dataset/versions/2/Training/glioma/Tr-gl_740.jpg,0,INVALID_MODALITY,test
D:\anti gravity\Radionova\datasets\generic_negatives\generic_0327.jpg,0,INVALID_MODALITY,train
C:/Users/Ankit/.cache/kagglehub/datasets/devbatrax/fracture-detection-using-x-ray-images/versions/1/data/train/not fractured/42-rotated3-rotated1-rotated1.jpg,0,INVALID_MODALITY,train
C:/Users/Ankit/.cache/kagglehub/datasets/paultimothymooney/chest-xray-pneumonia/versions/2/chest_xray/chest_xray/train/PNEUMONIA/person696_bacteria_2594.jpeg,1,VALID_MODALITY,train
D:\anti gravity\Radionova\datasets\generic_negatives\generic_0167.jpg,0,INVALID_MODALITY,test
C:/Users/Ankit/.cache/kagglehub/datasets/paultimothymooney/chest-xray-pneumonia/versions/2/chest_xray/chest_xray/train/PNEUMONIA/person123_virus_230.jpeg,1,VALID_MODALITY,train
C:/Users/Ankit/.cache/kagglehub/datasets/masoudnickparvar/brain-tumor-mri-dataset/versions/2/Training/pituitary/Tr-pi_300.jpg,0,INVALID_MODALITY,train
C:/Users/Ankit/.cache/kagglehub/datasets/devbatrax/fracture-detection-using-x-ray-images/versions/1/data/train/fractured/106-rotated2-rotated2-rotated1.jpg,0,INVALID_MODALITY,test
C:/Users/Ankit/.cache/kagglehub/datasets/paultimothymooney/chest-xray-pneumonia/versions/2/chest_xray/train/PNEUMONIA/person393_virus_784.jpeg,1,VALID_MODALITY,val
C:/Users/Ankit/.cache/kagglehub/datasets/paultimothymooney/chest-xray-pneumonia/versions/2/chest_xray/train/NORMAL/NORMAL2-IM-0950-0001.jpeg,1,VALID_MODALITY,train
C:/Users/Ankit/.cache/kagglehub/datasets/paultimothymooney/chest-xray-pneumonia/versions/2/chest_xray/train/NORMAL/IM-0216-0001.jpeg,1,VALID_MODALITY,train
C:/Users/Ankit/.cache/kagglehub/datasets/paultimothymooney/chest-xray-pneumonia/versions/2/chest_xray/chest_xray/train/NORMAL/NORMAL2-IM-0640-0001.jpeg,1,VALID_MODALITY,train
C:/Users/Ankit/.cache/kagglehub/datasets/paultimothymooney/chest-xray-pneumonia/versions/2/chest_xray/chest_xray/train/NORMAL/NORMAL2-IM-1136-0001.jpeg,1,VALID_MODALITY,train
C:/Users/Ankit/.cache/kagglehub/datasets/paultimothymooney/chest-xray-pneumonia/versions/2/chest_xray/chest_xray/train/NORMAL/NORMAL2-IM-0485-0001.jpeg,1,VALID_MODALITY,train
C:/Users/Ankit/.cache/kagglehub/datasets/devbatrax/fracture-detection-using-x-ray-images/versions/1/data/train/fractured/39-rotated1-rotated1-rotated1.jpg,0,INVALID_MODALITY,test
C:/Users/Ankit/.cache/kagglehub/datasets/paultimothymooney/chest-xray-pneumonia/versions/2/chest_xray/chest_xray/test/NORMAL/NORMAL2-IM-0222-0001.jpeg,1,VALID_MODALITY,test
D:\anti gravity\Radionova\datasets\generic_negatives\generic_0366.jpg,0,INVALID_MODALITY,val
C:/Users/Ankit/.cache/kagglehub/datasets/devbatrax/fracture-detection-using-x-ray-images/versions/1/data/val/not fractured/3-rotated2-rotated3-rotated3.jpg,0,INVALID_MODALITY,test
D:\anti gravity\Radionova\datasets\generic_negatives\generic_0363.jpg,0,INVALID_MODALITY,test
C:/Users/Ankit/.cache/kagglehub/datasets/paultimothymooney/chest-xray-pneumonia/versions/2/chest_xray/train/PNEUMONIA/person62_bacteria_303.jpeg,1,VALID_MODALITY,train
C:/Users/Ankit/.cache/kagglehub/datasets/paultimothymooney/chest-xray-pneumonia/versions/2/chest_xray/train/PNEUMONIA/person596_bacteria_2445.jpeg,1,VALID_MODALITY,train
C:/Users/Ankit/.cache/kagglehub/datasets/devbatrax/fracture-detection-using-x-ray-images/versions/1/data/val/fractured/3-rotated2-rotated3-rotated3.jpg,0,INVALID_MODALITY,train
C:/Users/Ankit/.cache/kagglehub/datasets/paultimothymooney/chest-xray-pneumonia/versions/2/chest_xray/chest_xray/test/PNEUMONIA/person75_virus_136.jpeg,1,VALID_MODALITY,train
C:/Users/Ankit/.cache/kagglehub/datasets/paultimothymooney/chest-xray-pneumonia/versions/2/chest_xray/chest_xray/train/PNEUMONIA/person1317_virus_2273.jpeg,1,VALID_MODALITY,train
C:/Users/Ankit/.cache/kagglehub/datasets/masoudnickparvar/brain-tumor-mri-dataset/versions/2/Training/pituitary/Tr-pi_815.jpg,0,INVALID_MODALITY,train
C:/Users/Ankit/.cache/kagglehub/datasets/devbatrax/fracture-detection-using-x-ray-images/versions/1/data/train/fractured/111-rotated3-rotated1-rotated1.jpg,0,INVALID_MODALITY,train
C:/Users/Ankit/.cache/kagglehub/datasets/paultimothymooney/chest-xray-pneumonia/versions/2/chest_xray/train/PNEUMONIA/person23_bacteria_105.jpeg,1,VALID_MODALITY,train
C:/Users/Ankit/.cache/kagglehub/datasets/devbatrax/fracture-detection-using-x-ray-images/versions/1/data/train/not fractured/57-rotated3-rotated1.jpg,0,INVALID_MODALITY,train
C:/Users/Ankit/.cache/kagglehub/datasets/devbatrax/fracture-detection-using-x-ray-images/versions/1/data/train/fractured/41-rotated2-rotated1-rotated2.jpg,0,INVALID_MODALITY,train
C:/Users/Ankit/.cache/kagglehub/datasets/paultimothymooney/chest-xray-pneumonia/versions/2/chest_xray/chest_xray/train/PNEUMONIA/person19_bacteria_60.jpeg,1,VALID_MODALITY,train
C:/Users/Ankit/.cache/kagglehub/datasets/paultimothymooney/chest-xray-pneumonia/versions/2/chest_xray/train/PNEUMONIA/person355_virus_731.jpeg,1,VALID_MODALITY,train
C:/Users/Ankit/.cache/kagglehub/datasets/paultimothymooney/chest-xray-pneumonia/versions/2/chest_xray/train/PNEUMONIA/person277_bacteria_1306.jpeg,1,VALID_MODALITY,train
D:\anti gravity\Radionova\datasets\generic_negatives\generic_0180.jpg,0,INVALID_MODALITY,train
D:\anti gravity\Radionova\datasets\generic_negatives\generic_0373.jpg,0,INVALID_MODALITY,train
C:/Users/Ankit/.cache/kagglehub/datasets/paultimothymooney/chest-xray-pneumonia/versions/2/chest_xray/chest_xray/train/PNEUMONIA/person534_virus_1061.jpeg,1,VALID_MODALITY,train
C:/Users/Ankit/.cache/kagglehub/datasets/paultimothymooney/chest-xray-pneumonia/versions/2/chest_xray/train/NORMAL/NORMAL2-IM-0448-0001.jpeg,1,VALID_MODALITY,train
D:\anti gravity\Radionova\datasets\generic_negatives\generic_0303.jpg,0,INVALID_MODALITY,val
C:/Users/Ankit/.cache/kagglehub/datasets/masoudnickparvar/brain-tumor-mri-dataset/versions/2/Training/glioma/Tr-gl_531.jpg,0,INVALID_MODALITY,train
C:/Users/Ankit/.cache/kagglehub/datasets/devbatrax/fracture-detection-using-x-ray-images/versions/1/data/train/not fractured/4-rotated3-rotated1-rotated2.jpg,0,INVALID_MODALITY,train
C:/Users/Ankit/.cache/kagglehub/datasets/paultimothymooney/chest-xray-pneumonia/versions/2/chest_xray/train/PNEUMONIA/person348_virus_717.jpeg,1,VALID_MODALITY,train
C:/Users/Ankit/.cache/kagglehub/datasets/devbatrax/fracture-detection-using-x-ray-images/versions/1/data/train/not fractured/9-rotated1-rotated1.jpg,0,INVALID_MODALITY,train
C:/Users/Ankit/.cache/kagglehub/datasets/paultimothymooney/chest-xray-pneumonia/versions/2/chest_xray/train/NORMAL/NORMAL2-IM-1245-0001.jpeg,1,VALID_MODALITY,val
C:/Users/Ankit/.cache/kagglehub/datasets/paultimothymooney/chest-xray-pneumonia/versions/2/chest_xray/train/NORMAL/IM-0131-0001.jpeg,1,VALID_MODALITY,val
C:/Users/Ankit/.cache/kagglehub/datasets/paultimothymooney/chest-xray-pneumonia/versions/2/chest_xray/train/PNEUMONIA/person1691_bacteria_4481.jpeg,1,VALID_MODALITY,train
C:/Users/Ankit/.cache/kagglehub/datasets/paultimothymooney/chest-xray-pneumonia/versions/2/chest_xray/train/PNEUMONIA/person307_bacteria_1442.jpeg,1,VALID_MODALITY,train
C:/Users/Ankit/.cache/kagglehub/datasets/devbatrax/fracture-detection-using-x-ray-images/versions/1/data/train/not fractured/10-rotated3.jpg,0,INVALID_MODALITY,train
C:/Users/Ankit/.cache/kagglehub/datasets/paultimothymooney/chest-xray-pneumonia/versions/2/chest_xray/train/NORMAL/NORMAL2-IM-0893-0001.jpeg,1,VALID_MODALITY,train
C:/Users/Ankit/.cache/kagglehub/datasets/paultimothymooney/chest-xray-pneumonia/versions/2/chest_xray/chest_xray/test/PNEUMONIA/person1664_virus_2877.jpeg,1,VALID_MODALITY,train
C:/Users/Ankit/.cache/kagglehub/datasets/paultimothymooney/chest-xray-pneumonia/versions/2/chest_xray/train/PNEUMONIA/person1059_virus_1758.jpeg,1,VALID_MODALITY,train
C:/Users/Ankit/.cache/kagglehub/datasets/paultimothymooney/chest-xray-pneumonia/versions/2/chest_xray/train/PNEUMONIA/person1644_bacteria_4357.jpeg,1,VALID_MODALITY,train
C:/Users/Ankit/.cache/kagglehub/datasets/paultimothymooney/chest-xray-pneumonia/versions/2/chest_xray/chest_xray/train/PNEUMONIA/person67_bacteria_329.jpeg,1,VALID_MODALITY,train
C:/Users/Ankit/.cache/kagglehub/datasets/devbatrax/fracture-detection-using-x-ray-images/versions/1/data/train/fractured/91-rotated2-rotated1-rotated1.jpg,0,INVALID_MODALITY,train
C:/Users/Ankit/.cache/kagglehub/datasets/paultimothymooney/chest-xray-pneumonia/versions/2/chest_xray/chest_xray/train/NORMAL/NORMAL2-IM-1002-0001.jpeg,1,VALID_MODALITY,train
C:/Users/Ankit/.cache/kagglehub/datasets/masoudnickparvar/brain-tumor-mri-dataset/versions/2/Training/glioma/Tr-gl_349.jpg,0,INVALID_MODALITY,train
C:/Users/Ankit/.cache/kagglehub/datasets/paultimothymooney/chest-xray-pneumonia/versions/2/chest_xray/train/PNEUMONIA/person1644_bacteria_4356.jpeg,1,VALID_MODALITY,train
C:/Users/Ankit/.cache/kagglehub/datasets/paultimothymooney/chest-xray-pneumonia/versions/2/chest_xray/chest_xray/train/PNEUMONIA/person1160_virus_1947.jpeg,1,VALID_MODALITY,test
C:/Users/Ankit/.cache/kagglehub/datasets/paultimothymooney/chest-xray-pneumonia/versions/2/chest_xray/train/PNEUMONIA/person1357_virus_2338.jpeg,1,VALID_MODALITY,train
D:\anti gravity\Radionova\datasets\generic_negatives\generic_0176.jpg,0,INVALID_MODALITY,train
C:/Users/Ankit/.cache/kagglehub/datasets/paultimothymooney/chest-xray-pneumonia/versions/2/chest_xray/chest_xray/train/PNEUMONIA/person643_bacteria_2534.jpeg,1,VALID_MODALITY,train
C:/Users/Ankit/.cache/kagglehub/datasets/devbatrax/fracture-detection-using-x-ray-images/versions/1/data/train/fractured/37-rotated1-rotated1-rotated1.jpg,0,INVALID_MODALITY,val
C:/Users/Ankit/.cache/kagglehub/datasets/paultimothymooney/chest-xray-pneumonia/versions/2/chest_xray/train/PNEUMONIA/person1711_bacteria_4527.jpeg,1,VALID_MODALITY,train
C:/Users/Ankit/.cache/kagglehub/datasets/masoudnickparvar/brain-tumor-mri-dataset/versions/2/Training/glioma/Tr-gl_552.jpg,0,INVALID_MODALITY,train
C:/Users/Ankit/.cache/kagglehub/datasets/paultimothymooney/chest-xray-pneumonia/versions/2/chest_xray/train/PNEUMONIA/person71_bacteria_350.jpeg,1,VALID_MODALITY,train
C:/Users/Ankit/.cache/kagglehub/datasets/paultimothymooney/chest-xray-pneumonia/versions/2/chest_xray/chest_xray/train/PNEUMONIA/person419_virus_857.jpeg,1,VALID_MODALITY,test
C:/Users/Ankit/.cache/kagglehub/datasets/devbatrax/fracture-detection-using-x-ray-images/versions/1/data/train/not fractured/5.jpg,0,INVALID_MODALITY,val
C:/Users/Ankit/.cache/kagglehub/datasets/paultimothymooney/chest-xray-pneumonia/versions/2/chest_xray/chest_xray/train/PNEUMONIA/person1545_bacteria_4042.jpeg,1,VALID_MODALITY,val
C:/Users/Ankit/.cache/kagglehub/datasets/devbatrax/fracture-detection-using-x-ray-images/versions/1/data/train/not fractured/9-rotated2-rotated3-rotated1.jpg,0,INVALID_MODALITY,train
C:/Users/Ankit/.cache/kagglehub/datasets/paultimothymooney/chest-xray-pneumonia/versions/2/chest_xray/train/PNEUMONIA/person1599_bacteria_4200.jpeg,1,VALID_MODALITY,train
D:\anti gravity\Radionova\datasets\generic_negatives\generic_0046.jpg,0,INVALID_MODALITY,train
C:/Users/Ankit/.cache/kagglehub/datasets/paultimothymooney/chest-xray-pneumonia/versions/2/chest_xray/chest_xray/train/PNEUMONIA/person1724_bacteria_4549.jpeg,1,VALID_MODALITY,train
C:/Users/Ankit/.cache/kagglehub/datasets/paultimothymooney/chest-xray-pneumonia/versions/2/chest_xray/chest_xray/train/NORMAL/NORMAL2-IM-1033-0001.jpeg,1,VALID_MODALITY,train
C:/Users/Ankit/.cache/kagglehub/datasets/devbatrax/fracture-detection-using-x-ray-images/versions/1/data/train/fractured/83-rotated3-rotated3-rotated2.jpg,0,INVALID_MODALITY,train
C:/Users/Ankit/.cache/kagglehub/datasets/devbatrax/fracture-detection-using-x-ray-images/versions/1/data/train/not fractured/40-rotated3-rotated1-rotated3-rotated1.jpg,0,INVALID_MODALITY,train
C:/Users/Ankit/.cache/kagglehub/datasets/paultimothymooney/chest-xray-pneumonia/versions/2/chest_xray/train/PNEUMONIA/person491_bacteria_2071.jpeg,1,VALID_MODALITY,train
C:/Users/Ankit/.cache/kagglehub/datasets/masoudnickparvar/brain-tumor-mri-dataset/versions/2/Training/pituitary/Tr-pi_11.jpg,0,INVALID_MODALITY,train
C:/Users/Ankit/.cache/kagglehub/datasets/paultimothymooney/chest-xray-pneumonia/versions/2/chest_xray/chest_xray/train/PNEUMONIA/person1263_bacteria_3221.jpeg,1,VALID_MODALITY,train
C:/Users/Ankit/.cache/kagglehub/datasets/paultimothymooney/chest-xray-pneumonia/versions/2/chest_xray/chest_xray/train/PNEUMONIA/person1137_virus_1876.jpeg,1,VALID_MODALITY,train
C:/Users/Ankit/.cache/kagglehub/datasets/devbatrax/fracture-detection-using-x-ray-images/versions/1/data/train/not fractured/51-rotated3-rotated1-rotated1.jpg,0,INVALID_MODALITY,train
C:/Users/Ankit/.cache/kagglehub/datasets/paultimothymooney/chest-xray-pneumonia/versions/2/chest_xray/test/PNEUMONIA/person30_virus_69.jpeg,1,VALID_MODALITY,train
D:\anti gravity\Radionova\datasets\generic_negatives\generic_0237.jpg,0,INVALID_MODALITY,train
C:/Users/Ankit/.cache/kagglehub/datasets/paultimothymooney/chest-xray-pneumonia/versions/2/chest_xray/chest_xray/train/PNEUMONIA/person22_bacteria_77.jpeg,1,VALID_MODALITY,train
C:/Users/Ankit/.cache/kagglehub/datasets/paultimothymooney/chest-xray-pneumonia/versions/2/chest_xray/chest_xray/train/PNEUMONIA/person445_bacteria_1930.jpeg,1,VALID_MODALITY,test
C:/Users/Ankit/.cache/kagglehub/datasets/masoudnickparvar/brain-tumor-mri-dataset/versions/2/Training/pituitary/Tr-pi_975.jpg,0,INVALID_MODALITY,train
C:/Users/Ankit/.cache/kagglehub/datasets/devbatrax/fracture-detection-using-x-ray-images/versions/1/data/train/not fractured/60-rotated3-rotated3-rotated3.jpg,0,INVALID_MODALITY,train
C:/Users/Ankit/.cache/kagglehub/datasets/paultimothymooney/chest-xray-pneumonia/versions/2/chest_xray/chest_xray/train/PNEUMONIA/person445_virus_915.jpeg,1,VALID_MODALITY,test
C:/Users/Ankit/.cache/kagglehub/datasets/paultimothymooney/chest-xray-pneumonia/versions/2/chest_xray/train/PNEUMONIA/person581_virus_1125.jpeg,1,VALID_MODALITY,val
C:/Users/Ankit/.cache/kagglehub/datasets/devbatrax/fracture-detection-using-x-ray-images/versions/1/data/train/not fractured/52-rotated1-rotated2.jpg,0,INVALID_MODALITY,train
C:/Users/Ankit/.cache/kagglehub/datasets/paultimothymooney/chest-xray-pneumonia/versions/2/chest_xray/chest_xray/train/PNEUMONIA/person1363_bacteria_3484.jpeg,1,VALID_MODALITY,train
C:/Users/Ankit/.cache/kagglehub/datasets/paultimothymooney/chest-xray-pneumonia/versions/2/chest_xray/chest_xray/train/PNEUMONIA/person1695_bacteria_4492.jpeg,1,VALID_MODALITY,train
C:/Users/Ankit/.cache/kagglehub/datasets/paultimothymooney/chest-xray-pneumonia/versions/2/chest_xray/chest_xray/test/PNEUMONIA/person1613_virus_2799.jpeg,1,VALID_MODALITY,train
C:/Users/Ankit/.cache/kagglehub/datasets/paultimothymooney/chest-xray-pneumonia/versions/2/chest_xray/train/PNEUMONIA/person305_bacteria_1437.jpeg,1,VALID_MODALITY,train
C:/Users/Ankit/.cache/kagglehub/datasets/paultimothymooney/chest-xray-pneumonia/versions/2/chest_xray/chest_xray/train/PNEUMONIA/person1318_virus_2274.jpeg,1,VALID_MODALITY,train
C:/Users/Ankit/.cache/kagglehub/datasets/paultimothymooney/chest-xray-pneumonia/versions/2/chest_xray/train/PNEUMONIA/person502_bacteria_2119.jpeg,1,VALID_MODALITY,train
C:/Users/Ankit/.cache/kagglehub/datasets/devbatrax/fracture-detection-using-x-ray-images/versions/1/data/train/fractured/90-rotated2.jpg,0,INVALID_MODALITY,train
C:/Users/Ankit/.cache/kagglehub/datasets/paultimothymooney/chest-xray-pneumonia/versions/2/chest_xray/chest_xray/train/PNEUMONIA/person595_bacteria_2438.jpeg,1,VALID_MODALITY,train
C:/Users/Ankit/.cache/kagglehub/datasets/devbatrax/fracture-detection-using-x-ray-images/versions/1/data/train/not fractured/47-rotated3-rotated1-rotated2.jpg,0,INVALID_MODALITY,train
C:/Users/Ankit/.cache/kagglehub/datasets/devbatrax/fracture-detection-using-x-ray-images/versions/1/data/train/not fractured/51-rotated1-rotated3-rotated1-rotated1.jpg,0,INVALID_MODALITY,train
C:/Users/Ankit/.cache/kagglehub/datasets/paultimothymooney/chest-xray-pneumonia/versions/2/chest_xray/chest_xray/train/PNEUMONIA/person62_bacteria_301.jpeg,1,VALID_MODALITY,train
C:/Users/Ankit/.cache/kagglehub/datasets/paultimothymooney/chest-xray-pneumonia/versions/2/chest_xray/chest_xray/test/PNEUMONIA/person136_bacteria_650.jpeg,1,VALID_MODALITY,train
C:/Users/Ankit/.cache/kagglehub/datasets/devbatrax/fracture-detection-using-x-ray-images/versions/1/data/train/fractured/79.jpg,0,INVALID_MODALITY,train
C:/Users/Ankit/.cache/kagglehub/datasets/paultimothymooney/chest-xray-pneumonia/versions/2/chest_xray/chest_xray/train/PNEUMONIA/person364_bacteria_1660.jpeg,1,VALID_MODALITY,train
C:/Users/Ankit/.cache/kagglehub/datasets/paultimothymooney/chest-xray-pneumonia/versions/2/chest_xray/train/PNEUMONIA/person348_virus_721.jpeg,1,VALID_MODALITY,train
C:/Users/Ankit/.cache/kagglehub/datasets/paultimothymooney/chest-xray-pneumonia/versions/2/chest_xray/train/PNEUMONIA/person974_virus_1649.jpeg,1,VALID_MODALITY,val
C:/Users/Ankit/.cache/kagglehub/datasets/masoudnickparvar/brain-tumor-mri-dataset/versions/2/Testing/pituitary/Te-pi_336.jpg,0,INVALID_MODALITY,test
C:/Users/Ankit/.cache/kagglehub/datasets/paultimothymooney/chest-xray-pneumonia/versions/2/chest_xray/chest_xray/train/PNEUMONIA/person808_bacteria_2716.jpeg,1,VALID_MODALITY,train
C:/Users/Ankit/.cache/kagglehub/datasets/paultimothymooney/chest-xray-pneumonia/versions/2/chest_xray/train/PNEUMONIA/person529_bacteria_2228.jpeg,1,VALID_MODALITY,train
C:/Users/Ankit/.cache/kagglehub/datasets/paultimothymooney/chest-xray-pneumonia/versions/2/chest_xray/chest_xray/train/NORMAL/NORMAL2-IM-1223-0001.jpeg,1,VALID_MODALITY,train
C:/Users/Ankit/.cache/kagglehub/datasets/masoudnickparvar/brain-tumor-mri-dataset/versions/2/Testing/pituitary/Te-pi_303.jpg,0,INVALID_MODALITY,train
C:/Users/Ankit/.cache/kagglehub/datasets/paultimothymooney/chest-xray-pneumonia/versions/2/chest_xray/train/NORMAL/IM-0218-0001.jpeg,1,VALID_MODALITY,train
C:/Users/Ankit/.cache/kagglehub/datasets/devbatrax/fracture-detection-using-x-ray-images/versions/1/data/train/fractured/88-rotated1-rotated1-rotated3.jpg,0,INVALID_MODALITY,val
C:/Users/Ankit/.cache/kagglehub/datasets/paultimothymooney/chest-xray-pneumonia/versions/2/chest_xray/chest_xray/train/PNEUMONIA/person444_bacteria_1927.jpeg,1,VALID_MODALITY,test
C:/Users/Ankit/.cache/kagglehub/datasets/devbatrax/fracture-detection-using-x-ray-images/versions/1/data/train/not fractured/64-rotated1-rotated3-rotated1.jpg,0,INVALID_MODALITY,train
C:/Users/Ankit/.cache/kagglehub/datasets/paultimothymooney/chest-xray-pneumonia/versions/2/chest_xray/chest_xray/train/PNEUMONIA/person974_bacteria_2899.jpeg,1,VALID_MODALITY,train
D:\anti gravity\Radionova\datasets\generic_negatives\generic_0210.jpg,0,INVALID_MODALITY,val
C:/Users/Ankit/.cache/kagglehub/datasets/devbatrax/fracture-detection-using-x-ray-images/versions/1/data/train/fractured/50-rotated3-rotated3-rotated1.jpg,0,INVALID_MODALITY,train
D:\anti gravity\Radionova\datasets\generic_negatives\generic_0357.jpg,0,INVALID_MODALITY,train
C:/Users/Ankit/.cache/kagglehub/datasets/masoudnickparvar/brain-tumor-mri-dataset/versions/2/Testing/pituitary/Te-pi_79.jpg,0,INVALID_MODALITY,train
C:/Users/Ankit/.cache/kagglehub/datasets/paultimothymooney/chest-xray-pneumonia/versions/2/chest_xray/chest_xray/train/PNEUMONIA/person1619_bacteria_4269.jpeg,1,VALID_MODALITY,val
C:/Users/Ankit/.cache/kagglehub/datasets/devbatrax/fracture-detection-using-x-ray-images/versions/1/data/train/fractured/32-rotated2-rotated1-rotated2.jpg,0,INVALID_MODALITY,train
C:/Users/Ankit/.cache/kagglehub/datasets/devbatrax/fracture-detection-using-x-ray-images/versions/1/data/val/not fractured/4-rotated2-rotated2.jpg,0,INVALID_MODALITY,train
C:/Users/Ankit/.cache/kagglehub/datasets/paultimothymooney/chest-xray-pneumonia/versions/2/chest_xray/chest_xray/train/PNEUMONIA/person255_bacteria_1182.jpeg,1,VALID_MODALITY,train
D:\anti gravity\Radionova\datasets\generic_negatives\generic_0179.jpg,0,INVALID_MODALITY,train
C:/Users/Ankit/.cache/kagglehub/datasets/devbatrax/fracture-detection-using-x-ray-images/versions/1/data/train/not fractured/54-rotated1-rotated2-rotated3.jpg,0,INVALID_MODALITY,train
D:\anti gravity\Radionova\datasets\generic_negatives\generic_0121.jpg,0,INVALID_MODALITY,train
C:/Users/Ankit/.cache/kagglehub/datasets/paultimothymooney/chest-xray-pneumonia/versions/2/chest_xray/chest_xray/train/PNEUMONIA/person1149_virus_1925.jpeg,1,VALID_MODALITY,train
C:/Users/Ankit/.cache/kagglehub/datasets/paultimothymooney/chest-xray-pneumonia/versions/2/chest_xray/train/PNEUMONIA/person1489_virus_2594.jpeg,1,VALID_MODALITY,train
C:/Users/Ankit/.cache/kagglehub/datasets/devbatrax/fracture-detection-using-x-ray-images/versions/1/data/val/not fractured/1-rotated3-rotated3-rotated1-rotated1.jpg,0,INVALID_MODALITY,train
C:/Users/Ankit/.cache/kagglehub/datasets/paultimothymooney/chest-xray-pneumonia/versions/2/chest_xray/chest_xray/train/PNEUMONIA/person1438_bacteria_3721.jpeg,1,VALID_MODALITY,val
C:/Users/Ankit/.cache/kagglehub/datasets/paultimothymooney/chest-xray-pneumonia/versions/2/chest_xray/train/PNEUMONIA/person1562_bacteria_4081.jpeg,1,VALID_MODALITY,test
C:/Users/Ankit/.cache/kagglehub/datasets/devbatrax/fracture-detection-using-x-ray-images/versions/1/data/train/not fractured/25-rotated1-rotated2-rotated1-rotated1.jpg,0,INVALID_MODALITY,train
C:/Users/Ankit/.cache/kagglehub/datasets/devbatrax/fracture-detection-using-x-ray-images/versions/1/data/train/fractured/51-rotated1-rotated2-rotated1.jpg,0,INVALID_MODALITY,train
C:/Users/Ankit/.cache/kagglehub/datasets/paultimothymooney/chest-xray-pneumonia/versions/2/chest_xray/chest_xray/train/PNEUMONIA/person509_virus_1024.jpeg,1,VALID_MODALITY,train
C:/Users/Ankit/.cache/kagglehub/datasets/paultimothymooney/chest-xray-pneumonia/versions/2/chest_xray/chest_xray/train/PNEUMONIA/person1016_virus_1704.jpeg,1,VALID_MODALITY,train
C:/Users/Ankit/.cache/kagglehub/datasets/paultimothymooney/chest-xray-pneumonia/versions/2/chest_xray/chest_xray/train/PNEUMONIA/person1496_bacteria_3906.jpeg,1,VALID_MODALITY,train
C:/Users/Ankit/.cache/kagglehub/datasets/devbatrax/fracture-detection-using-x-ray-images/versions/1/data/train/fractured/70-rotated2-rotated3-rotated1.jpg,0,INVALID_MODALITY,train
C:/Users/Ankit/.cache/kagglehub/datasets/devbatrax/fracture-detection-using-x-ray-images/versions/1/data/train/not fractured/60-rotated3-rotated3-rotated2.jpg,0,INVALID_MODALITY,train
C:/Users/Ankit/.cache/kagglehub/datasets/paultimothymooney/chest-xray-pneumonia/versions/2/chest_xray/chest_xray/train/PNEUMONIA/person725_bacteria_2627.jpeg,1,VALID_MODALITY,train
C:/Users/Ankit/.cache/kagglehub/datasets/paultimothymooney/chest-xray-pneumonia/versions/2/chest_xray/test/PNEUMONIA/person154_bacteria_728.jpeg,1,VALID_MODALITY,train
C:/Users/Ankit/.cache/kagglehub/datasets/devbatrax/fracture-detection-using-x-ray-images/versions/1/data/train/fractured/27-rotated3-rotated1.jpg,0,INVALID_MODALITY,train
C:/Users/Ankit/.cache/kagglehub/datasets/paultimothymooney/chest-xray-pneumonia/versions/2/chest_xray/train/PNEUMONIA/person826_bacteria_2737.jpeg,1,VALID_MODALITY,val
C:/Users/Ankit/.cache/kagglehub/datasets/devbatrax/fracture-detection-using-x-ray-images/versions/1/data/train/fractured/61-rotated1-rotated3.jpg,0,INVALID_MODALITY,train
C:/Users/Ankit/.cache/kagglehub/datasets/devbatrax/fracture-detection-using-x-ray-images/versions/1/data/train/fractured/98-rotated1-rotated1-rotated3.jpg,0,INVALID_MODALITY,train
C:/Users/Ankit/.cache/kagglehub/datasets/paultimothymooney/chest-xray-pneumonia/versions/2/chest_xray/train/NORMAL/NORMAL2-IM-1011-0001.jpeg,1,VALID_MODALITY,train
C:/Users/Ankit/.cache/kagglehub/datasets/paultimothymooney/chest-xray-pneumonia/versions/2/chest_xray/train/PNEUMONIA/person108_virus_201.jpeg,1,VALID_MODALITY,val
C:/Users/Ankit/.cache/kagglehub/datasets/paultimothymooney/chest-xray-pneumonia/versions/2/chest_xray/train/PNEUMONIA/person1413_bacteria_3615.jpeg,1,VALID_MODALITY,train
C:/Users/Ankit/.cache/kagglehub/datasets/paultimothymooney/chest-xray-pneumonia/versions/2/chest_xray/chest_xray/train/PNEUMONIA/person506_bacteria_2136.jpeg,1,VALID_MODALITY,val
C:/Users/Ankit/.cache/kagglehub/datasets/paultimothymooney/chest-xray-pneumonia/versions/2/chest_xray/train/NORMAL/NORMAL2-IM-0640-0001.jpeg,1,VALID_MODALITY,train
C:/Users/Ankit/.cache/kagglehub/datasets/paultimothymooney/chest-xray-pneumonia/versions/2/chest_xray/train/PNEUMONIA/person848_virus_1493.jpeg,1,VALID_MODALITY,train
C:/Users/Ankit/.cache/kagglehub/datasets/paultimothymooney/chest-xray-pneumonia/versions/2/chest_xray/chest_xray/train/PNEUMONIA/person513_virus_1030.jpeg,1,VALID_MODALITY,val
C:/Users/Ankit/.cache/kagglehub/datasets/masoudnickparvar/brain-tumor-mri-dataset/versions/2/Training/pituitary/Tr-pi_386.jpg,0,INVALID_MODALITY,train
C:/Users/Ankit/.cache/kagglehub/datasets/paultimothymooney/chest-xray-pneumonia/versions/2/chest_xray/test/PNEUMONIA/person78_bacteria_382.jpeg,1,VALID_MODALITY,train
C:/Users/Ankit/.cache/kagglehub/datasets/paultimothymooney/chest-xray-pneumonia/versions/2/chest_xray/chest_xray/train/PNEUMONIA/person393_bacteria_1789.jpeg,1,VALID_MODALITY,train
C:/Users/Ankit/.cache/kagglehub/datasets/paultimothymooney/chest-xray-pneumonia/versions/2/chest_xray/chest_xray/train/NORMAL/IM-0648-0001.jpeg,1,VALID_MODALITY,val
C:/Users/Ankit/.cache/kagglehub/datasets/devbatrax/fracture-detection-using-x-ray-images/versions/1/data/train/not fractured/39-rotated3-rotated1-rotated2.jpg,0,INVALID_MODALITY,train
D:\anti gravity\Radionova\datasets\generic_negatives\generic_0189.jpg,0,INVALID_MODALITY,train
C:/Users/Ankit/.cache/kagglehub/datasets/devbatrax/fracture-detection-using-x-ray-images/versions/1/data/train/not fractured/19-rotated3-rotated1-rotated2-rotated1.jpg,0,INVALID_MODALITY,train
C:/Users/Ankit/.cache/kagglehub/datasets/paultimothymooney/chest-xray-pneumonia/versions/2/chest_xray/chest_xray/train/NORMAL/NORMAL2-IM-1258-0001-0002.jpeg,1,VALID_MODALITY,train
C:/Users/Ankit/.cache/kagglehub/datasets/devbatrax/fracture-detection-using-x-ray-images/versions/1/data/train/not fractured/65-rotated3-rotated3-rotated2-rotated1.jpg,0,INVALID_MODALITY,train
C:/Users/Ankit/.cache/kagglehub/datasets/paultimothymooney/chest-xray-pneumonia/versions/2/chest_xray/train/NORMAL/IM-0662-0001.jpeg,1,VALID_MODALITY,train
C:/Users/Ankit/.cache/kagglehub/datasets/paultimothymooney/chest-xray-pneumonia/versions/2/chest_xray/chest_xray/train/PNEUMONIA/person1205_bacteria_3157.jpeg,1,VALID_MODALITY,test
D:\anti gravity\Radionova\datasets\generic_negatives\generic_0379.jpg,0,INVALID_MODALITY,val
C:/Users/Ankit/.cache/kagglehub/datasets/devbatrax/fracture-detection-using-x-ray-images/versions/1/data/train/not fractured/37-rotated2-rotated1-rotated3.jpg,0,INVALID_MODALITY,train
C:/Users/Ankit/.cache/kagglehub/datasets/paultimothymooney/chest-xray-pneumonia/versions/2/chest_xray/chest_xray/train/PNEUMONIA/person575_bacteria_2374.jpeg,1,VALID_MODALITY,train
C:/Users/Ankit/.cache/kagglehub/datasets/paultimothymooney/chest-xray-pneumonia/versions/2/chest_xray/train/NORMAL/NORMAL2-IM-1102-0001-0001.jpeg,1,VALID_MODALITY,train
C:/Users/Ankit/.cache/kagglehub/datasets/paultimothymooney/chest-xray-pneumonia/versions/2/chest_xray/train/PNEUMONIA/person438_bacteria_1891.jpeg,1,VALID_MODALITY,val
C:/Users/Ankit/.cache/kagglehub/datasets/paultimothymooney/chest-xray-pneumonia/versions/2/chest_xray/train/PNEUMONIA/person1002_bacteria_2933.jpeg,1,VALID_MODALITY,train
C:/Users/Ankit/.cache/kagglehub/datasets/devbatrax/fracture-detection-using-x-ray-images/versions/1/data/train/fractured/61-rotated1-rotated2-rotated3.jpg,0,INVALID_MODALITY,val
C:/Users/Ankit/.cache/kagglehub/datasets/paultimothymooney/chest-xray-pneumonia/versions/2/chest_xray/train/PNEUMONIA/person418_virus_852.jpeg,1,VALID_MODALITY,train
C:/Users/Ankit/.cache/kagglehub/datasets/paultimothymooney/chest-xray-pneumonia/versions/2/chest_xray/test/PNEUMONIA/person85_bacteria_422.jpeg,1,VALID_MODALITY,train
C:/Users/Ankit/.cache/kagglehub/datasets/paultimothymooney/chest-xray-pneumonia/versions/2/chest_xray/chest_xray/train/PNEUMONIA/person664_virus_1249.jpeg,1,VALID_MODALITY,test
C:/Users/Ankit/.cache/kagglehub/datasets/devbatrax/fracture-detection-using-x-ray-images/versions/1/data/train/not fractured/40-rotated3-rotated3-rotated1.jpg,0,INVALID_MODALITY,train
C:/Users/Ankit/.cache/kagglehub/datasets/paultimothymooney/chest-xray-pneumonia/versions/2/chest_xray/train/NORMAL/NORMAL2-IM-1204-0001.jpeg,1,VALID_MODALITY,train
D:\anti gravity\Radionova\datasets\generic_negatives\generic_0126.jpg,0,INVALID_MODALITY,train
D:\anti gravity\Radionova\datasets\generic_negatives\generic_0370.jpg,0,INVALID_MODALITY,train
D:\anti gravity\Radionova\datasets\generic_negatives\generic_0113.jpg,0,INVALID_MODALITY,train
C:/Users/Ankit/.cache/kagglehub/datasets/devbatrax/fracture-detection-using-x-ray-images/versions/1/data/train/not fractured/65-rotated3-rotated3-rotated1.jpg,0,INVALID_MODALITY,test
C:/Users/Ankit/.cache/kagglehub/datasets/masoudnickparvar/brain-tumor-mri-dataset/versions/2/Testing/meningioma/Te-me_75.jpg,0,INVALID_MODALITY,train
D:\anti gravity\Radionova\datasets\generic_negatives\generic_0298.jpg,0,INVALID_MODALITY,test
C:/Users/Ankit/.cache/kagglehub/datasets/paultimothymooney/chest-xray-pneumonia/versions/2/chest_xray/chest_xray/train/PNEUMONIA/person630_virus_1209.jpeg,1,VALID_MODALITY,train
C:/Users/Ankit/.cache/kagglehub/datasets/devbatrax/fracture-detection-using-x-ray-images/versions/1/data/train/fractured/92-rotated3-rotated1.jpg,0,INVALID_MODALITY,train
C:/Users/Ankit/.cache/kagglehub/datasets/paultimothymooney/chest-xray-pneumonia/versions/2/chest_xray/chest_xray/train/PNEUMONIA/person1567_bacteria_4100.jpeg,1,VALID_MODALITY,train
C:/Users/Ankit/.cache/kagglehub/datasets/paultimothymooney/chest-xray-pneumonia/versions/2/chest_xray/test/NORMAL/IM-0049-0001.jpeg,1,VALID_MODALITY,train
C:/Users/Ankit/.cache/kagglehub/datasets/paultimothymooney/chest-xray-pneumonia/versions/2/chest_xray/train/PNEUMONIA/person1141_bacteria_3085.jpeg,1,VALID_MODALITY,train
C:/Users/Ankit/.cache/kagglehub/datasets/paultimothymooney/chest-xray-pneumonia/versions/2/chest_xray/train/PNEUMONIA/person1482_bacteria_3874.jpeg,1,VALID_MODALITY,train
C:/Users/Ankit/.cache/kagglehub/datasets/paultimothymooney/chest-xray-pneumonia/versions/2/chest_xray/train/PNEUMONIA/person427_bacteria_1868.jpeg,1,VALID_MODALITY,test
C:/Users/Ankit/.cache/kagglehub/datasets/paultimothymooney/chest-xray-pneumonia/versions/2/chest_xray/train/PNEUMONIA/person1467_virus_2544.jpeg,1,VALID_MODALITY,train
C:/Users/Ankit/.cache/kagglehub/datasets/devbatrax/fracture-detection-using-x-ray-images/versions/1/data/train/not fractured/61-rotated2-rotated3-rotated1.jpg,0,INVALID_MODALITY,train
C:/Users/Ankit/.cache/kagglehub/datasets/paultimothymooney/chest-xray-pneumonia/versions/2/chest_xray/chest_xray/train/PNEUMONIA/person1358_virus_2339.jpeg,1,VALID_MODALITY,val
C:/Users/Ankit/.cache/kagglehub/datasets/paultimothymooney/chest-xray-pneumonia/versions/2/chest_xray/train/PNEUMONIA/person457_virus_944.jpeg,1,VALID_MODALITY,train
C:/Users/Ankit/.cache/kagglehub/datasets/paultimothymooney/chest-xray-pneumonia/versions/2/chest_xray/chest_xray/train/NORMAL/NORMAL2-IM-1037-0001.jpeg,1,VALID_MODALITY,train
D:\anti gravity\Radionova\datasets\generic_negatives\generic_0219.jpg,0,INVALID_MODALITY,test
C:/Users/Ankit/.cache/kagglehub/datasets/paultimothymooney/chest-xray-pneumonia/versions/2/chest_xray/train/PNEUMONIA/person1496_bacteria_3908.jpeg,1,VALID_MODALITY,val
C:/Users/Ankit/.cache/kagglehub/datasets/paultimothymooney/chest-xray-pneumonia/versions/2/chest_xray/chest_xray/train/PNEUMONIA/person962_bacteria_2887.jpeg,1,VALID_MODALITY,train
C:/Users/Ankit/.cache/kagglehub/datasets/paultimothymooney/chest-xray-pneumonia/versions/2/chest_xray/chest_xray/train/PNEUMONIA/person723_virus_1342.jpeg,1,VALID_MODALITY,train
C:/Users/Ankit/.cache/kagglehub/datasets/masoudnickparvar/brain-tumor-mri-dataset/versions/2/Training/glioma/Tr-gl_431.jpg,0,INVALID_MODALITY,test
C:/Users/Ankit/.cache/kagglehub/datasets/paultimothymooney/chest-xray-pneumonia/versions/2/chest_xray/chest_xray/train/PNEUMONIA/person1031_virus_1723.jpeg,1,VALID_MODALITY,train
C:/Users/Ankit/.cache/kagglehub/datasets/paultimothymooney/chest-xray-pneumonia/versions/2/chest_xray/train/NORMAL/IM-0545-0001-0002.jpeg,1,VALID_MODALITY,train
C:/Users/Ankit/.cache/kagglehub/datasets/devbatrax/fracture-detection-using-x-ray-images/versions/1/data/train/not fractured/27-rotated2-rotated2-rotated2-rotated1.jpg,0,INVALID_MODALITY,train
C:/Users/Ankit/.cache/kagglehub/datasets/masoudnickparvar/brain-tumor-mri-dataset/versions/2/Training/pituitary/Tr-pi_1256.jpg,0,INVALID_MODALITY,train
C:/Users/Ankit/.cache/kagglehub/datasets/paultimothymooney/chest-xray-pneumonia/versions/2/chest_xray/train/PNEUMONIA/person359_bacteria_1645.jpeg,1,VALID_MODALITY,train
C:/Users/Ankit/.cache/kagglehub/datasets/devbatrax/fracture-detection-using-x-ray-images/versions/1/data/train/fractured/121-rotated3-rotated1.jpg,0,INVALID_MODALITY,val
C:/Users/Ankit/.cache/kagglehub/datasets/paultimothymooney/chest-xray-pneumonia/versions/2/chest_xray/chest_xray/train/PNEUMONIA/person496_virus_1003.jpeg,1,VALID_MODALITY,train
C:/Users/Ankit/.cache/kagglehub/datasets/devbatrax/fracture-detection-using-x-ray-images/versions/1/data/val/fractured/3-rotated1-rotated1-rotated1.jpg,0,INVALID_MODALITY,test
D:\anti gravity\Radionova\datasets\generic_negatives\generic_0397.jpg,0,INVALID_MODALITY,train
C:/Users/Ankit/.cache/kagglehub/datasets/paultimothymooney/chest-xray-pneumonia/versions/2/chest_xray/train/PNEUMONIA/person37_bacteria_189.jpeg,1,VALID_MODALITY,train
C:/Users/Ankit/.cache/kagglehub/datasets/devbatrax/fracture-detection-using-x-ray-images/versions/1/data/train/not fractured/10-rotated2-rotated2-rotated2.jpg,0,INVALID_MODALITY,train
C:/Users/Ankit/.cache/kagglehub/datasets/paultimothymooney/chest-xray-pneumonia/versions/2/chest_xray/train/PNEUMONIA/person371_bacteria_1696.jpeg,1,VALID_MODALITY,train
C:/Users/Ankit/.cache/kagglehub/datasets/masoudnickparvar/brain-tumor-mri-dataset/versions/2/Training/glioma/Tr-gl_435.jpg,0,INVALID_MODALITY,train
C:/Users/Ankit/.cache/kagglehub/datasets/paultimothymooney/chest-xray-pneumonia/versions/2/chest_xray/train/PNEUMONIA/person894_virus_1546.jpeg,1,VALID_MODALITY,train
C:/Users/Ankit/.cache/kagglehub/datasets/paultimothymooney/chest-xray-pneumonia/versions/2/chest_xray/train/PNEUMONIA/person512_virus_1029.jpeg,1,VALID_MODALITY,train
C:/Users/Ankit/.cache/kagglehub/datasets/paultimothymooney/chest-xray-pneumonia/versions/2/chest_xray/train/PNEUMONIA/person834_bacteria_2747.jpeg,1,VALID_MODALITY,val
C:/Users/Ankit/.cache/kagglehub/datasets/paultimothymooney/chest-xray-pneumonia/versions/2/chest_xray/train/NORMAL/NORMAL2-IM-0962-0001.jpeg,1,VALID_MODALITY,train
C:/Users/Ankit/.cache/kagglehub/datasets/paultimothymooney/chest-xray-pneumonia/versions/2/chest_xray/chest_xray/train/PNEUMONIA/person51_bacteria_239.jpeg,1,VALID_MODALITY,val
C:/Users/Ankit/.cache/kagglehub/datasets/paultimothymooney/chest-xray-pneumonia/versions/2/chest_xray/train/PNEUMONIA/person1173_virus_1978.jpeg,1,VALID_MODALITY,test
C:/Users/Ankit/.cache/kagglehub/datasets/paultimothymooney/chest-xray-pneumonia/versions/2/chest_xray/chest_xray/train/NORMAL/IM-0305-0001.jpeg,1,VALID_MODALITY,train
C:/Users/Ankit/.cache/kagglehub/datasets/paultimothymooney/chest-xray-pneumonia/versions/2/chest_xray/train/PNEUMONIA/person55_bacteria_263.jpeg,1,VALID_MODALITY,train
C:/Users/Ankit/.cache/kagglehub/datasets/paultimothymooney/chest-xray-pneumonia/versions/2/chest_xray/test/PNEUMONIA/person53_virus_107.jpeg,1,VALID_MODALITY,val
D:\anti gravity\Radionova\datasets\generic_negatives\generic_0269.jpg,0,INVALID_MODALITY,train
C:/Users/Ankit/.cache/kagglehub/datasets/masoudnickparvar/brain-tumor-mri-dataset/versions/2/Training/meningioma/Tr-me_119.jpg,0,INVALID_MODALITY,test
C:/Users/Ankit/.cache/kagglehub/datasets/devbatrax/fracture-detection-using-x-ray-images/versions/1/data/train/not fractured/25-rotated2-rotated1-rotated3.jpg,0,INVALID_MODALITY,test
C:/Users/Ankit/.cache/kagglehub/datasets/masoudnickparvar/brain-tumor-mri-dataset/versions/2/Training/glioma/Tr-gl_389.jpg,0,INVALID_MODALITY,train
C:/Users/Ankit/.cache/kagglehub/datasets/devbatrax/fracture-detection-using-x-ray-images/versions/1/data/train/fractured/15-rotated2-rotated1-rotated2.jpg,0,INVALID_MODALITY,val
D:\anti gravity\Radionova\datasets\generic_negatives\generic_0111.jpg,0,INVALID_MODALITY,train
C:/Users/Ankit/.cache/kagglehub/datasets/masoudnickparvar/brain-tumor-mri-dataset/versions/2/Training/glioma/Tr-gl_977.jpg,0,INVALID_MODALITY,test
C:/Users/Ankit/.cache/kagglehub/datasets/paultimothymooney/chest-xray-pneumonia/versions/2/chest_xray/train/PNEUMONIA/person467_virus_961.jpeg,1,VALID_MODALITY,val
C:/Users/Ankit/.cache/kagglehub/datasets/devbatrax/fracture-detection-using-x-ray-images/versions/1/data/train/fractured/29-rotated1-rotated3.jpg,0,INVALID_MODALITY,test
C:/Users/Ankit/.cache/kagglehub/datasets/devbatrax/fracture-detection-using-x-ray-images/versions/1/data/train/fractured/98-rotated1-rotated1-rotated1.jpg,0,INVALID_MODALITY,val
C:/Users/Ankit/.cache/kagglehub/datasets/paultimothymooney/chest-xray-pneumonia/versions/2/chest_xray/chest_xray/train/PNEUMONIA/person1367_virus_2351.jpeg,1,VALID_MODALITY,train
C:/Users/Ankit/.cache/kagglehub/datasets/devbatrax/fracture-detection-using-x-ray-images/versions/1/data/train/fractured/114-rotated1-rotated2-rotated2.jpg,0,INVALID_MODALITY,train
C:/Users/Ankit/.cache/kagglehub/datasets/paultimothymooney/chest-xray-pneumonia/versions/2/chest_xray/chest_xray/train/NORMAL/NORMAL2-IM-0661-0001.jpeg,1,VALID_MODALITY,train
C:/Users/Ankit/.cache/kagglehub/datasets/paultimothymooney/chest-xray-pneumonia/versions/2/chest_xray/train/PNEUMONIA/person785_bacteria_2689.jpeg,1,VALID_MODALITY,train
C:/Users/Ankit/.cache/kagglehub/datasets/paultimothymooney/chest-xray-pneumonia/versions/2/chest_xray/chest_xray/train/PNEUMONIA/person1603_virus_2781.jpeg,1,VALID_MODALITY,train
C:/Users/Ankit/.cache/kagglehub/datasets/masoudnickparvar/brain-tumor-mri-dataset/versions/2/Training/meningioma/Tr-me_583.jpg,0,INVALID_MODALITY,train
C:/Users/Ankit/.cache/kagglehub/datasets/paultimothymooney/chest-xray-pneumonia/versions/2/chest_xray/chest_xray/test/PNEUMONIA/person91_bacteria_449.jpeg,1,VALID_MODALITY,test
D:\anti gravity\Radionova\datasets\generic_negatives\generic_0051.jpg,0,INVALID_MODALITY,val
C:/Users/Ankit/.cache/kagglehub/datasets/masoudnickparvar/brain-tumor-mri-dataset/versions/2/Training/glioma/Tr-gl_228.jpg,0,INVALID_MODALITY,train
C:/Users/Ankit/.cache/kagglehub/datasets/paultimothymooney/chest-xray-pneumonia/versions/2/chest_xray/chest_xray/train/NORMAL/NORMAL2-IM-0804-0001.jpeg,1,VALID_MODALITY,train
C:/Users/Ankit/.cache/kagglehub/datasets/paultimothymooney/chest-xray-pneumonia/versions/2/chest_xray/chest_xray/train/PNEUMONIA/person604_bacteria_2462.jpeg,1,VALID_MODALITY,train
C:/Users/Ankit/.cache/kagglehub/datasets/paultimothymooney/chest-xray-pneumonia/versions/2/chest_xray/train/PNEUMONIA/person782_bacteria_2686.jpeg,1,VALID_MODALITY,train
C:/Users/Ankit/.cache/kagglehub/datasets/paultimothymooney/chest-xray-pneumonia/versions/2/chest_xray/chest_xray/train/PNEUMONIA/person23_bacteria_85.jpeg,1,VALID_MODALITY,train
C:/Users/Ankit/.cache/kagglehub/datasets/paultimothymooney/chest-xray-pneumonia/versions/2/chest_xray/train/PNEUMONIA/person45_bacteria_221.jpeg,1,VALID_MODALITY,train
C:/Users/Ankit/.cache/kagglehub/datasets/paultimothymooney/chest-xray-pneumonia/versions/2/chest_xray/test/PNEUMONIA/person97_bacteria_468.jpeg,1,VALID_MODALITY,train
C:/Users/Ankit/.cache/kagglehub/datasets/paultimothymooney/chest-xray-pneumonia/versions/2/chest_xray/test/NORMAL/IM-0036-0001.jpeg,1,VALID_MODALITY,train
C:/Users/Ankit/.cache/kagglehub/datasets/paultimothymooney/chest-xray-pneumonia/versions/2/chest_xray/chest_xray/test/PNEUMONIA/person85_bacteria_422.jpeg,1,VALID_MODALITY,train
C:/Users/Ankit/.cache/kagglehub/datasets/paultimothymooney/chest-xray-pneumonia/versions/2/chest_xray/chest_xray/train/PNEUMONIA/person23_bacteria_82.jpeg,1,VALID_MODALITY,train
C:/Users/Ankit/.cache/kagglehub/datasets/paultimothymooney/chest-xray-pneumonia/versions/2/chest_xray/chest_xray/train/PNEUMONIA/person711_virus_1309.jpeg,1,VALID_MODALITY,train
C:/Users/Ankit/.cache/kagglehub/datasets/paultimothymooney/chest-xray-pneumonia/versions/2/chest_xray/chest_xray/train/PNEUMONIA/person543_bacteria_2280.jpeg,1,VALID_MODALITY,train
C:/Users/Ankit/.cache/kagglehub/datasets/masoudnickparvar/brain-tumor-mri-dataset/versions/2/Training/glioma/Tr-gl_107.jpg,0,INVALID_MODALITY,train
C:/Users/Ankit/.cache/kagglehub/datasets/paultimothymooney/chest-xray-pneumonia/versions/2/chest_xray/chest_xray/train/PNEUMONIA/person1314_virus_2266.jpeg,1,VALID_MODALITY,train
C:/Users/Ankit/.cache/kagglehub/datasets/paultimothymooney/chest-xray-pneumonia/versions/2/chest_xray/train/PNEUMONIA/person1075_bacteria_3015.jpeg,1,VALID_MODALITY,val
C:/Users/Ankit/.cache/kagglehub/datasets/devbatrax/fracture-detection-using-x-ray-images/versions/1/data/train/not fractured/27-rotated2-rotated1-rotated2-rotated1.jpg,0,INVALID_MODALITY,train
C:/Users/Ankit/.cache/kagglehub/datasets/masoudnickparvar/brain-tumor-mri-dataset/versions/2/Training/meningioma/Tr-me_377.jpg,0,INVALID_MODALITY,train
C:/Users/Ankit/.cache/kagglehub/datasets/devbatrax/fracture-detection-using-x-ray-images/versions/1/data/train/not fractured/6-rotated1-rotated1-rotated1-rotated1.jpg,0,INVALID_MODALITY,train
C:/Users/Ankit/.cache/kagglehub/datasets/devbatrax/fracture-detection-using-x-ray-images/versions/1/data/train/not fractured/10-rotated2-rotated2-rotated3.jpg,0,INVALID_MODALITY,train
C:/Users/Ankit/.cache/kagglehub/datasets/paultimothymooney/chest-xray-pneumonia/versions/2/chest_xray/train/PNEUMONIA/person576_bacteria_2375.jpeg,1,VALID_MODALITY,train
C:/Users/Ankit/.cache/kagglehub/datasets/devbatrax/fracture-detection-using-x-ray-images/versions/1/data/train/fractured/82-rotated1-rotated1.jpg,0,INVALID_MODALITY,train
C:/Users/Ankit/.cache/kagglehub/datasets/devbatrax/fracture-detection-using-x-ray-images/versions/1/data/train/fractured/14-rotated2-rotated3-rotated1.jpg,0,INVALID_MODALITY,train
C:/Users/Ankit/.cache/kagglehub/datasets/paultimothymooney/chest-xray-pneumonia/versions/2/chest_xray/train/PNEUMONIA/person1155_bacteria_3100.jpeg,1,VALID_MODALITY,train
C:/Users/Ankit/.cache/kagglehub/datasets/paultimothymooney/chest-xray-pneumonia/versions/2/chest_xray/chest_xray/train/NORMAL/IM-0676-0001.jpeg,1,VALID_MODALITY,train
C:/Users/Ankit/.cache/kagglehub/datasets/paultimothymooney/chest-xray-pneumonia/versions/2/chest_xray/chest_xray/train/PNEUMONIA/person300_bacteria_1421.jpeg,1,VALID_MODALITY,train
C:/Users/Ankit/.cache/kagglehub/datasets/paultimothymooney/chest-xray-pneumonia/versions/2/chest_xray/train/PNEUMONIA/person1777_bacteria_4622.jpeg,1,VALID_MODALITY,train
C:/Users/Ankit/.cache/kagglehub/datasets/paultimothymooney/chest-xray-pneumonia/versions/2/chest_xray/train/PNEUMONIA/person1248_bacteria_3204.jpeg,1,VALID_MODALITY,val
C:/Users/Ankit/.cache/kagglehub/datasets/devbatrax/fracture-detection-using-x-ray-images/versions/1/data/train/not fractured/17-rotated1-rotated2-rotated1.jpg,0,INVALID_MODALITY,val
C:/Users/Ankit/.cache/kagglehub/datasets/paultimothymooney/chest-xray-pneumonia/versions/2/chest_xray/train/NORMAL/IM-0306-0001.jpeg,1,VALID_MODALITY,train
C:/Users/Ankit/.cache/kagglehub/datasets/devbatrax/fracture-detection-using-x-ray-images/versions/1/data/train/not fractured/60-rotated1-rotated3-rotated2.jpg,0,INVALID_MODALITY,train
C:/Users/Ankit/.cache/kagglehub/datasets/paultimothymooney/chest-xray-pneumonia/versions/2/chest_xray/train/PNEUMONIA/person620_virus_1192.jpeg,1,VALID_MODALITY,train
C:/Users/Ankit/.cache/kagglehub/datasets/devbatrax/fracture-detection-using-x-ray-images/versions/1/data/train/not fractured/41-rotated2-rotated3-rotated1-rotated1.jpg,0,INVALID_MODALITY,train
C:/Users/Ankit/.cache/kagglehub/datasets/paultimothymooney/chest-xray-pneumonia/versions/2/chest_xray/train/PNEUMONIA/person356_bacteria_1638.jpeg,1,VALID_MODALITY,train
D:\anti gravity\Radionova\datasets\generic_negatives\generic_0155.jpg,0,INVALID_MODALITY,train
D:\anti gravity\Radionova\datasets\generic_negatives\generic_0157.jpg,0,INVALID_MODALITY,train
C:/Users/Ankit/.cache/kagglehub/datasets/devbatrax/fracture-detection-using-x-ray-images/versions/1/data/train/not fractured/27-rotated1-rotated2-rotated2-rotated1.jpg,0,INVALID_MODALITY,train
C:/Users/Ankit/.cache/kagglehub/datasets/paultimothymooney/chest-xray-pneumonia/versions/2/chest_xray/train/PNEUMONIA/person1397_virus_2400.jpeg,1,VALID_MODALITY,test
C:/Users/Ankit/.cache/kagglehub/datasets/devbatrax/fracture-detection-using-x-ray-images/versions/1/data/val/not fractured/3-rotated1-rotated3-rotated3-rotated1.jpg,0,INVALID_MODALITY,train
C:/Users/Ankit/.cache/kagglehub/datasets/masoudnickparvar/brain-tumor-mri-dataset/versions/2/Testing/glioma/Te-gl_79.jpg,0,INVALID_MODALITY,train
C:/Users/Ankit/.cache/kagglehub/datasets/paultimothymooney/chest-xray-pneumonia/versions/2/chest_xray/chest_xray/test/PNEUMONIA/person19_virus_50.jpeg,1,VALID_MODALITY,train
C:/Users/Ankit/.cache/kagglehub/datasets/devbatrax/fracture-detection-using-x-ray-images/versions/1/data/train/not fractured/25-rotated1-rotated3-rotated2-rotated1.jpg,0,INVALID_MODALITY,train
D:\anti gravity\Radionova\datasets\generic_negatives\generic_0255.jpg,0,INVALID_MODALITY,test
C:/Users/Ankit/.cache/kagglehub/datasets/paultimothymooney/chest-xray-pneumonia/versions/2/chest_xray/chest_xray/train/NORMAL/NORMAL2-IM-1142-0001-0001.jpeg,1,VALID_MODALITY,train
C:/Users/Ankit/.cache/kagglehub/datasets/devbatrax/fracture-detection-using-x-ray-images/versions/1/data/train/fractured/41-rotated2-rotated2-rotated1.jpg,0,INVALID_MODALITY,train
C:/Users/Ankit/.cache/kagglehub/datasets/devbatrax/fracture-detection-using-x-ray-images/versions/1/data/train/fractured/50-rotated1.jpg,0,INVALID_MODALITY,train
C:/Users/Ankit/.cache/kagglehub/datasets/devbatrax/fracture-detection-using-x-ray-images/versions/1/data/train/fractured/41-rotated1-rotated1-rotated2.jpg,0,INVALID_MODALITY,train
C:/Users/Ankit/.cache/kagglehub/datasets/paultimothymooney/chest-xray-pneumonia/versions/2/chest_xray/test/PNEUMONIA/person83_bacteria_407.jpeg,1,VALID_MODALITY,train
C:/Users/Ankit/.cache/kagglehub/datasets/paultimothymooney/chest-xray-pneumonia/versions/2/chest_xray/chest_xray/train/PNEUMONIA/person1771_bacteria_4615.jpeg,1,VALID_MODALITY,test
C:/Users/Ankit/.cache/kagglehub/datasets/devbatrax/fracture-detection-using-x-ray-images/versions/1/data/train/not fractured/16-rotated3-rotated1.jpg,0,INVALID_MODALITY,train
C:/Users/Ankit/.cache/kagglehub/datasets/paultimothymooney/chest-xray-pneumonia/versions/2/chest_xray/train/NORMAL/IM-0394-0001.jpeg,1,VALID_MODALITY,train
C:/Users/Ankit/.cache/kagglehub/datasets/devbatrax/fracture-detection-using-x-ray-images/versions/1/data/train/fractured/115-rotated2-rotated2-rotated2.jpg,0,INVALID_MODALITY,train
C:/Users/Ankit/.cache/kagglehub/datasets/masoudnickparvar/brain-tumor-mri-dataset/versions/2/Training/meningioma/Tr-me_180.jpg,0,INVALID_MODALITY,train
C:/Users/Ankit/.cache/kagglehub/datasets/devbatrax/fracture-detection-using-x-ray-images/versions/1/data/train/not fractured/5-rotated2-rotated3-rotated3-rotated1.jpg,0,INVALID_MODALITY,train
C:/Users/Ankit/.cache/kagglehub/datasets/paultimothymooney/chest-xray-pneumonia/versions/2/chest_xray/train/PNEUMONIA/person485_bacteria_2049.jpeg,1,VALID_MODALITY,train
C:/Users/Ankit/.cache/kagglehub/datasets/devbatrax/fracture-detection-using-x-ray-images/versions/1/data/train/not fractured/15-rotated3-rotated1.jpg,0,INVALID_MODALITY,test
C:/Users/Ankit/.cache/kagglehub/datasets/devbatrax/fracture-detection-using-x-ray-images/versions/1/data/train/not fractured/39-rotated1-rotated2-rotated1-rotated1.jpg,0,INVALID_MODALITY,test
C:/Users/Ankit/.cache/kagglehub/datasets/masoudnickparvar/brain-tumor-mri-dataset/versions/2/Training/pituitary/Tr-pi_930.jpg,0,INVALID_MODALITY,val
C:/Users/Ankit/.cache/kagglehub/datasets/devbatrax/fracture-detection-using-x-ray-images/versions/1/data/val/not fractured/3-rotated1-rotated2-rotated3-rotated1.jpg,0,INVALID_MODALITY,val
C:/Users/Ankit/.cache/kagglehub/datasets/paultimothymooney/chest-xray-pneumonia/versions/2/chest_xray/chest_xray/train/PNEUMONIA/person1496_bacteria_3908.jpeg,1,VALID_MODALITY,test
C:/Users/Ankit/.cache/kagglehub/datasets/paultimothymooney/chest-xray-pneumonia/versions/2/chest_xray/chest_xray/train/PNEUMONIA/person441_bacteria_1902.jpeg,1,VALID_MODALITY,val
D:\anti gravity\Radionova\datasets\generic_negatives\generic_0204.jpg,0,INVALID_MODALITY,train
C:/Users/Ankit/.cache/kagglehub/datasets/paultimothymooney/chest-xray-pneumonia/versions/2/chest_xray/train/PNEUMONIA/person442_virus_901.jpeg,1,VALID_MODALITY,train
C:/Users/Ankit/.cache/kagglehub/datasets/paultimothymooney/chest-xray-pneumonia/versions/2/chest_xray/chest_xray/train/NORMAL/IM-0634-0001.jpeg,1,VALID_MODALITY,train
C:/Users/Ankit/.cache/kagglehub/datasets/paultimothymooney/chest-xray-pneumonia/versions/2/chest_xray/chest_xray/train/NORMAL/NORMAL2-IM-0647-0001.jpeg,1,VALID_MODALITY,train
C:/Users/Ankit/.cache/kagglehub/datasets/devbatrax/fracture-detection-using-x-ray-images/versions/1/data/val/fractured/2-rotated3-rotated3-rotated2.jpg,0,INVALID_MODALITY,train
D:\anti gravity\Radionova\datasets\generic_negatives\generic_0336.jpg,0,INVALID_MODALITY,train
C:/Users/Ankit/.cache/kagglehub/datasets/devbatrax/fracture-detection-using-x-ray-images/versions/1/data/train/not fractured/34-rotated2-rotated2.jpg,0,INVALID_MODALITY,train
D:\anti gravity\Radionova\datasets\generic_negatives\generic_0245.jpg,0,INVALID_MODALITY,train
C:/Users/Ankit/.cache/kagglehub/datasets/devbatrax/fracture-detection-using-x-ray-images/versions/1/data/train/not fractured/46-rotated3-rotated3-rotated2-rotated1.jpg,0,INVALID_MODALITY,train
C:/Users/Ankit/.cache/kagglehub/datasets/paultimothymooney/chest-xray-pneumonia/versions/2/chest_xray/train/NORMAL/NORMAL2-IM-0440-0001.jpeg,1,VALID_MODALITY,train
C:/Users/Ankit/.cache/kagglehub/datasets/paultimothymooney/chest-xray-pneumonia/versions/2/chest_xray/train/PNEUMONIA/person1105_bacteria_3046.jpeg,1,VALID_MODALITY,train
C:/Users/Ankit/.cache/kagglehub/datasets/paultimothymooney/chest-xray-pneumonia/versions/2/chest_xray/chest_xray/train/NORMAL/NORMAL2-IM-0466-0001.jpeg,1,VALID_MODALITY,test
C:/Users/Ankit/.cache/kagglehub/datasets/masoudnickparvar/brain-tumor-mri-dataset/versions/2/Training/meningioma/Tr-me_52.jpg,0,INVALID_MODALITY,test
C:/Users/Ankit/.cache/kagglehub/datasets/masoudnickparvar/brain-tumor-mri-dataset/versions/2/Training/glioma/Tr-gl_41.jpg,0,INVALID_MODALITY,test
C:/Users/Ankit/.cache/kagglehub/datasets/devbatrax/fracture-detection-using-x-ray-images/versions/1/data/train/fractured/46-rotated2.jpg,0,INVALID_MODALITY,train
C:/Users/Ankit/.cache/kagglehub/datasets/masoudnickparvar/brain-tumor-mri-dataset/versions/2/Training/meningioma/Tr-me_585.jpg,0,INVALID_MODALITY,train
C:/Users/Ankit/.cache/kagglehub/datasets/devbatrax/fracture-detection-using-x-ray-images/versions/1/data/val/fractured/1-rotated3-rotated2-rotated3.jpg,0,INVALID_MODALITY,train
C:/Users/Ankit/.cache/kagglehub/datasets/paultimothymooney/chest-xray-pneumonia/versions/2/chest_xray/chest_xray/train/NORMAL/NORMAL2-IM-0651-0001.jpeg,1,VALID_MODALITY,val
C:/Users/Ankit/.cache/kagglehub/datasets/paultimothymooney/chest-xray-pneumonia/versions/2/chest_xray/train/PNEUMONIA/person583_bacteria_2409.jpeg,1,VALID_MODALITY,train
C:/Users/Ankit/.cache/kagglehub/datasets/paultimothymooney/chest-xray-pneumonia/versions/2/chest_xray/chest_xray/train/NORMAL/IM-0371-0001.jpeg,1,VALID_MODALITY,train
C:/Users/Ankit/.cache/kagglehub/datasets/paultimothymooney/chest-xray-pneumonia/versions/2/chest_xray/chest_xray/train/PNEUMONIA/person413_bacteria_1831.jpeg,1,VALID_MODALITY,train
C:/Users/Ankit/.cache/kagglehub/datasets/paultimothymooney/chest-xray-pneumonia/versions/2/chest_xray/train/PNEUMONIA/person402_bacteria_1812.jpeg,1,VALID_MODALITY,train
C:/Users/Ankit/.cache/kagglehub/datasets/devbatrax/fracture-detection-using-x-ray-images/versions/1/data/val/fractured/1-rotated1-rotated1.jpg,0,INVALID_MODALITY,train
C:/Users/Ankit/.cache/kagglehub/datasets/masoudnickparvar/brain-tumor-mri-dataset/versions/2/Training/pituitary/Tr-pi_70.jpg,0,INVALID_MODALITY,train
D:\anti gravity\Radionova\datasets\generic_negatives\generic_0033.jpg,0,INVALID_MODALITY,train
C:/Users/Ankit/.cache/kagglehub/datasets/paultimothymooney/chest-xray-pneumonia/versions/2/chest_xray/train/PNEUMONIA/person578_bacteria_2379.jpeg,1,VALID_MODALITY,test
D:\anti gravity\Radionova\datasets\generic_negatives\generic_0320.jpg,0,INVALID_MODALITY,train
C:/Users/Ankit/.cache/kagglehub/datasets/paultimothymooney/chest-xray-pneumonia/versions/2/chest_xray/train/PNEUMONIA/person1872_bacteria_4751.jpeg,1,VALID_MODALITY,train
C:/Users/Ankit/.cache/kagglehub/datasets/devbatrax/fracture-detection-using-x-ray-images/versions/1/data/train/fractured/45-rotated3-rotated2-rotated1.jpg,0,INVALID_MODALITY,train
C:/Users/Ankit/.cache/kagglehub/datasets/devbatrax/fracture-detection-using-x-ray-images/versions/1/data/train/fractured/21-rotated3.jpg,0,INVALID_MODALITY,val
C:/Users/Ankit/.cache/kagglehub/datasets/devbatrax/fracture-detection-using-x-ray-images/versions/1/data/train/fractured/104-rotated2-rotated1.jpg,0,INVALID_MODALITY,test
C:/Users/Ankit/.cache/kagglehub/datasets/masoudnickparvar/brain-tumor-mri-dataset/versions/2/Training/pituitary/Tr-pi_837.jpg,0,INVALID_MODALITY,train
C:/Users/Ankit/.cache/kagglehub/datasets/devbatrax/fracture-detection-using-x-ray-images/versions/1/data/train/not fractured/56-rotated1-rotated1-rotated2.jpg,0,INVALID_MODALITY,train
D:\anti gravity\Radionova\datasets\generic_negatives\generic_0390.jpg,0,INVALID_MODALITY,train
C:/Users/Ankit/.cache/kagglehub/datasets/masoudnickparvar/brain-tumor-mri-dataset/versions/2/Training/pituitary/Tr-pi_636.jpg,0,INVALID_MODALITY,train
C:/Users/Ankit/.cache/kagglehub/datasets/paultimothymooney/chest-xray-pneumonia/versions/2/chest_xray/train/PNEUMONIA/person878_virus_1526.jpeg,1,VALID_MODALITY,train
C:/Users/Ankit/.cache/kagglehub/datasets/paultimothymooney/chest-xray-pneumonia/versions/2/chest_xray/train/PNEUMONIA/person1111_virus_1836.jpeg,1,VALID_MODALITY,train
C:/Users/Ankit/.cache/kagglehub/datasets/devbatrax/fracture-detection-using-x-ray-images/versions/1/data/train/not fractured/57.jpg,0,INVALID_MODALITY,test
C:/Users/Ankit/.cache/kagglehub/datasets/paultimothymooney/chest-xray-pneumonia/versions/2/chest_xray/chest_xray/test/PNEUMONIA/person81_bacteria_398.jpeg,1,VALID_MODALITY,train
D:\anti gravity\Radionova\datasets\generic_negatives\generic_0101.jpg,0,INVALID_MODALITY,train
C:/Users/Ankit/.cache/kagglehub/datasets/masoudnickparvar/brain-tumor-mri-dataset/versions/2/Training/meningioma/Tr-me_943.jpg,0,INVALID_MODALITY,train
C:/Users/Ankit/.cache/kagglehub/datasets/devbatrax/fracture-detection-using-x-ray-images/versions/1/data/train/fractured/103-rotated2-rotated3.jpg,0,INVALID_MODALITY,train
C:/Users/Ankit/.cache/kagglehub/datasets/paultimothymooney/chest-xray-pneumonia/versions/2/chest_xray/chest_xray/train/NORMAL/IM-0620-0001.jpeg,1,VALID_MODALITY,train
C:/Users/Ankit/.cache/kagglehub/datasets/devbatrax/fracture-detection-using-x-ray-images/versions/1/data/val/fractured/9.jpg,0,INVALID_MODALITY,test
C:/Users/Ankit/.cache/kagglehub/datasets/paultimothymooney/chest-xray-pneumonia/versions/2/chest_xray/train/PNEUMONIA/person357_virus_736.jpeg,1,VALID_MODALITY,train
C:/Users/Ankit/.cache/kagglehub/datasets/paultimothymooney/chest-xray-pneumonia/versions/2/chest_xray/chest_xray/train/NORMAL/NORMAL2-IM-0935-0001.jpeg,1,VALID_MODALITY,train
C:/Users/Ankit/.cache/kagglehub/datasets/masoudnickparvar/brain-tumor-mri-dataset/versions/2/Training/meningioma/Tr-me_923.jpg,0,INVALID_MODALITY,train
C:/Users/Ankit/.cache/kagglehub/datasets/devbatrax/fracture-detection-using-x-ray-images/versions/1/data/train/not fractured/58-rotated3-rotated1-rotated2-rotated1.jpg,0,INVALID_MODALITY,train
C:/Users/Ankit/.cache/kagglehub/datasets/devbatrax/fracture-detection-using-x-ray-images/versions/1/data/val/fractured/8-rotated2-rotated1.jpg,0,INVALID_MODALITY,train
C:/Users/Ankit/.cache/kagglehub/datasets/devbatrax/fracture-detection-using-x-ray-images/versions/1/data/train/fractured/52-rotated2-rotated3-rotated3.jpg,0,INVALID_MODALITY,train
C:/Users/Ankit/.cache/kagglehub/datasets/paultimothymooney/chest-xray-pneumonia/versions/2/chest_xray/train/NORMAL/IM-0387-0001.jpeg,1,VALID_MODALITY,train
C:/Users/Ankit/.cache/kagglehub/datasets/paultimothymooney/chest-xray-pneumonia/versions/2/chest_xray/chest_xray/train/PNEUMONIA/person527_virus_1048.jpeg,1,VALID_MODALITY,train
C:/Users/Ankit/.cache/kagglehub/datasets/devbatrax/fracture-detection-using-x-ray-images/versions/1/data/train/not fractured/61-rotated1-rotated2-rotated3.jpg,0,INVALID_MODALITY,val
C:/Users/Ankit/.cache/kagglehub/datasets/devbatrax/fracture-detection-using-x-ray-images/versions/1/data/train/not fractured/59-rotated2-rotated2-rotated2.jpg,0,INVALID_MODALITY,train
C:/Users/Ankit/.cache/kagglehub/datasets/masoudnickparvar/brain-tumor-mri-dataset/versions/2/Training/glioma/Tr-gl_1362.jpg,0,INVALID_MODALITY,train
C:/Users/Ankit/.cache/kagglehub/datasets/paultimothymooney/chest-xray-pneumonia/versions/2/chest_xray/chest_xray/train/PNEUMONIA/person600_bacteria_2458.jpeg,1,VALID_MODALITY,train
C:/Users/Ankit/.cache/kagglehub/datasets/paultimothymooney/chest-xray-pneumonia/versions/2/chest_xray/chest_xray/train/PNEUMONIA/person277_bacteria_1305.jpeg,1,VALID_MODALITY,val
C:/Users/Ankit/.cache/kagglehub/datasets/paultimothymooney/chest-xray-pneumonia/versions/2/chest_xray/chest_xray/train/PNEUMONIA/person719_virus_1338.jpeg,1,VALID_MODALITY,train
D:\anti gravity\Radionova\datasets\generic_negatives\generic_0125.jpg,0,INVALID_MODALITY,train
C:/Users/Ankit/.cache/kagglehub/datasets/paultimothymooney/chest-xray-pneumonia/versions/2/chest_xray/train/PNEUMONIA/person1129_bacteria_3070.jpeg,1,VALID_MODALITY,train
C:/Users/Ankit/.cache/kagglehub/datasets/paultimothymooney/chest-xray-pneumonia/versions/2/chest_xray/train/NORMAL/IM-0311-0001.jpeg,1,VALID_MODALITY,train
C:/Users/Ankit/.cache/kagglehub/datasets/devbatrax/fracture-detection-using-x-ray-images/versions/1/data/train/fractured/46-rotated3-rotated3.jpg,0,INVALID_MODALITY,train
D:\anti gravity\Radionova\datasets\generic_negatives\generic_0172.jpg,0,INVALID_MODALITY,train
C:/Users/Ankit/.cache/kagglehub/datasets/paultimothymooney/chest-xray-pneumonia/versions/2/chest_xray/chest_xray/train/PNEUMONIA/person1426_virus_2439.jpeg,1,VALID_MODALITY,train
C:/Users/Ankit/.cache/kagglehub/datasets/devbatrax/fracture-detection-using-x-ray-images/versions/1/data/train/fractured/73-rotated1-rotated1.jpg,0,INVALID_MODALITY,train
C:/Users/Ankit/.cache/kagglehub/datasets/devbatrax/fracture-detection-using-x-ray-images/versions/1/data/train/not fractured/20-rotated2-rotated2-rotated1-rotated1.jpg,0,INVALID_MODALITY,test
C:/Users/Ankit/.cache/kagglehub/datasets/paultimothymooney/chest-xray-pneumonia/versions/2/chest_xray/chest_xray/train/PNEUMONIA/person341_bacteria_1577.jpeg,1,VALID_MODALITY,train
C:/Users/Ankit/.cache/kagglehub/datasets/devbatrax/fracture-detection-using-x-ray-images/versions/1/data/train/not fractured/56-rotated1-rotated3-rotated2-rotated1.jpg,0,INVALID_MODALITY,train
C:/Users/Ankit/.cache/kagglehub/datasets/paultimothymooney/chest-xray-pneumonia/versions/2/chest_xray/chest_xray/train/PNEUMONIA/person430_virus_879.jpeg,1,VALID_MODALITY,train
C:/Users/Ankit/.cache/kagglehub/datasets/devbatrax/fracture-detection-using-x-ray-images/versions/1/data/train/not fractured/10-rotated3-rotated1-rotated1-rotated1.jpg,0,INVALID_MODALITY,train
C:/Users/Ankit/.cache/kagglehub/datasets/masoudnickparvar/brain-tumor-mri-dataset/versions/2/Training/meningioma/Tr-me_291.jpg,0,INVALID_MODALITY,val
C:/Users/Ankit/.cache/kagglehub/datasets/paultimothymooney/chest-xray-pneumonia/versions/2/chest_xray/chest_xray/train/NORMAL/IM-0491-0001-0001.jpeg,1,VALID_MODALITY,train
C:/Users/Ankit/.cache/kagglehub/datasets/paultimothymooney/chest-xray-pneumonia/versions/2/chest_xray/chest_xray/train/PNEUMONIA/person1418_bacteria_3643.jpeg,1,VALID_MODALITY,train
C:/Users/Ankit/.cache/kagglehub/datasets/paultimothymooney/chest-xray-pneumonia/versions/2/chest_xray/train/NORMAL/NORMAL2-IM-0809-0001.jpeg,1,VALID_MODALITY,train
C:/Users/Ankit/.cache/kagglehub/datasets/paultimothymooney/chest-xray-pneumonia/versions/2/chest_xray/chest_xray/train/PNEUMONIA/person1308_bacteria_3283.jpeg,1,VALID_MODALITY,train
C:/Users/Ankit/.cache/kagglehub/datasets/devbatrax/fracture-detection-using-x-ray-images/versions/1/data/train/not fractured/6-rotated3-rotated1.jpg,0,INVALID_MODALITY,train
C:/Users/Ankit/.cache/kagglehub/datasets/devbatrax/fracture-detection-using-x-ray-images/versions/1/data/val/not fractured/1-rotated3-rotated1-rotated1.jpg,0,INVALID_MODALITY,train
C:/Users/Ankit/.cache/kagglehub/datasets/paultimothymooney/chest-xray-pneumonia/versions/2/chest_xray/train/PNEUMONIA/person294_bacteria_1383.jpeg,1,VALID_MODALITY,train
C:/Users/Ankit/.cache/kagglehub/datasets/paultimothymooney/chest-xray-pneumonia/versions/2/chest_xray/train/NORMAL/IM-0606-0001.jpeg,1,VALID_MODALITY,train
C:/Users/Ankit/.cache/kagglehub/datasets/paultimothymooney/chest-xray-pneumonia/versions/2/chest_xray/chest_xray/train/PNEUMONIA/person1598_bacteria_4198.jpeg,1,VALID_MODALITY,val
C:/Users/Ankit/.cache/kagglehub/datasets/paultimothymooney/chest-xray-pneumonia/versions/2/chest_xray/chest_xray/train/NORMAL/IM-0377-0001.jpeg,1,VALID_MODALITY,train
C:/Users/Ankit/.cache/kagglehub/datasets/devbatrax/fracture-detection-using-x-ray-images/versions/1/data/train/fractured/83-rotated2-rotated2-rotated3.jpg,0,INVALID_MODALITY,train
C:/Users/Ankit/.cache/kagglehub/datasets/devbatrax/fracture-detection-using-x-ray-images/versions/1/data/train/not fractured/17-rotated2-rotated2-rotated2.jpg,0,INVALID_MODALITY,train
C:/Users/Ankit/.cache/kagglehub/datasets/devbatrax/fracture-detection-using-x-ray-images/versions/1/data/train/fractured/92-rotated1-rotated2-rotated2.jpg,0,INVALID_MODALITY,train
C:/Users/Ankit/.cache/kagglehub/datasets/masoudnickparvar/brain-tumor-mri-dataset/versions/2/Training/glioma/Tr-gl_505.jpg,0,INVALID_MODALITY,train
D:\anti gravity\Radionova\datasets\generic_negatives\generic_0296.jpg,0,INVALID_MODALITY,train
C:/Users/Ankit/.cache/kagglehub/datasets/paultimothymooney/chest-xray-pneumonia/versions/2/chest_xray/chest_xray/train/PNEUMONIA/person634_bacteria_2525.jpeg,1,VALID_MODALITY,train
C:/Users/Ankit/.cache/kagglehub/datasets/paultimothymooney/chest-xray-pneumonia/versions/2/chest_xray/chest_xray/train/NORMAL/NORMAL2-IM-0595-0001.jpeg,1,VALID_MODALITY,train
C:/Users/Ankit/.cache/kagglehub/datasets/devbatrax/fracture-detection-using-x-ray-images/versions/1/data/train/fractured/27-rotated2-rotated3-rotated1.jpg,0,INVALID_MODALITY,val
C:/Users/Ankit/.cache/kagglehub/datasets/paultimothymooney/chest-xray-pneumonia/versions/2/chest_xray/chest_xray/train/NORMAL/IM-0553-0001-0001.jpeg,1,VALID_MODALITY,train
C:/Users/Ankit/.cache/kagglehub/datasets/devbatrax/fracture-detection-using-x-ray-images/versions/1/data/train/not fractured/49-rotated3-rotated2.jpg,0,INVALID_MODALITY,val
C:/Users/Ankit/.cache/kagglehub/datasets/paultimothymooney/chest-xray-pneumonia/versions/2/chest_xray/train/PNEUMONIA/person482_bacteria_2045.jpeg,1,VALID_MODALITY,val
C:/Users/Ankit/.cache/kagglehub/datasets/devbatrax/fracture-detection-using-x-ray-images/versions/1/data/train/not fractured/50-rotated2-rotated1-rotated1-rotated1.jpg,0,INVALID_MODALITY,test
C:/Users/Ankit/.cache/kagglehub/datasets/devbatrax/fracture-detection-using-x-ray-images/versions/1/data/train/fractured/54-rotated3-rotated3-rotated2.jpg,0,INVALID_MODALITY,train
C:/Users/Ankit/.cache/kagglehub/datasets/paultimothymooney/chest-xray-pneumonia/versions/2/chest_xray/train/PNEUMONIA/person1937_bacteria_4853.jpeg,1,VALID_MODALITY,train
C:/Users/Ankit/.cache/kagglehub/datasets/devbatrax/fracture-detection-using-x-ray-images/versions/1/data/train/fractured/63-rotated2-rotated2-rotated1.jpg,0,INVALID_MODALITY,train
D:\anti gravity\Radionova\datasets\generic_negatives\generic_0055.jpg,0,INVALID_MODALITY,train
C:/Users/Ankit/.cache/kagglehub/datasets/paultimothymooney/chest-xray-pneumonia/versions/2/chest_xray/train/PNEUMONIA/person281_bacteria_1327.jpeg,1,VALID_MODALITY,test
D:\anti gravity\Radionova\datasets\generic_negatives\generic_0132.jpg,0,INVALID_MODALITY,train
C:/Users/Ankit/.cache/kagglehub/datasets/paultimothymooney/chest-xray-pneumonia/versions/2/chest_xray/chest_xray/train/PNEUMONIA/person325_bacteria_1500.jpeg,1,VALID_MODALITY,train
C:/Users/Ankit/.cache/kagglehub/datasets/paultimothymooney/chest-xray-pneumonia/versions/2/chest_xray/train/PNEUMONIA/person47_bacteria_229.jpeg,1,VALID_MODALITY,train
C:/Users/Ankit/.cache/kagglehub/datasets/devbatrax/fracture-detection-using-x-ray-images/versions/1/data/train/fractured/94-rotated1-rotated2-rotated3.jpg,0,INVALID_MODALITY,train
C:/Users/Ankit/.cache/kagglehub/datasets/masoudnickparvar/brain-tumor-mri-dataset/versions/2/Training/glioma/Tr-gl_1164.jpg,0,INVALID_MODALITY,train
D:\anti gravity\Radionova\datasets\generic_negatives\generic_0238.jpg,0,INVALID_MODALITY,train
C:/Users/Ankit/.cache/kagglehub/datasets/devbatrax/fracture-detection-using-x-ray-images/versions/1/data/train/not fractured/50-rotated1-rotated1.jpg,0,INVALID_MODALITY,train
C:/Users/Ankit/.cache/kagglehub/datasets/paultimothymooney/chest-xray-pneumonia/versions/2/chest_xray/chest_xray/train/NORMAL/NORMAL2-IM-1349-0001.jpeg,1,VALID_MODALITY,train
C:/Users/Ankit/.cache/kagglehub/datasets/devbatrax/fracture-detection-using-x-ray-images/versions/1/data/train/not fractured/20-rotated2-rotated2.jpg,0,INVALID_MODALITY,train
D:\anti gravity\Radionova\datasets\generic_negatives\generic_0211.jpg,0,INVALID_MODALITY,train
C:/Users/Ankit/.cache/kagglehub/datasets/paultimothymooney/chest-xray-pneumonia/versions/2/chest_xray/train/NORMAL/NORMAL2-IM-1157-0001.jpeg,1,VALID_MODALITY,train
C:/Users/Ankit/.cache/kagglehub/datasets/masoudnickparvar/brain-tumor-mri-dataset/versions/2/Training/pituitary/Tr-pi_90.jpg,0,INVALID_MODALITY,train
C:/Users/Ankit/.cache/kagglehub/datasets/devbatrax/fracture-detection-using-x-ray-images/versions/1/data/train/fractured/87-rotated2-rotated1-rotated1.jpg,0,INVALID_MODALITY,test
C:/Users/Ankit/.cache/kagglehub/datasets/paultimothymooney/chest-xray-pneumonia/versions/2/chest_xray/train/PNEUMONIA/person688_bacteria_2584.jpeg,1,VALID_MODALITY,train
C:/Users/Ankit/.cache/kagglehub/datasets/devbatrax/fracture-detection-using-x-ray-images/versions/1/data/train/fractured/60-rotated1-rotated3.jpg,0,INVALID_MODALITY,train
C:/Users/Ankit/.cache/kagglehub/datasets/devbatrax/fracture-detection-using-x-ray-images/versions/1/data/train/fractured/80-rotated2-rotated1-rotated3.jpg,0,INVALID_MODALITY,train
C:/Users/Ankit/.cache/kagglehub/datasets/masoudnickparvar/brain-tumor-mri-dataset/versions/2/Testing/pituitary/Te-pi_334.jpg,0,INVALID_MODALITY,test
D:\anti gravity\Radionova\datasets\generic_negatives\generic_0075.jpg,0,INVALID_MODALITY,test
C:/Users/Ankit/.cache/kagglehub/datasets/paultimothymooney/chest-xray-pneumonia/versions/2/chest_xray/train/PNEUMONIA/person1341_virus_2313.jpeg,1,VALID_MODALITY,train
C:/Users/Ankit/.cache/kagglehub/datasets/devbatrax/fracture-detection-using-x-ray-images/versions/1/data/train/fractured/54-rotated3-rotated3-rotated1.jpg,0,INVALID_MODALITY,train
C:/Users/Ankit/.cache/kagglehub/datasets/masoudnickparvar/brain-tumor-mri-dataset/versions/2/Training/pituitary/Tr-pi_54.jpg,0,INVALID_MODALITY,train
C:/Users/Ankit/.cache/kagglehub/datasets/paultimothymooney/chest-xray-pneumonia/versions/2/chest_xray/chest_xray/train/NORMAL/NORMAL2-IM-0629-0001.jpeg,1,VALID_MODALITY,train
C:/Users/Ankit/.cache/kagglehub/datasets/devbatrax/fracture-detection-using-x-ray-images/versions/1/data/train/not fractured/50-rotated1-rotated3-rotated3.jpg,0,INVALID_MODALITY,train
C:/Users/Ankit/.cache/kagglehub/datasets/paultimothymooney/chest-xray-pneumonia/versions/2/chest_xray/train/NORMAL/NORMAL2-IM-0487-0001.jpeg,1,VALID_MODALITY,train
C:/Users/Ankit/.cache/kagglehub/datasets/paultimothymooney/chest-xray-pneumonia/versions/2/chest_xray/chest_xray/train/PNEUMONIA/person1259_virus_2139.jpeg,1,VALID_MODALITY,train
C:/Users/Ankit/.cache/kagglehub/datasets/masoudnickparvar/brain-tumor-mri-dataset/versions/2/Training/meningioma/Tr-me_993.jpg,0,INVALID_MODALITY,train
C:/Users/Ankit/.cache/kagglehub/datasets/devbatrax/fracture-detection-using-x-ray-images/versions/1/data/train/fractured/47-rotated1-rotated2-rotated1.jpg,0,INVALID_MODALITY,val
C:/Users/Ankit/.cache/kagglehub/datasets/paultimothymooney/chest-xray-pneumonia/versions/2/chest_xray/chest_xray/train/PNEUMONIA/person957_virus_1629.jpeg,1,VALID_MODALITY,train
C:/Users/Ankit/.cache/kagglehub/datasets/devbatrax/fracture-detection-using-x-ray-images/versions/1/data/train/not fractured/59-rotated2.jpg,0,INVALID_MODALITY,train
C:/Users/Ankit/.cache/kagglehub/datasets/paultimothymooney/chest-xray-pneumonia/versions/2/chest_xray/train/PNEUMONIA/person755_virus_1380.jpeg,1,VALID_MODALITY,test
C:/Users/Ankit/.cache/kagglehub/datasets/devbatrax/fracture-detection-using-x-ray-images/versions/1/data/train/fractured/53-rotated2-rotated3-rotated3.jpg,0,INVALID_MODALITY,train
C:/Users/Ankit/.cache/kagglehub/datasets/masoudnickparvar/brain-tumor-mri-dataset/versions/2/Training/pituitary/Tr-pi_895.jpg,0,INVALID_MODALITY,train
C:/Users/Ankit/.cache/kagglehub/datasets/devbatrax/fracture-detection-using-x-ray-images/versions/1/data/train/not fractured/20-rotated2-rotated1-rotated2-rotated1.jpg,0,INVALID_MODALITY,train
C:/Users/Ankit/.cache/kagglehub/datasets/paultimothymooney/chest-xray-pneumonia/versions/2/chest_xray/chest_xray/train/NORMAL/NORMAL2-IM-1020-0001.jpeg,1,VALID_MODALITY,train
C:/Users/Ankit/.cache/kagglehub/datasets/paultimothymooney/chest-xray-pneumonia/versions/2/chest_xray/train/PNEUMONIA/person1207_bacteria_3159.jpeg,1,VALID_MODALITY,test
C:/Users/Ankit/.cache/kagglehub/datasets/devbatrax/fracture-detection-using-x-ray-images/versions/1/data/train/fractured/87-rotated1-rotated2-rotated2.jpg,0,INVALID_MODALITY,test
C:/Users/Ankit/.cache/kagglehub/datasets/masoudnickparvar/brain-tumor-mri-dataset/versions/2/Training/meningioma/Tr-me_140.jpg,0,INVALID_MODALITY,train
D:\anti gravity\Radionova\datasets\generic_negatives\generic_0027.jpg,0,INVALID_MODALITY,train
D:\anti gravity\Radionova\datasets\generic_negatives\generic_0368.jpg,0,INVALID_MODALITY,test
C:/Users/Ankit/.cache/kagglehub/datasets/paultimothymooney/chest-xray-pneumonia/versions/2/chest_xray/chest_xray/train/NORMAL/NORMAL2-IM-0515-0001.jpeg,1,VALID_MODALITY,test
C:/Users/Ankit/.cache/kagglehub/datasets/paultimothymooney/chest-xray-pneumonia/versions/2/chest_xray/chest_xray/train/PNEUMONIA/person674_bacteria_2568.jpeg,1,VALID_MODALITY,train
C:/Users/Ankit/.cache/kagglehub/datasets/paultimothymooney/chest-xray-pneumonia/versions/2/chest_xray/chest_xray/train/PNEUMONIA/person1683_bacteria_4460.jpeg,1,VALID_MODALITY,train
C:/Users/Ankit/.cache/kagglehub/datasets/paultimothymooney/chest-xray-pneumonia/versions/2/chest_xray/chest_xray/train/PNEUMONIA/person1145_bacteria_3090.jpeg,1,VALID_MODALITY,test
C:/Users/Ankit/.cache/kagglehub/datasets/devbatrax/fracture-detection-using-x-ray-images/versions/1/data/val/fractured/7-rotated1.jpg,0,INVALID_MODALITY,train
C:/Users/Ankit/.cache/kagglehub/datasets/paultimothymooney/chest-xray-pneumonia/versions/2/chest_xray/chest_xray/train/PNEUMONIA/person935_virus_1597.jpeg,1,VALID_MODALITY,train
C:/Users/Ankit/.cache/kagglehub/datasets/devbatrax/fracture-detection-using-x-ray-images/versions/1/data/train/fractured/68-rotated2-rotated1-rotated3.jpg,0,INVALID_MODALITY,train
C:/Users/Ankit/.cache/kagglehub/datasets/paultimothymooney/chest-xray-pneumonia/versions/2/chest_xray/train/PNEUMONIA/person70_bacteria_343.jpeg,1,VALID_MODALITY,train
C:/Users/Ankit/.cache/kagglehub/datasets/paultimothymooney/chest-xray-pneumonia/versions/2/chest_xray/train/PNEUMONIA/person1034_bacteria_2968.jpeg,1,VALID_MODALITY,train
C:/Users/Ankit/.cache/kagglehub/datasets/masoudnickparvar/brain-tumor-mri-dataset/versions/2/Training/glioma/Tr-gl_308.jpg,0,INVALID_MODALITY,train
C:/Users/Ankit/.cache/kagglehub/datasets/paultimothymooney/chest-xray-pneumonia/versions/2/chest_xray/chest_xray/train/NORMAL/IM-0646-0001.jpeg,1,VALID_MODALITY,train
C:/Users/Ankit/.cache/kagglehub/datasets/paultimothymooney/chest-xray-pneumonia/versions/2/chest_xray/chest_xray/train/NORMAL/IM-0300-0001.jpeg,1,VALID_MODALITY,test
C:/Users/Ankit/.cache/kagglehub/datasets/paultimothymooney/chest-xray-pneumonia/versions/2/chest_xray/train/PNEUMONIA/person901_virus_1555.jpeg,1,VALID_MODALITY,test
C:/Users/Ankit/.cache/kagglehub/datasets/devbatrax/fracture-detection-using-x-ray-images/versions/1/data/train/not fractured/48-rotated1-rotated3-rotated3-rotated1.jpg,0,INVALID_MODALITY,train
C:/Users/Ankit/.cache/kagglehub/datasets/devbatrax/fracture-detection-using-x-ray-images/versions/1/data/train/not fractured/67-rotated2-rotated3-rotated1-rotated1.jpg,0,INVALID_MODALITY,train
C:/Users/Ankit/.cache/kagglehub/datasets/devbatrax/fracture-detection-using-x-ray-images/versions/1/data/train/not fractured/35-rotated3-rotated2-rotated2.jpg,0,INVALID_MODALITY,train
C:/Users/Ankit/.cache/kagglehub/datasets/paultimothymooney/chest-xray-pneumonia/versions/2/chest_xray/chest_xray/train/NORMAL/NORMAL2-IM-1285-0001.jpeg,1,VALID_MODALITY,train
C:/Users/Ankit/.cache/kagglehub/datasets/masoudnickparvar/brain-tumor-mri-dataset/versions/2/Testing/glioma/Te-gl_398.jpg,0,INVALID_MODALITY,train
C:/Users/Ankit/.cache/kagglehub/datasets/paultimothymooney/chest-xray-pneumonia/versions/2/chest_xray/chest_xray/train/PNEUMONIA/person23_bacteria_91.jpeg,1,VALID_MODALITY,train
C:/Users/Ankit/.cache/kagglehub/datasets/paultimothymooney/chest-xray-pneumonia/versions/2/chest_xray/chest_xray/train/PNEUMONIA/person964_bacteria_2889.jpeg,1,VALID_MODALITY,train
C:/Users/Ankit/.cache/kagglehub/datasets/paultimothymooney/chest-xray-pneumonia/versions/2/chest_xray/train/PNEUMONIA/person731_bacteria_2633.jpeg,1,VALID_MODALITY,train
C:/Users/Ankit/.cache/kagglehub/datasets/paultimothymooney/chest-xray-pneumonia/versions/2/chest_xray/chest_xray/train/PNEUMONIA/person500_bacteria_2111.jpeg,1,VALID_MODALITY,train
C:/Users/Ankit/.cache/kagglehub/datasets/devbatrax/fracture-detection-using-x-ray-images/versions/1/data/train/not fractured/60-rotated3-rotated2-rotated2-rotated1.jpg,0,INVALID_MODALITY,train
C:/Users/Ankit/.cache/kagglehub/datasets/paultimothymooney/chest-xray-pneumonia/versions/2/chest_xray/train/PNEUMONIA/person359_virus_738.jpeg,1,VALID_MODALITY,train
D:\anti gravity\Radionova\datasets\generic_negatives\generic_0018.jpg,0,INVALID_MODALITY,train
C:/Users/Ankit/.cache/kagglehub/datasets/devbatrax/fracture-detection-using-x-ray-images/versions/1/data/train/fractured/35-rotated1-rotated3-rotated2.jpg,0,INVALID_MODALITY,train
C:/Users/Ankit/.cache/kagglehub/datasets/devbatrax/fracture-detection-using-x-ray-images/versions/1/data/train/fractured/24-rotated3-rotated3-rotated1.jpg,0,INVALID_MODALITY,train
C:/Users/Ankit/.cache/kagglehub/datasets/paultimothymooney/chest-xray-pneumonia/versions/2/chest_xray/chest_xray/train/PNEUMONIA/person1523_bacteria_3979.jpeg,1,VALID_MODALITY,train
C:/Users/Ankit/.cache/kagglehub/datasets/paultimothymooney/chest-xray-pneumonia/versions/2/chest_xray/chest_xray/train/PNEUMONIA/person767_bacteria_2671.jpeg,1,VALID_MODALITY,train
C:/Users/Ankit/.cache/kagglehub/datasets/paultimothymooney/chest-xray-pneumonia/versions/2/chest_xray/train/PNEUMONIA/person1668_bacteria_4420.jpeg,1,VALID_MODALITY,test
C:/Users/Ankit/.cache/kagglehub/datasets/paultimothymooney/chest-xray-pneumonia/versions/2/chest_xray/train/NORMAL/IM-0210-0001.jpeg,1,VALID_MODALITY,train
C:/Users/Ankit/.cache/kagglehub/datasets/paultimothymooney/chest-xray-pneumonia/versions/2/chest_xray/train/PNEUMONIA/person3_bacteria_12.jpeg,1,VALID_MODALITY,train
C:/Users/Ankit/.cache/kagglehub/datasets/devbatrax/fracture-detection-using-x-ray-images/versions/1/data/train/not fractured/18-rotated1-rotated1-rotated1.jpg,0,INVALID_MODALITY,test
C:/Users/Ankit/.cache/kagglehub/datasets/paultimothymooney/chest-xray-pneumonia/versions/2/chest_xray/chest_xray/train/PNEUMONIA/person455_bacteria_1947.jpeg,1,VALID_MODALITY,train
C:/Users/Ankit/.cache/kagglehub/datasets/masoudnickparvar/brain-tumor-mri-dataset/versions/2/Training/glioma/Tr-gl_654.jpg,0,INVALID_MODALITY,train
C:/Users/Ankit/.cache/kagglehub/datasets/devbatrax/fracture-detection-using-x-ray-images/versions/1/data/train/not fractured/20-rotated1-rotated1-rotated1.jpg,0,INVALID_MODALITY,train
C:/Users/Ankit/.cache/kagglehub/datasets/masoudnickparvar/brain-tumor-mri-dataset/versions/2/Training/meningioma/Tr-me_839.jpg,0,INVALID_MODALITY,train
D:\anti gravity\Radionova\datasets\generic_negatives\generic_0305.jpg,0,INVALID_MODALITY,train
C:/Users/Ankit/.cache/kagglehub/datasets/masoudnickparvar/brain-tumor-mri-dataset/versions/2/Testing/pituitary/Te-pi_42.jpg,0,INVALID_MODALITY,train
C:/Users/Ankit/.cache/kagglehub/datasets/paultimothymooney/chest-xray-pneumonia/versions/2/chest_xray/chest_xray/train/PNEUMONIA/person441_virus_894.jpeg,1,VALID_MODALITY,val
C:/Users/Ankit/.cache/kagglehub/datasets/devbatrax/fracture-detection-using-x-ray-images/versions/1/data/train/fractured/64-rotated3-rotated2-rotated2.jpg,0,INVALID_MODALITY,train
C:/Users/Ankit/.cache/kagglehub/datasets/paultimothymooney/chest-xray-pneumonia/versions/2/chest_xray/chest_xray/train/PNEUMONIA/person1468_bacteria_3822.jpeg,1,VALID_MODALITY,train
C:/Users/Ankit/.cache/kagglehub/datasets/devbatrax/fracture-detection-using-x-ray-images/versions/1/data/train/fractured/35-rotated2-rotated2.jpg,0,INVALID_MODALITY,train
C:/Users/Ankit/.cache/kagglehub/datasets/paultimothymooney/chest-xray-pneumonia/versions/2/chest_xray/chest_xray/train/PNEUMONIA/person23_bacteria_83.jpeg,1,VALID_MODALITY,test
C:/Users/Ankit/.cache/kagglehub/datasets/paultimothymooney/chest-xray-pneumonia/versions/2/chest_xray/chest_xray/train/NORMAL/NORMAL2-IM-1275-0001.jpeg,1,VALID_MODALITY,val
C:/Users/Ankit/.cache/kagglehub/datasets/devbatrax/fracture-detection-using-x-ray-images/versions/1/data/train/fractured/118-rotated3-rotated2-rotated2.jpg,0,INVALID_MODALITY,val
C:/Users/Ankit/.cache/kagglehub/datasets/devbatrax/fracture-detection-using-x-ray-images/versions/1/data/train/not fractured/48-rotated3-rotated2-rotated1.jpg,0,INVALID_MODALITY,train
C:/Users/Ankit/.cache/kagglehub/datasets/paultimothymooney/chest-xray-pneumonia/versions/2/chest_xray/train/NORMAL/NORMAL2-IM-0651-0001.jpeg,1,VALID_MODALITY,train
C:/Users/Ankit/.cache/kagglehub/datasets/paultimothymooney/chest-xray-pneumonia/versions/2/chest_xray/train/NORMAL/NORMAL2-IM-1020-0001-0001.jpeg,1,VALID_MODALITY,train
C:/Users/Ankit/.cache/kagglehub/datasets/paultimothymooney/chest-xray-pneumonia/versions/2/chest_xray/train/PNEUMONIA/person880_bacteria_2804.jpeg,1,VALID_MODALITY,train
C:/Users/Ankit/.cache/kagglehub/datasets/paultimothymooney/chest-xray-pneumonia/versions/2/chest_xray/test/PNEUMONIA/person102_bacteria_487.jpeg,1,VALID_MODALITY,test
C:/Users/Ankit/.cache/kagglehub/datasets/paultimothymooney/chest-xray-pneumonia/versions/2/chest_xray/chest_xray/train/PNEUMONIA/person332_bacteria_1536.jpeg,1,VALID_MODALITY,test
C:/Users/Ankit/.cache/kagglehub/datasets/paultimothymooney/chest-xray-pneumonia/versions/2/chest_xray/chest_xray/train/PNEUMONIA/person128_virus_261.jpeg,1,VALID_MODALITY,test
C:/Users/Ankit/.cache/kagglehub/datasets/paultimothymooney/chest-xray-pneumonia/versions/2/chest_xray/test/NORMAL/NORMAL2-IM-0317-0001.jpeg,1,VALID_MODALITY,test
C:/Users/Ankit/.cache/kagglehub/datasets/masoudnickparvar/brain-tumor-mri-dataset/versions/2/Training/meningioma/Tr-me_533.jpg,0,INVALID_MODALITY,train
C:/Users/Ankit/.cache/kagglehub/datasets/devbatrax/fracture-detection-using-x-ray-images/versions/1/data/train/not fractured/45-rotated2-rotated1.jpg,0,INVALID_MODALITY,val
C:/Users/Ankit/.cache/kagglehub/datasets/paultimothymooney/chest-xray-pneumonia/versions/2/chest_xray/chest_xray/train/PNEUMONIA/person278_bacteria_1309.jpeg,1,VALID_MODALITY,train
C:/Users/Ankit/.cache/kagglehub/datasets/masoudnickparvar/brain-tumor-mri-dataset/versions/2/Testing/meningioma/Te-me_259.jpg,0,INVALID_MODALITY,val
C:/Users/Ankit/.cache/kagglehub/datasets/devbatrax/fracture-detection-using-x-ray-images/versions/1/data/train/not fractured/36-rotated1-rotated2.jpg,0,INVALID_MODALITY,train
C:/Users/Ankit/.cache/kagglehub/datasets/masoudnickparvar/brain-tumor-mri-dataset/versions/2/Training/glioma/Tr-gl_713.jpg,0,INVALID_MODALITY,train
C:/Users/Ankit/.cache/kagglehub/datasets/paultimothymooney/chest-xray-pneumonia/versions/2/chest_xray/chest_xray/train/PNEUMONIA/person1217_virus_2063.jpeg,1,VALID_MODALITY,train
C:/Users/Ankit/.cache/kagglehub/datasets/devbatrax/fracture-detection-using-x-ray-images/versions/1/data/train/fractured/64-rotated2-rotated2-rotated3.jpg,0,INVALID_MODALITY,train
D:\anti gravity\Radionova\datasets\generic_negatives\generic_0095.jpg,0,INVALID_MODALITY,val
C:/Users/Ankit/.cache/kagglehub/datasets/paultimothymooney/chest-xray-pneumonia/versions/2/chest_xray/train/PNEUMONIA/person1265_bacteria_3223.jpeg,1,VALID_MODALITY,train
C:/Users/Ankit/.cache/kagglehub/datasets/paultimothymooney/chest-xray-pneumonia/versions/2/chest_xray/train/NORMAL/IM-0523-0001-0002.jpeg,1,VALID_MODALITY,train
C:/Users/Ankit/.cache/kagglehub/datasets/paultimothymooney/chest-xray-pneumonia/versions/2/chest_xray/train/NORMAL/NORMAL2-IM-0385-0001.jpeg,1,VALID_MODALITY,train
C:/Users/Ankit/.cache/kagglehub/datasets/devbatrax/fracture-detection-using-x-ray-images/versions/1/data/train/not fractured/63-rotated2-rotated1-rotated2.jpg,0,INVALID_MODALITY,train
C:/Users/Ankit/.cache/kagglehub/datasets/paultimothymooney/chest-xray-pneumonia/versions/2/chest_xray/test/PNEUMONIA/person109_bacteria_512.jpeg,1,VALID_MODALITY,train
C:/Users/Ankit/.cache/kagglehub/datasets/paultimothymooney/chest-xray-pneumonia/versions/2/chest_xray/chest_xray/train/PNEUMONIA/person1530_virus_2664.jpeg,1,VALID_MODALITY,val
C:/Users/Ankit/.cache/kagglehub/datasets/devbatrax/fracture-detection-using-x-ray-images/versions/1/data/train/not fractured/28-rotated1-rotated1-rotated3-rotated1.jpg,0,INVALID_MODALITY,train
C:/Users/Ankit/.cache/kagglehub/datasets/paultimothymooney/chest-xray-pneumonia/versions/2/chest_xray/chest_xray/train/PNEUMONIA/person1604_virus_2782.jpeg,1,VALID_MODALITY,train
C:/Users/Ankit/.cache/kagglehub/datasets/paultimothymooney/chest-xray-pneumonia/versions/2/chest_xray/train/PNEUMONIA/person1276_bacteria_3239.jpeg,1,VALID_MODALITY,train
C:/Users/Ankit/.cache/kagglehub/datasets/paultimothymooney/chest-xray-pneumonia/versions/2/chest_xray/chest_xray/train/NORMAL/NORMAL2-IM-0934-0001.jpeg,1,VALID_MODALITY,test
C:/Users/Ankit/.cache/kagglehub/datasets/masoudnickparvar/brain-tumor-mri-dataset/versions/2/Training/glioma/Tr-gl_177.jpg,0,INVALID_MODALITY,val
C:/Users/Ankit/.cache/kagglehub/datasets/paultimothymooney/chest-xray-pneumonia/versions/2/chest_xray/train/PNEUMONIA/person281_bacteria_1331.jpeg,1,VALID_MODALITY,test
C:/Users/Ankit/.cache/kagglehub/datasets/devbatrax/fracture-detection-using-x-ray-images/versions/1/data/train/not fractured/36-rotated3-rotated1-rotated1-rotated1.jpg,0,INVALID_MODALITY,val
C:/Users/Ankit/.cache/kagglehub/datasets/masoudnickparvar/brain-tumor-mri-dataset/versions/2/Training/meningioma/Tr-me_373.jpg,0,INVALID_MODALITY,train
C:/Users/Ankit/.cache/kagglehub/datasets/paultimothymooney/chest-xray-pneumonia/versions/2/chest_xray/chest_xray/train/PNEUMONIA/person355_virus_730.jpeg,1,VALID_MODALITY,test
C:/Users/Ankit/.cache/kagglehub/datasets/devbatrax/fracture-detection-using-x-ray-images/versions/1/data/train/not fractured/16-rotated1-rotated2.jpg,0,INVALID_MODALITY,val
C:/Users/Ankit/.cache/kagglehub/datasets/paultimothymooney/chest-xray-pneumonia/versions/2/chest_xray/chest_xray/test/PNEUMONIA/person119_bacteria_568.jpeg,1,VALID_MODALITY,train
D:\anti gravity\Radionova\datasets\generic_negatives\generic_0227.jpg,0,INVALID_MODALITY,train
C:/Users/Ankit/.cache/kagglehub/datasets/masoudnickparvar/brain-tumor-mri-dataset/versions/2/Training/pituitary/Tr-pi_1166.jpg,0,INVALID_MODALITY,test
C:/Users/Ankit/.cache/kagglehub/datasets/masoudnickparvar/brain-tumor-mri-dataset/versions/2/Training/pituitary/Tr-pi_1206.jpg,0,INVALID_MODALITY,train
C:/Users/Ankit/.cache/kagglehub/datasets/masoudnickparvar/brain-tumor-mri-dataset/versions/2/Training/glioma/Tr-gl_223.jpg,0,INVALID_MODALITY,train
C:/Users/Ankit/.cache/kagglehub/datasets/paultimothymooney/chest-xray-pneumonia/versions/2/chest_xray/chest_xray/train/NORMAL/NORMAL2-IM-0746-0001.jpeg,1,VALID_MODALITY,train
C:/Users/Ankit/.cache/kagglehub/datasets/devbatrax/fracture-detection-using-x-ray-images/versions/1/data/train/not fractured/44-rotated2-rotated3-rotated1-rotated1.jpg,0,INVALID_MODALITY,val
C:/Users/Ankit/.cache/kagglehub/datasets/paultimothymooney/chest-xray-pneumonia/versions/2/chest_xray/chest_xray/train/PNEUMONIA/person731_bacteria_2633.jpeg,1,VALID_MODALITY,train
C:/Users/Ankit/.cache/kagglehub/datasets/devbatrax/fracture-detection-using-x-ray-images/versions/1/data/val/fractured/6-rotated3-rotated3-rotated1.jpg,0,INVALID_MODALITY,train
C:/Users/Ankit/.cache/kagglehub/datasets/masoudnickparvar/brain-tumor-mri-dataset/versions/2/Testing/pituitary/Te-pi_27.jpg,0,INVALID_MODALITY,train
C:/Users/Ankit/.cache/kagglehub/datasets/devbatrax/fracture-detection-using-x-ray-images/versions/1/data/train/fractured/90-rotated2-rotated3.jpg,0,INVALID_MODALITY,val
C:/Users/Ankit/.cache/kagglehub/datasets/paultimothymooney/chest-xray-pneumonia/versions/2/chest_xray/test/PNEUMONIA/person29_virus_64.jpeg,1,VALID_MODALITY,train
C:/Users/Ankit/.cache/kagglehub/datasets/devbatrax/fracture-detection-using-x-ray-images/versions/1/data/train/fractured/18-rotated1-rotated1-rotated2.jpg,0,INVALID_MODALITY,train
C:/Users/Ankit/.cache/kagglehub/datasets/devbatrax/fracture-detection-using-x-ray-images/versions/1/data/train/not fractured/46-rotated3-rotated3-rotated3.jpg,0,INVALID_MODALITY,train
C:/Users/Ankit/.cache/kagglehub/datasets/masoudnickparvar/brain-tumor-mri-dataset/versions/2/Training/meningioma/Tr-me_250.jpg,0,INVALID_MODALITY,train
C:/Users/Ankit/.cache/kagglehub/datasets/paultimothymooney/chest-xray-pneumonia/versions/2/chest_xray/train/PNEUMONIA/person1413_bacteria_3617.jpeg,1,VALID_MODALITY,train
C:/Users/Ankit/.cache/kagglehub/datasets/paultimothymooney/chest-xray-pneumonia/versions/2/chest_xray/chest_xray/train/PNEUMONIA/person466_bacteria_1986.jpeg,1,VALID_MODALITY,train
C:/Users/Ankit/.cache/kagglehub/datasets/paultimothymooney/chest-xray-pneumonia/versions/2/chest_xray/chest_xray/train/PNEUMONIA/person1685_bacteria_4465.jpeg,1,VALID_MODALITY,train
C:/Users/Ankit/.cache/kagglehub/datasets/paultimothymooney/chest-xray-pneumonia/versions/2/chest_xray/chest_xray/train/PNEUMONIA/person871_virus_1517.jpeg,1,VALID_MODALITY,test
D:\anti gravity\Radionova\datasets\generic_negatives\generic_0316.jpg,0,INVALID_MODALITY,train
C:/Users/Ankit/.cache/kagglehub/datasets/paultimothymooney/chest-xray-pneumonia/versions/2/chest_xray/test/PNEUMONIA/person110_bacteria_531.jpeg,1,VALID_MODALITY,train
C:/Users/Ankit/.cache/kagglehub/datasets/masoudnickparvar/brain-tumor-mri-dataset/versions/2/Training/pituitary/Tr-pi_290.jpg,0,INVALID_MODALITY,val
C:/Users/Ankit/.cache/kagglehub/datasets/devbatrax/fracture-detection-using-x-ray-images/versions/1/data/train/not fractured/70-rotated1-rotated1-rotated2.jpg,0,INVALID_MODALITY,test
C:/Users/Ankit/.cache/kagglehub/datasets/paultimothymooney/chest-xray-pneumonia/versions/2/chest_xray/train/PNEUMONIA/person841_bacteria_2761.jpeg,1,VALID_MODALITY,train
C:/Users/Ankit/.cache/kagglehub/datasets/paultimothymooney/chest-xray-pneumonia/versions/2/chest_xray/chest_xray/train/PNEUMONIA/person317_bacteria_1473.jpeg,1,VALID_MODALITY,train
C:/Users/Ankit/.cache/kagglehub/datasets/devbatrax/fracture-detection-using-x-ray-images/versions/1/data/train/not fractured/31-rotated1-rotated3.jpg,0,INVALID_MODALITY,train
C:/Users/Ankit/.cache/kagglehub/datasets/paultimothymooney/chest-xray-pneumonia/versions/2/chest_xray/chest_xray/train/PNEUMONIA/person1247_virus_2115.jpeg,1,VALID_MODALITY,train
C:/Users/Ankit/.cache/kagglehub/datasets/paultimothymooney/chest-xray-pneumonia/versions/2/chest_xray/chest_xray/train/PNEUMONIA/person880_virus_1529.jpeg,1,VALID_MODALITY,train
C:/Users/Ankit/.cache/kagglehub/datasets/masoudnickparvar/brain-tumor-mri-dataset/versions/2/Training/glioma/Tr-gl_466.jpg,0,INVALID_MODALITY,val
C:/Users/Ankit/.cache/kagglehub/datasets/paultimothymooney/chest-xray-pneumonia/versions/2/chest_xray/train/PNEUMONIA/person1527_bacteria_3988.jpeg,1,VALID_MODALITY,test
C:/Users/Ankit/.cache/kagglehub/datasets/paultimothymooney/chest-xray-pneumonia/versions/2/chest_xray/train/NORMAL/IM-0551-0001-0002.jpeg,1,VALID_MODALITY,train
C:/Users/Ankit/.cache/kagglehub/datasets/paultimothymooney/chest-xray-pneumonia/versions/2/chest_xray/chest_xray/train/PNEUMONIA/person927_virus_1584.jpeg,1,VALID_MODALITY,train
D:\anti gravity\Radionova\datasets\generic_negatives\generic_0012.jpg,0,INVALID_MODALITY,train
C:/Users/Ankit/.cache/kagglehub/datasets/masoudnickparvar/brain-tumor-mri-dataset/versions/2/Testing/meningioma/Te-me_213.jpg,0,INVALID_MODALITY,test
C:/Users/Ankit/.cache/kagglehub/datasets/paultimothymooney/chest-xray-pneumonia/versions/2/chest_xray/chest_xray/train/PNEUMONIA/person998_bacteria_2928.jpeg,1,VALID_MODALITY,train
C:/Users/Ankit/.cache/kagglehub/datasets/paultimothymooney/chest-xray-pneumonia/versions/2/chest_xray/chest_xray/train/PNEUMONIA/person322_virus_655.jpeg,1,VALID_MODALITY,train
C:/Users/Ankit/.cache/kagglehub/datasets/paultimothymooney/chest-xray-pneumonia/versions/2/chest_xray/train/PNEUMONIA/person1918_bacteria_4825.jpeg,1,VALID_MODALITY,val
C:/Users/Ankit/.cache/kagglehub/datasets/masoudnickparvar/brain-tumor-mri-dataset/versions/2/Training/glioma/Tr-gl_415.jpg,0,INVALID_MODALITY,train
C:/Users/Ankit/.cache/kagglehub/datasets/paultimothymooney/chest-xray-pneumonia/versions/2/chest_xray/train/PNEUMONIA/person469_bacteria_1992.jpeg,1,VALID_MODALITY,test
C:/Users/Ankit/.cache/kagglehub/datasets/paultimothymooney/chest-xray-pneumonia/versions/2/chest_xray/chest_xray/train/PNEUMONIA/person565_bacteria_2348.jpeg,1,VALID_MODALITY,train
C:/Users/Ankit/.cache/kagglehub/datasets/paultimothymooney/chest-xray-pneumonia/versions/2/chest_xray/chest_xray/train/PNEUMONIA/person1337_virus_2307.jpeg,1,VALID_MODALITY,test
C:/Users/Ankit/.cache/kagglehub/datasets/paultimothymooney/chest-xray-pneumonia/versions/2/chest_xray/train/PNEUMONIA/person1879_bacteria_4764.jpeg,1,VALID_MODALITY,test
D:\anti gravity\Radionova\datasets\generic_negatives\generic_0306.jpg,0,INVALID_MODALITY,train
C:/Users/Ankit/.cache/kagglehub/datasets/masoudnickparvar/brain-tumor-mri-dataset/versions/2/Training/meningioma/Tr-aug-me_96.jpg,0,INVALID_MODALITY,train
C:/Users/Ankit/.cache/kagglehub/datasets/paultimothymooney/chest-xray-pneumonia/versions/2/chest_xray/train/NORMAL/NORMAL2-IM-1289-0001.jpeg,1,VALID_MODALITY,train
C:/Users/Ankit/.cache/kagglehub/datasets/devbatrax/fracture-detection-using-x-ray-images/versions/1/data/train/fractured/40-rotated3-rotated2-rotated2.jpg,0,INVALID_MODALITY,train
C:/Users/Ankit/.cache/kagglehub/datasets/masoudnickparvar/brain-tumor-mri-dataset/versions/2/Testing/meningioma/Te-aug-me_44.jpg,0,INVALID_MODALITY,test
C:/Users/Ankit/.cache/kagglehub/datasets/paultimothymooney/chest-xray-pneumonia/versions/2/chest_xray/chest_xray/train/PNEUMONIA/person1180_virus_2007.jpeg,1,VALID_MODALITY,train
C:/Users/Ankit/.cache/kagglehub/datasets/devbatrax/fracture-detection-using-x-ray-images/versions/1/data/val/fractured/3-rotated2-rotated2.jpg,0,INVALID_MODALITY,train
C:/Users/Ankit/.cache/kagglehub/datasets/paultimothymooney/chest-xray-pneumonia/versions/2/chest_xray/train/NORMAL/NORMAL2-IM-0634-0001.jpeg,1,VALID_MODALITY,train
C:/Users/Ankit/.cache/kagglehub/datasets/devbatrax/fracture-detection-using-x-ray-images/versions/1/data/train/fractured/65-rotated3-rotated3-rotated2.jpg,0,INVALID_MODALITY,test
D:\anti gravity\Radionova\datasets\generic_negatives\generic_0058.jpg,0,INVALID_MODALITY,train
C:/Users/Ankit/.cache/kagglehub/datasets/devbatrax/fracture-detection-using-x-ray-images/versions/1/data/train/not fractured/26-rotated1-rotated1-rotated3.jpg,0,INVALID_MODALITY,train
C:/Users/Ankit/.cache/kagglehub/datasets/paultimothymooney/chest-xray-pneumonia/versions/2/chest_xray/chest_xray/test/NORMAL/NORMAL2-IM-0340-0001.jpeg,1,VALID_MODALITY,train
C:/Users/Ankit/.cache/kagglehub/datasets/paultimothymooney/chest-xray-pneumonia/versions/2/chest_xray/chest_xray/train/PNEUMONIA/person1698_bacteria_4497.jpeg,1,VALID_MODALITY,train
C:/Users/Ankit/.cache/kagglehub/datasets/paultimothymooney/chest-xray-pneumonia/versions/2/chest_xray/chest_xray/train/PNEUMONIA/person258_bacteria_1206.jpeg,1,VALID_MODALITY,train
C:/Users/Ankit/.cache/kagglehub/datasets/devbatrax/fracture-detection-using-x-ray-images/versions/1/data/train/fractured/70.jpg,0,INVALID_MODALITY,test
C:/Users/Ankit/.cache/kagglehub/datasets/paultimothymooney/chest-xray-pneumonia/versions/2/chest_xray/train/PNEUMONIA/person440_bacteria_1898.jpeg,1,VALID_MODALITY,train
C:/Users/Ankit/.cache/kagglehub/datasets/paultimothymooney/chest-xray-pneumonia/versions/2/chest_xray/chest_xray/train/PNEUMONIA/person543_bacteria_2279.jpeg,1,VALID_MODALITY,train
C:/Users/Ankit/.cache/kagglehub/datasets/paultimothymooney/chest-xray-pneumonia/versions/2/chest_xray/chest_xray/test/PNEUMONIA/person88_bacteria_439.jpeg,1,VALID_MODALITY,test
C:/Users/Ankit/.cache/kagglehub/datasets/paultimothymooney/chest-xray-pneumonia/versions/2/chest_xray/chest_xray/train/PNEUMONIA/person1418_virus_2429.jpeg,1,VALID_MODALITY,test
C:/Users/Ankit/.cache/kagglehub/datasets/paultimothymooney/chest-xray-pneumonia/versions/2/chest_xray/chest_xray/train/PNEUMONIA/person1243_bacteria_3199.jpeg,1,VALID_MODALITY,train
C:/Users/Ankit/.cache/kagglehub/datasets/masoudnickparvar/brain-tumor-mri-dataset/versions/2/Testing/pituitary/Te-pi_103.jpg,0,INVALID_MODALITY,val
C:/Users/Ankit/.cache/kagglehub/datasets/paultimothymooney/chest-xray-pneumonia/versions/2/chest_xray/chest_xray/train/PNEUMONIA/person68_bacteria_337.jpeg,1,VALID_MODALITY,train
C:/Users/Ankit/.cache/kagglehub/datasets/paultimothymooney/chest-xray-pneumonia/versions/2/chest_xray/train/PNEUMONIA/person84_virus_157.jpeg,1,VALID_MODALITY,train
C:/Users/Ankit/.cache/kagglehub/datasets/masoudnickparvar/brain-tumor-mri-dataset/versions/2/Training/glioma/Tr-gl_915.jpg,0,INVALID_MODALITY,val
C:/Users/Ankit/.cache/kagglehub/datasets/paultimothymooney/chest-xray-pneumonia/versions/2/chest_xray/train/PNEUMONIA/person1803_bacteria_4652.jpeg,1,VALID_MODALITY,train
C:/Users/Ankit/.cache/kagglehub/datasets/paultimothymooney/chest-xray-pneumonia/versions/2/chest_xray/train/NORMAL/NORMAL2-IM-1002-0001.jpeg,1,VALID_MODALITY,train
C:/Users/Ankit/.cache/kagglehub/datasets/paultimothymooney/chest-xray-pneumonia/versions/2/chest_xray/train/NORMAL/NORMAL2-IM-0831-0001.jpeg,1,VALID_MODALITY,train
C:/Users/Ankit/.cache/kagglehub/datasets/paultimothymooney/chest-xray-pneumonia/versions/2/chest_xray/chest_xray/train/NORMAL/IM-0605-0001.jpeg,1,VALID_MODALITY,train
C:/Users/Ankit/.cache/kagglehub/datasets/paultimothymooney/chest-xray-pneumonia/versions/2/chest_xray/test/PNEUMONIA/person64_virus_122.jpeg,1,VALID_MODALITY,train
C:/Users/Ankit/.cache/kagglehub/datasets/devbatrax/fracture-detection-using-x-ray-images/versions/1/data/train/not fractured/61-rotated1-rotated2-rotated2.jpg,0,INVALID_MODALITY,train
C:/Users/Ankit/.cache/kagglehub/datasets/devbatrax/fracture-detection-using-x-ray-images/versions/1/data/train/not fractured/14-rotated2-rotated3-rotated1-rotated1.jpg,0,INVALID_MODALITY,train
C:/Users/Ankit/.cache/kagglehub/datasets/masoudnickparvar/brain-tumor-mri-dataset/versions/2/Training/pituitary/Tr-pi_258.jpg,0,INVALID_MODALITY,train
C:/Users/Ankit/.cache/kagglehub/datasets/paultimothymooney/chest-xray-pneumonia/versions/2/chest_xray/test/PNEUMONIA/person82_bacteria_403.jpeg,1,VALID_MODALITY,train
C:/Users/Ankit/.cache/kagglehub/datasets/paultimothymooney/chest-xray-pneumonia/versions/2/chest_xray/chest_xray/train/PNEUMONIA/person1647_bacteria_4372.jpeg,1,VALID_MODALITY,train
C:/Users/Ankit/.cache/kagglehub/datasets/paultimothymooney/chest-xray-pneumonia/versions/2/chest_xray/chest_xray/test/NORMAL/NORMAL2-IM-0110-0001.jpeg,1,VALID_MODALITY,train
C:/Users/Ankit/.cache/kagglehub/datasets/paultimothymooney/chest-xray-pneumonia/versions/2/chest_xray/chest_xray/train/PNEUMONIA/person546_virus_1085.jpeg,1,VALID_MODALITY,test
C:/Users/Ankit/.cache/kagglehub/datasets/paultimothymooney/chest-xray-pneumonia/versions/2/chest_xray/chest_xray/train/PNEUMONIA/person932_virus_1593.jpeg,1,VALID_MODALITY,train
C:/Users/Ankit/.cache/kagglehub/datasets/paultimothymooney/chest-xray-pneumonia/versions/2/chest_xray/train/PNEUMONIA/person1235_bacteria_3191.jpeg,1,VALID_MODALITY,train
C:/Users/Ankit/.cache/kagglehub/datasets/paultimothymooney/chest-xray-pneumonia/versions/2/chest_xray/test/PNEUMONIA/person119_bacteria_565.jpeg,1,VALID_MODALITY,train
C:/Users/Ankit/.cache/kagglehub/datasets/paultimothymooney/chest-xray-pneumonia/versions/2/chest_xray/train/PNEUMONIA/person406_bacteria_1819.jpeg,1,VALID_MODALITY,train
C:/Users/Ankit/.cache/kagglehub/datasets/paultimothymooney/chest-xray-pneumonia/versions/2/chest_xray/chest_xray/train/NORMAL/NORMAL2-IM-0941-0001.jpeg,1,VALID_MODALITY,train
C:/Users/Ankit/.cache/kagglehub/datasets/devbatrax/fracture-detection-using-x-ray-images/versions/1/data/train/fractured/60-rotated1-rotated2.jpg,0,INVALID_MODALITY,train
C:/Users/Ankit/.cache/kagglehub/datasets/devbatrax/fracture-detection-using-x-ray-images/versions/1/data/train/not fractured/57-rotated1-rotated3-rotated3-rotated1.jpg,0,INVALID_MODALITY,train
C:/Users/Ankit/.cache/kagglehub/datasets/devbatrax/fracture-detection-using-x-ray-images/versions/1/data/train/fractured/101-rotated2-rotated2-rotated3.jpg,0,INVALID_MODALITY,train
C:/Users/Ankit/.cache/kagglehub/datasets/paultimothymooney/chest-xray-pneumonia/versions/2/chest_xray/chest_xray/train/PNEUMONIA/person1608_bacteria_4235.jpeg,1,VALID_MODALITY,train
C:/Users/Ankit/.cache/kagglehub/datasets/paultimothymooney/chest-xray-pneumonia/versions/2/chest_xray/chest_xray/train/PNEUMONIA/person1912_bacteria_4816.jpeg,1,VALID_MODALITY,train
C:/Users/Ankit/.cache/kagglehub/datasets/devbatrax/fracture-detection-using-x-ray-images/versions/1/data/train/not fractured/15-rotated2-rotated2-rotated1-rotated1.jpg,0,INVALID_MODALITY,train
C:/Users/Ankit/.cache/kagglehub/datasets/devbatrax/fracture-detection-using-x-ray-images/versions/1/data/train/not fractured/66-rotated2-rotated2-rotated2.jpg,0,INVALID_MODALITY,train
C:/Users/Ankit/.cache/kagglehub/datasets/paultimothymooney/chest-xray-pneumonia/versions/2/chest_xray/chest_xray/train/PNEUMONIA/person481_virus_983.jpeg,1,VALID_MODALITY,train
C:/Users/Ankit/.cache/kagglehub/datasets/paultimothymooney/chest-xray-pneumonia/versions/2/chest_xray/train/PNEUMONIA/person414_virus_845.jpeg,1,VALID_MODALITY,train
C:/Users/Ankit/.cache/kagglehub/datasets/devbatrax/fracture-detection-using-x-ray-images/versions/1/data/train/fractured/77-rotated3-rotated3-rotated2.jpg,0,INVALID_MODALITY,train
D:\anti gravity\Radionova\datasets\generic_negatives\generic_0249.jpg,0,INVALID_MODALITY,train
C:/Users/Ankit/.cache/kagglehub/datasets/paultimothymooney/chest-xray-pneumonia/versions/2/chest_xray/chest_xray/train/PNEUMONIA/person371_bacteria_1701.jpeg,1,VALID_MODALITY,train
C:/Users/Ankit/.cache/kagglehub/datasets/paultimothymooney/chest-xray-pneumonia/versions/2/chest_xray/chest_xray/test/PNEUMONIA/person96_bacteria_466.jpeg,1,VALID_MODALITY,val
C:/Users/Ankit/.cache/kagglehub/datasets/paultimothymooney/chest-xray-pneumonia/versions/2/chest_xray/train/PNEUMONIA/person1033_bacteria_2966.jpeg,1,VALID_MODALITY,train
C:/Users/Ankit/.cache/kagglehub/datasets/paultimothymooney/chest-xray-pneumonia/versions/2/chest_xray/chest_xray/test/NORMAL/NORMAL2-IM-0129-0001.jpeg,1,VALID_MODALITY,train
D:\anti gravity\Radionova\datasets\generic_negatives\generic_0263.jpg,0,INVALID_MODALITY,train
C:/Users/Ankit/.cache/kagglehub/datasets/devbatrax/fracture-detection-using-x-ray-images/versions/1/data/train/fractured/23-rotated2-rotated3.jpg,0,INVALID_MODALITY,train
C:/Users/Ankit/.cache/kagglehub/datasets/paultimothymooney/chest-xray-pneumonia/versions/2/chest_xray/train/PNEUMONIA/person1940_bacteria_4861.jpeg,1,VALID_MODALITY,test
C:/Users/Ankit/.cache/kagglehub/datasets/paultimothymooney/chest-xray-pneumonia/versions/2/chest_xray/train/NORMAL/IM-0172-0001.jpeg,1,VALID_MODALITY,train
C:/Users/Ankit/.cache/kagglehub/datasets/paultimothymooney/chest-xray-pneumonia/versions/2/chest_xray/train/PNEUMONIA/person119_virus_225.jpeg,1,VALID_MODALITY,train
C:/Users/Ankit/.cache/kagglehub/datasets/devbatrax/fracture-detection-using-x-ray-images/versions/1/data/train/not fractured/13-rotated2-rotated3-rotated1.jpg,0,INVALID_MODALITY,val
C:/Users/Ankit/.cache/kagglehub/datasets/masoudnickparvar/brain-tumor-mri-dataset/versions/2/Training/pituitary/Tr-pi_947.jpg,0,INVALID_MODALITY,test
C:/Users/Ankit/.cache/kagglehub/datasets/masoudnickparvar/brain-tumor-mri-dataset/versions/2/Testing/glioma/Te-gl_229.jpg,0,INVALID_MODALITY,train
C:/Users/Ankit/.cache/kagglehub/datasets/paultimothymooney/chest-xray-pneumonia/versions/2/chest_xray/train/PNEUMONIA/person1331_bacteria_3380.jpeg,1,VALID_MODALITY,test
C:/Users/Ankit/.cache/kagglehub/datasets/devbatrax/fracture-detection-using-x-ray-images/versions/1/data/train/fractured/72-rotated3-rotated1-rotated2.jpg,0,INVALID_MODALITY,test
C:/Users/Ankit/.cache/kagglehub/datasets/paultimothymooney/chest-xray-pneumonia/versions/2/chest_xray/chest_xray/train/PNEUMONIA/person1345_bacteria_3427.jpeg,1,VALID_MODALITY,train
C:/Users/Ankit/.cache/kagglehub/datasets/devbatrax/fracture-detection-using-x-ray-images/versions/1/data/train/fractured/49-rotated2-rotated1-rotated3.jpg,0,INVALID_MODALITY,train
C:/Users/Ankit/.cache/kagglehub/datasets/devbatrax/fracture-detection-using-x-ray-images/versions/1/data/train/fractured/22-rotated1-rotated2-rotated2.jpg,0,INVALID_MODALITY,train
C:/Users/Ankit/.cache/kagglehub/datasets/devbatrax/fracture-detection-using-x-ray-images/versions/1/data/train/fractured/105-rotated2-rotated3-rotated3.jpg,0,INVALID_MODALITY,train
C:/Users/Ankit/.cache/kagglehub/datasets/paultimothymooney/chest-xray-pneumonia/versions/2/chest_xray/train/PNEUMONIA/person326_virus_668.jpeg,1,VALID_MODALITY,val
C:/Users/Ankit/.cache/kagglehub/datasets/devbatrax/fracture-detection-using-x-ray-images/versions/1/data/train/not fractured/9-rotated3-rotated3.jpg,0,INVALID_MODALITY,train
C:/Users/Ankit/.cache/kagglehub/datasets/devbatrax/fracture-detection-using-x-ray-images/versions/1/data/train/fractured/96-rotated3.jpg,0,INVALID_MODALITY,test
D:\anti gravity\Radionova\datasets\generic_negatives\generic_0002.jpg,0,INVALID_MODALITY,val
D:\anti gravity\Radionova\datasets\generic_negatives\generic_0257.jpg,0,INVALID_MODALITY,val
C:/Users/Ankit/.cache/kagglehub/datasets/devbatrax/fracture-detection-using-x-ray-images/versions/1/data/train/not fractured/55-rotated2-rotated3-rotated3.jpg,0,INVALID_MODALITY,val
C:/Users/Ankit/.cache/kagglehub/datasets/devbatrax/fracture-detection-using-x-ray-images/versions/1/data/train/fractured/70-rotated1-rotated2-rotated2.jpg,0,INVALID_MODALITY,train
C:/Users/Ankit/.cache/kagglehub/datasets/paultimothymooney/chest-xray-pneumonia/versions/2/chest_xray/test/PNEUMONIA/person22_virus_55.jpeg,1,VALID_MODALITY,train
C:/Users/Ankit/.cache/kagglehub/datasets/masoudnickparvar/brain-tumor-mri-dataset/versions/2/Training/meningioma/Tr-me_426.jpg,0,INVALID_MODALITY,train
C:/Users/Ankit/.cache/kagglehub/datasets/paultimothymooney/chest-xray-pneumonia/versions/2/chest_xray/chest_xray/train/PNEUMONIA/person1233_virus_2090.jpeg,1,VALID_MODALITY,train
C:/Users/Ankit/.cache/kagglehub/datasets/devbatrax/fracture-detection-using-x-ray-images/versions/1/data/train/not fractured/35-rotated1-rotated1-rotated3.jpg,0,INVALID_MODALITY,train
D:\anti gravity\Radionova\datasets\generic_negatives\generic_0073.jpg,0,INVALID_MODALITY,train
C:/Users/Ankit/.cache/kagglehub/datasets/paultimothymooney/chest-xray-pneumonia/versions/2/chest_xray/train/NORMAL/IM-0248-0001.jpeg,1,VALID_MODALITY,train
C:/Users/Ankit/.cache/kagglehub/datasets/paultimothymooney/chest-xray-pneumonia/versions/2/chest_xray/train/PNEUMONIA/person1214_bacteria_3166.jpeg,1,VALID_MODALITY,train
C:/Users/Ankit/.cache/kagglehub/datasets/paultimothymooney/chest-xray-pneumonia/versions/2/chest_xray/chest_xray/test/PNEUMONIA/person80_bacteria_390.jpeg,1,VALID_MODALITY,train
C:/Users/Ankit/.cache/kagglehub/datasets/devbatrax/fracture-detection-using-x-ray-images/versions/1/data/train/not fractured/59-rotated2-rotated3-rotated1.jpg,0,INVALID_MODALITY,train
C:/Users/Ankit/.cache/kagglehub/datasets/masoudnickparvar/brain-tumor-mri-dataset/versions/2/Training/glioma/Tr-gl_448.jpg,0,INVALID_MODALITY,test
C:/Users/Ankit/.cache/kagglehub/datasets/paultimothymooney/chest-xray-pneumonia/versions/2/chest_xray/train/PNEUMONIA/person643_bacteria_2534.jpeg,1,VALID_MODALITY,train
D:\anti gravity\Radionova\datasets\generic_negatives\generic_0097.jpg,0,INVALID_MODALITY,train
C:/Users/Ankit/.cache/kagglehub/datasets/devbatrax/fracture-detection-using-x-ray-images/versions/1/data/train/fractured/71-rotated2-rotated1-rotated2.jpg,0,INVALID_MODALITY,train
C:/Users/Ankit/.cache/kagglehub/datasets/masoudnickparvar/brain-tumor-mri-dataset/versions/2/Training/pituitary/Tr-pi_411.jpg,0,INVALID_MODALITY,train
C:/Users/Ankit/.cache/kagglehub/datasets/masoudnickparvar/brain-tumor-mri-dataset/versions/2/Testing/glioma/Te-gl_313.jpg,0,INVALID_MODALITY,train
C:/Users/Ankit/.cache/kagglehub/datasets/devbatrax/fracture-detection-using-x-ray-images/versions/1/data/train/fractured/81-rotated1-rotated1.jpg,0,INVALID_MODALITY,train
C:/Users/Ankit/.cache/kagglehub/datasets/masoudnickparvar/brain-tumor-mri-dataset/versions/2/Testing/pituitary/Te-pi_360.jpg,0,INVALID_MODALITY,test
C:/Users/Ankit/.cache/kagglehub/datasets/paultimothymooney/chest-xray-pneumonia/versions/2/chest_xray/chest_xray/train/NORMAL/IM-0663-0001.jpeg,1,VALID_MODALITY,val
C:/Users/Ankit/.cache/kagglehub/datasets/devbatrax/fracture-detection-using-x-ray-images/versions/1/data/train/fractured/119-rotated2-rotated1.jpg,0,INVALID_MODALITY,val
C:/Users/Ankit/.cache/kagglehub/datasets/masoudnickparvar/brain-tumor-mri-dataset/versions/2/Testing/pituitary/Te-pi_323.jpg,0,INVALID_MODALITY,train
D:\anti gravity\Radionova\datasets\generic_negatives\generic_0017.jpg,0,INVALID_MODALITY,train
D:\anti gravity\Radionova\datasets\generic_negatives\generic_0149.jpg,0,INVALID_MODALITY,train
D:\anti gravity\Radionova\datasets\generic_negatives\generic_0292.jpg,0,INVALID_MODALITY,train
C:/Users/Ankit/.cache/kagglehub/datasets/devbatrax/fracture-detection-using-x-ray-images/versions/1/data/train/not fractured/24-rotated1-rotated3-rotated3.jpg,0,INVALID_MODALITY,test
C:/Users/Ankit/.cache/kagglehub/datasets/devbatrax/fracture-detection-using-x-ray-images/versions/1/data/train/fractured/41-rotated3-rotated2-rotated3.jpg,0,INVALID_MODALITY,train
C:/Users/Ankit/.cache/kagglehub/datasets/masoudnickparvar/brain-tumor-mri-dataset/versions/2/Training/pituitary/Tr-pi_357.jpg,0,INVALID_MODALITY,train
C:/Users/Ankit/.cache/kagglehub/datasets/paultimothymooney/chest-xray-pneumonia/versions/2/chest_xray/chest_xray/train/PNEUMONIA/person348_virus_716.jpeg,1,VALID_MODALITY,train
C:/Users/Ankit/.cache/kagglehub/datasets/devbatrax/fracture-detection-using-x-ray-images/versions/1/data/train/not fractured/40-rotated2-rotated1-rotated2-rotated1.jpg,0,INVALID_MODALITY,train
C:/Users/Ankit/.cache/kagglehub/datasets/paultimothymooney/chest-xray-pneumonia/versions/2/chest_xray/train/PNEUMONIA/person81_virus_152.jpeg,1,VALID_MODALITY,test
C:/Users/Ankit/.cache/kagglehub/datasets/devbatrax/fracture-detection-using-x-ray-images/versions/1/data/train/not fractured/28-rotated3-rotated2.jpg,0,INVALID_MODALITY,train
C:/Users/Ankit/.cache/kagglehub/datasets/paultimothymooney/chest-xray-pneumonia/versions/2/chest_xray/train/PNEUMONIA/person1214_virus_2059.jpeg,1,VALID_MODALITY,train
C:/Users/Ankit/.cache/kagglehub/datasets/devbatrax/fracture-detection-using-x-ray-images/versions/1/data/train/not fractured/22-rotated3-rotated2.jpg,0,INVALID_MODALITY,train
C:/Users/Ankit/.cache/kagglehub/datasets/paultimothymooney/chest-xray-pneumonia/versions/2/chest_xray/train/PNEUMONIA/person392_bacteria_1786.jpeg,1,VALID_MODALITY,test
C:/Users/Ankit/.cache/kagglehub/datasets/paultimothymooney/chest-xray-pneumonia/versions/2/chest_xray/train/PNEUMONIA/person1841_bacteria_4708.jpeg,1,VALID_MODALITY,train
C:/Users/Ankit/.cache/kagglehub/datasets/paultimothymooney/chest-xray-pneumonia/versions/2/chest_xray/chest_xray/train/PNEUMONIA/person1532_virus_2667.jpeg,1,VALID_MODALITY,train
C:/Users/Ankit/.cache/kagglehub/datasets/paultimothymooney/chest-xray-pneumonia/versions/2/chest_xray/train/PNEUMONIA/person294_virus_606.jpeg,1,VALID_MODALITY,test
D:\anti gravity\Radionova\datasets\generic_negatives\generic_0029.jpg,0,INVALID_MODALITY,train
C:/Users/Ankit/.cache/kagglehub/datasets/masoudnickparvar/brain-tumor-mri-dataset/versions/2/Training/glioma/Tr-gl_913.jpg,0,INVALID_MODALITY,train
D:\anti gravity\Radionova\datasets\generic_negatives\generic_0347.jpg,0,INVALID_MODALITY,train
C:/Users/Ankit/.cache/kagglehub/datasets/paultimothymooney/chest-xray-pneumonia/versions/2/chest_xray/chest_xray/train/PNEUMONIA/person1630_bacteria_4304.jpeg,1,VALID_MODALITY,train
C:/Users/Ankit/.cache/kagglehub/datasets/paultimothymooney/chest-xray-pneumonia/versions/2/chest_xray/train/PNEUMONIA/person1758_bacteria_4600.jpeg,1,VALID_MODALITY,train
D:\anti gravity\Radionova\datasets\generic_negatives\generic_0069.jpg,0,INVALID_MODALITY,test
C:/Users/Ankit/.cache/kagglehub/datasets/paultimothymooney/chest-xray-pneumonia/versions/2/chest_xray/train/PNEUMONIA/person433_virus_882.jpeg,1,VALID_MODALITY,train
C:/Users/Ankit/.cache/kagglehub/datasets/devbatrax/fracture-detection-using-x-ray-images/versions/1/data/train/not fractured/4-rotated2-rotated3-rotated1-rotated1.jpg,0,INVALID_MODALITY,test
C:/Users/Ankit/.cache/kagglehub/datasets/paultimothymooney/chest-xray-pneumonia/versions/2/chest_xray/chest_xray/train/PNEUMONIA/person540_virus_1070.jpeg,1,VALID_MODALITY,test
C:/Users/Ankit/.cache/kagglehub/datasets/paultimothymooney/chest-xray-pneumonia/versions/2/chest_xray/train/PNEUMONIA/person1230_bacteria_3185.jpeg,1,VALID_MODALITY,test
C:/Users/Ankit/.cache/kagglehub/datasets/paultimothymooney/chest-xray-pneumonia/versions/2/chest_xray/chest_xray/train/PNEUMONIA/person657_virus_1240.jpeg,1,VALID_MODALITY,train
C:/Users/Ankit/.cache/kagglehub/datasets/paultimothymooney/chest-xray-pneumonia/versions/2/chest_xray/chest_xray/train/PNEUMONIA/person306_bacteria_1439.jpeg,1,VALID_MODALITY,train
C:/Users/Ankit/.cache/kagglehub/datasets/paultimothymooney/chest-xray-pneumonia/versions/2/chest_xray/train/PNEUMONIA/person964_virus_1637.jpeg,1,VALID_MODALITY,train
C:/Users/Ankit/.cache/kagglehub/datasets/devbatrax/fracture-detection-using-x-ray-images/versions/1/data/train/not fractured/22-rotated2-rotated2-rotated1-rotated1.jpg,0,INVALID_MODALITY,val
C:/Users/Ankit/.cache/kagglehub/datasets/masoudnickparvar/brain-tumor-mri-dataset/versions/2/Training/glioma/Tr-gl_579.jpg,0,INVALID_MODALITY,val
D:\anti gravity\Radionova\datasets\generic_negatives\generic_0294.jpg,0,INVALID_MODALITY,train
C:/Users/Ankit/.cache/kagglehub/datasets/devbatrax/fracture-detection-using-x-ray-images/versions/1/data/train/fractured/51-rotated3-rotated2-rotated2.jpg,0,INVALID_MODALITY,train
C:/Users/Ankit/.cache/kagglehub/datasets/devbatrax/fracture-detection-using-x-ray-images/versions/1/data/train/fractured/43-rotated3-rotated2.jpg,0,INVALID_MODALITY,train
C:/Users/Ankit/.cache/kagglehub/datasets/paultimothymooney/chest-xray-pneumonia/versions/2/chest_xray/train/PNEUMONIA/person271_virus_556.jpeg,1,VALID_MODALITY,train
C:/Users/Ankit/.cache/kagglehub/datasets/paultimothymooney/chest-xray-pneumonia/versions/2/chest_xray/test/NORMAL/NORMAL2-IM-0271-0001.jpeg,1,VALID_MODALITY,train
C:/Users/Ankit/.cache/kagglehub/datasets/paultimothymooney/chest-xray-pneumonia/versions/2/chest_xray/test/PNEUMONIA/person67_virus_126.jpeg,1,VALID_MODALITY,test
C:/Users/Ankit/.cache/kagglehub/datasets/paultimothymooney/chest-xray-pneumonia/versions/2/chest_xray/chest_xray/train/PNEUMONIA/person553_virus_1093.jpeg,1,VALID_MODALITY,val
C:/Users/Ankit/.cache/kagglehub/datasets/devbatrax/fracture-detection-using-x-ray-images/versions/1/data/val/not fractured/1-rotated1-rotated3-rotated2-rotated1.jpg,0,INVALID_MODALITY,test
C:/Users/Ankit/.cache/kagglehub/datasets/devbatrax/fracture-detection-using-x-ray-images/versions/1/data/train/not fractured/64-rotated3-rotated2.jpg,0,INVALID_MODALITY,train
C:/Users/Ankit/.cache/kagglehub/datasets/masoudnickparvar/brain-tumor-mri-dataset/versions/2/Training/pituitary/Tr-pi_1311.jpg,0,INVALID_MODALITY,train
C:/Users/Ankit/.cache/kagglehub/datasets/devbatrax/fracture-detection-using-x-ray-images/versions/1/data/train/not fractured/32-rotated1-rotated3-rotated3-rotated1.jpg,0,INVALID_MODALITY,train
C:/Users/Ankit/.cache/kagglehub/datasets/paultimothymooney/chest-xray-pneumonia/versions/2/chest_xray/chest_xray/train/PNEUMONIA/person1884_bacteria_4771.jpeg,1,VALID_MODALITY,train
C:/Users/Ankit/.cache/kagglehub/datasets/paultimothymooney/chest-xray-pneumonia/versions/2/chest_xray/chest_xray/train/PNEUMONIA/person803_bacteria_2710.jpeg,1,VALID_MODALITY,val
C:/Users/Ankit/.cache/kagglehub/datasets/devbatrax/fracture-detection-using-x-ray-images/versions/1/data/train/not fractured/26-rotated2-rotated2-rotated1.jpg,0,INVALID_MODALITY,train
C:/Users/Ankit/.cache/kagglehub/datasets/devbatrax/fracture-detection-using-x-ray-images/versions/1/data/train/fractured/105.jpg,0,INVALID_MODALITY,val
C:/Users/Ankit/.cache/kagglehub/datasets/devbatrax/fracture-detection-using-x-ray-images/versions/1/data/train/fractured/57-rotated2-rotated1-rotated1.jpg,0,INVALID_MODALITY,test
C:/Users/Ankit/.cache/kagglehub/datasets/devbatrax/fracture-detection-using-x-ray-images/versions/1/data/train/not fractured/25-rotated3-rotated3.jpg,0,INVALID_MODALITY,train
C:/Users/Ankit/.cache/kagglehub/datasets/masoudnickparvar/brain-tumor-mri-dataset/versions/2/Training/pituitary/Tr-pi_303.jpg,0,INVALID_MODALITY,train
C:/Users/Ankit/.cache/kagglehub/datasets/paultimothymooney/chest-xray-pneumonia/versions/2/chest_xray/chest_xray/train/NORMAL/NORMAL2-IM-0569-0001.jpeg,1,VALID_MODALITY,train
C:/Users/Ankit/.cache/kagglehub/datasets/paultimothymooney/chest-xray-pneumonia/versions/2/chest_xray/chest_xray/train/PNEUMONIA/person1355_bacteria_3452.jpeg,1,VALID_MODALITY,train
C:/Users/Ankit/.cache/kagglehub/datasets/paultimothymooney/chest-xray-pneumonia/versions/2/chest_xray/train/PNEUMONIA/person1733_bacteria_4566.jpeg,1,VALID_MODALITY,train
C:/Users/Ankit/.cache/kagglehub/datasets/masoudnickparvar/brain-tumor-mri-dataset/versions/2/Training/pituitary/Tr-pi_923.jpg,0,INVALID_MODALITY,train
C:/Users/Ankit/.cache/kagglehub/datasets/paultimothymooney/chest-xray-pneumonia/versions/2/chest_xray/chest_xray/train/PNEUMONIA/person1211_virus_2056.jpeg,1,VALID_MODALITY,train
C:/Users/Ankit/.cache/kagglehub/datasets/paultimothymooney/chest-xray-pneumonia/versions/2/chest_xray/train/PNEUMONIA/person1374_bacteria_3506.jpeg,1,VALID_MODALITY,train
C:/Users/Ankit/.cache/kagglehub/datasets/paultimothymooney/chest-xray-pneumonia/versions/2/chest_xray/train/PNEUMONIA/person1405_bacteria_3571.jpeg,1,VALID_MODALITY,train
C:/Users/Ankit/.cache/kagglehub/datasets/paultimothymooney/chest-xray-pneumonia/versions/2/chest_xray/chest_xray/train/PNEUMONIA/person505_bacteria_2135.jpeg,1,VALID_MODALITY,train
C:/Users/Ankit/.cache/kagglehub/datasets/devbatrax/fracture-detection-using-x-ray-images/versions/1/data/train/fractured/14-rotated2-rotated3.jpg,0,INVALID_MODALITY,train
C:/Users/Ankit/.cache/kagglehub/datasets/devbatrax/fracture-detection-using-x-ray-images/versions/1/data/val/not fractured/2-rotated1.jpg,0,INVALID_MODALITY,train
C:/Users/Ankit/.cache/kagglehub/datasets/masoudnickparvar/brain-tumor-mri-dataset/versions/2/Training/pituitary/Tr-pi_413.jpg,0,INVALID_MODALITY,test
C:/Users/Ankit/.cache/kagglehub/datasets/paultimothymooney/chest-xray-pneumonia/versions/2/chest_xray/chest_xray/train/NORMAL/NORMAL2-IM-1116-0001-0002.jpeg,1,VALID_MODALITY,train
C:/Users/Ankit/.cache/kagglehub/datasets/paultimothymooney/chest-xray-pneumonia/versions/2/chest_xray/train/NORMAL/IM-0286-0001.jpeg,1,VALID_MODALITY,val
C:/Users/Ankit/.cache/kagglehub/datasets/paultimothymooney/chest-xray-pneumonia/versions/2/chest_xray/test/NORMAL/IM-0059-0001.jpeg,1,VALID_MODALITY,train
D:\anti gravity\Radionova\datasets\generic_negatives\generic_0090.jpg,0,INVALID_MODALITY,val
C:/Users/Ankit/.cache/kagglehub/datasets/paultimothymooney/chest-xray-pneumonia/versions/2/chest_xray/train/PNEUMONIA/person625_bacteria_2500.jpeg,1,VALID_MODALITY,train
C:/Users/Ankit/.cache/kagglehub/datasets/paultimothymooney/chest-xray-pneumonia/versions/2/chest_xray/train/PNEUMONIA/person99_virus_183.jpeg,1,VALID_MODALITY,train
C:/Users/Ankit/.cache/kagglehub/datasets/devbatrax/fracture-detection-using-x-ray-images/versions/1/data/train/not fractured/69-rotated2-rotated1-rotated1.jpg,0,INVALID_MODALITY,train
C:/Users/Ankit/.cache/kagglehub/datasets/paultimothymooney/chest-xray-pneumonia/versions/2/chest_xray/train/NORMAL/NORMAL2-IM-1025-0001.jpeg,1,VALID_MODALITY,train
C:/Users/Ankit/.cache/kagglehub/datasets/paultimothymooney/chest-xray-pneumonia/versions/2/chest_xray/chest_xray/train/PNEUMONIA/person625_bacteria_2499.jpeg,1,VALID_MODALITY,train
C:/Users/Ankit/.cache/kagglehub/datasets/paultimothymooney/chest-xray-pneumonia/versions/2/chest_xray/train/PNEUMONIA/person1450_bacteria_3753.jpeg,1,VALID_MODALITY,train
D:\anti gravity\Radionova\datasets\generic_negatives\generic_0324.jpg,0,INVALID_MODALITY,train
C:/Users/Ankit/.cache/kagglehub/datasets/devbatrax/fracture-detection-using-x-ray-images/versions/1/data/train/fractured/47-rotated1-rotated1-rotated2.jpg,0,INVALID_MODALITY,train
C:/Users/Ankit/.cache/kagglehub/datasets/masoudnickparvar/brain-tumor-mri-dataset/versions/2/Training/pituitary/Tr-pi_241.jpg,0,INVALID_MODALITY,val
C:/Users/Ankit/.cache/kagglehub/datasets/devbatrax/fracture-detection-using-x-ray-images/versions/1/data/val/fractured/9-rotated2-rotated1-rotated2.jpg,0,INVALID_MODALITY,train
C:/Users/Ankit/.cache/kagglehub/datasets/paultimothymooney/chest-xray-pneumonia/versions/2/chest_xray/train/PNEUMONIA/person35_bacteria_178.jpeg,1,VALID_MODALITY,train
C:/Users/Ankit/.cache/kagglehub/datasets/devbatrax/fracture-detection-using-x-ray-images/versions/1/data/train/not fractured/10-rotated1-rotated3.jpg,0,INVALID_MODALITY,train
C:/Users/Ankit/.cache/kagglehub/datasets/paultimothymooney/chest-xray-pneumonia/versions/2/chest_xray/train/PNEUMONIA/person60_bacteria_287.jpeg,1,VALID_MODALITY,train
C:/Users/Ankit/.cache/kagglehub/datasets/paultimothymooney/chest-xray-pneumonia/versions/2/chest_xray/chest_xray/train/PNEUMONIA/person1702_bacteria_4508.jpeg,1,VALID_MODALITY,train
C:/Users/Ankit/.cache/kagglehub/datasets/devbatrax/fracture-detection-using-x-ray-images/versions/1/data/train/fractured/101-rotated3-rotated2-rotated1.jpg,0,INVALID_MODALITY,val
C:/Users/Ankit/.cache/kagglehub/datasets/paultimothymooney/chest-xray-pneumonia/versions/2/chest_xray/chest_xray/train/PNEUMONIA/person1179_bacteria_3127.jpeg,1,VALID_MODALITY,train
C:/Users/Ankit/.cache/kagglehub/datasets/paultimothymooney/chest-xray-pneumonia/versions/2/chest_xray/train/NORMAL/NORMAL2-IM-0819-0001.jpeg,1,VALID_MODALITY,val
D:\anti gravity\Radionova\datasets\generic_negatives\generic_0307.jpg,0,INVALID_MODALITY,train
C:/Users/Ankit/.cache/kagglehub/datasets/paultimothymooney/chest-xray-pneumonia/versions/2/chest_xray/chest_xray/train/PNEUMONIA/person339_bacteria_1574.jpeg,1,VALID_MODALITY,train
C:/Users/Ankit/.cache/kagglehub/datasets/devbatrax/fracture-detection-using-x-ray-images/versions/1/data/val/not fractured/1-rotated2-rotated3-rotated2-rotated1.jpg,0,INVALID_MODALITY,train
C:/Users/Ankit/.cache/kagglehub/datasets/masoudnickparvar/brain-tumor-mri-dataset/versions/2/Testing/pituitary/Te-pi_160.jpg,0,INVALID_MODALITY,train
C:/Users/Ankit/.cache/kagglehub/datasets/paultimothymooney/chest-xray-pneumonia/versions/2/chest_xray/chest_xray/train/PNEUMONIA/person55_bacteria_262.jpeg,1,VALID_MODALITY,train
C:/Users/Ankit/.cache/kagglehub/datasets/devbatrax/fracture-detection-using-x-ray-images/versions/1/data/train/fractured/107-rotated1-rotated2-rotated2.jpg,0,INVALID_MODALITY,train
C:/Users/Ankit/.cache/kagglehub/datasets/devbatrax/fracture-detection-using-x-ray-images/versions/1/data/train/not fractured/45-rotated3-rotated1-rotated2.jpg,0,INVALID_MODALITY,train
C:/Users/Ankit/.cache/kagglehub/datasets/paultimothymooney/chest-xray-pneumonia/versions/2/chest_xray/train/NORMAL/NORMAL2-IM-1067-0001.jpeg,1,VALID_MODALITY,train
C:/Users/Ankit/.cache/kagglehub/datasets/devbatrax/fracture-detection-using-x-ray-images/versions/1/data/val/fractured/7-rotated2-rotated3.jpg,0,INVALID_MODALITY,train
C:/Users/Ankit/.cache/kagglehub/datasets/paultimothymooney/chest-xray-pneumonia/versions/2/chest_xray/chest_xray/train/PNEUMONIA/person253_bacteria_1152.jpeg,1,VALID_MODALITY,train
C:/Users/Ankit/.cache/kagglehub/datasets/devbatrax/fracture-detection-using-x-ray-images/versions/1/data/train/fractured/45-rotated2-rotated3-rotated2.jpg,0,INVALID_MODALITY,train
C:/Users/Ankit/.cache/kagglehub/datasets/devbatrax/fracture-detection-using-x-ray-images/versions/1/data/train/not fractured/26-rotated1-rotated1-rotated2.jpg,0,INVALID_MODALITY,train
C:/Users/Ankit/.cache/kagglehub/datasets/paultimothymooney/chest-xray-pneumonia/versions/2/chest_xray/train/PNEUMONIA/person372_bacteria_1706.jpeg,1,VALID_MODALITY,train
C:/Users/Ankit/.cache/kagglehub/datasets/devbatrax/fracture-detection-using-x-ray-images/versions/1/data/train/fractured/34-rotated1-rotated3-rotated3.jpg,0,INVALID_MODALITY,train
C:/Users/Ankit/.cache/kagglehub/datasets/masoudnickparvar/brain-tumor-mri-dataset/versions/2/Training/pituitary/Tr-pi_970.jpg,0,INVALID_MODALITY,train
D:\anti gravity\Radionova\datasets\generic_negatives\generic_0007.jpg,0,INVALID_MODALITY,val
C:/Users/Ankit/.cache/kagglehub/datasets/paultimothymooney/chest-xray-pneumonia/versions/2/chest_xray/train/PNEUMONIA/person819_virus_1455.jpeg,1,VALID_MODALITY,train
C:/Users/Ankit/.cache/kagglehub/datasets/paultimothymooney/chest-xray-pneumonia/versions/2/chest_xray/train/PNEUMONIA/person471_bacteria_2004.jpeg,1,VALID_MODALITY,train
D:\anti gravity\Radionova\datasets\generic_negatives\generic_0190.jpg,0,INVALID_MODALITY,test
C:/Users/Ankit/.cache/kagglehub/datasets/paultimothymooney/chest-xray-pneumonia/versions/2/chest_xray/train/PNEUMONIA/person1019_virus_1708.jpeg,1,VALID_MODALITY,val
C:/Users/Ankit/.cache/kagglehub/datasets/devbatrax/fracture-detection-using-x-ray-images/versions/1/data/train/fractured/37-rotated3-rotated2-rotated3.jpg,0,INVALID_MODALITY,test
C:/Users/Ankit/.cache/kagglehub/datasets/devbatrax/fracture-detection-using-x-ray-images/versions/1/data/train/fractured/101-rotated1-rotated1-rotated3.jpg,0,INVALID_MODALITY,train
C:/Users/Ankit/.cache/kagglehub/datasets/paultimothymooney/chest-xray-pneumonia/versions/2/chest_xray/test/PNEUMONIA/person140_bacteria_668.jpeg,1,VALID_MODALITY,train
C:/Users/Ankit/.cache/kagglehub/datasets/paultimothymooney/chest-xray-pneumonia/versions/2/chest_xray/train/PNEUMONIA/person257_bacteria_1193.jpeg,1,VALID_MODALITY,train
C:/Users/Ankit/.cache/kagglehub/datasets/devbatrax/fracture-detection-using-x-ray-images/versions/1/data/train/fractured/76-rotated2-rotated1-rotated2.jpg,0,INVALID_MODALITY,train
C:/Users/Ankit/.cache/kagglehub/datasets/devbatrax/fracture-detection-using-x-ray-images/versions/1/data/train/fractured/78-rotated1-rotated1.jpg,0,INVALID_MODALITY,train
C:/Users/Ankit/.cache/kagglehub/datasets/paultimothymooney/chest-xray-pneumonia/versions/2/chest_xray/chest_xray/train/PNEUMONIA/person422_virus_867.jpeg,1,VALID_MODALITY,train
C:/Users/Ankit/.cache/kagglehub/datasets/paultimothymooney/chest-xray-pneumonia/versions/2/chest_xray/train/PNEUMONIA/person1705_bacteria_4515.jpeg,1,VALID_MODALITY,test
C:/Users/Ankit/.cache/kagglehub/datasets/masoudnickparvar/brain-tumor-mri-dataset/versions/2/Training/pituitary/Tr-pi_939.jpg,0,INVALID_MODALITY,train
C:/Users/Ankit/.cache/kagglehub/datasets/paultimothymooney/chest-xray-pneumonia/versions/2/chest_xray/train/PNEUMONIA/person689_bacteria_2586.jpeg,1,VALID_MODALITY,val
C:/Users/Ankit/.cache/kagglehub/datasets/devbatrax/fracture-detection-using-x-ray-images/versions/1/data/train/not fractured/56-rotated2-rotated1.jpg,0,INVALID_MODALITY,train
C:/Users/Ankit/.cache/kagglehub/datasets/masoudnickparvar/brain-tumor-mri-dataset/versions/2/Training/pituitary/Tr-pi_1295.jpg,0,INVALID_MODALITY,train
C:/Users/Ankit/.cache/kagglehub/datasets/paultimothymooney/chest-xray-pneumonia/versions/2/chest_xray/chest_xray/train/PNEUMONIA/person1496_bacteria_3910.jpeg,1,VALID_MODALITY,train
C:/Users/Ankit/.cache/kagglehub/datasets/paultimothymooney/chest-xray-pneumonia/versions/2/chest_xray/chest_xray/test/PNEUMONIA/person136_bacteria_648.jpeg,1,VALID_MODALITY,train
C:/Users/Ankit/.cache/kagglehub/datasets/paultimothymooney/chest-xray-pneumonia/versions/2/chest_xray/train/PNEUMONIA/person666_virus_1251.jpeg,1,VALID_MODALITY,train
C:/Users/Ankit/.cache/kagglehub/datasets/paultimothymooney/chest-xray-pneumonia/versions/2/chest_xray/chest_xray/train/NORMAL/NORMAL2-IM-0723-0001.jpeg,1,VALID_MODALITY,train
D:\anti gravity\Radionova\datasets\generic_negatives\generic_0337.jpg,0,INVALID_MODALITY,val
C:/Users/Ankit/.cache/kagglehub/datasets/devbatrax/fracture-detection-using-x-ray-images/versions/1/data/train/not fractured/23-rotated2-rotated1-rotated1-rotated1.jpg,0,INVALID_MODALITY,train
C:/Users/Ankit/.cache/kagglehub/datasets/masoudnickparvar/brain-tumor-mri-dataset/versions/2/Training/glioma/Tr-gl_331.jpg,0,INVALID_MODALITY,test
C:/Users/Ankit/.cache/kagglehub/datasets/paultimothymooney/chest-xray-pneumonia/versions/2/chest_xray/train/NORMAL/NORMAL2-IM-0989-0001.jpeg,1,VALID_MODALITY,train
C:/Users/Ankit/.cache/kagglehub/datasets/paultimothymooney/chest-xray-pneumonia/versions/2/chest_xray/chest_xray/train/PNEUMONIA/person1128_bacteria_3069.jpeg,1,VALID_MODALITY,train
C:/Users/Ankit/.cache/kagglehub/datasets/paultimothymooney/chest-xray-pneumonia/versions/2/chest_xray/train/PNEUMONIA/person545_virus_1081.jpeg,1,VALID_MODALITY,train
C:/Users/Ankit/.cache/kagglehub/datasets/devbatrax/fracture-detection-using-x-ray-images/versions/1/data/train/fractured/115-rotated1-rotated1-rotated2.jpg,0,INVALID_MODALITY,test
C:/Users/Ankit/.cache/kagglehub/datasets/devbatrax/fracture-detection-using-x-ray-images/versions/1/data/val/not fractured/2-rotated1-rotated3-rotated2.jpg,0,INVALID_MODALITY,train
C:/Users/Ankit/.cache/kagglehub/datasets/paultimothymooney/chest-xray-pneumonia/versions/2/chest_xray/chest_xray/train/NORMAL/IM-0370-0001.jpeg,1,VALID_MODALITY,train
C:/Users/Ankit/.cache/kagglehub/datasets/paultimothymooney/chest-xray-pneumonia/versions/2/chest_xray/chest_xray/train/PNEUMONIA/person255_bacteria_1162.jpeg,1,VALID_MODALITY,train
C:/Users/Ankit/.cache/kagglehub/datasets/devbatrax/fracture-detection-using-x-ray-images/versions/1/data/train/not fractured/15-rotated1-rotated3-rotated2-rotated1.jpg,0,INVALID_MODALITY,val
C:/Users/Ankit/.cache/kagglehub/datasets/paultimothymooney/chest-xray-pneumonia/versions/2/chest_xray/chest_xray/train/PNEUMONIA/person124_virus_244.jpeg,1,VALID_MODALITY,train
C:/Users/Ankit/.cache/kagglehub/datasets/paultimothymooney/chest-xray-pneumonia/versions/2/chest_xray/train/PNEUMONIA/person1053_bacteria_2987.jpeg,1,VALID_MODALITY,train
C:/Users/Ankit/.cache/kagglehub/datasets/paultimothymooney/chest-xray-pneumonia/versions/2/chest_xray/chest_xray/train/NORMAL/IM-0713-0001.jpeg,1,VALID_MODALITY,train
C:/Users/Ankit/.cache/kagglehub/datasets/devbatrax/fracture-detection-using-x-ray-images/versions/1/data/train/not fractured/6-rotated1-rotated3-rotated1.jpg,0,INVALID_MODALITY,train
C:/Users/Ankit/.cache/kagglehub/datasets/devbatrax/fracture-detection-using-x-ray-images/versions/1/data/train/not fractured/46-rotated3-rotated1-rotated3.jpg,0,INVALID_MODALITY,train
C:/Users/Ankit/.cache/kagglehub/datasets/devbatrax/fracture-detection-using-x-ray-images/versions/1/data/train/not fractured/16-rotated1-rotated2-rotated2.jpg,0,INVALID_MODALITY,train
C:/Users/Ankit/.cache/kagglehub/datasets/paultimothymooney/chest-xray-pneumonia/versions/2/chest_xray/train/NORMAL/NORMAL2-IM-0992-0001.jpeg,1,VALID_MODALITY,train
C:/Users/Ankit/.cache/kagglehub/datasets/paultimothymooney/chest-xray-pneumonia/versions/2/chest_xray/chest_xray/test/NORMAL/IM-0065-0001.jpeg,1,VALID_MODALITY,train
D:\anti gravity\Radionova\datasets\generic_negatives\generic_0273.jpg,0,INVALID_MODALITY,val
C:/Users/Ankit/.cache/kagglehub/datasets/paultimothymooney/chest-xray-pneumonia/versions/2/chest_xray/train/PNEUMONIA/person1680_bacteria_4455.jpeg,1,VALID_MODALITY,train
D:\anti gravity\Radionova\datasets\generic_negatives\generic_0239.jpg,0,INVALID_MODALITY,train
C:/Users/Ankit/.cache/kagglehub/datasets/paultimothymooney/chest-xray-pneumonia/versions/2/chest_xray/chest_xray/train/NORMAL/NORMAL2-IM-0899-0001.jpeg,1,VALID_MODALITY,train
C:/Users/Ankit/.cache/kagglehub/datasets/paultimothymooney/chest-xray-pneumonia/versions/2/chest_xray/train/PNEUMONIA/person1628_bacteria_4293.jpeg,1,VALID_MODALITY,test
C:/Users/Ankit/.cache/kagglehub/datasets/paultimothymooney/chest-xray-pneumonia/versions/2/chest_xray/chest_xray/train/PNEUMONIA/person1041_virus_1736.jpeg,1,VALID_MODALITY,train
C:/Users/Ankit/.cache/kagglehub/datasets/paultimothymooney/chest-xray-pneumonia/versions/2/chest_xray/train/PNEUMONIA/person1718_bacteria_4540.jpeg,1,VALID_MODALITY,val
C:/Users/Ankit/.cache/kagglehub/datasets/devbatrax/fracture-detection-using-x-ray-images/versions/1/data/train/fractured/78-rotated3-rotated2-rotated2.jpg,0,INVALID_MODALITY,train
C:/Users/Ankit/.cache/kagglehub/datasets/paultimothymooney/chest-xray-pneumonia/versions/2/chest_xray/chest_xray/train/PNEUMONIA/person1312_bacteria_3313.jpeg,1,VALID_MODALITY,train
C:/Users/Ankit/.cache/kagglehub/datasets/paultimothymooney/chest-xray-pneumonia/versions/2/chest_xray/train/PNEUMONIA/person909_bacteria_2834.jpeg,1,VALID_MODALITY,train
C:/Users/Ankit/.cache/kagglehub/datasets/devbatrax/fracture-detection-using-x-ray-images/versions/1/data/train/fractured/64-rotated1-rotated1.jpg,0,INVALID_MODALITY,train
C:/Users/Ankit/.cache/kagglehub/datasets/devbatrax/fracture-detection-using-x-ray-images/versions/1/data/train/not fractured/30-rotated1-rotated1-rotated1-rotated1.jpg,0,INVALID_MODALITY,train
C:/Users/Ankit/.cache/kagglehub/datasets/masoudnickparvar/brain-tumor-mri-dataset/versions/2/Training/glioma/Tr-gl_1082.jpg,0,INVALID_MODALITY,train
C:/Users/Ankit/.cache/kagglehub/datasets/devbatrax/fracture-detection-using-x-ray-images/versions/1/data/train/not fractured/8-rotated3-rotated1-rotated1.jpg,0,INVALID_MODALITY,train
C:/Users/Ankit/.cache/kagglehub/datasets/paultimothymooney/chest-xray-pneumonia/versions/2/chest_xray/chest_xray/test/PNEUMONIA/person59_virus_116.jpeg,1,VALID_MODALITY,test
C:/Users/Ankit/.cache/kagglehub/datasets/paultimothymooney/chest-xray-pneumonia/versions/2/chest_xray/train/NORMAL/NORMAL2-IM-0719-0001.jpeg,1,VALID_MODALITY,train
C:/Users/Ankit/.cache/kagglehub/datasets/devbatrax/fracture-detection-using-x-ray-images/versions/1/data/train/fractured/77-rotated2-rotated2-rotated1.jpg,0,INVALID_MODALITY,train
C:/Users/Ankit/.cache/kagglehub/datasets/paultimothymooney/chest-xray-pneumonia/versions/2/chest_xray/train/PNEUMONIA/person325_virus_659.jpeg,1,VALID_MODALITY,train
D:\anti gravity\Radionova\datasets\generic_negatives\generic_0279.jpg,0,INVALID_MODALITY,val
C:/Users/Ankit/.cache/kagglehub/datasets/paultimothymooney/chest-xray-pneumonia/versions/2/chest_xray/chest_xray/test/PNEUMONIA/person125_bacteria_594.jpeg,1,VALID_MODALITY,val
C:/Users/Ankit/.cache/kagglehub/datasets/paultimothymooney/chest-xray-pneumonia/versions/2/chest_xray/chest_xray/train/PNEUMONIA/person1843_bacteria_4710.jpeg,1,VALID_MODALITY,train
C:/Users/Ankit/.cache/kagglehub/datasets/paultimothymooney/chest-xray-pneumonia/versions/2/chest_xray/chest_xray/train/PNEUMONIA/person771_bacteria_2675.jpeg,1,VALID_MODALITY,val
C:/Users/Ankit/.cache/kagglehub/datasets/devbatrax/fracture-detection-using-x-ray-images/versions/1/data/train/not fractured/55-rotated2-rotated1.jpg,0,INVALID_MODALITY,train
C:/Users/Ankit/.cache/kagglehub/datasets/devbatrax/fracture-detection-using-x-ray-images/versions/1/data/train/fractured/45-rotated2.jpg,0,INVALID_MODALITY,train
C:/Users/Ankit/.cache/kagglehub/datasets/paultimothymooney/chest-xray-pneumonia/versions/2/chest_xray/chest_xray/train/PNEUMONIA/person552_bacteria_2315.jpeg,1,VALID_MODALITY,train
C:/Users/Ankit/.cache/kagglehub/datasets/devbatrax/fracture-detection-using-x-ray-images/versions/1/data/train/not fractured/34-rotated3.jpg,0,INVALID_MODALITY,train
C:/Users/Ankit/.cache/kagglehub/datasets/paultimothymooney/chest-xray-pneumonia/versions/2/chest_xray/chest_xray/train/PNEUMONIA/person1034_virus_1728.jpeg,1,VALID_MODALITY,train
C:/Users/Ankit/.cache/kagglehub/datasets/paultimothymooney/chest-xray-pneumonia/versions/2/chest_xray/val/NORMAL/NORMAL2-IM-1437-0001.jpeg,1,VALID_MODALITY,train
C:/Users/Ankit/.cache/kagglehub/datasets/devbatrax/fracture-detection-using-x-ray-images/versions/1/data/train/fractured/29-rotated3-rotated1-rotated1.jpg,0,INVALID_MODALITY,train
C:/Users/Ankit/.cache/kagglehub/datasets/devbatrax/fracture-detection-using-x-ray-images/versions/1/data/train/fractured/110-rotated2-rotated2-rotated3.jpg,0,INVALID_MODALITY,train
C:/Users/Ankit/.cache/kagglehub/datasets/devbatrax/fracture-detection-using-x-ray-images/versions/1/data/train/fractured/93-rotated2-rotated3-rotated2.jpg,0,INVALID_MODALITY,val
C:/Users/Ankit/.cache/kagglehub/datasets/devbatrax/fracture-detection-using-x-ray-images/versions/1/data/val/not fractured/2-rotated3-rotated2.jpg,0,INVALID_MODALITY,test
C:/Users/Ankit/.cache/kagglehub/datasets/paultimothymooney/chest-xray-pneumonia/versions/2/chest_xray/train/PNEUMONIA/person88_virus_165.jpeg,1,VALID_MODALITY,train
C:/Users/Ankit/.cache/kagglehub/datasets/paultimothymooney/chest-xray-pneumonia/versions/2/chest_xray/train/PNEUMONIA/person1018_bacteria_2949.jpeg,1,VALID_MODALITY,val
C:/Users/Ankit/.cache/kagglehub/datasets/devbatrax/fracture-detection-using-x-ray-images/versions/1/data/train/fractured/104.jpg,0,INVALID_MODALITY,val
C:/Users/Ankit/.cache/kagglehub/datasets/paultimothymooney/chest-xray-pneumonia/versions/2/chest_xray/chest_xray/val/PNEUMONIA/person1950_bacteria_4881.jpeg,1,VALID_MODALITY,train
C:/Users/Ankit/.cache/kagglehub/datasets/devbatrax/fracture-detection-using-x-ray-images/versions/1/data/train/fractured/91-rotated2-rotated2-rotated2.jpg,0,INVALID_MODALITY,train
C:/Users/Ankit/.cache/kagglehub/datasets/paultimothymooney/chest-xray-pneumonia/versions/2/chest_xray/chest_xray/train/PNEUMONIA/person1320_bacteria_3355.jpeg,1,VALID_MODALITY,train
C:/Users/Ankit/.cache/kagglehub/datasets/devbatrax/fracture-detection-using-x-ray-images/versions/1/data/train/fractured/59-rotated2-rotated3-rotated2.jpg,0,INVALID_MODALITY,val
C:/Users/Ankit/.cache/kagglehub/datasets/devbatrax/fracture-detection-using-x-ray-images/versions/1/data/train/fractured/84-rotated2-rotated2-rotated2.jpg,0,INVALID_MODALITY,train
C:/Users/Ankit/.cache/kagglehub/datasets/masoudnickparvar/brain-tumor-mri-dataset/versions/2/Testing/glioma/Te-gl_175.jpg,0,INVALID_MODALITY,train
C:/Users/Ankit/.cache/kagglehub/datasets/paultimothymooney/chest-xray-pneumonia/versions/2/chest_xray/chest_xray/train/PNEUMONIA/person1489_virus_2594.jpeg,1,VALID_MODALITY,val
C:/Users/Ankit/.cache/kagglehub/datasets/paultimothymooney/chest-xray-pneumonia/versions/2/chest_xray/train/PNEUMONIA/person1328_virus_2295.jpeg,1,VALID_MODALITY,val
C:/Users/Ankit/.cache/kagglehub/datasets/devbatrax/fracture-detection-using-x-ray-images/versions/1/data/train/fractured/59-rotated3-rotated3-rotated3.jpg,0,INVALID_MODALITY,train
C:/Users/Ankit/.cache/kagglehub/datasets/devbatrax/fracture-detection-using-x-ray-images/versions/1/data/train/not fractured/51-rotated3-rotated3-rotated1-rotated1.jpg,0,INVALID_MODALITY,train
C:/Users/Ankit/.cache/kagglehub/datasets/paultimothymooney/chest-xray-pneumonia/versions/2/chest_xray/train/NORMAL/IM-0736-0001.jpeg,1,VALID_MODALITY,train
C:/Users/Ankit/.cache/kagglehub/datasets/paultimothymooney/chest-xray-pneumonia/versions/2/chest_xray/train/PNEUMONIA/person294_bacteria_1381.jpeg,1,VALID_MODALITY,train
C:/Users/Ankit/.cache/kagglehub/datasets/devbatrax/fracture-detection-using-x-ray-images/versions/1/data/train/fractured/100-rotated1.jpg,0,INVALID_MODALITY,train
C:/Users/Ankit/.cache/kagglehub/datasets/paultimothymooney/chest-xray-pneumonia/versions/2/chest_xray/train/PNEUMONIA/person95_virus_177.jpeg,1,VALID_MODALITY,train
C:/Users/Ankit/.cache/kagglehub/datasets/paultimothymooney/chest-xray-pneumonia/versions/2/chest_xray/train/PNEUMONIA/person1684_bacteria_4463.jpeg,1,VALID_MODALITY,train
C:/Users/Ankit/.cache/kagglehub/datasets/paultimothymooney/chest-xray-pneumonia/versions/2/chest_xray/chest_xray/train/PNEUMONIA/person299_bacteria_1418.jpeg,1,VALID_MODALITY,train
C:/Users/Ankit/.cache/kagglehub/datasets/paultimothymooney/chest-xray-pneumonia/versions/2/chest_xray/chest_xray/train/PNEUMONIA/person258_bacteria_1207.jpeg,1,VALID_MODALITY,train
C:/Users/Ankit/.cache/kagglehub/datasets/devbatrax/fracture-detection-using-x-ray-images/versions/1/data/train/not fractured/63-rotated3.jpg,0,INVALID_MODALITY,train
C:/Users/Ankit/.cache/kagglehub/datasets/paultimothymooney/chest-xray-pneumonia/versions/2/chest_xray/chest_xray/train/PNEUMONIA/person114_virus_217.jpeg,1,VALID_MODALITY,val
C:/Users/Ankit/.cache/kagglehub/datasets/paultimothymooney/chest-xray-pneumonia/versions/2/chest_xray/chest_xray/train/NORMAL/NORMAL2-IM-1141-0001.jpeg,1,VALID_MODALITY,train
C:/Users/Ankit/.cache/kagglehub/datasets/devbatrax/fracture-detection-using-x-ray-images/versions/1/data/train/fractured/11-rotated2-rotated1-rotated2.jpg,0,INVALID_MODALITY,train
C:/Users/Ankit/.cache/kagglehub/datasets/masoudnickparvar/brain-tumor-mri-dataset/versions/2/Testing/pituitary/Te-pi_88.jpg,0,INVALID_MODALITY,train
D:\anti gravity\Radionova\datasets\generic_negatives\generic_0312.jpg,0,INVALID_MODALITY,test
C:/Users/Ankit/.cache/kagglehub/datasets/devbatrax/fracture-detection-using-x-ray-images/versions/1/data/train/fractured/27-rotated3-rotated2.jpg,0,INVALID_MODALITY,train
D:\anti gravity\Radionova\datasets\generic_negatives\generic_0191.jpg,0,INVALID_MODALITY,train
C:/Users/Ankit/.cache/kagglehub/datasets/paultimothymooney/chest-xray-pneumonia/versions/2/chest_xray/test/NORMAL/IM-0035-0001.jpeg,1,VALID_MODALITY,train
C:/Users/Ankit/.cache/kagglehub/datasets/paultimothymooney/chest-xray-pneumonia/versions/2/chest_xray/chest_xray/train/PNEUMONIA/person1506_virus_2616.jpeg,1,VALID_MODALITY,train
C:/Users/Ankit/.cache/kagglehub/datasets/masoudnickparvar/brain-tumor-mri-dataset/versions/2/Training/pituitary/Tr-pi_298.jpg,0,INVALID_MODALITY,train
C:/Users/Ankit/.cache/kagglehub/datasets/devbatrax/fracture-detection-using-x-ray-images/versions/1/data/val/fractured/5-rotated2.jpg,0,INVALID_MODALITY,train
C:/Users/Ankit/.cache/kagglehub/datasets/paultimothymooney/chest-xray-pneumonia/versions/2/chest_xray/train/NORMAL/IM-0549-0001.jpeg,1,VALID_MODALITY,train
C:/Users/Ankit/.cache/kagglehub/datasets/masoudnickparvar/brain-tumor-mri-dataset/versions/2/Training/meningioma/Tr-aug-me_92.jpg,0,INVALID_MODALITY,train
C:/Users/Ankit/.cache/kagglehub/datasets/paultimothymooney/chest-xray-pneumonia/versions/2/chest_xray/train/PNEUMONIA/person370_bacteria_1688.jpeg,1,VALID_MODALITY,val
C:/Users/Ankit/.cache/kagglehub/datasets/masoudnickparvar/brain-tumor-mri-dataset/versions/2/Training/meningioma/Tr-aug-me_12.jpg,0,INVALID_MODALITY,test
C:/Users/Ankit/.cache/kagglehub/datasets/paultimothymooney/chest-xray-pneumonia/versions/2/chest_xray/train/PNEUMONIA/person470_bacteria_1998.jpeg,1,VALID_MODALITY,train
D:\anti gravity\Radionova\datasets\generic_negatives\generic_0196.jpg,0,INVALID_MODALITY,train
C:/Users/Ankit/.cache/kagglehub/datasets/devbatrax/fracture-detection-using-x-ray-images/versions/1/data/val/not fractured/2-rotated1-rotated2-rotated3.jpg,0,INVALID_MODALITY,train
C:/Users/Ankit/.cache/kagglehub/datasets/devbatrax/fracture-detection-using-x-ray-images/versions/1/data/train/not fractured/55-rotated1-rotated3-rotated3-rotated1.jpg,0,INVALID_MODALITY,train
C:/Users/Ankit/.cache/kagglehub/datasets/devbatrax/fracture-detection-using-x-ray-images/versions/1/data/train/fractured/22-rotated2.jpg,0,INVALID_MODALITY,val
C:/Users/Ankit/.cache/kagglehub/datasets/masoudnickparvar/brain-tumor-mri-dataset/versions/2/Testing/meningioma/Te-me_224.jpg,0,INVALID_MODALITY,val
C:/Users/Ankit/.cache/kagglehub/datasets/paultimothymooney/chest-xray-pneumonia/versions/2/chest_xray/chest_xray/train/NORMAL/NORMAL2-IM-0634-0001.jpeg,1,VALID_MODALITY,train
C:/Users/Ankit/.cache/kagglehub/datasets/masoudnickparvar/brain-tumor-mri-dataset/versions/2/Training/meningioma/Tr-me_1197.jpg,0,INVALID_MODALITY,train
C:/Users/Ankit/.cache/kagglehub/datasets/paultimothymooney/chest-xray-pneumonia/versions/2/chest_xray/train/PNEUMONIA/person1212_bacteria_3164.jpeg,1,VALID_MODALITY,train
C:/Users/Ankit/.cache/kagglehub/datasets/paultimothymooney/chest-xray-pneumonia/versions/2/chest_xray/train/PNEUMONIA/person1493_bacteria_3897.jpeg,1,VALID_MODALITY,val
C:/Users/Ankit/.cache/kagglehub/datasets/masoudnickparvar/brain-tumor-mri-dataset/versions/2/Training/pituitary/Tr-pi_1194.jpg,0,INVALID_MODALITY,train
C:/Users/Ankit/.cache/kagglehub/datasets/paultimothymooney/chest-xray-pneumonia/versions/2/chest_xray/test/NORMAL/NORMAL2-IM-0327-0001.jpeg,1,VALID_MODALITY,train
C:/Users/Ankit/.cache/kagglehub/datasets/paultimothymooney/chest-xray-pneumonia/versions/2/chest_xray/chest_xray/train/NORMAL/IM-0697-0001.jpeg,1,VALID_MODALITY,train
C:/Users/Ankit/.cache/kagglehub/datasets/paultimothymooney/chest-xray-pneumonia/versions/2/chest_xray/chest_xray/train/PNEUMONIA/person1438_virus_2452.jpeg,1,VALID_MODALITY,train
C:/Users/Ankit/.cache/kagglehub/datasets/devbatrax/fracture-detection-using-x-ray-images/versions/1/data/train/not fractured/24-rotated2-rotated2-rotated1.jpg,0,INVALID_MODALITY,val
C:/Users/Ankit/.cache/kagglehub/datasets/devbatrax/fracture-detection-using-x-ray-images/versions/1/data/train/not fractured/18-rotated3-rotated1-rotated2-rotated1.jpg,0,INVALID_MODALITY,train
C:/Users/Ankit/.cache/kagglehub/datasets/paultimothymooney/chest-xray-pneumonia/versions/2/chest_xray/chest_xray/train/PNEUMONIA/person124_virus_231.jpeg,1,VALID_MODALITY,val
C:/Users/Ankit/.cache/kagglehub/datasets/masoudnickparvar/brain-tumor-mri-dataset/versions/2/Training/glioma/Tr-gl_1303.jpg,0,INVALID_MODALITY,train
C:/Users/Ankit/.cache/kagglehub/datasets/paultimothymooney/chest-xray-pneumonia/versions/2/chest_xray/train/PNEUMONIA/person1908_bacteria_4811.jpeg,1,VALID_MODALITY,train
C:/Users/Ankit/.cache/kagglehub/datasets/devbatrax/fracture-detection-using-x-ray-images/versions/1/data/train/fractured/84-rotated1-rotated3-rotated3.jpg,0,INVALID_MODALITY,train
C:/Users/Ankit/.cache/kagglehub/datasets/devbatrax/fracture-detection-using-x-ray-images/versions/1/data/train/fractured/93-rotated1-rotated3-rotated1.jpg,0,INVALID_MODALITY,train
C:/Users/Ankit/.cache/kagglehub/datasets/masoudnickparvar/brain-tumor-mri-dataset/versions/2/Testing/pituitary/Te-pi_244.jpg,0,INVALID_MODALITY,train
C:/Users/Ankit/.cache/kagglehub/datasets/paultimothymooney/chest-xray-pneumonia/versions/2/chest_xray/train/PNEUMONIA/person264_bacteria_1232.jpeg,1,VALID_MODALITY,test
C:/Users/Ankit/.cache/kagglehub/datasets/devbatrax/fracture-detection-using-x-ray-images/versions/1/data/train/not fractured/65-rotated1-rotated1-rotated2.jpg,0,INVALID_MODALITY,train
C:/Users/Ankit/.cache/kagglehub/datasets/devbatrax/fracture-detection-using-x-ray-images/versions/1/data/train/fractured/45-rotated1-rotated2-rotated3.jpg,0,INVALID_MODALITY,test
C:/Users/Ankit/.cache/kagglehub/datasets/devbatrax/fracture-detection-using-x-ray-images/versions/1/data/train/fractured/36-rotated1-rotated2-rotated3.jpg,0,INVALID_MODALITY,val
C:/Users/Ankit/.cache/kagglehub/datasets/devbatrax/fracture-detection-using-x-ray-images/versions/1/data/train/fractured/32-rotated2-rotated2-rotated1.jpg,0,INVALID_MODALITY,test
C:/Users/Ankit/.cache/kagglehub/datasets/devbatrax/fracture-detection-using-x-ray-images/versions/1/data/val/not fractured/4-rotated2-rotated1-rotated2.jpg,0,INVALID_MODALITY,train
C:/Users/Ankit/.cache/kagglehub/datasets/masoudnickparvar/brain-tumor-mri-dataset/versions/2/Testing/glioma/Te-gl_167.jpg,0,INVALID_MODALITY,train
C:/Users/Ankit/.cache/kagglehub/datasets/paultimothymooney/chest-xray-pneumonia/versions/2/chest_xray/train/PNEUMONIA/person286_virus_585.jpeg,1,VALID_MODALITY,train
C:/Users/Ankit/.cache/kagglehub/datasets/paultimothymooney/chest-xray-pneumonia/versions/2/chest_xray/train/PNEUMONIA/person1141_virus_1886.jpeg,1,VALID_MODALITY,train
C:/Users/Ankit/.cache/kagglehub/datasets/paultimothymooney/chest-xray-pneumonia/versions/2/chest_xray/test/PNEUMONIA/person88_bacteria_437.jpeg,1,VALID_MODALITY,test
D:\anti gravity\Radionova\datasets\generic_negatives\generic_0384.jpg,0,INVALID_MODALITY,train
C:/Users/Ankit/.cache/kagglehub/datasets/paultimothymooney/chest-xray-pneumonia/versions/2/chest_xray/chest_xray/train/PNEUMONIA/person258_bacteria_1214.jpeg,1,VALID_MODALITY,train
C:/Users/Ankit/.cache/kagglehub/datasets/paultimothymooney/chest-xray-pneumonia/versions/2/chest_xray/test/PNEUMONIA/person114_bacteria_544.jpeg,1,VALID_MODALITY,train
C:/Users/Ankit/.cache/kagglehub/datasets/paultimothymooney/chest-xray-pneumonia/versions/2/chest_xray/train/PNEUMONIA/person399_bacteria_1805.jpeg,1,VALID_MODALITY,train
C:/Users/Ankit/.cache/kagglehub/datasets/paultimothymooney/chest-xray-pneumonia/versions/2/chest_xray/chest_xray/train/NORMAL/IM-0703-0001.jpeg,1,VALID_MODALITY,test
C:/Users/Ankit/.cache/kagglehub/datasets/paultimothymooney/chest-xray-pneumonia/versions/2/chest_xray/chest_xray/train/PNEUMONIA/person622_virus_1196.jpeg,1,VALID_MODALITY,train
D:\anti gravity\Radionova\datasets\generic_negatives\generic_0122.jpg,0,INVALID_MODALITY,train
C:/Users/Ankit/.cache/kagglehub/datasets/devbatrax/fracture-detection-using-x-ray-images/versions/1/data/train/not fractured/58-rotated1-rotated3-rotated1-rotated1.jpg,0,INVALID_MODALITY,train
C:/Users/Ankit/.cache/kagglehub/datasets/devbatrax/fracture-detection-using-x-ray-images/versions/1/data/train/not fractured/36-rotated1-rotated3-rotated3-rotated1.jpg,0,INVALID_MODALITY,train
C:/Users/Ankit/.cache/kagglehub/datasets/devbatrax/fracture-detection-using-x-ray-images/versions/1/data/train/not fractured/44-rotated3-rotated3-rotated2-rotated1.jpg,0,INVALID_MODALITY,train
D:\anti gravity\Radionova\datasets\generic_negatives\generic_0105.jpg,0,INVALID_MODALITY,val
D:\anti gravity\Radionova\datasets\generic_negatives\generic_0156.jpg,0,INVALID_MODALITY,train
C:/Users/Ankit/.cache/kagglehub/datasets/paultimothymooney/chest-xray-pneumonia/versions/2/chest_xray/test/NORMAL/NORMAL2-IM-0316-0001.jpeg,1,VALID_MODALITY,test
C:/Users/Ankit/.cache/kagglehub/datasets/paultimothymooney/chest-xray-pneumonia/versions/2/chest_xray/chest_xray/train/PNEUMONIA/person982_bacteria_2909.jpeg,1,VALID_MODALITY,train
C:/Users/Ankit/.cache/kagglehub/datasets/paultimothymooney/chest-xray-pneumonia/versions/2/chest_xray/chest_xray/train/PNEUMONIA/person464_virus_956.jpeg,1,VALID_MODALITY,train
C:/Users/Ankit/.cache/kagglehub/datasets/masoudnickparvar/brain-tumor-mri-dataset/versions/2/Training/meningioma/Tr-me_1178.jpg,0,INVALID_MODALITY,train
C:/Users/Ankit/.cache/kagglehub/datasets/devbatrax/fracture-detection-using-x-ray-images/versions/1/data/train/fractured/67-rotated1-rotated3-rotated3.jpg,0,INVALID_MODALITY,train
C:/Users/Ankit/.cache/kagglehub/datasets/paultimothymooney/chest-xray-pneumonia/versions/2/chest_xray/chest_xray/train/PNEUMONIA/person1311_bacteria_3312.jpeg,1,VALID_MODALITY,train
C:/Users/Ankit/.cache/kagglehub/datasets/masoudnickparvar/brain-tumor-mri-dataset/versions/2/Training/meningioma/Tr-me_771.jpg,0,INVALID_MODALITY,train
C:/Users/Ankit/.cache/kagglehub/datasets/paultimothymooney/chest-xray-pneumonia/versions/2/chest_xray/chest_xray/train/PNEUMONIA/person585_bacteria_2415.jpeg,1,VALID_MODALITY,train
C:/Users/Ankit/.cache/kagglehub/datasets/masoudnickparvar/brain-tumor-mri-dataset/versions/2/Training/pituitary/Tr-pi_999.jpg,0,INVALID_MODALITY,train
C:/Users/Ankit/.cache/kagglehub/datasets/paultimothymooney/chest-xray-pneumonia/versions/2/chest_xray/test/PNEUMONIA/person82_bacteria_402.jpeg,1,VALID_MODALITY,val
C:/Users/Ankit/.cache/kagglehub/datasets/paultimothymooney/chest-xray-pneumonia/versions/2/chest_xray/chest_xray/train/NORMAL/NORMAL2-IM-1234-0001.jpeg,1,VALID_MODALITY,train
C:/Users/Ankit/.cache/kagglehub/datasets/paultimothymooney/chest-xray-pneumonia/versions/2/chest_xray/chest_xray/train/PNEUMONIA/person1321_virus_2279.jpeg,1,VALID_MODALITY,train
C:/Users/Ankit/.cache/kagglehub/datasets/devbatrax/fracture-detection-using-x-ray-images/versions/1/data/train/not fractured/54-rotated2-rotated1-rotated2-rotated1.jpg,0,INVALID_MODALITY,train
C:/Users/Ankit/.cache/kagglehub/datasets/masoudnickparvar/brain-tumor-mri-dataset/versions/2/Training/meningioma/Tr-me_939.jpg,0,INVALID_MODALITY,train
C:/Users/Ankit/.cache/kagglehub/datasets/devbatrax/fracture-detection-using-x-ray-images/versions/1/data/train/fractured/34-rotated1-rotated2.jpg,0,INVALID_MODALITY,train
C:/Users/Ankit/.cache/kagglehub/datasets/devbatrax/fracture-detection-using-x-ray-images/versions/1/data/train/fractured/27-rotated2-rotated2.jpg,0,INVALID_MODALITY,val
C:/Users/Ankit/.cache/kagglehub/datasets/paultimothymooney/chest-xray-pneumonia/versions/2/chest_xray/chest_xray/train/PNEUMONIA/person1830_bacteria_4693.jpeg,1,VALID_MODALITY,val
C:/Users/Ankit/.cache/kagglehub/datasets/devbatrax/fracture-detection-using-x-ray-images/versions/1/data/train/fractured/40-rotated3-rotated3.jpg,0,INVALID_MODALITY,test
C:/Users/Ankit/.cache/kagglehub/datasets/paultimothymooney/chest-xray-pneumonia/versions/2/chest_xray/train/NORMAL/NORMAL2-IM-1257-0001.jpeg,1,VALID_MODALITY,train
D:\anti gravity\Radionova\datasets\generic_negatives\generic_0244.jpg,0,INVALID_MODALITY,train
C:/Users/Ankit/.cache/kagglehub/datasets/paultimothymooney/chest-xray-pneumonia/versions/2/chest_xray/test/PNEUMONIA/person147_bacteria_706.jpeg,1,VALID_MODALITY,train
C:/Users/Ankit/.cache/kagglehub/datasets/paultimothymooney/chest-xray-pneumonia/versions/2/chest_xray/train/PNEUMONIA/person402_bacteria_1813.jpeg,1,VALID_MODALITY,train
C:/Users/Ankit/.cache/kagglehub/datasets/paultimothymooney/chest-xray-pneumonia/versions/2/chest_xray/chest_xray/train/PNEUMONIA/person312_bacteria_1456.jpeg,1,VALID_MODALITY,train
C:/Users/Ankit/.cache/kagglehub/datasets/devbatrax/fracture-detection-using-x-ray-images/versions/1/data/train/fractured/46-rotated1-rotated3-rotated1.jpg,0,INVALID_MODALITY,train
C:/Users/Ankit/.cache/kagglehub/datasets/devbatrax/fracture-detection-using-x-ray-images/versions/1/data/train/not fractured/70-rotated3-rotated2-rotated3.jpg,0,INVALID_MODALITY,train
C:/Users/Ankit/.cache/kagglehub/datasets/paultimothymooney/chest-xray-pneumonia/versions/2/chest_xray/chest_xray/train/PNEUMONIA/person1365_virus_2348.jpeg,1,VALID_MODALITY,test
C:/Users/Ankit/.cache/kagglehub/datasets/paultimothymooney/chest-xray-pneumonia/versions/2/chest_xray/train/PNEUMONIA/person255_bacteria_1162.jpeg,1,VALID_MODALITY,val
D:\anti gravity\Radionova\datasets\generic_negatives\generic_0377.jpg,0,INVALID_MODALITY,train
C:/Users/Ankit/.cache/kagglehub/datasets/devbatrax/fracture-detection-using-x-ray-images/versions/1/data/train/not fractured/18-rotated1-rotated3-rotated1.jpg,0,INVALID_MODALITY,train
C:/Users/Ankit/.cache/kagglehub/datasets/devbatrax/fracture-detection-using-x-ray-images/versions/1/data/train/not fractured/57-rotated1-rotated2-rotated1.jpg,0,INVALID_MODALITY,train
C:/Users/Ankit/.cache/kagglehub/datasets/devbatrax/fracture-detection-using-x-ray-images/versions/1/data/train/fractured/103-rotated1-rotated1.jpg,0,INVALID_MODALITY,train
C:/Users/Ankit/.cache/kagglehub/datasets/paultimothymooney/chest-xray-pneumonia/versions/2/chest_xray/train/PNEUMONIA/person23_bacteria_100.jpeg,1,VALID_MODALITY,train
C:/Users/Ankit/.cache/kagglehub/datasets/paultimothymooney/chest-xray-pneumonia/versions/2/chest_xray/chest_xray/train/PNEUMONIA/person550_bacteria_2309.jpeg,1,VALID_MODALITY,train
C:/Users/Ankit/.cache/kagglehub/datasets/devbatrax/fracture-detection-using-x-ray-images/versions/1/data/train/fractured/105-rotated2-rotated2.jpg,0,INVALID_MODALITY,val
C:/Users/Ankit/.cache/kagglehub/datasets/devbatrax/fracture-detection-using-x-ray-images/versions/1/data/val/fractured/4-rotated2-rotated2-rotated2.jpg,0,INVALID_MODALITY,train
C:/Users/Ankit/.cache/kagglehub/datasets/devbatrax/fracture-detection-using-x-ray-images/versions/1/data/train/not fractured/44.jpg,0,INVALID_MODALITY,train
C:/Users/Ankit/.cache/kagglehub/datasets/devbatrax/fracture-detection-using-x-ray-images/versions/1/data/train/fractured/75-rotated3-rotated2-rotated1.jpg,0,INVALID_MODALITY,train
C:/Users/Ankit/.cache/kagglehub/datasets/masoudnickparvar/brain-tumor-mri-dataset/versions/2/Training/pituitary/Tr-pi_323.jpg,0,INVALID_MODALITY,train
C:/Users/Ankit/.cache/kagglehub/datasets/paultimothymooney/chest-xray-pneumonia/versions/2/chest_xray/train/PNEUMONIA/person1452_virus_2484.jpeg,1,VALID_MODALITY,test
C:/Users/Ankit/.cache/kagglehub/datasets/devbatrax/fracture-detection-using-x-ray-images/versions/1/data/train/fractured/36-rotated3-rotated2-rotated2.jpg,0,INVALID_MODALITY,train
C:/Users/Ankit/.cache/kagglehub/datasets/paultimothymooney/chest-xray-pneumonia/versions/2/chest_xray/chest_xray/train/PNEUMONIA/person1029_bacteria_2961.jpeg,1,VALID_MODALITY,train
C:/Users/Ankit/.cache/kagglehub/datasets/paultimothymooney/chest-xray-pneumonia/versions/2/chest_xray/chest_xray/test/NORMAL/NORMAL2-IM-0283-0001.jpeg,1,VALID_MODALITY,train
C:/Users/Ankit/.cache/kagglehub/datasets/paultimothymooney/chest-xray-pneumonia/versions/2/chest_xray/chest_xray/val/NORMAL/NORMAL2-IM-1440-0001.jpeg,1,VALID_MODALITY,test
C:/Users/Ankit/.cache/kagglehub/datasets/paultimothymooney/chest-xray-pneumonia/versions/2/chest_xray/train/NORMAL/NORMAL2-IM-1171-0001.jpeg,1,VALID_MODALITY,train
C:/Users/Ankit/.cache/kagglehub/datasets/paultimothymooney/chest-xray-pneumonia/versions/2/chest_xray/train/NORMAL/NORMAL2-IM-1041-0001.jpeg,1,VALID_MODALITY,train
C:/Users/Ankit/.cache/kagglehub/datasets/devbatrax/fracture-detection-using-x-ray-images/versions/1/data/train/fractured/73-rotated2.jpg,0,INVALID_MODALITY,train
C:/Users/Ankit/.cache/kagglehub/datasets/paultimothymooney/chest-xray-pneumonia/versions/2/chest_xray/chest_xray/train/PNEUMONIA/person487_virus_991.jpeg,1,VALID_MODALITY,train
C:/Users/Ankit/.cache/kagglehub/datasets/devbatrax/fracture-detection-using-x-ray-images/versions/1/data/train/fractured/93-rotated2-rotated2-rotated1.jpg,0,INVALID_MODALITY,train
C:/Users/Ankit/.cache/kagglehub/datasets/paultimothymooney/chest-xray-pneumonia/versions/2/chest_xray/train/PNEUMONIA/person23_bacteria_88.jpeg,1,VALID_MODALITY,train
C:/Users/Ankit/.cache/kagglehub/datasets/paultimothymooney/chest-xray-pneumonia/versions/2/chest_xray/train/NORMAL/NORMAL2-IM-0736-0001.jpeg,1,VALID_MODALITY,val
C:/Users/Ankit/.cache/kagglehub/datasets/devbatrax/fracture-detection-using-x-ray-images/versions/1/data/val/fractured/3-rotated2.jpg,0,INVALID_MODALITY,train
C:/Users/Ankit/.cache/kagglehub/datasets/paultimothymooney/chest-xray-pneumonia/versions/2/chest_xray/chest_xray/train/PNEUMONIA/person1453_bacteria_3770.jpeg,1,VALID_MODALITY,train
C:/Users/Ankit/.cache/kagglehub/datasets/masoudnickparvar/brain-tumor-mri-dataset/versions/2/Training/meningioma/Tr-me_55.jpg,0,INVALID_MODALITY,test
C:/Users/Ankit/.cache/kagglehub/datasets/paultimothymooney/chest-xray-pneumonia/versions/2/chest_xray/train/PNEUMONIA/person1178_bacteria_3126.jpeg,1,VALID_MODALITY,train
C:/Users/Ankit/.cache/kagglehub/datasets/devbatrax/fracture-detection-using-x-ray-images/versions/1/data/train/fractured/101-rotated3-rotated1-rotated1.jpg,0,INVALID_MODALITY,train
C:/Users/Ankit/.cache/kagglehub/datasets/devbatrax/fracture-detection-using-x-ray-images/versions/1/data/train/not fractured/47-rotated2-rotated1.jpg,0,INVALID_MODALITY,train
C:/Users/Ankit/.cache/kagglehub/datasets/devbatrax/fracture-detection-using-x-ray-images/versions/1/data/train/not fractured/22-rotated1.jpg,0,INVALID_MODALITY,train
C:/Users/Ankit/.cache/kagglehub/datasets/devbatrax/fracture-detection-using-x-ray-images/versions/1/data/train/not fractured/61-rotated2-rotated3-rotated2-rotated1.jpg,0,INVALID_MODALITY,val
C:/Users/Ankit/.cache/kagglehub/datasets/devbatrax/fracture-detection-using-x-ray-images/versions/1/data/train/not fractured/4-rotated2-rotated3-rotated1.jpg,0,INVALID_MODALITY,test
C:/Users/Ankit/.cache/kagglehub/datasets/masoudnickparvar/brain-tumor-mri-dataset/versions/2/Training/glioma/Tr-gl_523.jpg,0,INVALID_MODALITY,test
C:/Users/Ankit/.cache/kagglehub/datasets/devbatrax/fracture-detection-using-x-ray-images/versions/1/data/train/fractured/110-rotated1-rotated3-rotated1.jpg,0,INVALID_MODALITY,train
C:/Users/Ankit/.cache/kagglehub/datasets/paultimothymooney/chest-xray-pneumonia/versions/2/chest_xray/train/PNEUMONIA/person1508_bacteria_3949.jpeg,1,VALID_MODALITY,train
C:/Users/Ankit/.cache/kagglehub/datasets/paultimothymooney/chest-xray-pneumonia/versions/2/chest_xray/chest_xray/train/PNEUMONIA/person556_virus_1096.jpeg,1,VALID_MODALITY,train
C:/Users/Ankit/.cache/kagglehub/datasets/paultimothymooney/chest-xray-pneumonia/versions/2/chest_xray/chest_xray/train/NORMAL/NORMAL2-IM-1357-0001.jpeg,1,VALID_MODALITY,train
C:/Users/Ankit/.cache/kagglehub/datasets/paultimothymooney/chest-xray-pneumonia/versions/2/chest_xray/train/NORMAL/NORMAL2-IM-0856-0001.jpeg,1,VALID_MODALITY,val
C:/Users/Ankit/.cache/kagglehub/datasets/devbatrax/fracture-detection-using-x-ray-images/versions/1/data/train/not fractured/40-rotated2-rotated3-rotated3.jpg,0,INVALID_MODALITY,val
C:/Users/Ankit/.cache/kagglehub/datasets/devbatrax/fracture-detection-using-x-ray-images/versions/1/data/train/fractured/59-rotated3-rotated1-rotated1.jpg,0,INVALID_MODALITY,train
C:/Users/Ankit/.cache/kagglehub/datasets/paultimothymooney/chest-xray-pneumonia/versions/2/chest_xray/train/NORMAL/NORMAL2-IM-1201-0001.jpeg,1,VALID_MODALITY,train
C:/Users/Ankit/.cache/kagglehub/datasets/paultimothymooney/chest-xray-pneumonia/versions/2/chest_xray/chest_xray/train/NORMAL/NORMAL2-IM-0753-0001.jpeg,1,VALID_MODALITY,train
C:/Users/Ankit/.cache/kagglehub/datasets/devbatrax/fracture-detection-using-x-ray-images/versions/1/data/train/fractured/42-rotated2-rotated1-rotated1.jpg,0,INVALID_MODALITY,train
C:/Users/Ankit/.cache/kagglehub/datasets/paultimothymooney/chest-xray-pneumonia/versions/2/chest_xray/chest_xray/train/PNEUMONIA/person1644_bacteria_4361.jpeg,1,VALID_MODALITY,train
C:/Users/Ankit/.cache/kagglehub/datasets/devbatrax/fracture-detection-using-x-ray-images/versions/1/data/train/fractured/46-rotated2-rotated1.jpg,0,INVALID_MODALITY,train
C:/Users/Ankit/.cache/kagglehub/datasets/paultimothymooney/chest-xray-pneumonia/versions/2/chest_xray/train/PNEUMONIA/person423_bacteria_1854.jpeg,1,VALID_MODALITY,train
C:/Users/Ankit/.cache/kagglehub/datasets/devbatrax/fracture-detection-using-x-ray-images/versions/1/data/train/not fractured/50-rotated1-rotated1-rotated2.jpg,0,INVALID_MODALITY,train
C:/Users/Ankit/.cache/kagglehub/datasets/devbatrax/fracture-detection-using-x-ray-images/versions/1/data/train/not fractured/6-rotated1-rotated1-rotated2-rotated1.jpg,0,INVALID_MODALITY,train
C:/Users/Ankit/.cache/kagglehub/datasets/devbatrax/fracture-detection-using-x-ray-images/versions/1/data/train/fractured/16-rotated3-rotated3-rotated3.jpg,0,INVALID_MODALITY,train
C:/Users/Ankit/.cache/kagglehub/datasets/paultimothymooney/chest-xray-pneumonia/versions/2/chest_xray/chest_xray/train/NORMAL/IM-0395-0001.jpeg,1,VALID_MODALITY,train
C:/Users/Ankit/.cache/kagglehub/datasets/masoudnickparvar/brain-tumor-mri-dataset/versions/2/Training/glioma/Tr-gl_776.jpg,0,INVALID_MODALITY,train
C:/Users/Ankit/.cache/kagglehub/datasets/devbatrax/fracture-detection-using-x-ray-images/versions/1/data/train/not fractured/31-rotated3-rotated3.jpg,0,INVALID_MODALITY,train
C:/Users/Ankit/.cache/kagglehub/datasets/masoudnickparvar/brain-tumor-mri-dataset/versions/2/Training/meningioma/Tr-me_309.jpg,0,INVALID_MODALITY,train
C:/Users/Ankit/.cache/kagglehub/datasets/paultimothymooney/chest-xray-pneumonia/versions/2/chest_xray/chest_xray/train/PNEUMONIA/person895_bacteria_2820.jpeg,1,VALID_MODALITY,val
C:/Users/Ankit/.cache/kagglehub/datasets/paultimothymooney/chest-xray-pneumonia/versions/2/chest_xray/train/NORMAL/IM-0245-0001.jpeg,1,VALID_MODALITY,val
C:/Users/Ankit/.cache/kagglehub/datasets/paultimothymooney/chest-xray-pneumonia/versions/2/chest_xray/train/PNEUMONIA/person1416_virus_2427.jpeg,1,VALID_MODALITY,train
C:/Users/Ankit/.cache/kagglehub/datasets/paultimothymooney/chest-xray-pneumonia/versions/2/chest_xray/chest_xray/train/PNEUMONIA/person26_bacteria_126.jpeg,1,VALID_MODALITY,train
C:/Users/Ankit/.cache/kagglehub/datasets/devbatrax/fracture-detection-using-x-ray-images/versions/1/data/train/fractured/104-rotated1-rotated2-rotated3.jpg,0,INVALID_MODALITY,train
C:/Users/Ankit/.cache/kagglehub/datasets/devbatrax/fracture-detection-using-x-ray-images/versions/1/data/train/fractured/103-rotated1-rotated1-rotated1.jpg,0,INVALID_MODALITY,train
C:/Users/Ankit/.cache/kagglehub/datasets/paultimothymooney/chest-xray-pneumonia/versions/2/chest_xray/train/PNEUMONIA/person25_bacteria_113.jpeg,1,VALID_MODALITY,train
C:/Users/Ankit/.cache/kagglehub/datasets/devbatrax/fracture-detection-using-x-ray-images/versions/1/data/train/fractured/14-rotated2-rotated2-rotated2.jpg,0,INVALID_MODALITY,test
C:/Users/Ankit/.cache/kagglehub/datasets/devbatrax/fracture-detection-using-x-ray-images/versions/1/data/train/not fractured/33-rotated2-rotated3-rotated2.jpg,0,INVALID_MODALITY,test
D:\anti gravity\Radionova\datasets\generic_negatives\generic_0240.jpg,0,INVALID_MODALITY,train
C:/Users/Ankit/.cache/kagglehub/datasets/paultimothymooney/chest-xray-pneumonia/versions/2/chest_xray/train/PNEUMONIA/person490_bacteria_2070.jpeg,1,VALID_MODALITY,train
C:/Users/Ankit/.cache/kagglehub/datasets/paultimothymooney/chest-xray-pneumonia/versions/2/chest_xray/chest_xray/train/NORMAL/NORMAL2-IM-0587-0001-0001.jpeg,1,VALID_MODALITY,train
C:/Users/Ankit/.cache/kagglehub/datasets/paultimothymooney/chest-xray-pneumonia/versions/2/chest_xray/chest_xray/train/NORMAL/NORMAL2-IM-1028-0001.jpeg,1,VALID_MODALITY,train
D:\anti gravity\Radionova\datasets\generic_negatives\generic_0077.jpg,0,INVALID_MODALITY,test
C:/Users/Ankit/.cache/kagglehub/datasets/devbatrax/fracture-detection-using-x-ray-images/versions/1/data/train/not fractured/26-rotated3-rotated2-rotated2-rotated1.jpg,0,INVALID_MODALITY,train
C:/Users/Ankit/.cache/kagglehub/datasets/devbatrax/fracture-detection-using-x-ray-images/versions/1/data/train/not fractured/38-rotated1-rotated1-rotated1-rotated1.jpg,0,INVALID_MODALITY,train
C:/Users/Ankit/.cache/kagglehub/datasets/devbatrax/fracture-detection-using-x-ray-images/versions/1/data/train/fractured/36-rotated2.jpg,0,INVALID_MODALITY,train
C:/Users/Ankit/.cache/kagglehub/datasets/paultimothymooney/chest-xray-pneumonia/versions/2/chest_xray/train/PNEUMONIA/person476_bacteria_2026.jpeg,1,VALID_MODALITY,train
C:/Users/Ankit/.cache/kagglehub/datasets/paultimothymooney/chest-xray-pneumonia/versions/2/chest_xray/chest_xray/train/NORMAL/NORMAL2-IM-0944-0001.jpeg,1,VALID_MODALITY,val
C:/Users/Ankit/.cache/kagglehub/datasets/devbatrax/fracture-detection-using-x-ray-images/versions/1/data/train/fractured/50-rotated3-rotated3-rotated2.jpg,0,INVALID_MODALITY,train
C:/Users/Ankit/.cache/kagglehub/datasets/devbatrax/fracture-detection-using-x-ray-images/versions/1/data/val/fractured/5-rotated2-rotated1-rotated2.jpg,0,INVALID_MODALITY,train
C:/Users/Ankit/.cache/kagglehub/datasets/paultimothymooney/chest-xray-pneumonia/versions/2/chest_xray/chest_xray/test/PNEUMONIA/person22_virus_55.jpeg,1,VALID_MODALITY,train
C:/Users/Ankit/.cache/kagglehub/datasets/paultimothymooney/chest-xray-pneumonia/versions/2/chest_xray/chest_xray/train/PNEUMONIA/person1029_virus_1721.jpeg,1,VALID_MODALITY,test
C:/Users/Ankit/.cache/kagglehub/datasets/devbatrax/fracture-detection-using-x-ray-images/versions/1/data/train/not fractured/18-rotated2.jpg,0,INVALID_MODALITY,test
C:/Users/Ankit/.cache/kagglehub/datasets/masoudnickparvar/brain-tumor-mri-dataset/versions/2/Training/glioma/Tr-gl_11.jpg,0,INVALID_MODALITY,train
C:/Users/Ankit/.cache/kagglehub/datasets/paultimothymooney/chest-xray-pneumonia/versions/2/chest_xray/chest_xray/train/NORMAL/NORMAL2-IM-0975-0001.jpeg,1,VALID_MODALITY,test
C:/Users/Ankit/.cache/kagglehub/datasets/paultimothymooney/chest-xray-pneumonia/versions/2/chest_xray/chest_xray/train/PNEUMONIA/person581_bacteria_2395.jpeg,1,VALID_MODALITY,train
C:/Users/Ankit/.cache/kagglehub/datasets/devbatrax/fracture-detection-using-x-ray-images/versions/1/data/val/not fractured/2-rotated3-rotated3-rotated3-rotated1.jpg,0,INVALID_MODALITY,train
C:/Users/Ankit/.cache/kagglehub/datasets/paultimothymooney/chest-xray-pneumonia/versions/2/chest_xray/chest_xray/train/PNEUMONIA/person263_virus_546.jpeg,1,VALID_MODALITY,train
C:/Users/Ankit/.cache/kagglehub/datasets/paultimothymooney/chest-xray-pneumonia/versions/2/chest_xray/train/PNEUMONIA/person1041_bacteria_2975.jpeg,1,VALID_MODALITY,train
C:/Users/Ankit/.cache/kagglehub/datasets/devbatrax/fracture-detection-using-x-ray-images/versions/1/data/train/fractured/12-rotated3-rotated1-rotated3.jpg,0,INVALID_MODALITY,train
C:/Users/Ankit/.cache/kagglehub/datasets/paultimothymooney/chest-xray-pneumonia/versions/2/chest_xray/chest_xray/train/PNEUMONIA/person1505_virus_2615.jpeg,1,VALID_MODALITY,train
C:/Users/Ankit/.cache/kagglehub/datasets/devbatrax/fracture-detection-using-x-ray-images/versions/1/data/train/not fractured/29-rotated1-rotated2.jpg,0,INVALID_MODALITY,train
C:/Users/Ankit/.cache/kagglehub/datasets/paultimothymooney/chest-xray-pneumonia/versions/2/chest_xray/chest_xray/train/PNEUMONIA/person1649_bacteria_4378.jpeg,1,VALID_MODALITY,train
C:/Users/Ankit/.cache/kagglehub/datasets/paultimothymooney/chest-xray-pneumonia/versions/2/chest_xray/train/PNEUMONIA/person582_bacteria_2403.jpeg,1,VALID_MODALITY,train
C:/Users/Ankit/.cache/kagglehub/datasets/masoudnickparvar/brain-tumor-mri-dataset/versions/2/Training/glioma/Tr-gl_366.jpg,0,INVALID_MODALITY,train
C:/Users/Ankit/.cache/kagglehub/datasets/devbatrax/fracture-detection-using-x-ray-images/versions/1/data/train/fractured/80-rotated2-rotated2-rotated2.jpg,0,INVALID_MODALITY,train
C:/Users/Ankit/.cache/kagglehub/datasets/paultimothymooney/chest-xray-pneumonia/versions/2/chest_xray/train/PNEUMONIA/person1203_bacteria_3155.jpeg,1,VALID_MODALITY,train
C:/Users/Ankit/.cache/kagglehub/datasets/paultimothymooney/chest-xray-pneumonia/versions/2/chest_xray/chest_xray/train/PNEUMONIA/person1086_bacteria_3026.jpeg,1,VALID_MODALITY,val
C:/Users/Ankit/.cache/kagglehub/datasets/paultimothymooney/chest-xray-pneumonia/versions/2/chest_xray/train/PNEUMONIA/person450_virus_931.jpeg,1,VALID_MODALITY,train
C:/Users/Ankit/.cache/kagglehub/datasets/devbatrax/fracture-detection-using-x-ray-images/versions/1/data/train/not fractured/61-rotated3-rotated3-rotated3.jpg,0,INVALID_MODALITY,train
C:/Users/Ankit/.cache/kagglehub/datasets/paultimothymooney/chest-xray-pneumonia/versions/2/chest_xray/train/NORMAL/IM-0656-0001-0001.jpeg,1,VALID_MODALITY,train
C:/Users/Ankit/.cache/kagglehub/datasets/paultimothymooney/chest-xray-pneumonia/versions/2/chest_xray/train/PNEUMONIA/person1876_bacteria_4760.jpeg,1,VALID_MODALITY,train
C:/Users/Ankit/.cache/kagglehub/datasets/paultimothymooney/chest-xray-pneumonia/versions/2/chest_xray/train/PNEUMONIA/person1019_bacteria_2950.jpeg,1,VALID_MODALITY,test
C:/Users/Ankit/.cache/kagglehub/datasets/paultimothymooney/chest-xray-pneumonia/versions/2/chest_xray/train/PNEUMONIA/person1179_bacteria_3127.jpeg,1,VALID_MODALITY,train
C:/Users/Ankit/.cache/kagglehub/datasets/paultimothymooney/chest-xray-pneumonia/versions/2/chest_xray/train/PNEUMONIA/person937_virus_1599.jpeg,1,VALID_MODALITY,train
C:/Users/Ankit/.cache/kagglehub/datasets/paultimothymooney/chest-xray-pneumonia/versions/2/chest_xray/chest_xray/train/PNEUMONIA/person1108_bacteria_3049.jpeg,1,VALID_MODALITY,train
C:/Users/Ankit/.cache/kagglehub/datasets/devbatrax/fracture-detection-using-x-ray-images/versions/1/data/train/fractured/30-rotated2-rotated2.jpg,0,INVALID_MODALITY,train
C:/Users/Ankit/.cache/kagglehub/datasets/devbatrax/fracture-detection-using-x-ray-images/versions/1/data/val/not fractured/4-rotated1-rotated3-rotated2.jpg,0,INVALID_MODALITY,train
C:/Users/Ankit/.cache/kagglehub/datasets/devbatrax/fracture-detection-using-x-ray-images/versions/1/data/train/not fractured/40-rotated2-rotated3-rotated1.jpg,0,INVALID_MODALITY,train
C:/Users/Ankit/.cache/kagglehub/datasets/paultimothymooney/chest-xray-pneumonia/versions/2/chest_xray/chest_xray/test/PNEUMONIA/person97_bacteria_468.jpeg,1,VALID_MODALITY,train
C:/Users/Ankit/.cache/kagglehub/datasets/paultimothymooney/chest-xray-pneumonia/versions/2/chest_xray/train/PNEUMONIA/person663_bacteria_2555.jpeg,1,VALID_MODALITY,train
C:/Users/Ankit/.cache/kagglehub/datasets/devbatrax/fracture-detection-using-x-ray-images/versions/1/data/train/not fractured/56-rotated2-rotated1-rotated3.jpg,0,INVALID_MODALITY,test
C:/Users/Ankit/.cache/kagglehub/datasets/paultimothymooney/chest-xray-pneumonia/versions/2/chest_xray/train/PNEUMONIA/person124_virus_231.jpeg,1,VALID_MODALITY,train
C:/Users/Ankit/.cache/kagglehub/datasets/paultimothymooney/chest-xray-pneumonia/versions/2/chest_xray/chest_xray/train/PNEUMONIA/person525_bacteria_2218.jpeg,1,VALID_MODALITY,val
C:/Users/Ankit/.cache/kagglehub/datasets/paultimothymooney/chest-xray-pneumonia/versions/2/chest_xray/train/PNEUMONIA/person319_virus_646.jpeg,1,VALID_MODALITY,test
C:/Users/Ankit/.cache/kagglehub/datasets/masoudnickparvar/brain-tumor-mri-dataset/versions/2/Training/glioma/Tr-gl_385.jpg,0,INVALID_MODALITY,train
C:/Users/Ankit/.cache/kagglehub/datasets/masoudnickparvar/brain-tumor-mri-dataset/versions/2/Training/meningioma/Tr-me_631.jpg,0,INVALID_MODALITY,train
C:/Users/Ankit/.cache/kagglehub/datasets/masoudnickparvar/brain-tumor-mri-dataset/versions/2/Testing/meningioma/Te-aug-me_38.jpg,0,INVALID_MODALITY,test
C:/Users/Ankit/.cache/kagglehub/datasets/devbatrax/fracture-detection-using-x-ray-images/versions/1/data/train/fractured/66-rotated3-rotated2.jpg,0,INVALID_MODALITY,test
C:/Users/Ankit/.cache/kagglehub/datasets/paultimothymooney/chest-xray-pneumonia/versions/2/chest_xray/test/PNEUMONIA/person41_virus_88.jpeg,1,VALID_MODALITY,train
C:/Users/Ankit/.cache/kagglehub/datasets/devbatrax/fracture-detection-using-x-ray-images/versions/1/data/train/fractured/117-rotated2-rotated2-rotated3.jpg,0,INVALID_MODALITY,train
C:/Users/Ankit/.cache/kagglehub/datasets/devbatrax/fracture-detection-using-x-ray-images/versions/1/data/val/not fractured/1-rotated1-rotated2-rotated3.jpg,0,INVALID_MODALITY,val
C:/Users/Ankit/.cache/kagglehub/datasets/devbatrax/fracture-detection-using-x-ray-images/versions/1/data/train/fractured/63-rotated3-rotated1-rotated1.jpg,0,INVALID_MODALITY,train
C:/Users/Ankit/.cache/kagglehub/datasets/paultimothymooney/chest-xray-pneumonia/versions/2/chest_xray/test/PNEUMONIA/person1650_virus_2852.jpeg,1,VALID_MODALITY,val
C:/Users/Ankit/.cache/kagglehub/datasets/paultimothymooney/chest-xray-pneumonia/versions/2/chest_xray/chest_xray/test/PNEUMONIA/person146_bacteria_703.jpeg,1,VALID_MODALITY,test
D:\anti gravity\Radionova\datasets\generic_negatives\generic_0275.jpg,0,INVALID_MODALITY,train
C:/Users/Ankit/.cache/kagglehub/datasets/paultimothymooney/chest-xray-pneumonia/versions/2/chest_xray/train/NORMAL/IM-0272-0001.jpeg,1,VALID_MODALITY,train
C:/Users/Ankit/.cache/kagglehub/datasets/devbatrax/fracture-detection-using-x-ray-images/versions/1/data/train/not fractured/65-rotated2-rotated3-rotated3-rotated1.jpg,0,INVALID_MODALITY,train
C:/Users/Ankit/.cache/kagglehub/datasets/paultimothymooney/chest-xray-pneumonia/versions/2/chest_xray/train/PNEUMONIA/person1582_bacteria_4140.jpeg,1,VALID_MODALITY,test
C:/Users/Ankit/.cache/kagglehub/datasets/paultimothymooney/chest-xray-pneumonia/versions/2/chest_xray/chest_xray/train/PNEUMONIA/person1026_bacteria_2957.jpeg,1,VALID_MODALITY,train
C:/Users/Ankit/.cache/kagglehub/datasets/paultimothymooney/chest-xray-pneumonia/versions/2/chest_xray/train/NORMAL/IM-0256-0001.jpeg,1,VALID_MODALITY,train
C:/Users/Ankit/.cache/kagglehub/datasets/paultimothymooney/chest-xray-pneumonia/versions/2/chest_xray/chest_xray/train/PNEUMONIA/person1679_bacteria_4448.jpeg,1,VALID_MODALITY,train
C:/Users/Ankit/.cache/kagglehub/datasets/paultimothymooney/chest-xray-pneumonia/versions/2/chest_xray/train/PNEUMONIA/person291_bacteria_1376.jpeg,1,VALID_MODALITY,train
C:/Users/Ankit/.cache/kagglehub/datasets/paultimothymooney/chest-xray-pneumonia/versions/2/chest_xray/chest_xray/train/PNEUMONIA/person1497_virus_2607.jpeg,1,VALID_MODALITY,train
D:\anti gravity\Radionova\datasets\generic_negatives\generic_0044.jpg,0,INVALID_MODALITY,train
D:\anti gravity\Radionova\datasets\generic_negatives\generic_0170.jpg,0,INVALID_MODALITY,train
C:/Users/Ankit/.cache/kagglehub/datasets/paultimothymooney/chest-xray-pneumonia/versions/2/chest_xray/chest_xray/test/PNEUMONIA/person128_bacteria_605.jpeg,1,VALID_MODALITY,val
C:/Users/Ankit/.cache/kagglehub/datasets/paultimothymooney/chest-xray-pneumonia/versions/2/chest_xray/chest_xray/train/PNEUMONIA/person1599_bacteria_4200.jpeg,1,VALID_MODALITY,train
C:/Users/Ankit/.cache/kagglehub/datasets/paultimothymooney/chest-xray-pneumonia/versions/2/chest_xray/train/PNEUMONIA/person1004_virus_1686.jpeg,1,VALID_MODALITY,train
C:/Users/Ankit/.cache/kagglehub/datasets/paultimothymooney/chest-xray-pneumonia/versions/2/chest_xray/chest_xray/train/PNEUMONIA/person1171_bacteria_3118.jpeg,1,VALID_MODALITY,train
C:/Users/Ankit/.cache/kagglehub/datasets/paultimothymooney/chest-xray-pneumonia/versions/2/chest_xray/chest_xray/train/PNEUMONIA/person447_virus_921_1.jpeg,1,VALID_MODALITY,train
C:/Users/Ankit/.cache/kagglehub/datasets/devbatrax/fracture-detection-using-x-ray-images/versions/1/data/train/not fractured/9-rotated1-rotated2-rotated1-rotated1.jpg,0,INVALID_MODALITY,train
C:/Users/Ankit/.cache/kagglehub/datasets/paultimothymooney/chest-xray-pneumonia/versions/2/chest_xray/chest_xray/test/NORMAL/IM-0070-0001.jpeg,1,VALID_MODALITY,train
C:/Users/Ankit/.cache/kagglehub/datasets/paultimothymooney/chest-xray-pneumonia/versions/2/chest_xray/chest_xray/train/PNEUMONIA/person82_virus_155.jpeg,1,VALID_MODALITY,train
C:/Users/Ankit/.cache/kagglehub/datasets/devbatrax/fracture-detection-using-x-ray-images/versions/1/data/train/fractured/10-rotated1-rotated2-rotated1.jpg,0,INVALID_MODALITY,train
C:/Users/Ankit/.cache/kagglehub/datasets/paultimothymooney/chest-xray-pneumonia/versions/2/chest_xray/train/NORMAL/IM-0539-0001.jpeg,1,VALID_MODALITY,train
C:/Users/Ankit/.cache/kagglehub/datasets/devbatrax/fracture-detection-using-x-ray-images/versions/1/data/train/fractured/18-rotated2-rotated1-rotated3.jpg,0,INVALID_MODALITY,train
C:/Users/Ankit/.cache/kagglehub/datasets/paultimothymooney/chest-xray-pneumonia/versions/2/chest_xray/train/PNEUMONIA/person1222_bacteria_3177.jpeg,1,VALID_MODALITY,train
C:/Users/Ankit/.cache/kagglehub/datasets/paultimothymooney/chest-xray-pneumonia/versions/2/chest_xray/chest_xray/train/PNEUMONIA/person1164_virus_1958.jpeg,1,VALID_MODALITY,train
C:/Users/Ankit/.cache/kagglehub/datasets/masoudnickparvar/brain-tumor-mri-dataset/versions/2/Training/meningioma/Tr-me_124.jpg,0,INVALID_MODALITY,val
C:/Users/Ankit/.cache/kagglehub/datasets/paultimothymooney/chest-xray-pneumonia/versions/2/chest_xray/chest_xray/train/NORMAL/IM-0643-0001.jpeg,1,VALID_MODALITY,train
C:/Users/Ankit/.cache/kagglehub/datasets/paultimothymooney/chest-xray-pneumonia/versions/2/chest_xray/chest_xray/train/PNEUMONIA/person337_bacteria_1561.jpeg,1,VALID_MODALITY,val
C:/Users/Ankit/.cache/kagglehub/datasets/devbatrax/fracture-detection-using-x-ray-images/versions/1/data/train/not fractured/31-rotated2-rotated3-rotated3.jpg,0,INVALID_MODALITY,train
C:/Users/Ankit/.cache/kagglehub/datasets/paultimothymooney/chest-xray-pneumonia/versions/2/chest_xray/chest_xray/test/PNEUMONIA/person1_virus_6.jpeg,1,VALID_MODALITY,train
C:/Users/Ankit/.cache/kagglehub/datasets/paultimothymooney/chest-xray-pneumonia/versions/2/chest_xray/chest_xray/train/PNEUMONIA/person1340_virus_2312.jpeg,1,VALID_MODALITY,val
C:/Users/Ankit/.cache/kagglehub/datasets/devbatrax/fracture-detection-using-x-ray-images/versions/1/data/train/not fractured/62-rotated2.jpg,0,INVALID_MODALITY,train
C:/Users/Ankit/.cache/kagglehub/datasets/masoudnickparvar/brain-tumor-mri-dataset/versions/2/Training/meningioma/Tr-me_528.jpg,0,INVALID_MODALITY,test
C:/Users/Ankit/.cache/kagglehub/datasets/masoudnickparvar/brain-tumor-mri-dataset/versions/2/Training/glioma/Tr-gl_1199.jpg,0,INVALID_MODALITY,train
C:/Users/Ankit/.cache/kagglehub/datasets/devbatrax/fracture-detection-using-x-ray-images/versions/1/data/train/fractured/74-rotated1-rotated3.jpg,0,INVALID_MODALITY,train
C:/Users/Ankit/.cache/kagglehub/datasets/paultimothymooney/chest-xray-pneumonia/versions/2/chest_xray/chest_xray/train/NORMAL/NORMAL2-IM-0911-0001.jpeg,1,VALID_MODALITY,train
C:/Users/Ankit/.cache/kagglehub/datasets/paultimothymooney/chest-xray-pneumonia/versions/2/chest_xray/train/PNEUMONIA/person33_bacteria_174.jpeg,1,VALID_MODALITY,train
C:/Users/Ankit/.cache/kagglehub/datasets/paultimothymooney/chest-xray-pneumonia/versions/2/chest_xray/train/PNEUMONIA/person1094_virus_1814.jpeg,1,VALID_MODALITY,train
C:/Users/Ankit/.cache/kagglehub/datasets/devbatrax/fracture-detection-using-x-ray-images/versions/1/data/train/not fractured/32-rotated1-rotated1-rotated1.jpg,0,INVALID_MODALITY,train
D:\anti gravity\Radionova\datasets\generic_negatives\generic_0129.jpg,0,INVALID_MODALITY,train
C:/Users/Ankit/.cache/kagglehub/datasets/paultimothymooney/chest-xray-pneumonia/versions/2/chest_xray/test/PNEUMONIA/person113_bacteria_540.jpeg,1,VALID_MODALITY,train
C:/Users/Ankit/.cache/kagglehub/datasets/masoudnickparvar/brain-tumor-mri-dataset/versions/2/Training/glioma/Tr-gl_622.jpg,0,INVALID_MODALITY,train
D:\anti gravity\Radionova\datasets\generic_negatives\generic_0085.jpg,0,INVALID_MODALITY,val
C:/Users/Ankit/.cache/kagglehub/datasets/paultimothymooney/chest-xray-pneumonia/versions/2/chest_xray/chest_xray/train/NORMAL/NORMAL2-IM-0890-0001.jpeg,1,VALID_MODALITY,test
D:\anti gravity\Radionova\datasets\generic_negatives\generic_0297.jpg,0,INVALID_MODALITY,train
C:/Users/Ankit/.cache/kagglehub/datasets/devbatrax/fracture-detection-using-x-ray-images/versions/1/data/train/fractured/56-rotated2-rotated1-rotated3.jpg,0,INVALID_MODALITY,train
D:\anti gravity\Radionova\datasets\generic_negatives\generic_0153.jpg,0,INVALID_MODALITY,train
C:/Users/Ankit/.cache/kagglehub/datasets/paultimothymooney/chest-xray-pneumonia/versions/2/chest_xray/chest_xray/train/PNEUMONIA/person563_bacteria_2333.jpeg,1,VALID_MODALITY,train
C:/Users/Ankit/.cache/kagglehub/datasets/paultimothymooney/chest-xray-pneumonia/versions/2/chest_xray/train/PNEUMONIA/person1449_bacteria_3745.jpeg,1,VALID_MODALITY,train
C:/Users/Ankit/.cache/kagglehub/datasets/paultimothymooney/chest-xray-pneumonia/versions/2/chest_xray/chest_xray/train/PNEUMONIA/person1561_bacteria_4077.jpeg,1,VALID_MODALITY,test
C:/Users/Ankit/.cache/kagglehub/datasets/devbatrax/fracture-detection-using-x-ray-images/versions/1/data/train/not fractured/12-rotated3-rotated1-rotated2.jpg,0,INVALID_MODALITY,train
C:/Users/Ankit/.cache/kagglehub/datasets/paultimothymooney/chest-xray-pneumonia/versions/2/chest_xray/train/NORMAL/NORMAL2-IM-0824-0001.jpeg,1,VALID_MODALITY,val
C:/Users/Ankit/.cache/kagglehub/datasets/paultimothymooney/chest-xray-pneumonia/versions/2/chest_xray/test/PNEUMONIA/person150_bacteria_716.jpeg,1,VALID_MODALITY,train
C:/Users/Ankit/.cache/kagglehub/datasets/masoudnickparvar/brain-tumor-mri-dataset/versions/2/Testing/glioma/Te-gl_81.jpg,0,INVALID_MODALITY,val
C:/Users/Ankit/.cache/kagglehub/datasets/masoudnickparvar/brain-tumor-mri-dataset/versions/2/Training/pituitary/Tr-pi_494.jpg,0,INVALID_MODALITY,train
C:/Users/Ankit/.cache/kagglehub/datasets/paultimothymooney/chest-xray-pneumonia/versions/2/chest_xray/chest_xray/train/NORMAL/NORMAL2-IM-1039-0001.jpeg,1,VALID_MODALITY,train
D:\anti gravity\Radionova\datasets\generic_negatives\generic_0290.jpg,0,INVALID_MODALITY,train
C:/Users/Ankit/.cache/kagglehub/datasets/paultimothymooney/chest-xray-pneumonia/versions/2/chest_xray/train/PNEUMONIA/person665_virus_1250.jpeg,1,VALID_MODALITY,val
C:/Users/Ankit/.cache/kagglehub/datasets/devbatrax/fracture-detection-using-x-ray-images/versions/1/data/train/not fractured/6-rotated3-rotated1-rotated3-rotated1.jpg,0,INVALID_MODALITY,train
C:/Users/Ankit/.cache/kagglehub/datasets/paultimothymooney/chest-xray-pneumonia/versions/2/chest_xray/train/PNEUMONIA/person315_bacteria_1467.jpeg,1,VALID_MODALITY,train
C:/Users/Ankit/.cache/kagglehub/datasets/devbatrax/fracture-detection-using-x-ray-images/versions/1/data/train/fractured/84-rotated2-rotated2-rotated1.jpg,0,INVALID_MODALITY,train
C:/Users/Ankit/.cache/kagglehub/datasets/devbatrax/fracture-detection-using-x-ray-images/versions/1/data/train/not fractured/12-rotated1-rotated2-rotated3.jpg,0,INVALID_MODALITY,train
C:/Users/Ankit/.cache/kagglehub/datasets/paultimothymooney/chest-xray-pneumonia/versions/2/chest_xray/train/PNEUMONIA/person296_bacteria_1394.jpeg,1,VALID_MODALITY,train
C:/Users/Ankit/.cache/kagglehub/datasets/paultimothymooney/chest-xray-pneumonia/versions/2/chest_xray/chest_xray/train/PNEUMONIA/person944_bacteria_2869.jpeg,1,VALID_MODALITY,val
C:/Users/Ankit/.cache/kagglehub/datasets/devbatrax/fracture-detection-using-x-ray-images/versions/1/data/train/not fractured/24-rotated3-rotated1-rotated1-rotated1.jpg,0,INVALID_MODALITY,train
C:/Users/Ankit/.cache/kagglehub/datasets/devbatrax/fracture-detection-using-x-ray-images/versions/1/data/train/fractured/115-rotated1-rotated1-rotated3.jpg,0,INVALID_MODALITY,train
C:/Users/Ankit/.cache/kagglehub/datasets/paultimothymooney/chest-xray-pneumonia/versions/2/chest_xray/chest_xray/train/NORMAL/IM-0569-0001.jpeg,1,VALID_MODALITY,train
C:/Users/Ankit/.cache/kagglehub/datasets/devbatrax/fracture-detection-using-x-ray-images/versions/1/data/train/fractured/79-rotated1-rotated2-rotated1.jpg,0,INVALID_MODALITY,train
C:/Users/Ankit/.cache/kagglehub/datasets/devbatrax/fracture-detection-using-x-ray-images/versions/1/data/train/not fractured/28-rotated3-rotated3-rotated2.jpg,0,INVALID_MODALITY,val
C:/Users/Ankit/.cache/kagglehub/datasets/paultimothymooney/chest-xray-pneumonia/versions/2/chest_xray/chest_xray/train/PNEUMONIA/person660_bacteria_2552.jpeg,1,VALID_MODALITY,train
C:/Users/Ankit/.cache/kagglehub/datasets/paultimothymooney/chest-xray-pneumonia/versions/2/chest_xray/chest_xray/train/PNEUMONIA/person607_bacteria_2470.jpeg,1,VALID_MODALITY,train
D:\anti gravity\Radionova\datasets\generic_negatives\generic_0387.jpg,0,INVALID_MODALITY,train
C:/Users/Ankit/.cache/kagglehub/datasets/devbatrax/fracture-detection-using-x-ray-images/versions/1/data/train/not fractured/41-rotated1-rotated1-rotated3.jpg,0,INVALID_MODALITY,val
C:/Users/Ankit/.cache/kagglehub/datasets/devbatrax/fracture-detection-using-x-ray-images/versions/1/data/train/not fractured/27-rotated1-rotated2-rotated1.jpg,0,INVALID_MODALITY,train
C:/Users/Ankit/.cache/kagglehub/datasets/paultimothymooney/chest-xray-pneumonia/versions/2/chest_xray/train/PNEUMONIA/person1270_virus_2163.jpeg,1,VALID_MODALITY,train
C:/Users/Ankit/.cache/kagglehub/datasets/masoudnickparvar/brain-tumor-mri-dataset/versions/2/Training/glioma/Tr-gl_534.jpg,0,INVALID_MODALITY,train
C:/Users/Ankit/.cache/kagglehub/datasets/paultimothymooney/chest-xray-pneumonia/versions/2/chest_xray/chest_xray/train/PNEUMONIA/person9_bacteria_40.jpeg,1,VALID_MODALITY,train
C:/Users/Ankit/.cache/kagglehub/datasets/paultimothymooney/chest-xray-pneumonia/versions/2/chest_xray/train/NORMAL/IM-0748-0001.jpeg,1,VALID_MODALITY,train
C:/Users/Ankit/.cache/kagglehub/datasets/paultimothymooney/chest-xray-pneumonia/versions/2/chest_xray/chest_xray/train/PNEUMONIA/person459_virus_947.jpeg,1,VALID_MODALITY,train
C:/Users/Ankit/.cache/kagglehub/datasets/paultimothymooney/chest-xray-pneumonia/versions/2/chest_xray/train/PNEUMONIA/person500_bacteria_2106.jpeg,1,VALID_MODALITY,val
C:/Users/Ankit/.cache/kagglehub/datasets/masoudnickparvar/brain-tumor-mri-dataset/versions/2/Training/glioma/Tr-gl_1136.jpg,0,INVALID_MODALITY,train
C:/Users/Ankit/.cache/kagglehub/datasets/paultimothymooney/chest-xray-pneumonia/versions/2/chest_xray/train/PNEUMONIA/person1520_virus_2647.jpeg,1,VALID_MODALITY,train
C:/Users/Ankit/.cache/kagglehub/datasets/paultimothymooney/chest-xray-pneumonia/versions/2/chest_xray/train/PNEUMONIA/person350_virus_725.jpeg,1,VALID_MODALITY,train
C:/Users/Ankit/.cache/kagglehub/datasets/devbatrax/fracture-detection-using-x-ray-images/versions/1/data/train/fractured/12-rotated2-rotated3-rotated2.jpg,0,INVALID_MODALITY,train
C:/Users/Ankit/.cache/kagglehub/datasets/paultimothymooney/chest-xray-pneumonia/versions/2/chest_xray/train/NORMAL/NORMAL2-IM-1008-0001.jpeg,1,VALID_MODALITY,train
C:/Users/Ankit/.cache/kagglehub/datasets/paultimothymooney/chest-xray-pneumonia/versions/2/chest_xray/chest_xray/train/NORMAL/NORMAL2-IM-0774-0001.jpeg,1,VALID_MODALITY,train
C:/Users/Ankit/.cache/kagglehub/datasets/paultimothymooney/chest-xray-pneumonia/versions/2/chest_xray/chest_xray/train/PNEUMONIA/person23_bacteria_90.jpeg,1,VALID_MODALITY,train
C:/Users/Ankit/.cache/kagglehub/datasets/masoudnickparvar/brain-tumor-mri-dataset/versions/2/Training/pituitary/Tr-pi_453.jpg,0,INVALID_MODALITY,val
D:\anti gravity\Radionova\datasets\generic_negatives\generic_0092.jpg,0,INVALID_MODALITY,test
C:/Users/Ankit/.cache/kagglehub/datasets/devbatrax/fracture-detection-using-x-ray-images/versions/1/data/train/not fractured/29-rotated2-rotated1-rotated3-rotated1.jpg,0,INVALID_MODALITY,val
C:/Users/Ankit/.cache/kagglehub/datasets/paultimothymooney/chest-xray-pneumonia/versions/2/chest_xray/chest_xray/train/PNEUMONIA/person346_virus_708.jpeg,1,VALID_MODALITY,train
C:/Users/Ankit/.cache/kagglehub/datasets/devbatrax/fracture-detection-using-x-ray-images/versions/1/data/train/not fractured/14.jpg,0,INVALID_MODALITY,val
C:/Users/Ankit/.cache/kagglehub/datasets/masoudnickparvar/brain-tumor-mri-dataset/versions/2/Training/glioma/Tr-gl_1392.jpg,0,INVALID_MODALITY,train
C:/Users/Ankit/.cache/kagglehub/datasets/paultimothymooney/chest-xray-pneumonia/versions/2/chest_xray/train/NORMAL/NORMAL2-IM-0907-0001.jpeg,1,VALID_MODALITY,train
C:/Users/Ankit/.cache/kagglehub/datasets/devbatrax/fracture-detection-using-x-ray-images/versions/1/data/train/not fractured/34-rotated3-rotated1-rotated1-rotated1.jpg,0,INVALID_MODALITY,test
C:/Users/Ankit/.cache/kagglehub/datasets/devbatrax/fracture-detection-using-x-ray-images/versions/1/data/train/fractured/49-rotated1-rotated1-rotated2.jpg,0,INVALID_MODALITY,train
C:/Users/Ankit/.cache/kagglehub/datasets/paultimothymooney/chest-xray-pneumonia/versions/2/chest_xray/train/PNEUMONIA/person341_bacteria_1577.jpeg,1,VALID_MODALITY,test
C:/Users/Ankit/.cache/kagglehub/datasets/paultimothymooney/chest-xray-pneumonia/versions/2/chest_xray/chest_xray/test/NORMAL/NORMAL2-IM-0256-0001.jpeg,1,VALID_MODALITY,train
C:/Users/Ankit/.cache/kagglehub/datasets/paultimothymooney/chest-xray-pneumonia/versions/2/chest_xray/train/PNEUMONIA/person567_bacteria_2353.jpeg,1,VALID_MODALITY,val
C:/Users/Ankit/.cache/kagglehub/datasets/paultimothymooney/chest-xray-pneumonia/versions/2/chest_xray/train/PNEUMONIA/person593_bacteria_2435.jpeg,1,VALID_MODALITY,test
D:\anti gravity\Radionova\datasets\generic_negatives\generic_0145.jpg,0,INVALID_MODALITY,train
C:/Users/Ankit/.cache/kagglehub/datasets/paultimothymooney/chest-xray-pneumonia/versions/2/chest_xray/chest_xray/test/PNEUMONIA/person94_bacteria_458.jpeg,1,VALID_MODALITY,test
C:/Users/Ankit/.cache/kagglehub/datasets/masoudnickparvar/brain-tumor-mri-dataset/versions/2/Training/glioma/Tr-gl_723.jpg,0,INVALID_MODALITY,train
C:/Users/Ankit/.cache/kagglehub/datasets/paultimothymooney/chest-xray-pneumonia/versions/2/chest_xray/train/PNEUMONIA/person1243_bacteria_3199.jpeg,1,VALID_MODALITY,test
C:/Users/Ankit/.cache/kagglehub/datasets/paultimothymooney/chest-xray-pneumonia/versions/2/chest_xray/chest_xray/train/NORMAL/IM-0365-0001.jpeg,1,VALID_MODALITY,train
C:/Users/Ankit/.cache/kagglehub/datasets/paultimothymooney/chest-xray-pneumonia/versions/2/chest_xray/chest_xray/test/PNEUMONIA/person134_bacteria_640.jpeg,1,VALID_MODALITY,train
D:\anti gravity\Radionova\datasets\generic_negatives\generic_0259.jpg,0,INVALID_MODALITY,train
D:\anti gravity\Radionova\datasets\generic_negatives\generic_0391.jpg,0,INVALID_MODALITY,train
C:/Users/Ankit/.cache/kagglehub/datasets/masoudnickparvar/brain-tumor-mri-dataset/versions/2/Training/meningioma/Tr-me_95.jpg,0,INVALID_MODALITY,train
C:/Users/Ankit/.cache/kagglehub/datasets/paultimothymooney/chest-xray-pneumonia/versions/2/chest_xray/chest_xray/train/PNEUMONIA/person74_bacteria_363.jpeg,1,VALID_MODALITY,train
C:/Users/Ankit/.cache/kagglehub/datasets/paultimothymooney/chest-xray-pneumonia/versions/2/chest_xray/chest_xray/train/PNEUMONIA/person7_bacteria_25.jpeg,1,VALID_MODALITY,train
C:/Users/Ankit/.cache/kagglehub/datasets/paultimothymooney/chest-xray-pneumonia/versions/2/chest_xray/test/PNEUMONIA/person78_virus_140.jpeg,1,VALID_MODALITY,train
C:/Users/Ankit/.cache/kagglehub/datasets/devbatrax/fracture-detection-using-x-ray-images/versions/1/data/train/fractured/49-rotated2-rotated1-rotated2.jpg,0,INVALID_MODALITY,train
C:/Users/Ankit/.cache/kagglehub/datasets/paultimothymooney/chest-xray-pneumonia/versions/2/chest_xray/chest_xray/train/NORMAL/NORMAL2-IM-1041-0001.jpeg,1,VALID_MODALITY,test
C:/Users/Ankit/.cache/kagglehub/datasets/paultimothymooney/chest-xray-pneumonia/versions/2/chest_xray/chest_xray/train/PNEUMONIA/person316_bacteria_1470.jpeg,1,VALID_MODALITY,train
C:/Users/Ankit/.cache/kagglehub/datasets/paultimothymooney/chest-xray-pneumonia/versions/2/chest_xray/chest_xray/train/NORMAL/NORMAL2-IM-0698-0001.jpeg,1,VALID_MODALITY,test
C:/Users/Ankit/.cache/kagglehub/datasets/paultimothymooney/chest-xray-pneumonia/versions/2/chest_xray/test/PNEUMONIA/person134_bacteria_643.jpeg,1,VALID_MODALITY,train
C:/Users/Ankit/.cache/kagglehub/datasets/devbatrax/fracture-detection-using-x-ray-images/versions/1/data/train/not fractured/22-rotated3-rotated2-rotated2-rotated1.jpg,0,INVALID_MODALITY,train
C:/Users/Ankit/.cache/kagglehub/datasets/masoudnickparvar/brain-tumor-mri-dataset/versions/2/Testing/glioma/Te-gl_356.jpg,0,INVALID_MODALITY,train
C:/Users/Ankit/.cache/kagglehub/datasets/masoudnickparvar/brain-tumor-mri-dataset/versions/2/Testing/meningioma/Te-me_149.jpg,0,INVALID_MODALITY,val
C:/Users/Ankit/.cache/kagglehub/datasets/devbatrax/fracture-detection-using-x-ray-images/versions/1/data/train/not fractured/14-rotated2-rotated3-rotated2-rotated1.jpg,0,INVALID_MODALITY,train
C:/Users/Ankit/.cache/kagglehub/datasets/paultimothymooney/chest-xray-pneumonia/versions/2/chest_xray/chest_xray/train/NORMAL/IM-0728-0001.jpeg,1,VALID_MODALITY,test
C:/Users/Ankit/.cache/kagglehub/datasets/paultimothymooney/chest-xray-pneumonia/versions/2/chest_xray/chest_xray/train/NORMAL/NORMAL2-IM-1128-0001-0002.jpeg,1,VALID_MODALITY,train
C:/Users/Ankit/.cache/kagglehub/datasets/paultimothymooney/chest-xray-pneumonia/versions/2/chest_xray/chest_xray/train/PNEUMONIA/person458_bacteria_1954.jpeg,1,VALID_MODALITY,train
C:/Users/Ankit/.cache/kagglehub/datasets/paultimothymooney/chest-xray-pneumonia/versions/2/chest_xray/train/PNEUMONIA/person492_bacteria_2085.jpeg,1,VALID_MODALITY,train
C:/Users/Ankit/.cache/kagglehub/datasets/devbatrax/fracture-detection-using-x-ray-images/versions/1/data/train/not fractured/46-rotated2-rotated2-rotated3-rotated1.jpg,0,INVALID_MODALITY,train
C:/Users/Ankit/.cache/kagglehub/datasets/masoudnickparvar/brain-tumor-mri-dataset/versions/2/Training/glioma/Tr-gl_576.jpg,0,INVALID_MODALITY,test
C:/Users/Ankit/.cache/kagglehub/datasets/paultimothymooney/chest-xray-pneumonia/versions/2/chest_xray/test/PNEUMONIA/person1618_virus_2805.jpeg,1,VALID_MODALITY,train
C:/Users/Ankit/.cache/kagglehub/datasets/devbatrax/fracture-detection-using-x-ray-images/versions/1/data/train/fractured/93-rotated2.jpg,0,INVALID_MODALITY,train
C:/Users/Ankit/.cache/kagglehub/datasets/paultimothymooney/chest-xray-pneumonia/versions/2/chest_xray/train/NORMAL/NORMAL2-IM-1105-0001.jpeg,1,VALID_MODALITY,train
C:/Users/Ankit/.cache/kagglehub/datasets/devbatrax/fracture-detection-using-x-ray-images/versions/1/data/val/fractured/7-rotated1-rotated2-rotated3.jpg,0,INVALID_MODALITY,train
C:/Users/Ankit/.cache/kagglehub/datasets/paultimothymooney/chest-xray-pneumonia/versions/2/chest_xray/chest_xray/train/NORMAL/NORMAL2-IM-0882-0001.jpeg,1,VALID_MODALITY,train
C:/Users/Ankit/.cache/kagglehub/datasets/paultimothymooney/chest-xray-pneumonia/versions/2/chest_xray/chest_xray/train/NORMAL/IM-0578-0001.jpeg,1,VALID_MODALITY,train
D:\anti gravity\Radionova\datasets\generic_negatives\generic_0182.jpg,0,INVALID_MODALITY,val
C:/Users/Ankit/.cache/kagglehub/datasets/paultimothymooney/chest-xray-pneumonia/versions/2/chest_xray/chest_xray/train/NORMAL/NORMAL2-IM-0486-0001.jpeg,1,VALID_MODALITY,test
C:/Users/Ankit/.cache/kagglehub/datasets/devbatrax/fracture-detection-using-x-ray-images/versions/1/data/train/not fractured/22-rotated3-rotated1-rotated3.jpg,0,INVALID_MODALITY,train
C:/Users/Ankit/.cache/kagglehub/datasets/devbatrax/fracture-detection-using-x-ray-images/versions/1/data/train/fractured/116-rotated3-rotated1-rotated2.jpg,0,INVALID_MODALITY,train
C:/Users/Ankit/.cache/kagglehub/datasets/masoudnickparvar/brain-tumor-mri-dataset/versions/2/Testing/glioma/Te-gl_274.jpg,0,INVALID_MODALITY,train
D:\anti gravity\Radionova\datasets\generic_negatives\generic_0136.jpg,0,INVALID_MODALITY,val
C:/Users/Ankit/.cache/kagglehub/datasets/paultimothymooney/chest-xray-pneumonia/versions/2/chest_xray/chest_xray/train/PNEUMONIA/person530_bacteria_2233.jpeg,1,VALID_MODALITY,train
C:/Users/Ankit/.cache/kagglehub/datasets/paultimothymooney/chest-xray-pneumonia/versions/2/chest_xray/chest_xray/train/PNEUMONIA/person1208_bacteria_3160.jpeg,1,VALID_MODALITY,val
C:/Users/Ankit/.cache/kagglehub/datasets/paultimothymooney/chest-xray-pneumonia/versions/2/chest_xray/chest_xray/val/PNEUMONIA/person1954_bacteria_4886.jpeg,1,VALID_MODALITY,train
C:/Users/Ankit/.cache/kagglehub/datasets/paultimothymooney/chest-xray-pneumonia/versions/2/chest_xray/train/PNEUMONIA/person1638_bacteria_4340.jpeg,1,VALID_MODALITY,train
C:/Users/Ankit/.cache/kagglehub/datasets/paultimothymooney/chest-xray-pneumonia/versions/2/chest_xray/chest_xray/train/PNEUMONIA/person77_bacteria_375.jpeg,1,VALID_MODALITY,train
C:/Users/Ankit/.cache/kagglehub/datasets/paultimothymooney/chest-xray-pneumonia/versions/2/chest_xray/chest_xray/train/PNEUMONIA/person470_bacteria_2000.jpeg,1,VALID_MODALITY,train
C:/Users/Ankit/.cache/kagglehub/datasets/paultimothymooney/chest-xray-pneumonia/versions/2/chest_xray/train/NORMAL/NORMAL2-IM-1043-0001.jpeg,1,VALID_MODALITY,train
C:/Users/Ankit/.cache/kagglehub/datasets/paultimothymooney/chest-xray-pneumonia/versions/2/chest_xray/chest_xray/train/NORMAL/NORMAL2-IM-1307-0001.jpeg,1,VALID_MODALITY,train
C:/Users/Ankit/.cache/kagglehub/datasets/devbatrax/fracture-detection-using-x-ray-images/versions/1/data/train/not fractured/62.jpg,0,INVALID_MODALITY,test
D:\anti gravity\Radionova\datasets\generic_negatives\generic_0274.jpg,0,INVALID_MODALITY,val
C:/Users/Ankit/.cache/kagglehub/datasets/paultimothymooney/chest-xray-pneumonia/versions/2/chest_xray/train/PNEUMONIA/person707_virus_1305.jpeg,1,VALID_MODALITY,train
C:/Users/Ankit/.cache/kagglehub/datasets/paultimothymooney/chest-xray-pneumonia/versions/2/chest_xray/chest_xray/train/PNEUMONIA/person71_bacteria_349.jpeg,1,VALID_MODALITY,train
C:/Users/Ankit/.cache/kagglehub/datasets/masoudnickparvar/brain-tumor-mri-dataset/versions/2/Testing/glioma/Te-gl_271.jpg,0,INVALID_MODALITY,train
C:/Users/Ankit/.cache/kagglehub/datasets/devbatrax/fracture-detection-using-x-ray-images/versions/1/data/train/fractured/35-rotated3-rotated2.jpg,0,INVALID_MODALITY,train
C:/Users/Ankit/.cache/kagglehub/datasets/masoudnickparvar/brain-tumor-mri-dataset/versions/2/Testing/glioma/Te-gl_204.jpg,0,INVALID_MODALITY,val
C:/Users/Ankit/.cache/kagglehub/datasets/paultimothymooney/chest-xray-pneumonia/versions/2/chest_xray/chest_xray/train/PNEUMONIA/person956_virus_1628.jpeg,1,VALID_MODALITY,test
C:/Users/Ankit/.cache/kagglehub/datasets/paultimothymooney/chest-xray-pneumonia/versions/2/chest_xray/chest_xray/train/PNEUMONIA/person445_virus_912.jpeg,1,VALID_MODALITY,train
C:/Users/Ankit/.cache/kagglehub/datasets/masoudnickparvar/brain-tumor-mri-dataset/versions/2/Training/meningioma/Tr-me_1028.jpg,0,INVALID_MODALITY,train
C:/Users/Ankit/.cache/kagglehub/datasets/devbatrax/fracture-detection-using-x-ray-images/versions/1/data/train/fractured/39-rotated1-rotated1-rotated3.jpg,0,INVALID_MODALITY,train
C:/Users/Ankit/.cache/kagglehub/datasets/paultimothymooney/chest-xray-pneumonia/versions/2/chest_xray/chest_xray/train/PNEUMONIA/person75_bacteria_366.jpeg,1,VALID_MODALITY,train
C:/Users/Ankit/.cache/kagglehub/datasets/masoudnickparvar/brain-tumor-mri-dataset/versions/2/Training/meningioma/Tr-me_870.jpg,0,INVALID_MODALITY,train
C:/Users/Ankit/.cache/kagglehub/datasets/paultimothymooney/chest-xray-pneumonia/versions/2/chest_xray/chest_xray/train/PNEUMONIA/person347_bacteria_1595.jpeg,1,VALID_MODALITY,train
C:/Users/Ankit/.cache/kagglehub/datasets/devbatrax/fracture-detection-using-x-ray-images/versions/1/data/train/not fractured/15-rotated1-rotated2.jpg,0,INVALID_MODALITY,train
C:/Users/Ankit/.cache/kagglehub/datasets/paultimothymooney/chest-xray-pneumonia/versions/2/chest_xray/chest_xray/train/PNEUMONIA/person35_bacteria_181.jpeg,1,VALID_MODALITY,train
C:/Users/Ankit/.cache/kagglehub/datasets/devbatrax/fracture-detection-using-x-ray-images/versions/1/data/train/fractured/117-rotated2-rotated2.jpg,0,INVALID_MODALITY,train
C:/Users/Ankit/.cache/kagglehub/datasets/devbatrax/fracture-detection-using-x-ray-images/versions/1/data/train/not fractured/63-rotated1-rotated1.jpg,0,INVALID_MODALITY,train
C:/Users/Ankit/.cache/kagglehub/datasets/paultimothymooney/chest-xray-pneumonia/versions/2/chest_xray/chest_xray/train/PNEUMONIA/person124_virus_246.jpeg,1,VALID_MODALITY,train
C:/Users/Ankit/.cache/kagglehub/datasets/paultimothymooney/chest-xray-pneumonia/versions/2/chest_xray/chest_xray/test/PNEUMONIA/person17_virus_48.jpeg,1,VALID_MODALITY,val
C:/Users/Ankit/.cache/kagglehub/datasets/paultimothymooney/chest-xray-pneumonia/versions/2/chest_xray/chest_xray/train/NORMAL/IM-0304-0001.jpeg,1,VALID_MODALITY,train
C:/Users/Ankit/.cache/kagglehub/datasets/paultimothymooney/chest-xray-pneumonia/versions/2/chest_xray/chest_xray/train/PNEUMONIA/person637_bacteria_2529.jpeg,1,VALID_MODALITY,test
C:/Users/Ankit/.cache/kagglehub/datasets/masoudnickparvar/brain-tumor-mri-dataset/versions/2/Training/glioma/Tr-gl_1112.jpg,0,INVALID_MODALITY,train
C:/Users/Ankit/.cache/kagglehub/datasets/paultimothymooney/chest-xray-pneumonia/versions/2/chest_xray/chest_xray/train/PNEUMONIA/person475_bacteria_2022.jpeg,1,VALID_MODALITY,val
D:\anti gravity\Radionova\datasets\generic_negatives\generic_0014.jpg,0,INVALID_MODALITY,val
C:/Users/Ankit/.cache/kagglehub/datasets/devbatrax/fracture-detection-using-x-ray-images/versions/1/data/train/fractured/59-rotated1-rotated3-rotated2.jpg,0,INVALID_MODALITY,train
C:/Users/Ankit/.cache/kagglehub/datasets/paultimothymooney/chest-xray-pneumonia/versions/2/chest_xray/train/NORMAL/NORMAL2-IM-1334-0001.jpeg,1,VALID_MODALITY,train
C:/Users/Ankit/.cache/kagglehub/datasets/devbatrax/fracture-detection-using-x-ray-images/versions/1/data/train/not fractured/7-rotated1-rotated2-rotated3-rotated1.jpg,0,INVALID_MODALITY,train
C:/Users/Ankit/.cache/kagglehub/datasets/paultimothymooney/chest-xray-pneumonia/versions/2/chest_xray/chest_xray/train/PNEUMONIA/person508_bacteria_2142.jpeg,1,VALID_MODALITY,train
C:/Users/Ankit/.cache/kagglehub/datasets/devbatrax/fracture-detection-using-x-ray-images/versions/1/data/train/fractured/38-rotated1-rotated3-rotated1.jpg,0,INVALID_MODALITY,test
C:/Users/Ankit/.cache/kagglehub/datasets/paultimothymooney/chest-xray-pneumonia/versions/2/chest_xray/chest_xray/train/PNEUMONIA/person1089_bacteria_3029.jpeg,1,VALID_MODALITY,train
C:/Users/Ankit/.cache/kagglehub/datasets/paultimothymooney/chest-xray-pneumonia/versions/2/chest_xray/chest_xray/test/PNEUMONIA/person141_bacteria_681.jpeg,1,VALID_MODALITY,train
C:/Users/Ankit/.cache/kagglehub/datasets/paultimothymooney/chest-xray-pneumonia/versions/2/chest_xray/chest_xray/train/NORMAL/NORMAL2-IM-0908-0001.jpeg,1,VALID_MODALITY,train
C:/Users/Ankit/.cache/kagglehub/datasets/paultimothymooney/chest-xray-pneumonia/versions/2/chest_xray/chest_xray/train/PNEUMONIA/person563_bacteria_2338.jpeg,1,VALID_MODALITY,val
C:/Users/Ankit/.cache/kagglehub/datasets/devbatrax/fracture-detection-using-x-ray-images/versions/1/data/train/fractured/86-rotated3-rotated3-rotated2.jpg,0,INVALID_MODALITY,train
C:/Users/Ankit/.cache/kagglehub/datasets/masoudnickparvar/brain-tumor-mri-dataset/versions/2/Training/meningioma/Tr-me_241.jpg,0,INVALID_MODALITY,train
C:/Users/Ankit/.cache/kagglehub/datasets/paultimothymooney/chest-xray-pneumonia/versions/2/chest_xray/train/PNEUMONIA/person416_virus_849.jpeg,1,VALID_MODALITY,train
C:/Users/Ankit/.cache/kagglehub/datasets/devbatrax/fracture-detection-using-x-ray-images/versions/1/data/train/not fractured/22-rotated1-rotated1-rotated2.jpg,0,INVALID_MODALITY,train
D:\anti gravity\Radionova\datasets\generic_negatives\generic_0202.jpg,0,INVALID_MODALITY,val
C:/Users/Ankit/.cache/kagglehub/datasets/paultimothymooney/chest-xray-pneumonia/versions/2/chest_xray/chest_xray/test/NORMAL/IM-0073-0001.jpeg,1,VALID_MODALITY,train
C:/Users/Ankit/.cache/kagglehub/datasets/paultimothymooney/chest-xray-pneumonia/versions/2/chest_xray/chest_xray/train/NORMAL/IM-0314-0001.jpeg,1,VALID_MODALITY,test
C:/Users/Ankit/.cache/kagglehub/datasets/devbatrax/fracture-detection-using-x-ray-images/versions/1/data/train/fractured/91-rotated1-rotated1.jpg,0,INVALID_MODALITY,train
C:/Users/Ankit/.cache/kagglehub/datasets/devbatrax/fracture-detection-using-x-ray-images/versions/1/data/train/not fractured/5-rotated3-rotated1-rotated2-rotated1.jpg,0,INVALID_MODALITY,train
C:/Users/Ankit/.cache/kagglehub/datasets/devbatrax/fracture-detection-using-x-ray-images/versions/1/data/train/not fractured/30-rotated3-rotated1-rotated1-rotated1.jpg,0,INVALID_MODALITY,train
C:/Users/Ankit/.cache/kagglehub/datasets/devbatrax/fracture-detection-using-x-ray-images/versions/1/data/train/not fractured/20-rotated1-rotated2-rotated2-rotated1.jpg,0,INVALID_MODALITY,train
C:/Users/Ankit/.cache/kagglehub/datasets/paultimothymooney/chest-xray-pneumonia/versions/2/chest_xray/test/NORMAL/NORMAL2-IM-0256-0001.jpeg,1,VALID_MODALITY,train
C:/Users/Ankit/.cache/kagglehub/datasets/paultimothymooney/chest-xray-pneumonia/versions/2/chest_xray/train/PNEUMONIA/person803_virus_1436.jpeg,1,VALID_MODALITY,val
C:/Users/Ankit/.cache/kagglehub/datasets/paultimothymooney/chest-xray-pneumonia/versions/2/chest_xray/chest_xray/train/NORMAL/IM-0497-0001.jpeg,1,VALID_MODALITY,test
C:/Users/Ankit/.cache/kagglehub/datasets/masoudnickparvar/brain-tumor-mri-dataset/versions/2/Training/meningioma/Tr-me_524.jpg,0,INVALID_MODALITY,train
C:/Users/Ankit/.cache/kagglehub/datasets/paultimothymooney/chest-xray-pneumonia/versions/2/chest_xray/train/PNEUMONIA/person525_bacteria_2218.jpeg,1,VALID_MODALITY,train
C:/Users/Ankit/.cache/kagglehub/datasets/devbatrax/fracture-detection-using-x-ray-images/versions/1/data/train/not fractured/13-rotated3-rotated1-rotated3-rotated1.jpg,0,INVALID_MODALITY,train
C:/Users/Ankit/.cache/kagglehub/datasets/paultimothymooney/chest-xray-pneumonia/versions/2/chest_xray/train/PNEUMONIA/person747_virus_1372.jpeg,1,VALID_MODALITY,train
D:\anti gravity\Radionova\datasets\generic_negatives\generic_0091.jpg,0,INVALID_MODALITY,train
C:/Users/Ankit/.cache/kagglehub/datasets/paultimothymooney/chest-xray-pneumonia/versions/2/chest_xray/chest_xray/train/PNEUMONIA/person1242_bacteria_3198.jpeg,1,VALID_MODALITY,train
C:/Users/Ankit/.cache/kagglehub/datasets/devbatrax/fracture-detection-using-x-ray-images/versions/1/data/train/fractured/101-rotated2-rotated3-rotated3.jpg,0,INVALID_MODALITY,test
C:/Users/Ankit/.cache/kagglehub/datasets/paultimothymooney/chest-xray-pneumonia/versions/2/chest_xray/train/PNEUMONIA/person328_bacteria_1514.jpeg,1,VALID_MODALITY,train
C:/Users/Ankit/.cache/kagglehub/datasets/paultimothymooney/chest-xray-pneumonia/versions/2/chest_xray/train/NORMAL/NORMAL2-IM-0663-0001.jpeg,1,VALID_MODALITY,test
C:/Users/Ankit/.cache/kagglehub/datasets/devbatrax/fracture-detection-using-x-ray-images/versions/1/data/train/not fractured/24-rotated3-rotated3.jpg,0,INVALID_MODALITY,train
C:/Users/Ankit/.cache/kagglehub/datasets/devbatrax/fracture-detection-using-x-ray-images/versions/1/data/train/fractured/35-rotated3-rotated3-rotated3.jpg,0,INVALID_MODALITY,train
D:\anti gravity\Radionova\datasets\generic_negatives\generic_0223.jpg,0,INVALID_MODALITY,val
C:/Users/Ankit/.cache/kagglehub/datasets/paultimothymooney/chest-xray-pneumonia/versions/2/chest_xray/train/PNEUMONIA/person1270_bacteria_3230.jpeg,1,VALID_MODALITY,train
C:/Users/Ankit/.cache/kagglehub/datasets/paultimothymooney/chest-xray-pneumonia/versions/2/chest_xray/train/NORMAL/NORMAL2-IM-1244-0001.jpeg,1,VALID_MODALITY,test
C:/Users/Ankit/.cache/kagglehub/datasets/devbatrax/fracture-detection-using-x-ray-images/versions/1/data/train/fractured/28-rotated3-rotated3-rotated3.jpg,0,INVALID_MODALITY,train
C:/Users/Ankit/.cache/kagglehub/datasets/paultimothymooney/chest-xray-pneumonia/versions/2/chest_xray/chest_xray/train/NORMAL/IM-0512-0001.jpeg,1,VALID_MODALITY,test
C:/Users/Ankit/.cache/kagglehub/datasets/devbatrax/fracture-detection-using-x-ray-images/versions/1/data/train/fractured/82-rotated3-rotated1-rotated2.jpg,0,INVALID_MODALITY,train
D:\anti gravity\Radionova\datasets\generic_negatives\generic_0188.jpg,0,INVALID_MODALITY,train
C:/Users/Ankit/.cache/kagglehub/datasets/masoudnickparvar/brain-tumor-mri-dataset/versions/2/Testing/meningioma/Te-me_109.jpg,0,INVALID_MODALITY,train
C:/Users/Ankit/.cache/kagglehub/datasets/devbatrax/fracture-detection-using-x-ray-images/versions/1/data/train/fractured/99-rotated1-rotated1-rotated1.jpg,0,INVALID_MODALITY,train
C:/Users/Ankit/.cache/kagglehub/datasets/paultimothymooney/chest-xray-pneumonia/versions/2/chest_xray/train/PNEUMONIA/person1050_bacteria_2984.jpeg,1,VALID_MODALITY,train
C:/Users/Ankit/.cache/kagglehub/datasets/devbatrax/fracture-detection-using-x-ray-images/versions/1/data/train/fractured/94-rotated3-rotated3-rotated2.jpg,0,INVALID_MODALITY,train
C:/Users/Ankit/.cache/kagglehub/datasets/paultimothymooney/chest-xray-pneumonia/versions/2/chest_xray/chest_xray/train/PNEUMONIA/person597_bacteria_2450.jpeg,1,VALID_MODALITY,val
D:\anti gravity\Radionova\datasets\generic_negatives\generic_0349.jpg,0,INVALID_MODALITY,val
C:/Users/Ankit/.cache/kagglehub/datasets/devbatrax/fracture-detection-using-x-ray-images/versions/1/data/train/not fractured/38-rotated1-rotated3-rotated2.jpg,0,INVALID_MODALITY,val
C:/Users/Ankit/.cache/kagglehub/datasets/paultimothymooney/chest-xray-pneumonia/versions/2/chest_xray/chest_xray/test/PNEUMONIA/person152_bacteria_723.jpeg,1,VALID_MODALITY,val
C:/Users/Ankit/.cache/kagglehub/datasets/devbatrax/fracture-detection-using-x-ray-images/versions/1/data/train/not fractured/19-rotated2-rotated3-rotated2.jpg,0,INVALID_MODALITY,train
C:/Users/Ankit/.cache/kagglehub/datasets/masoudnickparvar/brain-tumor-mri-dataset/versions/2/Training/meningioma/Tr-me_638.jpg,0,INVALID_MODALITY,train
C:/Users/Ankit/.cache/kagglehub/datasets/paultimothymooney/chest-xray-pneumonia/versions/2/chest_xray/train/PNEUMONIA/person337_bacteria_1564.jpeg,1,VALID_MODALITY,test
C:/Users/Ankit/.cache/kagglehub/datasets/paultimothymooney/chest-xray-pneumonia/versions/2/chest_xray/chest_xray/train/NORMAL/NORMAL2-IM-0450-0001.jpeg,1,VALID_MODALITY,train
C:/Users/Ankit/.cache/kagglehub/datasets/paultimothymooney/chest-xray-pneumonia/versions/2/chest_xray/chest_xray/test/PNEUMONIA/person1662_virus_2875.jpeg,1,VALID_MODALITY,train
C:/Users/Ankit/.cache/kagglehub/datasets/devbatrax/fracture-detection-using-x-ray-images/versions/1/data/train/not fractured/68-rotated3-rotated2-rotated3.jpg,0,INVALID_MODALITY,test
C:/Users/Ankit/.cache/kagglehub/datasets/devbatrax/fracture-detection-using-x-ray-images/versions/1/data/train/fractured/89-rotated2-rotated3-rotated3.jpg,0,INVALID_MODALITY,test
C:/Users/Ankit/.cache/kagglehub/datasets/paultimothymooney/chest-xray-pneumonia/versions/2/chest_xray/train/NORMAL/IM-0734-0001.jpeg,1,VALID_MODALITY,train
C:/Users/Ankit/.cache/kagglehub/datasets/masoudnickparvar/brain-tumor-mri-dataset/versions/2/Training/pituitary/Tr-pi_695.jpg,0,INVALID_MODALITY,test
D:\anti gravity\Radionova\datasets\generic_negatives\generic_0138.jpg,0,INVALID_MODALITY,train
C:/Users/Ankit/.cache/kagglehub/datasets/paultimothymooney/chest-xray-pneumonia/versions/2/chest_xray/train/PNEUMONIA/person322_virus_655.jpeg,1,VALID_MODALITY,train
C:/Users/Ankit/.cache/kagglehub/datasets/devbatrax/fracture-detection-using-x-ray-images/versions/1/data/train/not fractured/30-rotated1-rotated1-rotated2-rotated1.jpg,0,INVALID_MODALITY,train
C:/Users/Ankit/.cache/kagglehub/datasets/devbatrax/fracture-detection-using-x-ray-images/versions/1/data/train/fractured/24-rotated2-rotated1-rotated1.jpg,0,INVALID_MODALITY,train
C:/Users/Ankit/.cache/kagglehub/datasets/paultimothymooney/chest-xray-pneumonia/versions/2/chest_xray/train/PNEUMONIA/person829_bacteria_2740.jpeg,1,VALID_MODALITY,train
C:/Users/Ankit/.cache/kagglehub/datasets/paultimothymooney/chest-xray-pneumonia/versions/2/chest_xray/train/PNEUMONIA/person298_bacteria_1409.jpeg,1,VALID_MODALITY,val
C:/Users/Ankit/.cache/kagglehub/datasets/paultimothymooney/chest-xray-pneumonia/versions/2/chest_xray/train/PNEUMONIA/person313_bacteria_1460.jpeg,1,VALID_MODALITY,test
C:/Users/Ankit/.cache/kagglehub/datasets/paultimothymooney/chest-xray-pneumonia/versions/2/chest_xray/chest_xray/train/NORMAL/IM-0140-0001.jpeg,1,VALID_MODALITY,train
D:\anti gravity\Radionova\datasets\generic_negatives\generic_0293.jpg,0,INVALID_MODALITY,train
C:/Users/Ankit/.cache/kagglehub/datasets/paultimothymooney/chest-xray-pneumonia/versions/2/chest_xray/test/PNEUMONIA/person1619_virus_2806.jpeg,1,VALID_MODALITY,val
C:/Users/Ankit/.cache/kagglehub/datasets/paultimothymooney/chest-xray-pneumonia/versions/2/chest_xray/train/PNEUMONIA/person266_bacteria_1239.jpeg,1,VALID_MODALITY,train
C:/Users/Ankit/.cache/kagglehub/datasets/paultimothymooney/chest-xray-pneumonia/versions/2/chest_xray/train/NORMAL/NORMAL2-IM-0870-0001.jpeg,1,VALID_MODALITY,train
C:/Users/Ankit/.cache/kagglehub/datasets/paultimothymooney/chest-xray-pneumonia/versions/2/chest_xray/chest_xray/train/PNEUMONIA/person907_virus_1563.jpeg,1,VALID_MODALITY,train
C:/Users/Ankit/.cache/kagglehub/datasets/paultimothymooney/chest-xray-pneumonia/versions/2/chest_xray/chest_xray/train/PNEUMONIA/person1418_bacteria_3637.jpeg,1,VALID_MODALITY,train
C:/Users/Ankit/.cache/kagglehub/datasets/devbatrax/fracture-detection-using-x-ray-images/versions/1/data/train/fractured/65-rotated2-rotated1-rotated2.jpg,0,INVALID_MODALITY,train
C:/Users/Ankit/.cache/kagglehub/datasets/paultimothymooney/chest-xray-pneumonia/versions/2/chest_xray/chest_xray/train/NORMAL/NORMAL2-IM-0700-0001.jpeg,1,VALID_MODALITY,train
C:/Users/Ankit/.cache/kagglehub/datasets/paultimothymooney/chest-xray-pneumonia/versions/2/chest_xray/train/PNEUMONIA/person517_virus_1035.jpeg,1,VALID_MODALITY,train
C:/Users/Ankit/.cache/kagglehub/datasets/masoudnickparvar/brain-tumor-mri-dataset/versions/2/Testing/meningioma/Te-me_86.jpg,0,INVALID_MODALITY,train
D:\anti gravity\Radionova\datasets\generic_negatives\generic_0130.jpg,0,INVALID_MODALITY,train
C:/Users/Ankit/.cache/kagglehub/datasets/devbatrax/fracture-detection-using-x-ray-images/versions/1/data/train/fractured/61-rotated3-rotated1-rotated3.jpg,0,INVALID_MODALITY,train
C:/Users/Ankit/.cache/kagglehub/datasets/devbatrax/fracture-detection-using-x-ray-images/versions/1/data/train/not fractured/64-rotated3-rotated1-rotated3-rotated1.jpg,0,INVALID_MODALITY,train
D:\anti gravity\Radionova\datasets\generic_negatives\generic_0032.jpg,0,INVALID_MODALITY,train
C:/Users/Ankit/.cache/kagglehub/datasets/paultimothymooney/chest-xray-pneumonia/versions/2/chest_xray/chest_xray/train/PNEUMONIA/person772_virus_1401.jpeg,1,VALID_MODALITY,test
C:/Users/Ankit/.cache/kagglehub/datasets/devbatrax/fracture-detection-using-x-ray-images/versions/1/data/train/not fractured/24-rotated3-rotated2-rotated1.jpg,0,INVALID_MODALITY,train
C:/Users/Ankit/.cache/kagglehub/datasets/paultimothymooney/chest-xray-pneumonia/versions/2/chest_xray/chest_xray/train/NORMAL/IM-0315-0001.jpeg,1,VALID_MODALITY,test
C:/Users/Ankit/.cache/kagglehub/datasets/devbatrax/fracture-detection-using-x-ray-images/versions/1/data/train/fractured/76-rotated2.jpg,0,INVALID_MODALITY,train
C:/Users/Ankit/.cache/kagglehub/datasets/paultimothymooney/chest-xray-pneumonia/versions/2/chest_xray/chest_xray/train/NORMAL/NORMAL2-IM-1269-0001.jpeg,1,VALID_MODALITY,train
C:/Users/Ankit/.cache/kagglehub/datasets/paultimothymooney/chest-xray-pneumonia/versions/2/chest_xray/chest_xray/train/PNEUMONIA/person713_bacteria_2614.jpeg,1,VALID_MODALITY,train
C:/Users/Ankit/.cache/kagglehub/datasets/paultimothymooney/chest-xray-pneumonia/versions/2/chest_xray/train/PNEUMONIA/person1340_virus_2312.jpeg,1,VALID_MODALITY,train
C:/Users/Ankit/.cache/kagglehub/datasets/devbatrax/fracture-detection-using-x-ray-images/versions/1/data/train/fractured/12-rotated1-rotated1-rotated3.jpg,0,INVALID_MODALITY,train
C:/Users/Ankit/.cache/kagglehub/datasets/devbatrax/fracture-detection-using-x-ray-images/versions/1/data/val/fractured/4-rotated2-rotated1-rotated2.jpg,0,INVALID_MODALITY,train
C:/Users/Ankit/.cache/kagglehub/datasets/paultimothymooney/chest-xray-pneumonia/versions/2/chest_xray/train/NORMAL/NORMAL2-IM-0451-0001.jpeg,1,VALID_MODALITY,train
C:/Users/Ankit/.cache/kagglehub/datasets/paultimothymooney/chest-xray-pneumonia/versions/2/chest_xray/train/PNEUMONIA/person942_virus_1611.jpeg,1,VALID_MODALITY,test
D:\anti gravity\Radionova\datasets\generic_negatives\generic_0393.jpg,0,INVALID_MODALITY,test
C:/Users/Ankit/.cache/kagglehub/datasets/masoudnickparvar/brain-tumor-mri-dataset/versions/2/Training/glioma/Tr-gl_1002.jpg,0,INVALID_MODALITY,train
C:/Users/Ankit/.cache/kagglehub/datasets/paultimothymooney/chest-xray-pneumonia/versions/2/chest_xray/chest_xray/train/PNEUMONIA/person502_virus_1012.jpeg,1,VALID_MODALITY,train
C:/Users/Ankit/.cache/kagglehub/datasets/paultimothymooney/chest-xray-pneumonia/versions/2/chest_xray/chest_xray/train/PNEUMONIA/person530_virus_1052.jpeg,1,VALID_MODALITY,test
C:/Users/Ankit/.cache/kagglehub/datasets/paultimothymooney/chest-xray-pneumonia/versions/2/chest_xray/test/PNEUMONIA/person1_virus_13.jpeg,1,VALID_MODALITY,train
C:/Users/Ankit/.cache/kagglehub/datasets/paultimothymooney/chest-xray-pneumonia/versions/2/chest_xray/train/NORMAL/NORMAL2-IM-1109-0001.jpeg,1,VALID_MODALITY,val
C:/Users/Ankit/.cache/kagglehub/datasets/devbatrax/fracture-detection-using-x-ray-images/versions/1/data/train/fractured/38-rotated1-rotated3.jpg,0,INVALID_MODALITY,train
C:/Users/Ankit/.cache/kagglehub/datasets/devbatrax/fracture-detection-using-x-ray-images/versions/1/data/train/fractured/45-rotated1.jpg,0,INVALID_MODALITY,train
C:/Users/Ankit/.cache/kagglehub/datasets/paultimothymooney/chest-xray-pneumonia/versions/2/chest_xray/chest_xray/train/PNEUMONIA/person1273_bacteria_3234.jpeg,1,VALID_MODALITY,train
C:/Users/Ankit/.cache/kagglehub/datasets/paultimothymooney/chest-xray-pneumonia/versions/2/chest_xray/chest_xray/val/NORMAL/NORMAL2-IM-1438-0001.jpeg,1,VALID_MODALITY,train
C:/Users/Ankit/.cache/kagglehub/datasets/devbatrax/fracture-detection-using-x-ray-images/versions/1/data/train/not fractured/45-rotated2-rotated3.jpg,0,INVALID_MODALITY,train
C:/Users/Ankit/.cache/kagglehub/datasets/paultimothymooney/chest-xray-pneumonia/versions/2/chest_xray/chest_xray/train/NORMAL/NORMAL2-IM-0468-0001.jpeg,1,VALID_MODALITY,train
C:/Users/Ankit/.cache/kagglehub/datasets/paultimothymooney/chest-xray-pneumonia/versions/2/chest_xray/chest_xray/train/PNEUMONIA/person1031_bacteria_2963.jpeg,1,VALID_MODALITY,train
C:/Users/Ankit/.cache/kagglehub/datasets/paultimothymooney/chest-xray-pneumonia/versions/2/chest_xray/train/PNEUMONIA/person364_bacteria_1657.jpeg,1,VALID_MODALITY,train
C:/Users/Ankit/.cache/kagglehub/datasets/paultimothymooney/chest-xray-pneumonia/versions/2/chest_xray/chest_xray/train/PNEUMONIA/person76_bacteria_370.jpeg,1,VALID_MODALITY,train
C:/Users/Ankit/.cache/kagglehub/datasets/paultimothymooney/chest-xray-pneumonia/versions/2/chest_xray/chest_xray/test/PNEUMONIA/person67_virus_126.jpeg,1,VALID_MODALITY,train
C:/Users/Ankit/.cache/kagglehub/datasets/paultimothymooney/chest-xray-pneumonia/versions/2/chest_xray/chest_xray/test/PNEUMONIA/person172_bacteria_827.jpeg,1,VALID_MODALITY,train
C:/Users/Ankit/.cache/kagglehub/datasets/paultimothymooney/chest-xray-pneumonia/versions/2/chest_xray/train/PNEUMONIA/person396_bacteria_1796.jpeg,1,VALID_MODALITY,train
C:/Users/Ankit/.cache/kagglehub/datasets/paultimothymooney/chest-xray-pneumonia/versions/2/chest_xray/chest_xray/train/PNEUMONIA/person744_bacteria_2647.jpeg,1,VALID_MODALITY,test
C:/Users/Ankit/.cache/kagglehub/datasets/paultimothymooney/chest-xray-pneumonia/versions/2/chest_xray/train/NORMAL/IM-0193-0001.jpeg,1,VALID_MODALITY,val
C:/Users/Ankit/.cache/kagglehub/datasets/paultimothymooney/chest-xray-pneumonia/versions/2/chest_xray/chest_xray/train/PNEUMONIA/person1388_bacteria_3529.jpeg,1,VALID_MODALITY,val
C:/Users/Ankit/.cache/kagglehub/datasets/paultimothymooney/chest-xray-pneumonia/versions/2/chest_xray/train/NORMAL/NORMAL2-IM-0937-0001.jpeg,1,VALID_MODALITY,val
C:/Users/Ankit/.cache/kagglehub/datasets/masoudnickparvar/brain-tumor-mri-dataset/versions/2/Training/glioma/Tr-gl_332.jpg,0,INVALID_MODALITY,train
C:/Users/Ankit/.cache/kagglehub/datasets/paultimothymooney/chest-xray-pneumonia/versions/2/chest_xray/chest_xray/train/PNEUMONIA/person1213_virus_2058.jpeg,1,VALID_MODALITY,train
C:/Users/Ankit/.cache/kagglehub/datasets/devbatrax/fracture-detection-using-x-ray-images/versions/1/data/train/not fractured/13-rotated2-rotated2-rotated3.jpg,0,INVALID_MODALITY,test
C:/Users/Ankit/.cache/kagglehub/datasets/devbatrax/fracture-detection-using-x-ray-images/versions/1/data/train/fractured/56-rotated3-rotated2.jpg,0,INVALID_MODALITY,train
C:/Users/Ankit/.cache/kagglehub/datasets/devbatrax/fracture-detection-using-x-ray-images/versions/1/data/train/fractured/21-rotated3-rotated3-rotated2.jpg,0,INVALID_MODALITY,val
C:/Users/Ankit/.cache/kagglehub/datasets/masoudnickparvar/brain-tumor-mri-dataset/versions/2/Testing/glioma/Te-gl_154.jpg,0,INVALID_MODALITY,train
C:/Users/Ankit/.cache/kagglehub/datasets/paultimothymooney/chest-xray-pneumonia/versions/2/chest_xray/train/PNEUMONIA/person536_bacteria_2259.jpeg,1,VALID_MODALITY,train
C:/Users/Ankit/.cache/kagglehub/datasets/devbatrax/fracture-detection-using-x-ray-images/versions/1/data/train/fractured/119-rotated2-rotated1-rotated3.jpg,0,INVALID_MODALITY,train
C:/Users/Ankit/.cache/kagglehub/datasets/devbatrax/fracture-detection-using-x-ray-images/versions/1/data/train/not fractured/30-rotated1-rotated3-rotated1.jpg,0,INVALID_MODALITY,val
C:/Users/Ankit/.cache/kagglehub/datasets/devbatrax/fracture-detection-using-x-ray-images/versions/1/data/train/not fractured/20-rotated2-rotated1.jpg,0,INVALID_MODALITY,train
D:\anti gravity\Radionova\datasets\generic_negatives\generic_0089.jpg,0,INVALID_MODALITY,train
C:/Users/Ankit/.cache/kagglehub/datasets/paultimothymooney/chest-xray-pneumonia/versions/2/chest_xray/test/NORMAL/IM-0013-0001.jpeg,1,VALID_MODALITY,train
C:/Users/Ankit/.cache/kagglehub/datasets/devbatrax/fracture-detection-using-x-ray-images/versions/1/data/train/not fractured/46-rotated2-rotated3-rotated3.jpg,0,INVALID_MODALITY,train
C:/Users/Ankit/.cache/kagglehub/datasets/paultimothymooney/chest-xray-pneumonia/versions/2/chest_xray/train/NORMAL/NORMAL2-IM-0449-0001.jpeg,1,VALID_MODALITY,train
C:/Users/Ankit/.cache/kagglehub/datasets/paultimothymooney/chest-xray-pneumonia/versions/2/chest_xray/train/NORMAL/NORMAL2-IM-1290-0001.jpeg,1,VALID_MODALITY,train
C:/Users/Ankit/.cache/kagglehub/datasets/paultimothymooney/chest-xray-pneumonia/versions/2/chest_xray/chest_xray/train/PNEUMONIA/person578_bacteria_2379.jpeg,1,VALID_MODALITY,train
C:/Users/Ankit/.cache/kagglehub/datasets/paultimothymooney/chest-xray-pneumonia/versions/2/chest_xray/chest_xray/train/NORMAL/NORMAL2-IM-0604-0001.jpeg,1,VALID_MODALITY,train
C:/Users/Ankit/.cache/kagglehub/datasets/paultimothymooney/chest-xray-pneumonia/versions/2/chest_xray/chest_xray/train/PNEUMONIA/person991_bacteria_2918.jpeg,1,VALID_MODALITY,train
C:/Users/Ankit/.cache/kagglehub/datasets/paultimothymooney/chest-xray-pneumonia/versions/2/chest_xray/train/NORMAL/IM-0274-0001.jpeg,1,VALID_MODALITY,val
C:/Users/Ankit/.cache/kagglehub/datasets/paultimothymooney/chest-xray-pneumonia/versions/2/chest_xray/chest_xray/train/PNEUMONIA/person1584_bacteria_4146.jpeg,1,VALID_MODALITY,train
C:/Users/Ankit/.cache/kagglehub/datasets/devbatrax/fracture-detection-using-x-ray-images/versions/1/data/train/fractured/117-rotated1-rotated2-rotated3.jpg,0,INVALID_MODALITY,train
C:/Users/Ankit/.cache/kagglehub/datasets/paultimothymooney/chest-xray-pneumonia/versions/2/chest_xray/chest_xray/test/PNEUMONIA/person139_bacteria_664.jpeg,1,VALID_MODALITY,train
C:/Users/Ankit/.cache/kagglehub/datasets/paultimothymooney/chest-xray-pneumonia/versions/2/chest_xray/chest_xray/train/PNEUMONIA/person26_bacteria_133.jpeg,1,VALID_MODALITY,train
C:/Users/Ankit/.cache/kagglehub/datasets/devbatrax/fracture-detection-using-x-ray-images/versions/1/data/train/not fractured/30-rotated2-rotated1-rotated1.jpg,0,INVALID_MODALITY,train
C:/Users/Ankit/.cache/kagglehub/datasets/masoudnickparvar/brain-tumor-mri-dataset/versions/2/Training/pituitary/Tr-pi_1085.jpg,0,INVALID_MODALITY,train
C:/Users/Ankit/.cache/kagglehub/datasets/paultimothymooney/chest-xray-pneumonia/versions/2/chest_xray/train/PNEUMONIA/person448_bacteria_1934.jpeg,1,VALID_MODALITY,train
C:/Users/Ankit/.cache/kagglehub/datasets/paultimothymooney/chest-xray-pneumonia/versions/2/chest_xray/train/PNEUMONIA/person1321_bacteria_3358.jpeg,1,VALID_MODALITY,train
C:/Users/Ankit/.cache/kagglehub/datasets/devbatrax/fracture-detection-using-x-ray-images/versions/1/data/train/not fractured/56-rotated3-rotated2-rotated3.jpg,0,INVALID_MODALITY,train
C:/Users/Ankit/.cache/kagglehub/datasets/paultimothymooney/chest-xray-pneumonia/versions/2/chest_xray/test/PNEUMONIA/person100_bacteria_482.jpeg,1,VALID_MODALITY,test
C:/Users/Ankit/.cache/kagglehub/datasets/masoudnickparvar/brain-tumor-mri-dataset/versions/2/Training/pituitary/Tr-pi_449.jpg,0,INVALID_MODALITY,train
C:/Users/Ankit/.cache/kagglehub/datasets/paultimothymooney/chest-xray-pneumonia/versions/2/chest_xray/chest_xray/train/PNEUMONIA/person581_bacteria_2400.jpeg,1,VALID_MODALITY,train
C:/Users/Ankit/.cache/kagglehub/datasets/paultimothymooney/chest-xray-pneumonia/versions/2/chest_xray/train/NORMAL/NORMAL2-IM-0836-0001.jpeg,1,VALID_MODALITY,train
C:/Users/Ankit/.cache/kagglehub/datasets/paultimothymooney/chest-xray-pneumonia/versions/2/chest_xray/chest_xray/train/PNEUMONIA/person1180_virus_2014.jpeg,1,VALID_MODALITY,val
C:/Users/Ankit/.cache/kagglehub/datasets/paultimothymooney/chest-xray-pneumonia/versions/2/chest_xray/train/PNEUMONIA/person1770_bacteria_4613.jpeg,1,VALID_MODALITY,train
C:/Users/Ankit/.cache/kagglehub/datasets/devbatrax/fracture-detection-using-x-ray-images/versions/1/data/train/not fractured/47-rotated1-rotated3-rotated2-rotated1.jpg,0,INVALID_MODALITY,train
C:/Users/Ankit/.cache/kagglehub/datasets/devbatrax/fracture-detection-using-x-ray-images/versions/1/data/train/fractured/42-rotated1-rotated2.jpg,0,INVALID_MODALITY,train
C:/Users/Ankit/.cache/kagglehub/datasets/devbatrax/fracture-detection-using-x-ray-images/versions/1/data/train/fractured/100-rotated1-rotated2-rotated2.jpg,0,INVALID_MODALITY,train
C:/Users/Ankit/.cache/kagglehub/datasets/paultimothymooney/chest-xray-pneumonia/versions/2/chest_xray/chest_xray/train/PNEUMONIA/person1731_bacteria_4563.jpeg,1,VALID_MODALITY,train
C:/Users/Ankit/.cache/kagglehub/datasets/devbatrax/fracture-detection-using-x-ray-images/versions/1/data/train/fractured/91-rotated1-rotated1-rotated2.jpg,0,INVALID_MODALITY,train
C:/Users/Ankit/.cache/kagglehub/datasets/devbatrax/fracture-detection-using-x-ray-images/versions/1/data/train/not fractured/14-rotated3-rotated1-rotated1.jpg,0,INVALID_MODALITY,test
C:/Users/Ankit/.cache/kagglehub/datasets/paultimothymooney/chest-xray-pneumonia/versions/2/chest_xray/chest_xray/train/NORMAL/NORMAL2-IM-1342-0001.jpeg,1,VALID_MODALITY,train
C:/Users/Ankit/.cache/kagglehub/datasets/devbatrax/fracture-detection-using-x-ray-images/versions/1/data/train/not fractured/52-rotated1-rotated3-rotated3.jpg,0,INVALID_MODALITY,train
C:/Users/Ankit/.cache/kagglehub/datasets/masoudnickparvar/brain-tumor-mri-dataset/versions/2/Training/glioma/Tr-gl_122.jpg,0,INVALID_MODALITY,train
C:/Users/Ankit/.cache/kagglehub/datasets/paultimothymooney/chest-xray-pneumonia/versions/2/chest_xray/test/NORMAL/NORMAL2-IM-0217-0001.jpeg,1,VALID_MODALITY,train
C:/Users/Ankit/.cache/kagglehub/datasets/paultimothymooney/chest-xray-pneumonia/versions/2/chest_xray/train/PNEUMONIA/person725_bacteria_2627.jpeg,1,VALID_MODALITY,val
C:/Users/Ankit/.cache/kagglehub/datasets/devbatrax/fracture-detection-using-x-ray-images/versions/1/data/train/fractured/75-rotated3-rotated1-rotated3.jpg,0,INVALID_MODALITY,train
C:/Users/Ankit/.cache/kagglehub/datasets/paultimothymooney/chest-xray-pneumonia/versions/2/chest_xray/train/PNEUMONIA/person1545_bacteria_4041.jpeg,1,VALID_MODALITY,train
C:/Users/Ankit/.cache/kagglehub/datasets/devbatrax/fracture-detection-using-x-ray-images/versions/1/data/train/not fractured/52-rotated3-rotated1-rotated2-rotated1.jpg,0,INVALID_MODALITY,train
C:/Users/Ankit/.cache/kagglehub/datasets/paultimothymooney/chest-xray-pneumonia/versions/2/chest_xray/train/PNEUMONIA/person1259_bacteria_3217.jpeg,1,VALID_MODALITY,train
C:/Users/Ankit/.cache/kagglehub/datasets/paultimothymooney/chest-xray-pneumonia/versions/2/chest_xray/train/PNEUMONIA/person581_bacteria_2393.jpeg,1,VALID_MODALITY,val
C:/Users/Ankit/.cache/kagglehub/datasets/paultimothymooney/chest-xray-pneumonia/versions/2/chest_xray/chest_xray/train/PNEUMONIA/person922_bacteria_2847.jpeg,1,VALID_MODALITY,train
C:/Users/Ankit/.cache/kagglehub/datasets/devbatrax/fracture-detection-using-x-ray-images/versions/1/data/train/fractured/63.jpg,0,INVALID_MODALITY,train
C:/Users/Ankit/.cache/kagglehub/datasets/devbatrax/fracture-detection-using-x-ray-images/versions/1/data/train/fractured/23-rotated3-rotated1-rotated2.jpg,0,INVALID_MODALITY,train
C:/Users/Ankit/.cache/kagglehub/datasets/masoudnickparvar/brain-tumor-mri-dataset/versions/2/Testing/pituitary/Te-pi_145.jpg,0,INVALID_MODALITY,train
C:/Users/Ankit/.cache/kagglehub/datasets/paultimothymooney/chest-xray-pneumonia/versions/2/chest_xray/chest_xray/train/NORMAL/IM-0302-0001.jpeg,1,VALID_MODALITY,train
C:/Users/Ankit/.cache/kagglehub/datasets/masoudnickparvar/brain-tumor-mri-dataset/versions/2/Training/pituitary/Tr-pi_1345.jpg,0,INVALID_MODALITY,train
C:/Users/Ankit/.cache/kagglehub/datasets/paultimothymooney/chest-xray-pneumonia/versions/2/chest_xray/chest_xray/train/PNEUMONIA/person574_virus_1118.jpeg,1,VALID_MODALITY,train
C:/Users/Ankit/.cache/kagglehub/datasets/paultimothymooney/chest-xray-pneumonia/versions/2/chest_xray/chest_xray/train/PNEUMONIA/person897_bacteria_2822.jpeg,1,VALID_MODALITY,train
C:/Users/Ankit/.cache/kagglehub/datasets/masoudnickparvar/brain-tumor-mri-dataset/versions/2/Training/pituitary/Tr-pi_943.jpg,0,INVALID_MODALITY,train
C:/Users/Ankit/.cache/kagglehub/datasets/devbatrax/fracture-detection-using-x-ray-images/versions/1/data/train/fractured/16-rotated2-rotated2-rotated3.jpg,0,INVALID_MODALITY,train
C:/Users/Ankit/.cache/kagglehub/datasets/paultimothymooney/chest-xray-pneumonia/versions/2/chest_xray/train/PNEUMONIA/person774_virus_1403.jpeg,1,VALID_MODALITY,train
C:/Users/Ankit/.cache/kagglehub/datasets/paultimothymooney/chest-xray-pneumonia/versions/2/chest_xray/train/PNEUMONIA/person1365_virus_2348.jpeg,1,VALID_MODALITY,train
C:/Users/Ankit/.cache/kagglehub/datasets/paultimothymooney/chest-xray-pneumonia/versions/2/chest_xray/train/NORMAL/IM-0240-0001.jpeg,1,VALID_MODALITY,train
C:/Users/Ankit/.cache/kagglehub/datasets/devbatrax/fracture-detection-using-x-ray-images/versions/1/data/train/not fractured/59-rotated2-rotated1-rotated3-rotated1.jpg,0,INVALID_MODALITY,train
D:\anti gravity\Radionova\datasets\generic_negatives\generic_0008.jpg,0,INVALID_MODALITY,train
C:/Users/Ankit/.cache/kagglehub/datasets/devbatrax/fracture-detection-using-x-ray-images/versions/1/data/train/fractured/12-rotated2-rotated1-rotated3.jpg,0,INVALID_MODALITY,train
C:/Users/Ankit/.cache/kagglehub/datasets/paultimothymooney/chest-xray-pneumonia/versions/2/chest_xray/chest_xray/train/NORMAL/IM-0425-0001.jpeg,1,VALID_MODALITY,train
C:/Users/Ankit/.cache/kagglehub/datasets/paultimothymooney/chest-xray-pneumonia/versions/2/chest_xray/train/PNEUMONIA/person135_virus_271.jpeg,1,VALID_MODALITY,train
C:/Users/Ankit/.cache/kagglehub/datasets/paultimothymooney/chest-xray-pneumonia/versions/2/chest_xray/chest_xray/train/NORMAL/NORMAL2-IM-1321-0001.jpeg,1,VALID_MODALITY,test
C:/Users/Ankit/.cache/kagglehub/datasets/paultimothymooney/chest-xray-pneumonia/versions/2/chest_xray/train/PNEUMONIA/person1041_virus_1736.jpeg,1,VALID_MODALITY,val
C:/Users/Ankit/.cache/kagglehub/datasets/paultimothymooney/chest-xray-pneumonia/versions/2/chest_xray/chest_xray/train/PNEUMONIA/person445_virus_919.jpeg,1,VALID_MODALITY,train
C:/Users/Ankit/.cache/kagglehub/datasets/masoudnickparvar/brain-tumor-mri-dataset/versions/2/Training/pituitary/Tr-pi_500.jpg,0,INVALID_MODALITY,train
C:/Users/Ankit/.cache/kagglehub/datasets/paultimothymooney/chest-xray-pneumonia/versions/2/chest_xray/train/PNEUMONIA/person987_bacteria_2914.jpeg,1,VALID_MODALITY,train
C:/Users/Ankit/.cache/kagglehub/datasets/masoudnickparvar/brain-tumor-mri-dataset/versions/2/Training/glioma/Tr-gl_37.jpg,0,INVALID_MODALITY,train
C:/Users/Ankit/.cache/kagglehub/datasets/paultimothymooney/chest-xray-pneumonia/versions/2/chest_xray/train/PNEUMONIA/person1385_bacteria_3524.jpeg,1,VALID_MODALITY,train
C:/Users/Ankit/.cache/kagglehub/datasets/paultimothymooney/chest-xray-pneumonia/versions/2/chest_xray/train/NORMAL/IM-0534-0001.jpeg,1,VALID_MODALITY,train
C:/Users/Ankit/.cache/kagglehub/datasets/paultimothymooney/chest-xray-pneumonia/versions/2/chest_xray/train/NORMAL/NORMAL2-IM-1104-0001.jpeg,1,VALID_MODALITY,train
C:/Users/Ankit/.cache/kagglehub/datasets/paultimothymooney/chest-xray-pneumonia/versions/2/chest_xray/train/PNEUMONIA/person1266_bacteria_3225.jpeg,1,VALID_MODALITY,train
C:/Users/Ankit/.cache/kagglehub/datasets/paultimothymooney/chest-xray-pneumonia/versions/2/chest_xray/chest_xray/train/PNEUMONIA/person925_virus_1582.jpeg,1,VALID_MODALITY,train
C:/Users/Ankit/.cache/kagglehub/datasets/devbatrax/fracture-detection-using-x-ray-images/versions/1/data/val/fractured/9-rotated3-rotated1.jpg,0,INVALID_MODALITY,train
C:/Users/Ankit/.cache/kagglehub/datasets/paultimothymooney/chest-xray-pneumonia/versions/2/chest_xray/chest_xray/test/NORMAL/NORMAL2-IM-0013-0001.jpeg,1,VALID_MODALITY,train
C:/Users/Ankit/.cache/kagglehub/datasets/paultimothymooney/chest-xray-pneumonia/versions/2/chest_xray/chest_xray/train/PNEUMONIA/person646_virus_1227.jpeg,1,VALID_MODALITY,test
C:/Users/Ankit/.cache/kagglehub/datasets/devbatrax/fracture-detection-using-x-ray-images/versions/1/data/train/fractured/41-rotated1-rotated2-rotated3.jpg,0,INVALID_MODALITY,val
C:/Users/Ankit/.cache/kagglehub/datasets/devbatrax/fracture-detection-using-x-ray-images/versions/1/data/train/fractured/59-rotated2-rotated1-rotated3.jpg,0,INVALID_MODALITY,train
C:/Users/Ankit/.cache/kagglehub/datasets/devbatrax/fracture-detection-using-x-ray-images/versions/1/data/train/fractured/84-rotated2-rotated3-rotated3.jpg,0,INVALID_MODALITY,test
C:/Users/Ankit/.cache/kagglehub/datasets/masoudnickparvar/brain-tumor-mri-dataset/versions/2/Testing/glioma/Te-gl_126.jpg,0,INVALID_MODALITY,train
C:/Users/Ankit/.cache/kagglehub/datasets/paultimothymooney/chest-xray-pneumonia/versions/2/chest_xray/test/PNEUMONIA/person80_bacteria_393.jpeg,1,VALID_MODALITY,test
C:/Users/Ankit/.cache/kagglehub/datasets/paultimothymooney/chest-xray-pneumonia/versions/2/chest_xray/chest_xray/train/PNEUMONIA/person1164_bacteria_3110.jpeg,1,VALID_MODALITY,test
C:/Users/Ankit/.cache/kagglehub/datasets/devbatrax/fracture-detection-using-x-ray-images/versions/1/data/train/fractured/45-rotated1-rotated3-rotated3.jpg,0,INVALID_MODALITY,test
C:/Users/Ankit/.cache/kagglehub/datasets/masoudnickparvar/brain-tumor-mri-dataset/versions/2/Training/meningioma/Tr-me_354.jpg,0,INVALID_MODALITY,train
C:/Users/Ankit/.cache/kagglehub/datasets/devbatrax/fracture-detection-using-x-ray-images/versions/1/data/train/not fractured/40-rotated2-rotated1-rotated3.jpg,0,INVALID_MODALITY,train
C:/Users/Ankit/.cache/kagglehub/datasets/paultimothymooney/chest-xray-pneumonia/versions/2/chest_xray/chest_xray/train/NORMAL/NORMAL2-IM-0959-0001.jpeg,1,VALID_MODALITY,train
C:/Users/Ankit/.cache/kagglehub/datasets/paultimothymooney/chest-xray-pneumonia/versions/2/chest_xray/train/NORMAL/NORMAL2-IM-1004-0001.jpeg,1,VALID_MODALITY,train
D:\anti gravity\Radionova\datasets\generic_negatives\generic_0025.jpg,0,INVALID_MODALITY,train
C:/Users/Ankit/.cache/kagglehub/datasets/paultimothymooney/chest-xray-pneumonia/versions/2/chest_xray/train/PNEUMONIA/person1088_bacteria_3028.jpeg,1,VALID_MODALITY,train
C:/Users/Ankit/.cache/kagglehub/datasets/paultimothymooney/chest-xray-pneumonia/versions/2/chest_xray/chest_xray/test/NORMAL/IM-0007-0001.jpeg,1,VALID_MODALITY,test
C:/Users/Ankit/.cache/kagglehub/datasets/masoudnickparvar/brain-tumor-mri-dataset/versions/2/Training/glioma/Tr-gl_797.jpg,0,INVALID_MODALITY,train
C:/Users/Ankit/.cache/kagglehub/datasets/devbatrax/fracture-detection-using-x-ray-images/versions/1/data/train/fractured/100-rotated2-rotated3-rotated1.jpg,0,INVALID_MODALITY,val
C:/Users/Ankit/.cache/kagglehub/datasets/devbatrax/fracture-detection-using-x-ray-images/versions/1/data/train/not fractured/48-rotated3-rotated3-rotated2-rotated1.jpg,0,INVALID_MODALITY,train
C:/Users/Ankit/.cache/kagglehub/datasets/paultimothymooney/chest-xray-pneumonia/versions/2/chest_xray/train/PNEUMONIA/person1509_virus_2621.jpeg,1,VALID_MODALITY,val
C:/Users/Ankit/.cache/kagglehub/datasets/devbatrax/fracture-detection-using-x-ray-images/versions/1/data/train/not fractured/27-rotated1-rotated2-rotated1-rotated1.jpg,0,INVALID_MODALITY,train
C:/Users/Ankit/.cache/kagglehub/datasets/paultimothymooney/chest-xray-pneumonia/versions/2/chest_xray/chest_xray/train/NORMAL/IM-0203-0001.jpeg,1,VALID_MODALITY,train
C:/Users/Ankit/.cache/kagglehub/datasets/paultimothymooney/chest-xray-pneumonia/versions/2/chest_xray/train/PNEUMONIA/person629_bacteria_2509.jpeg,1,VALID_MODALITY,train
C:/Users/Ankit/.cache/kagglehub/datasets/paultimothymooney/chest-xray-pneumonia/versions/2/chest_xray/chest_xray/train/PNEUMONIA/person1669_bacteria_4423.jpeg,1,VALID_MODALITY,train
C:/Users/Ankit/.cache/kagglehub/datasets/masoudnickparvar/brain-tumor-mri-dataset/versions/2/Training/glioma/Tr-gl_305.jpg,0,INVALID_MODALITY,test
D:\anti gravity\Radionova\datasets\generic_negatives\generic_0108.jpg,0,INVALID_MODALITY,train
C:/Users/Ankit/.cache/kagglehub/datasets/devbatrax/fracture-detection-using-x-ray-images/versions/1/data/train/fractured/61-rotated1-rotated1-rotated3.jpg,0,INVALID_MODALITY,train
C:/Users/Ankit/.cache/kagglehub/datasets/paultimothymooney/chest-xray-pneumonia/versions/2/chest_xray/train/PNEUMONIA/person1817_bacteria_4675.jpeg,1,VALID_MODALITY,train
C:/Users/Ankit/.cache/kagglehub/datasets/devbatrax/fracture-detection-using-x-ray-images/versions/1/data/train/fractured/68-rotated3-rotated1-rotated1.jpg,0,INVALID_MODALITY,train
C:/Users/Ankit/.cache/kagglehub/datasets/paultimothymooney/chest-xray-pneumonia/versions/2/chest_xray/train/PNEUMONIA/person160_virus_316.jpeg,1,VALID_MODALITY,train
C:/Users/Ankit/.cache/kagglehub/datasets/devbatrax/fracture-detection-using-x-ray-images/versions/1/data/train/fractured/34-rotated2-rotated3.jpg,0,INVALID_MODALITY,val
C:/Users/Ankit/.cache/kagglehub/datasets/paultimothymooney/chest-xray-pneumonia/versions/2/chest_xray/train/PNEUMONIA/person327_virus_679.jpeg,1,VALID_MODALITY,train
C:/Users/Ankit/.cache/kagglehub/datasets/paultimothymooney/chest-xray-pneumonia/versions/2/chest_xray/chest_xray/train/PNEUMONIA/person515_bacteria_2188.jpeg,1,VALID_MODALITY,train
C:/Users/Ankit/.cache/kagglehub/datasets/paultimothymooney/chest-xray-pneumonia/versions/2/chest_xray/chest_xray/train/NORMAL/IM-0625-0001.jpeg,1,VALID_MODALITY,train
C:/Users/Ankit/.cache/kagglehub/datasets/devbatrax/fracture-detection-using-x-ray-images/versions/1/data/train/not fractured/42-rotated3.jpg,0,INVALID_MODALITY,val
C:/Users/Ankit/.cache/kagglehub/datasets/devbatrax/fracture-detection-using-x-ray-images/versions/1/data/train/not fractured/48-rotated2-rotated3-rotated2.jpg,0,INVALID_MODALITY,val
C:/Users/Ankit/.cache/kagglehub/datasets/paultimothymooney/chest-xray-pneumonia/versions/2/chest_xray/train/PNEUMONIA/person30_bacteria_153.jpeg,1,VALID_MODALITY,train
C:/Users/Ankit/.cache/kagglehub/datasets/paultimothymooney/chest-xray-pneumonia/versions/2/chest_xray/train/NORMAL/NORMAL2-IM-0818-0001-0002.jpeg,1,VALID_MODALITY,test
C:/Users/Ankit/.cache/kagglehub/datasets/paultimothymooney/chest-xray-pneumonia/versions/2/chest_xray/chest_xray/train/PNEUMONIA/person333_virus_688.jpeg,1,VALID_MODALITY,train
C:/Users/Ankit/.cache/kagglehub/datasets/devbatrax/fracture-detection-using-x-ray-images/versions/1/data/train/not fractured/33-rotated1-rotated1-rotated3-rotated1.jpg,0,INVALID_MODALITY,train
C:/Users/Ankit/.cache/kagglehub/datasets/paultimothymooney/chest-xray-pneumonia/versions/2/chest_xray/chest_xray/test/PNEUMONIA/person1635_virus_2831.jpeg,1,VALID_MODALITY,train
C:/Users/Ankit/.cache/kagglehub/datasets/paultimothymooney/chest-xray-pneumonia/versions/2/chest_xray/train/PNEUMONIA/person75_bacteria_368.jpeg,1,VALID_MODALITY,train
C:/Users/Ankit/.cache/kagglehub/datasets/paultimothymooney/chest-xray-pneumonia/versions/2/chest_xray/chest_xray/train/PNEUMONIA/person3_bacteria_13.jpeg,1,VALID_MODALITY,train
C:/Users/Ankit/.cache/kagglehub/datasets/devbatrax/fracture-detection-using-x-ray-images/versions/1/data/train/not fractured/28-rotated1-rotated3-rotated2.jpg,0,INVALID_MODALITY,val
C:/Users/Ankit/.cache/kagglehub/datasets/masoudnickparvar/brain-tumor-mri-dataset/versions/2/Testing/meningioma/Te-aug-me_47.jpg,0,INVALID_MODALITY,train
C:/Users/Ankit/.cache/kagglehub/datasets/paultimothymooney/chest-xray-pneumonia/versions/2/chest_xray/chest_xray/train/NORMAL/IM-0385-0001.jpeg,1,VALID_MODALITY,val
C:/Users/Ankit/.cache/kagglehub/datasets/devbatrax/fracture-detection-using-x-ray-images/versions/1/data/train/not fractured/35.jpg,0,INVALID_MODALITY,train
C:/Users/Ankit/.cache/kagglehub/datasets/masoudnickparvar/brain-tumor-mri-dataset/versions/2/Training/glioma/Tr-gl_1268.jpg,0,INVALID_MODALITY,train
C:/Users/Ankit/.cache/kagglehub/datasets/paultimothymooney/chest-xray-pneumonia/versions/2/chest_xray/train/PNEUMONIA/person540_bacteria_2273.jpeg,1,VALID_MODALITY,val
C:/Users/Ankit/.cache/kagglehub/datasets/paultimothymooney/chest-xray-pneumonia/versions/2/chest_xray/chest_xray/train/NORMAL/NORMAL2-IM-0393-0001.jpeg,1,VALID_MODALITY,train
C:/Users/Ankit/.cache/kagglehub/datasets/masoudnickparvar/brain-tumor-mri-dataset/versions/2/Training/glioma/Tr-gl_140.jpg,0,INVALID_MODALITY,val
C:/Users/Ankit/.cache/kagglehub/datasets/paultimothymooney/chest-xray-pneumonia/versions/2/chest_xray/test/NORMAL/NORMAL2-IM-0349-0001.jpeg,1,VALID_MODALITY,train
C:/Users/Ankit/.cache/kagglehub/datasets/devbatrax/fracture-detection-using-x-ray-images/versions/1/data/train/not fractured/39-rotated3-rotated1-rotated1.jpg,0,INVALID_MODALITY,val
C:/Users/Ankit/.cache/kagglehub/datasets/masoudnickparvar/brain-tumor-mri-dataset/versions/2/Training/pituitary/Tr-pi_422.jpg,0,INVALID_MODALITY,test
C:/Users/Ankit/.cache/kagglehub/datasets/paultimothymooney/chest-xray-pneumonia/versions/2/chest_xray/test/PNEUMONIA/person1613_virus_2799.jpeg,1,VALID_MODALITY,train
C:/Users/Ankit/.cache/kagglehub/datasets/devbatrax/fracture-detection-using-x-ray-images/versions/1/data/train/not fractured/70-rotated1-rotated1-rotated3.jpg,0,INVALID_MODALITY,train
C:/Users/Ankit/.cache/kagglehub/datasets/devbatrax/fracture-detection-using-x-ray-images/versions/1/data/train/not fractured/9-rotated3-rotated2.jpg,0,INVALID_MODALITY,train
C:/Users/Ankit/.cache/kagglehub/datasets/paultimothymooney/chest-xray-pneumonia/versions/2/chest_xray/chest_xray/train/PNEUMONIA/person958_virus_1630.jpeg,1,VALID_MODALITY,val
D:\anti gravity\Radionova\datasets\generic_negatives\generic_0319.jpg,0,INVALID_MODALITY,train
C:/Users/Ankit/.cache/kagglehub/datasets/paultimothymooney/chest-xray-pneumonia/versions/2/chest_xray/chest_xray/train/PNEUMONIA/person30_bacteria_146.jpeg,1,VALID_MODALITY,train
C:/Users/Ankit/.cache/kagglehub/datasets/paultimothymooney/chest-xray-pneumonia/versions/2/chest_xray/train/NORMAL/NORMAL2-IM-0419-0001.jpeg,1,VALID_MODALITY,train
C:/Users/Ankit/.cache/kagglehub/datasets/devbatrax/fracture-detection-using-x-ray-images/versions/1/data/train/fractured/40-rotated1-rotated3.jpg,0,INVALID_MODALITY,train
C:/Users/Ankit/.cache/kagglehub/datasets/devbatrax/fracture-detection-using-x-ray-images/versions/1/data/train/fractured/51-rotated2-rotated2-rotated1.jpg,0,INVALID_MODALITY,train
C:/Users/Ankit/.cache/kagglehub/datasets/paultimothymooney/chest-xray-pneumonia/versions/2/chest_xray/chest_xray/train/PNEUMONIA/person61_bacteria_296.jpeg,1,VALID_MODALITY,train
C:/Users/Ankit/.cache/kagglehub/datasets/devbatrax/fracture-detection-using-x-ray-images/versions/1/data/train/fractured/25-rotated2-rotated3-rotated3.jpg,0,INVALID_MODALITY,val
C:/Users/Ankit/.cache/kagglehub/datasets/paultimothymooney/chest-xray-pneumonia/versions/2/chest_xray/chest_xray/train/PNEUMONIA/person507_bacteria_2140.jpeg,1,VALID_MODALITY,train
D:\anti gravity\Radionova\datasets\generic_negatives\generic_0161.jpg,0,INVALID_MODALITY,train
C:/Users/Ankit/.cache/kagglehub/datasets/paultimothymooney/chest-xray-pneumonia/versions/2/chest_xray/train/PNEUMONIA/person1866_bacteria_4740.jpeg,1,VALID_MODALITY,test
C:/Users/Ankit/.cache/kagglehub/datasets/paultimothymooney/chest-xray-pneumonia/versions/2/chest_xray/chest_xray/train/PNEUMONIA/person849_bacteria_2770.jpeg,1,VALID_MODALITY,test
D:\anti gravity\Radionova\datasets\generic_negatives\generic_0100.jpg,0,INVALID_MODALITY,test
C:/Users/Ankit/.cache/kagglehub/datasets/paultimothymooney/chest-xray-pneumonia/versions/2/chest_xray/chest_xray/train/NORMAL/NORMAL2-IM-1291-0001.jpeg,1,VALID_MODALITY,val
C:/Users/Ankit/.cache/kagglehub/datasets/paultimothymooney/chest-xray-pneumonia/versions/2/chest_xray/train/PNEUMONIA/person370_bacteria_1692.jpeg,1,VALID_MODALITY,train
C:/Users/Ankit/.cache/kagglehub/datasets/devbatrax/fracture-detection-using-x-ray-images/versions/1/data/train/fractured/11-rotated3-rotated1.jpg,0,INVALID_MODALITY,test
C:/Users/Ankit/.cache/kagglehub/datasets/paultimothymooney/chest-xray-pneumonia/versions/2/chest_xray/train/NORMAL/NORMAL2-IM-1049-0001.jpeg,1,VALID_MODALITY,test
C:/Users/Ankit/.cache/kagglehub/datasets/devbatrax/fracture-detection-using-x-ray-images/versions/1/data/train/fractured/21-rotated3-rotated2-rotated2.jpg,0,INVALID_MODALITY,test
C:/Users/Ankit/.cache/kagglehub/datasets/masoudnickparvar/brain-tumor-mri-dataset/versions/2/Training/pituitary/Tr-pi_157.jpg,0,INVALID_MODALITY,train
C:/Users/Ankit/.cache/kagglehub/datasets/devbatrax/fracture-detection-using-x-ray-images/versions/1/data/train/fractured/42-rotated2-rotated1.jpg,0,INVALID_MODALITY,train
C:/Users/Ankit/.cache/kagglehub/datasets/devbatrax/fracture-detection-using-x-ray-images/versions/1/data/train/not fractured/15-rotated2-rotated2.jpg,0,INVALID_MODALITY,train
C:/Users/Ankit/.cache/kagglehub/datasets/masoudnickparvar/brain-tumor-mri-dataset/versions/2/Training/meningioma/Tr-aug-me_1.jpg,0,INVALID_MODALITY,train
C:/Users/Ankit/.cache/kagglehub/datasets/masoudnickparvar/brain-tumor-mri-dataset/versions/2/Training/pituitary/Tr-pi_862.jpg,0,INVALID_MODALITY,train
C:/Users/Ankit/.cache/kagglehub/datasets/paultimothymooney/chest-xray-pneumonia/versions/2/chest_xray/chest_xray/train/PNEUMONIA/person1193_virus_2034.jpeg,1,VALID_MODALITY,train
C:/Users/Ankit/.cache/kagglehub/datasets/devbatrax/fracture-detection-using-x-ray-images/versions/1/data/train/not fractured/19-rotated3-rotated2.jpg,0,INVALID_MODALITY,train
C:/Users/Ankit/.cache/kagglehub/datasets/paultimothymooney/chest-xray-pneumonia/versions/2/chest_xray/train/PNEUMONIA/person441_bacteria_1914.jpeg,1,VALID_MODALITY,train
C:/Users/Ankit/.cache/kagglehub/datasets/devbatrax/fracture-detection-using-x-ray-images/versions/1/data/train/not fractured/7-rotated3-rotated3-rotated3-rotated1.jpg,0,INVALID_MODALITY,train
C:/Users/Ankit/.cache/kagglehub/datasets/masoudnickparvar/brain-tumor-mri-dataset/versions/2/Training/pituitary/Tr-pi_589.jpg,0,INVALID_MODALITY,train
C:/Users/Ankit/.cache/kagglehub/datasets/paultimothymooney/chest-xray-pneumonia/versions/2/chest_xray/chest_xray/train/NORMAL/IM-0549-0001-0002.jpeg,1,VALID_MODALITY,train
C:/Users/Ankit/.cache/kagglehub/datasets/masoudnickparvar/brain-tumor-mri-dataset/versions/2/Training/pituitary/Tr-pi_329.jpg,0,INVALID_MODALITY,train
C:/Users/Ankit/.cache/kagglehub/datasets/paultimothymooney/chest-xray-pneumonia/versions/2/chest_xray/chest_xray/train/PNEUMONIA/person58_bacteria_273.jpeg,1,VALID_MODALITY,train
C:/Users/Ankit/.cache/kagglehub/datasets/devbatrax/fracture-detection-using-x-ray-images/versions/1/data/train/not fractured/20-rotated1.jpg,0,INVALID_MODALITY,train
C:/Users/Ankit/.cache/kagglehub/datasets/devbatrax/fracture-detection-using-x-ray-images/versions/1/data/train/not fractured/31-rotated1-rotated1-rotated2-rotated1.jpg,0,INVALID_MODALITY,train
C:/Users/Ankit/.cache/kagglehub/datasets/paultimothymooney/chest-xray-pneumonia/versions/2/chest_xray/chest_xray/train/PNEUMONIA/person644_bacteria_2536.jpeg,1,VALID_MODALITY,train
C:/Users/Ankit/.cache/kagglehub/datasets/devbatrax/fracture-detection-using-x-ray-images/versions/1/data/train/not fractured/56-rotated3-rotated3-rotated1-rotated1.jpg,0,INVALID_MODALITY,val
D:\anti gravity\Radionova\datasets\generic_negatives\generic_0311.jpg,0,INVALID_MODALITY,train
C:/Users/Ankit/.cache/kagglehub/datasets/paultimothymooney/chest-xray-pneumonia/versions/2/chest_xray/chest_xray/train/PNEUMONIA/person1670_bacteria_4426.jpeg,1,VALID_MODALITY,train
C:/Users/Ankit/.cache/kagglehub/datasets/devbatrax/fracture-detection-using-x-ray-images/versions/1/data/train/fractured/17-rotated1.jpg,0,INVALID_MODALITY,train
C:/Users/Ankit/.cache/kagglehub/datasets/devbatrax/fracture-detection-using-x-ray-images/versions/1/data/train/fractured/96-rotated2-rotated2.jpg,0,INVALID_MODALITY,train
C:/Users/Ankit/.cache/kagglehub/datasets/masoudnickparvar/brain-tumor-mri-dataset/versions/2/Testing/glioma/Te-gl_221.jpg,0,INVALID_MODALITY,train
D:\anti gravity\Radionova\datasets\generic_negatives\generic_0317.jpg,0,INVALID_MODALITY,train
C:/Users/Ankit/.cache/kagglehub/datasets/devbatrax/fracture-detection-using-x-ray-images/versions/1/data/val/not fractured/4-rotated2-rotated2-rotated1.jpg,0,INVALID_MODALITY,train
C:/Users/Ankit/.cache/kagglehub/datasets/masoudnickparvar/brain-tumor-mri-dataset/versions/2/Training/glioma/Tr-gl_451.jpg,0,INVALID_MODALITY,train
C:/Users/Ankit/.cache/kagglehub/datasets/devbatrax/fracture-detection-using-x-ray-images/versions/1/data/train/not fractured/36-rotated2-rotated1-rotated1.jpg,0,INVALID_MODALITY,train
C:/Users/Ankit/.cache/kagglehub/datasets/devbatrax/fracture-detection-using-x-ray-images/versions/1/data/train/not fractured/34-rotated3-rotated2-rotated3.jpg,0,INVALID_MODALITY,train
C:/Users/Ankit/.cache/kagglehub/datasets/paultimothymooney/chest-xray-pneumonia/versions/2/chest_xray/chest_xray/train/PNEUMONIA/person427_bacteria_1865.jpeg,1,VALID_MODALITY,train
C:/Users/Ankit/.cache/kagglehub/datasets/devbatrax/fracture-detection-using-x-ray-images/versions/1/data/train/fractured/35-rotated3-rotated2-rotated1.jpg,0,INVALID_MODALITY,train
C:/Users/Ankit/.cache/kagglehub/datasets/paultimothymooney/chest-xray-pneumonia/versions/2/chest_xray/train/NORMAL/NORMAL2-IM-1168-0001.jpeg,1,VALID_MODALITY,test
C:/Users/Ankit/.cache/kagglehub/datasets/paultimothymooney/chest-xray-pneumonia/versions/2/chest_xray/train/PNEUMONIA/person476_virus_973.jpeg,1,VALID_MODALITY,train
C:/Users/Ankit/.cache/kagglehub/datasets/masoudnickparvar/brain-tumor-mri-dataset/versions/2/Training/glioma/Tr-gl_1085.jpg,0,INVALID_MODALITY,val
D:\anti gravity\Radionova\datasets\generic_negatives\generic_0194.jpg,0,INVALID_MODALITY,train
C:/Users/Ankit/.cache/kagglehub/datasets/paultimothymooney/chest-xray-pneumonia/versions/2/chest_xray/chest_xray/test/PNEUMONIA/person138_bacteria_658.jpeg,1,VALID_MODALITY,train
C:/Users/Ankit/.cache/kagglehub/datasets/devbatrax/fracture-detection-using-x-ray-images/versions/1/data/train/not fractured/60-rotated3-rotated3-rotated2-rotated1.jpg,0,INVALID_MODALITY,train
C:/Users/Ankit/.cache/kagglehub/datasets/paultimothymooney/chest-xray-pneumonia/versions/2/chest_xray/test/PNEUMONIA/person1645_virus_2845.jpeg,1,VALID_MODALITY,val
C:/Users/Ankit/.cache/kagglehub/datasets/paultimothymooney/chest-xray-pneumonia/versions/2/chest_xray/train/NORMAL/NORMAL2-IM-0682-0001.jpeg,1,VALID_MODALITY,train
C:/Users/Ankit/.cache/kagglehub/datasets/paultimothymooney/chest-xray-pneumonia/versions/2/chest_xray/train/PNEUMONIA/person59_bacteria_282.jpeg,1,VALID_MODALITY,train
C:/Users/Ankit/.cache/kagglehub/datasets/masoudnickparvar/brain-tumor-mri-dataset/versions/2/Testing/pituitary/Te-pi_126.jpg,0,INVALID_MODALITY,train
C:/Users/Ankit/.cache/kagglehub/datasets/paultimothymooney/chest-xray-pneumonia/versions/2/chest_xray/train/PNEUMONIA/person975_virus_1650.jpeg,1,VALID_MODALITY,train
C:/Users/Ankit/.cache/kagglehub/datasets/paultimothymooney/chest-xray-pneumonia/versions/2/chest_xray/train/PNEUMONIA/person1139_bacteria_3082.jpeg,1,VALID_MODALITY,test
C:/Users/Ankit/.cache/kagglehub/datasets/devbatrax/fracture-detection-using-x-ray-images/versions/1/data/train/fractured/44-rotated3-rotated3-rotated1.jpg,0,INVALID_MODALITY,train
C:/Users/Ankit/.cache/kagglehub/datasets/paultimothymooney/chest-xray-pneumonia/versions/2/chest_xray/chest_xray/train/PNEUMONIA/person56_bacteria_268.jpeg,1,VALID_MODALITY,train
C:/Users/Ankit/.cache/kagglehub/datasets/masoudnickparvar/brain-tumor-mri-dataset/versions/2/Training/pituitary/Tr-pi_634.jpg,0,INVALID_MODALITY,val
C:/Users/Ankit/.cache/kagglehub/datasets/paultimothymooney/chest-xray-pneumonia/versions/2/chest_xray/train/NORMAL/NORMAL2-IM-1152-0001-0001.jpeg,1,VALID_MODALITY,train
C:/Users/Ankit/.cache/kagglehub/datasets/devbatrax/fracture-detection-using-x-ray-images/versions/1/data/train/fractured/70-rotated2-rotated2-rotated2.jpg,0,INVALID_MODALITY,train
C:/Users/Ankit/.cache/kagglehub/datasets/paultimothymooney/chest-xray-pneumonia/versions/2/chest_xray/chest_xray/train/PNEUMONIA/person1345_virus_2321.jpeg,1,VALID_MODALITY,train
C:/Users/Ankit/.cache/kagglehub/datasets/paultimothymooney/chest-xray-pneumonia/versions/2/chest_xray/chest_xray/train/PNEUMONIA/person1799_bacteria_4647.jpeg,1,VALID_MODALITY,train
C:/Users/Ankit/.cache/kagglehub/datasets/masoudnickparvar/brain-tumor-mri-dataset/versions/2/Testing/meningioma/Te-me_297.jpg,0,INVALID_MODALITY,train
C:/Users/Ankit/.cache/kagglehub/datasets/devbatrax/fracture-detection-using-x-ray-images/versions/1/data/val/fractured/7-rotated2-rotated3-rotated2.jpg,0,INVALID_MODALITY,train
C:/Users/Ankit/.cache/kagglehub/datasets/paultimothymooney/chest-xray-pneumonia/versions/2/chest_xray/train/PNEUMONIA/person1576_bacteria_4129.jpeg,1,VALID_MODALITY,train
C:/Users/Ankit/.cache/kagglehub/datasets/devbatrax/fracture-detection-using-x-ray-images/versions/1/data/train/fractured/55-rotated3-rotated2.jpg,0,INVALID_MODALITY,train
C:/Users/Ankit/.cache/kagglehub/datasets/devbatrax/fracture-detection-using-x-ray-images/versions/1/data/train/fractured/48-rotated1-rotated2-rotated2.jpg,0,INVALID_MODALITY,train
C:/Users/Ankit/.cache/kagglehub/datasets/devbatrax/fracture-detection-using-x-ray-images/versions/1/data/train/not fractured/43-rotated3-rotated2-rotated1-rotated1.jpg,0,INVALID_MODALITY,train
C:/Users/Ankit/.cache/kagglehub/datasets/devbatrax/fracture-detection-using-x-ray-images/versions/1/data/train/not fractured/65-rotated3-rotated1-rotated3-rotated1.jpg,0,INVALID_MODALITY,val
D:\anti gravity\Radionova\datasets\generic_negatives\generic_0304.jpg,0,INVALID_MODALITY,train
C:/Users/Ankit/.cache/kagglehub/datasets/paultimothymooney/chest-xray-pneumonia/versions/2/chest_xray/train/NORMAL/NORMAL2-IM-0979-0001.jpeg,1,VALID_MODALITY,test
C:/Users/Ankit/.cache/kagglehub/datasets/paultimothymooney/chest-xray-pneumonia/versions/2/chest_xray/chest_xray/train/PNEUMONIA/person420_bacteria_1850.jpeg,1,VALID_MODALITY,train
C:/Users/Ankit/.cache/kagglehub/datasets/masoudnickparvar/brain-tumor-mri-dataset/versions/2/Training/glioma/Tr-gl_111.jpg,0,INVALID_MODALITY,train
C:/Users/Ankit/.cache/kagglehub/datasets/devbatrax/fracture-detection-using-x-ray-images/versions/1/data/train/fractured/54-rotated1-rotated1-rotated3.jpg,0,INVALID_MODALITY,val
C:/Users/Ankit/.cache/kagglehub/datasets/paultimothymooney/chest-xray-pneumonia/versions/2/chest_xray/chest_xray/train/NORMAL/IM-0551-0001-0002.jpeg,1,VALID_MODALITY,train
C:/Users/Ankit/.cache/kagglehub/datasets/paultimothymooney/chest-xray-pneumonia/versions/2/chest_xray/train/NORMAL/IM-0666-0001-0002.jpeg,1,VALID_MODALITY,train
C:/Users/Ankit/.cache/kagglehub/datasets/paultimothymooney/chest-xray-pneumonia/versions/2/chest_xray/chest_xray/train/NORMAL/IM-0224-0001.jpeg,1,VALID_MODALITY,train
C:/Users/Ankit/.cache/kagglehub/datasets/paultimothymooney/chest-xray-pneumonia/versions/2/chest_xray/chest_xray/train/PNEUMONIA/person1441_virus_2457.jpeg,1,VALID_MODALITY,train
C:/Users/Ankit/.cache/kagglehub/datasets/devbatrax/fracture-detection-using-x-ray-images/versions/1/data/train/not fractured/7-rotated2-rotated2-rotated2.jpg,0,INVALID_MODALITY,train
C:/Users/Ankit/.cache/kagglehub/datasets/paultimothymooney/chest-xray-pneumonia/versions/2/chest_xray/chest_xray/train/PNEUMONIA/person1609_virus_2790.jpeg,1,VALID_MODALITY,train
C:/Users/Ankit/.cache/kagglehub/datasets/devbatrax/fracture-detection-using-x-ray-images/versions/1/data/train/not fractured/37-rotated1-rotated3-rotated1.jpg,0,INVALID_MODALITY,train
C:/Users/Ankit/.cache/kagglehub/datasets/devbatrax/fracture-detection-using-x-ray-images/versions/1/data/val/not fractured/2-rotated3-rotated2-rotated2.jpg,0,INVALID_MODALITY,train
C:/Users/Ankit/.cache/kagglehub/datasets/paultimothymooney/chest-xray-pneumonia/versions/2/chest_xray/train/PNEUMONIA/person1307_virus_2251.jpeg,1,VALID_MODALITY,train
C:/Users/Ankit/.cache/kagglehub/datasets/paultimothymooney/chest-xray-pneumonia/versions/2/chest_xray/chest_xray/train/PNEUMONIA/person1318_bacteria_3334.jpeg,1,VALID_MODALITY,train
C:/Users/Ankit/.cache/kagglehub/datasets/paultimothymooney/chest-xray-pneumonia/versions/2/chest_xray/train/PNEUMONIA/person297_bacteria_1404.jpeg,1,VALID_MODALITY,train
C:/Users/Ankit/.cache/kagglehub/datasets/devbatrax/fracture-detection-using-x-ray-images/versions/1/data/train/not fractured/16-rotated1-rotated3-rotated3.jpg,0,INVALID_MODALITY,train
C:/Users/Ankit/.cache/kagglehub/datasets/devbatrax/fracture-detection-using-x-ray-images/versions/1/data/train/fractured/76-rotated1-rotated2.jpg,0,INVALID_MODALITY,train
C:/Users/Ankit/.cache/kagglehub/datasets/masoudnickparvar/brain-tumor-mri-dataset/versions/2/Testing/glioma/Te-gl_179.jpg,0,INVALID_MODALITY,train
C:/Users/Ankit/.cache/kagglehub/datasets/paultimothymooney/chest-xray-pneumonia/versions/2/chest_xray/chest_xray/train/PNEUMONIA/person685_bacteria_2581.jpeg,1,VALID_MODALITY,train
C:/Users/Ankit/.cache/kagglehub/datasets/paultimothymooney/chest-xray-pneumonia/versions/2/chest_xray/chest_xray/train/PNEUMONIA/person59_bacteria_284.jpeg,1,VALID_MODALITY,train
C:/Users/Ankit/.cache/kagglehub/datasets/paultimothymooney/chest-xray-pneumonia/versions/2/chest_xray/train/PNEUMONIA/person470_bacteria_2001.jpeg,1,VALID_MODALITY,train
C:/Users/Ankit/.cache/kagglehub/datasets/paultimothymooney/chest-xray-pneumonia/versions/2/chest_xray/train/NORMAL/IM-0704-0001.jpeg,1,VALID_MODALITY,train
C:/Users/Ankit/.cache/kagglehub/datasets/masoudnickparvar/brain-tumor-mri-dataset/versions/2/Training/glioma/Tr-gl_1355.jpg,0,INVALID_MODALITY,train
C:/Users/Ankit/.cache/kagglehub/datasets/masoudnickparvar/brain-tumor-mri-dataset/versions/2/Training/pituitary/Tr-pi_1268.jpg,0,INVALID_MODALITY,train
C:/Users/Ankit/.cache/kagglehub/datasets/paultimothymooney/chest-xray-pneumonia/versions/2/chest_xray/train/PNEUMONIA/person983_bacteria_2910.jpeg,1,VALID_MODALITY,test
C:/Users/Ankit/.cache/kagglehub/datasets/devbatrax/fracture-detection-using-x-ray-images/versions/1/data/train/not fractured/45-rotated2-rotated2-rotated3.jpg,0,INVALID_MODALITY,train
C:/Users/Ankit/.cache/kagglehub/datasets/paultimothymooney/chest-xray-pneumonia/versions/2/chest_xray/chest_xray/test/PNEUMONIA/person1661_virus_2873.jpeg,1,VALID_MODALITY,train
C:/Users/Ankit/.cache/kagglehub/datasets/devbatrax/fracture-detection-using-x-ray-images/versions/1/data/train/not fractured/9-rotated2-rotated2.jpg,0,INVALID_MODALITY,train
C:/Users/Ankit/.cache/kagglehub/datasets/masoudnickparvar/brain-tumor-mri-dataset/versions/2/Training/pituitary/Tr-pi_1296.jpg,0,INVALID_MODALITY,train
C:/Users/Ankit/.cache/kagglehub/datasets/paultimothymooney/chest-xray-pneumonia/versions/2/chest_xray/chest_xray/train/PNEUMONIA/person26_bacteria_124.jpeg,1,VALID_MODALITY,train
C:/Users/Ankit/.cache/kagglehub/datasets/masoudnickparvar/brain-tumor-mri-dataset/versions/2/Training/meningioma/Tr-me_1171.jpg,0,INVALID_MODALITY,train
C:/Users/Ankit/.cache/kagglehub/datasets/devbatrax/fracture-detection-using-x-ray-images/versions/1/data/train/fractured/83-rotated3-rotated3.jpg,0,INVALID_MODALITY,train
C:/Users/Ankit/.cache/kagglehub/datasets/paultimothymooney/chest-xray-pneumonia/versions/2/chest_xray/chest_xray/train/PNEUMONIA/person1455_bacteria_3784.jpeg,1,VALID_MODALITY,test
C:/Users/Ankit/.cache/kagglehub/datasets/paultimothymooney/chest-xray-pneumonia/versions/2/chest_xray/train/PNEUMONIA/person810_bacteria_2719.jpeg,1,VALID_MODALITY,test
C:/Users/Ankit/.cache/kagglehub/datasets/masoudnickparvar/brain-tumor-mri-dataset/versions/2/Training/glioma/Tr-gl_13.jpg,0,INVALID_MODALITY,train
C:/Users/Ankit/.cache/kagglehub/datasets/devbatrax/fracture-detection-using-x-ray-images/versions/1/data/train/fractured/31-rotated2-rotated3-rotated1.jpg,0,INVALID_MODALITY,train
C:/Users/Ankit/.cache/kagglehub/datasets/paultimothymooney/chest-xray-pneumonia/versions/2/chest_xray/train/PNEUMONIA/person64_bacteria_316.jpeg,1,VALID_MODALITY,train
C:/Users/Ankit/.cache/kagglehub/datasets/devbatrax/fracture-detection-using-x-ray-images/versions/1/data/val/fractured/6-rotated3.jpg,0,INVALID_MODALITY,train
C:/Users/Ankit/.cache/kagglehub/datasets/devbatrax/fracture-detection-using-x-ray-images/versions/1/data/train/not fractured/18-rotated2-rotated3-rotated1-rotated1.jpg,0,INVALID_MODALITY,val
C:/Users/Ankit/.cache/kagglehub/datasets/masoudnickparvar/brain-tumor-mri-dataset/versions/2/Training/pituitary/Tr-pi_233.jpg,0,INVALID_MODALITY,train
C:/Users/Ankit/.cache/kagglehub/datasets/paultimothymooney/chest-xray-pneumonia/versions/2/chest_xray/chest_xray/train/PNEUMONIA/person348_virus_715.jpeg,1,VALID_MODALITY,train
C:/Users/Ankit/.cache/kagglehub/datasets/paultimothymooney/chest-xray-pneumonia/versions/2/chest_xray/train/PNEUMONIA/person1022_bacteria_2953.jpeg,1,VALID_MODALITY,val
C:/Users/Ankit/.cache/kagglehub/datasets/devbatrax/fracture-detection-using-x-ray-images/versions/1/data/train/not fractured/31-rotated2-rotated3-rotated1.jpg,0,INVALID_MODALITY,train
C:/Users/Ankit/.cache/kagglehub/datasets/paultimothymooney/chest-xray-pneumonia/versions/2/chest_xray/train/PNEUMONIA/person1489_bacteria_3889.jpeg,1,VALID_MODALITY,train
C:/Users/Ankit/.cache/kagglehub/datasets/devbatrax/fracture-detection-using-x-ray-images/versions/1/data/train/not fractured/15-rotated3-rotated2-rotated2.jpg,0,INVALID_MODALITY,val
C:/Users/Ankit/.cache/kagglehub/datasets/paultimothymooney/chest-xray-pneumonia/versions/2/chest_xray/train/PNEUMONIA/person23_bacteria_85.jpeg,1,VALID_MODALITY,train
C:/Users/Ankit/.cache/kagglehub/datasets/paultimothymooney/chest-xray-pneumonia/versions/2/chest_xray/train/PNEUMONIA/person1411_bacteria_3602.jpeg,1,VALID_MODALITY,train
C:/Users/Ankit/.cache/kagglehub/datasets/paultimothymooney/chest-xray-pneumonia/versions/2/chest_xray/chest_xray/test/NORMAL/NORMAL2-IM-0246-0001-0001.jpeg,1,VALID_MODALITY,train
C:/Users/Ankit/.cache/kagglehub/datasets/devbatrax/fracture-detection-using-x-ray-images/versions/1/data/train/fractured/54-rotated2-rotated1.jpg,0,INVALID_MODALITY,val
C:/Users/Ankit/.cache/kagglehub/datasets/devbatrax/fracture-detection-using-x-ray-images/versions/1/data/train/fractured/94-rotated1-rotated1-rotated1.jpg,0,INVALID_MODALITY,val
C:/Users/Ankit/.cache/kagglehub/datasets/masoudnickparvar/brain-tumor-mri-dataset/versions/2/Training/pituitary/Tr-pi_643.jpg,0,INVALID_MODALITY,train
C:/Users/Ankit/.cache/kagglehub/datasets/devbatrax/fracture-detection-using-x-ray-images/versions/1/data/train/fractured/77-rotated2-rotated3-rotated3.jpg,0,INVALID_MODALITY,test
D:\anti gravity\Radionova\datasets\generic_negatives\generic_0151.jpg,0,INVALID_MODALITY,train
C:/Users/Ankit/.cache/kagglehub/datasets/paultimothymooney/chest-xray-pneumonia/versions/2/chest_xray/chest_xray/train/PNEUMONIA/person583_virus_1127.jpeg,1,VALID_MODALITY,train
C:/Users/Ankit/.cache/kagglehub/datasets/masoudnickparvar/brain-tumor-mri-dataset/versions/2/Training/pituitary/Tr-pi_601.jpg,0,INVALID_MODALITY,train
C:/Users/Ankit/.cache/kagglehub/datasets/devbatrax/fracture-detection-using-x-ray-images/versions/1/data/val/fractured/6-rotated1-rotated1-rotated2.jpg,0,INVALID_MODALITY,val
C:/Users/Ankit/.cache/kagglehub/datasets/masoudnickparvar/brain-tumor-mri-dataset/versions/2/Training/pituitary/Tr-pi_883.jpg,0,INVALID_MODALITY,val
C:/Users/Ankit/.cache/kagglehub/datasets/devbatrax/fracture-detection-using-x-ray-images/versions/1/data/train/fractured/113-rotated2-rotated3-rotated1.jpg,0,INVALID_MODALITY,train
C:/Users/Ankit/.cache/kagglehub/datasets/devbatrax/fracture-detection-using-x-ray-images/versions/1/data/train/fractured/82-rotated1-rotated1-rotated2.jpg,0,INVALID_MODALITY,test
C:/Users/Ankit/.cache/kagglehub/datasets/paultimothymooney/chest-xray-pneumonia/versions/2/chest_xray/train/PNEUMONIA/person862_virus_1507.jpeg,1,VALID_MODALITY,test
C:/Users/Ankit/.cache/kagglehub/datasets/paultimothymooney/chest-xray-pneumonia/versions/2/chest_xray/train/PNEUMONIA/person368_bacteria_1667.jpeg,1,VALID_MODALITY,train
C:/Users/Ankit/.cache/kagglehub/datasets/paultimothymooney/chest-xray-pneumonia/versions/2/chest_xray/train/NORMAL/NORMAL2-IM-0395-0001-0002.jpeg,1,VALID_MODALITY,val
C:/Users/Ankit/.cache/kagglehub/datasets/paultimothymooney/chest-xray-pneumonia/versions/2/chest_xray/chest_xray/train/PNEUMONIA/person570_bacteria_2365.jpeg,1,VALID_MODALITY,train
C:/Users/Ankit/.cache/kagglehub/datasets/paultimothymooney/chest-xray-pneumonia/versions/2/chest_xray/chest_xray/train/PNEUMONIA/person162_virus_321.jpeg,1,VALID_MODALITY,train
C:/Users/Ankit/.cache/kagglehub/datasets/devbatrax/fracture-detection-using-x-ray-images/versions/1/data/train/fractured/79-rotated2-rotated2-rotated1.jpg,0,INVALID_MODALITY,test
D:\anti gravity\Radionova\datasets\generic_negatives\generic_0141.jpg,0,INVALID_MODALITY,test
C:/Users/Ankit/.cache/kagglehub/datasets/paultimothymooney/chest-xray-pneumonia/versions/2/chest_xray/train/PNEUMONIA/person477_bacteria_2028.jpeg,1,VALID_MODALITY,train
C:/Users/Ankit/.cache/kagglehub/datasets/paultimothymooney/chest-xray-pneumonia/versions/2/chest_xray/train/PNEUMONIA/person1138_virus_1879.jpeg,1,VALID_MODALITY,train
C:/Users/Ankit/.cache/kagglehub/datasets/paultimothymooney/chest-xray-pneumonia/versions/2/chest_xray/chest_xray/train/NORMAL/NORMAL2-IM-0503-0001.jpeg,1,VALID_MODALITY,train
C:/Users/Ankit/.cache/kagglehub/datasets/paultimothymooney/chest-xray-pneumonia/versions/2/chest_xray/chest_xray/test/NORMAL/NORMAL2-IM-0325-0001.jpeg,1,VALID_MODALITY,train
C:/Users/Ankit/.cache/kagglehub/datasets/devbatrax/fracture-detection-using-x-ray-images/versions/1/data/train/not fractured/64-rotated2-rotated2-rotated1.jpg,0,INVALID_MODALITY,train
C:/Users/Ankit/.cache/kagglehub/datasets/paultimothymooney/chest-xray-pneumonia/versions/2/chest_xray/train/PNEUMONIA/person1609_virus_2791.jpeg,1,VALID_MODALITY,train
C:/Users/Ankit/.cache/kagglehub/datasets/paultimothymooney/chest-xray-pneumonia/versions/2/chest_xray/train/PNEUMONIA/person997_bacteria_2926.jpeg,1,VALID_MODALITY,train
D:\anti gravity\Radionova\datasets\generic_negatives\generic_0049.jpg,0,INVALID_MODALITY,train
C:/Users/Ankit/.cache/kagglehub/datasets/paultimothymooney/chest-xray-pneumonia/versions/2/chest_xray/train/PNEUMONIA/person279_bacteria_1315.jpeg,1,VALID_MODALITY,test
C:/Users/Ankit/.cache/kagglehub/datasets/paultimothymooney/chest-xray-pneumonia/versions/2/chest_xray/chest_xray/train/PNEUMONIA/person554_virus_1094.jpeg,1,VALID_MODALITY,train
C:/Users/Ankit/.cache/kagglehub/datasets/paultimothymooney/chest-xray-pneumonia/versions/2/chest_xray/chest_xray/test/NORMAL/NORMAL2-IM-0019-0001.jpeg,1,VALID_MODALITY,train
C:/Users/Ankit/.cache/kagglehub/datasets/paultimothymooney/chest-xray-pneumonia/versions/2/chest_xray/chest_xray/train/PNEUMONIA/person531_bacteria_2239.jpeg,1,VALID_MODALITY,train
C:/Users/Ankit/.cache/kagglehub/datasets/devbatrax/fracture-detection-using-x-ray-images/versions/1/data/train/not fractured/41.jpg,0,INVALID_MODALITY,train
C:/Users/Ankit/.cache/kagglehub/datasets/paultimothymooney/chest-xray-pneumonia/versions/2/chest_xray/chest_xray/train/NORMAL/IM-0489-0001.jpeg,1,VALID_MODALITY,train
C:/Users/Ankit/.cache/kagglehub/datasets/paultimothymooney/chest-xray-pneumonia/versions/2/chest_xray/chest_xray/train/PNEUMONIA/person76_bacteria_371.jpeg,1,VALID_MODALITY,train
D:\anti gravity\Radionova\datasets\generic_negatives\generic_0074.jpg,0,INVALID_MODALITY,train
C:/Users/Ankit/.cache/kagglehub/datasets/paultimothymooney/chest-xray-pneumonia/versions/2/chest_xray/chest_xray/train/PNEUMONIA/person1178_virus_2004.jpeg,1,VALID_MODALITY,train
C:/Users/Ankit/.cache/kagglehub/datasets/paultimothymooney/chest-xray-pneumonia/versions/2/chest_xray/train/PNEUMONIA/person649_bacteria_2541.jpeg,1,VALID_MODALITY,train
C:/Users/Ankit/.cache/kagglehub/datasets/devbatrax/fracture-detection-using-x-ray-images/versions/1/data/train/not fractured/17-rotated3-rotated1-rotated1-rotated1.jpg,0,INVALID_MODALITY,test
C:/Users/Ankit/.cache/kagglehub/datasets/devbatrax/fracture-detection-using-x-ray-images/versions/1/data/train/fractured/56-rotated3-rotated3-rotated3.jpg,0,INVALID_MODALITY,test
C:/Users/Ankit/.cache/kagglehub/datasets/paultimothymooney/chest-xray-pneumonia/versions/2/chest_xray/chest_xray/train/NORMAL/IM-0543-0001.jpeg,1,VALID_MODALITY,train
C:/Users/Ankit/.cache/kagglehub/datasets/devbatrax/fracture-detection-using-x-ray-images/versions/1/data/train/not fractured/41-rotated2-rotated3-rotated3-rotated1.jpg,0,INVALID_MODALITY,train
C:/Users/Ankit/.cache/kagglehub/datasets/devbatrax/fracture-detection-using-x-ray-images/versions/1/data/train/not fractured/59-rotated2-rotated1-rotated2-rotated1.jpg,0,INVALID_MODALITY,val
C:/Users/Ankit/.cache/kagglehub/datasets/paultimothymooney/chest-xray-pneumonia/versions/2/chest_xray/chest_xray/train/PNEUMONIA/person632_virus_1211.jpeg,1,VALID_MODALITY,train
C:/Users/Ankit/.cache/kagglehub/datasets/paultimothymooney/chest-xray-pneumonia/versions/2/chest_xray/train/PNEUMONIA/person464_bacteria_1975.jpeg,1,VALID_MODALITY,test
C:/Users/Ankit/.cache/kagglehub/datasets/devbatrax/fracture-detection-using-x-ray-images/versions/1/data/train/fractured/60-rotated2.jpg,0,INVALID_MODALITY,train
C:/Users/Ankit/.cache/kagglehub/datasets/devbatrax/fracture-detection-using-x-ray-images/versions/1/data/train/not fractured/42-rotated1-rotated2-rotated3-rotated1.jpg,0,INVALID_MODALITY,train
C:/Users/Ankit/.cache/kagglehub/datasets/devbatrax/fracture-detection-using-x-ray-images/versions/1/data/train/not fractured/27-rotated3-rotated3-rotated2.jpg,0,INVALID_MODALITY,train
C:/Users/Ankit/.cache/kagglehub/datasets/paultimothymooney/chest-xray-pneumonia/versions/2/chest_xray/chest_xray/train/PNEUMONIA/person941_virus_1610.jpeg,1,VALID_MODALITY,val
C:/Users/Ankit/.cache/kagglehub/datasets/masoudnickparvar/brain-tumor-mri-dataset/versions/2/Training/glioma/Tr-gl_1150.jpg,0,INVALID_MODALITY,train
C:/Users/Ankit/.cache/kagglehub/datasets/paultimothymooney/chest-xray-pneumonia/versions/2/chest_xray/chest_xray/train/NORMAL/NORMAL2-IM-0702-0001.jpeg,1,VALID_MODALITY,train
C:/Users/Ankit/.cache/kagglehub/datasets/devbatrax/fracture-detection-using-x-ray-images/versions/1/data/val/not fractured/4-rotated1-rotated3-rotated3.jpg,0,INVALID_MODALITY,train
C:/Users/Ankit/.cache/kagglehub/datasets/masoudnickparvar/brain-tumor-mri-dataset/versions/2/Training/meningioma/Tr-me_929.jpg,0,INVALID_MODALITY,train
C:/Users/Ankit/.cache/kagglehub/datasets/paultimothymooney/chest-xray-pneumonia/versions/2/chest_xray/chest_xray/train/NORMAL/NORMAL2-IM-1343-0001.jpeg,1,VALID_MODALITY,test
C:/Users/Ankit/.cache/kagglehub/datasets/masoudnickparvar/brain-tumor-mri-dataset/versions/2/Testing/meningioma/Te-aug-me_11.jpg,0,INVALID_MODALITY,train
C:/Users/Ankit/.cache/kagglehub/datasets/devbatrax/fracture-detection-using-x-ray-images/versions/1/data/train/not fractured/18-rotated1-rotated2.jpg,0,INVALID_MODALITY,train
D:\anti gravity\Radionova\datasets\generic_negatives\generic_0261.jpg,0,INVALID_MODALITY,test
C:/Users/Ankit/.cache/kagglehub/datasets/masoudnickparvar/brain-tumor-mri-dataset/versions/2/Testing/meningioma/Te-me_193.jpg,0,INVALID_MODALITY,test
C:/Users/Ankit/.cache/kagglehub/datasets/paultimothymooney/chest-xray-pneumonia/versions/2/chest_xray/chest_xray/train/NORMAL/NORMAL2-IM-0931-0001.jpeg,1,VALID_MODALITY,train
C:/Users/Ankit/.cache/kagglehub/datasets/devbatrax/fracture-detection-using-x-ray-images/versions/1/data/train/fractured/117-rotated3-rotated3-rotated3.jpg,0,INVALID_MODALITY,val
D:\anti gravity\Radionova\datasets\generic_negatives\generic_0150.jpg,0,INVALID_MODALITY,train
C:/Users/Ankit/.cache/kagglehub/datasets/paultimothymooney/chest-xray-pneumonia/versions/2/chest_xray/chest_xray/train/PNEUMONIA/person1563_bacteria_4092.jpeg,1,VALID_MODALITY,train
C:/Users/Ankit/.cache/kagglehub/datasets/devbatrax/fracture-detection-using-x-ray-images/versions/1/data/val/fractured/4-rotated3-rotated3.jpg,0,INVALID_MODALITY,test
C:/Users/Ankit/.cache/kagglehub/datasets/masoudnickparvar/brain-tumor-mri-dataset/versions/2/Testing/glioma/Te-gl_281.jpg,0,INVALID_MODALITY,train
C:/Users/Ankit/.cache/kagglehub/datasets/devbatrax/fracture-detection-using-x-ray-images/versions/1/data/train/not fractured/49-rotated2-rotated3-rotated2-rotated1.jpg,0,INVALID_MODALITY,train
C:/Users/Ankit/.cache/kagglehub/datasets/devbatrax/fracture-detection-using-x-ray-images/versions/1/data/train/not fractured/5-rotated3-rotated3-rotated2.jpg,0,INVALID_MODALITY,train
C:/Users/Ankit/.cache/kagglehub/datasets/paultimothymooney/chest-xray-pneumonia/versions/2/chest_xray/chest_xray/train/PNEUMONIA/person500_bacteria_2109.jpeg,1,VALID_MODALITY,train
D:\anti gravity\Radionova\datasets\generic_negatives\generic_0375.jpg,0,INVALID_MODALITY,train
C:/Users/Ankit/.cache/kagglehub/datasets/devbatrax/fracture-detection-using-x-ray-images/versions/1/data/train/not fractured/36-rotated3-rotated3-rotated2-rotated1.jpg,0,INVALID_MODALITY,test
C:/Users/Ankit/.cache/kagglehub/datasets/paultimothymooney/chest-xray-pneumonia/versions/2/chest_xray/chest_xray/train/NORMAL/NORMAL2-IM-0707-0001.jpeg,1,VALID_MODALITY,train
C:/Users/Ankit/.cache/kagglehub/datasets/devbatrax/fracture-detection-using-x-ray-images/versions/1/data/train/fractured/113-rotated2-rotated2-rotated1.jpg,0,INVALID_MODALITY,train
C:/Users/Ankit/.cache/kagglehub/datasets/masoudnickparvar/brain-tumor-mri-dataset/versions/2/Training/glioma/Tr-gl_1340.jpg,0,INVALID_MODALITY,train
C:/Users/Ankit/.cache/kagglehub/datasets/devbatrax/fracture-detection-using-x-ray-images/versions/1/data/train/not fractured/61-rotated1-rotated2.jpg,0,INVALID_MODALITY,train
C:/Users/Ankit/.cache/kagglehub/datasets/devbatrax/fracture-detection-using-x-ray-images/versions/1/data/train/not fractured/17-rotated3-rotated3-rotated3-rotated1.jpg,0,INVALID_MODALITY,train
C:/Users/Ankit/.cache/kagglehub/datasets/paultimothymooney/chest-xray-pneumonia/versions/2/chest_xray/train/NORMAL/NORMAL2-IM-0818-0001.jpeg,1,VALID_MODALITY,train
C:/Users/Ankit/.cache/kagglehub/datasets/paultimothymooney/chest-xray-pneumonia/versions/2/chest_xray/train/PNEUMONIA/person509_bacteria_2145.jpeg,1,VALID_MODALITY,val
C:/Users/Ankit/.cache/kagglehub/datasets/paultimothymooney/chest-xray-pneumonia/versions/2/chest_xray/chest_xray/train/PNEUMONIA/person986_bacteria_2913.jpeg,1,VALID_MODALITY,train
C:/Users/Ankit/.cache/kagglehub/datasets/devbatrax/fracture-detection-using-x-ray-images/versions/1/data/train/fractured/78-rotated1-rotated2-rotated1.jpg,0,INVALID_MODALITY,test
D:\anti gravity\Radionova\datasets\generic_negatives\generic_0354.jpg,0,INVALID_MODALITY,train
C:/Users/Ankit/.cache/kagglehub/datasets/devbatrax/fracture-detection-using-x-ray-images/versions/1/data/train/not fractured/22-rotated3-rotated2-rotated1.jpg,0,INVALID_MODALITY,train
C:/Users/Ankit/.cache/kagglehub/datasets/masoudnickparvar/brain-tumor-mri-dataset/versions/2/Training/glioma/Tr-gl_1063.jpg,0,INVALID_MODALITY,train
C:/Users/Ankit/.cache/kagglehub/datasets/paultimothymooney/chest-xray-pneumonia/versions/2/chest_xray/train/NORMAL/NORMAL2-IM-0391-0001.jpeg,1,VALID_MODALITY,val
D:\anti gravity\Radionova\datasets\generic_negatives\generic_0195.jpg,0,INVALID_MODALITY,test
D:\anti gravity\Radionova\datasets\generic_negatives\generic_0299.jpg,0,INVALID_MODALITY,train
C:/Users/Ankit/.cache/kagglehub/datasets/devbatrax/fracture-detection-using-x-ray-images/versions/1/data/train/not fractured/41-rotated2-rotated1-rotated3.jpg,0,INVALID_MODALITY,train
C:/Users/Ankit/.cache/kagglehub/datasets/devbatrax/fracture-detection-using-x-ray-images/versions/1/data/train/fractured/39-rotated2-rotated3-rotated1.jpg,0,INVALID_MODALITY,val
D:\anti gravity\Radionova\datasets\generic_negatives\generic_0206.jpg,0,INVALID_MODALITY,train
C:/Users/Ankit/.cache/kagglehub/datasets/devbatrax/fracture-detection-using-x-ray-images/versions/1/data/val/fractured/4-rotated1-rotated2-rotated1.jpg,0,INVALID_MODALITY,train
C:/Users/Ankit/.cache/kagglehub/datasets/paultimothymooney/chest-xray-pneumonia/versions/2/chest_xray/chest_xray/train/PNEUMONIA/person448_bacteria_1935.jpeg,1,VALID_MODALITY,train
C:/Users/Ankit/.cache/kagglehub/datasets/paultimothymooney/chest-xray-pneumonia/versions/2/chest_xray/chest_xray/train/PNEUMONIA/person628_virus_1206.jpeg,1,VALID_MODALITY,train
C:/Users/Ankit/.cache/kagglehub/datasets/paultimothymooney/chest-xray-pneumonia/versions/2/chest_xray/chest_xray/train/PNEUMONIA/person778_virus_1408.jpeg,1,VALID_MODALITY,val
C:/Users/Ankit/.cache/kagglehub/datasets/devbatrax/fracture-detection-using-x-ray-images/versions/1/data/val/not fractured/1-rotated3-rotated2.jpg,0,INVALID_MODALITY,train
D:\anti gravity\Radionova\datasets\generic_negatives\generic_0068.jpg,0,INVALID_MODALITY,train
C:/Users/Ankit/.cache/kagglehub/datasets/devbatrax/fracture-detection-using-x-ray-images/versions/1/data/train/not fractured/70-rotated2-rotated3-rotated1-rotated1.jpg,0,INVALID_MODALITY,train
D:\anti gravity\Radionova\datasets\generic_negatives\generic_0313.jpg,0,INVALID_MODALITY,train
C:/Users/Ankit/.cache/kagglehub/datasets/paultimothymooney/chest-xray-pneumonia/versions/2/chest_xray/chest_xray/train/NORMAL/NORMAL2-IM-0962-0001.jpeg,1,VALID_MODALITY,train
C:/Users/Ankit/.cache/kagglehub/datasets/paultimothymooney/chest-xray-pneumonia/versions/2/chest_xray/train/PNEUMONIA/person811_bacteria_2721.jpeg,1,VALID_MODALITY,train
D:\anti gravity\Radionova\datasets\generic_negatives\generic_0285.jpg,0,INVALID_MODALITY,train
C:/Users/Ankit/.cache/kagglehub/datasets/paultimothymooney/chest-xray-pneumonia/versions/2/chest_xray/chest_xray/train/NORMAL/NORMAL2-IM-0433-0001.jpeg,1,VALID_MODALITY,train
D:\anti gravity\Radionova\datasets\generic_negatives\generic_0147.jpg,0,INVALID_MODALITY,train
C:/Users/Ankit/.cache/kagglehub/datasets/paultimothymooney/chest-xray-pneumonia/versions/2/chest_xray/train/NORMAL/NORMAL2-IM-0890-0001.jpeg,1,VALID_MODALITY,train
C:/Users/Ankit/.cache/kagglehub/datasets/paultimothymooney/chest-xray-pneumonia/versions/2/chest_xray/train/PNEUMONIA/person274_virus_563.jpeg,1,VALID_MODALITY,train
C:/Users/Ankit/.cache/kagglehub/datasets/devbatrax/fracture-detection-using-x-ray-images/versions/1/data/train/not fractured/64-rotated3-rotated2-rotated2.jpg,0,INVALID_MODALITY,val
C:/Users/Ankit/.cache/kagglehub/datasets/paultimothymooney/chest-xray-pneumonia/versions/2/chest_xray/train/NORMAL/IM-0754-0001.jpeg,1,VALID_MODALITY,train
C:/Users/Ankit/.cache/kagglehub/datasets/paultimothymooney/chest-xray-pneumonia/versions/2/chest_xray/chest_xray/train/PNEUMONIA/person319_bacteria_1478.jpeg,1,VALID_MODALITY,train
C:/Users/Ankit/.cache/kagglehub/datasets/paultimothymooney/chest-xray-pneumonia/versions/2/chest_xray/train/PNEUMONIA/person61_bacteria_292.jpeg,1,VALID_MODALITY,train
C:/Users/Ankit/.cache/kagglehub/datasets/paultimothymooney/chest-xray-pneumonia/versions/2/chest_xray/train/NORMAL/IM-0683-0001.jpeg,1,VALID_MODALITY,train
D:\anti gravity\Radionova\datasets\generic_negatives\generic_0021.jpg,0,INVALID_MODALITY,train
C:/Users/Ankit/.cache/kagglehub/datasets/paultimothymooney/chest-xray-pneumonia/versions/2/chest_xray/test/PNEUMONIA/person83_bacteria_411.jpeg,1,VALID_MODALITY,train
C:/Users/Ankit/.cache/kagglehub/datasets/devbatrax/fracture-detection-using-x-ray-images/versions/1/data/train/fractured/59-rotated1-rotated2-rotated2.jpg,0,INVALID_MODALITY,train
C:/Users/Ankit/.cache/kagglehub/datasets/devbatrax/fracture-detection-using-x-ray-images/versions/1/data/val/not fractured/1-rotated3-rotated3-rotated2.jpg,0,INVALID_MODALITY,train
C:/Users/Ankit/.cache/kagglehub/datasets/paultimothymooney/chest-xray-pneumonia/versions/2/chest_xray/chest_xray/train/NORMAL/IM-0265-0001.jpeg,1,VALID_MODALITY,train
C:/Users/Ankit/.cache/kagglehub/datasets/paultimothymooney/chest-xray-pneumonia/versions/2/chest_xray/chest_xray/train/NORMAL/NORMAL2-IM-1310-0001.jpeg,1,VALID_MODALITY,test
C:/Users/Ankit/.cache/kagglehub/datasets/masoudnickparvar/brain-tumor-mri-dataset/versions/2/Testing/glioma/Te-gl_65.jpg,0,INVALID_MODALITY,train
C:/Users/Ankit/.cache/kagglehub/datasets/paultimothymooney/chest-xray-pneumonia/versions/2/chest_xray/train/PNEUMONIA/person1582_bacteria_4137.jpeg,1,VALID_MODALITY,train
C:/Users/Ankit/.cache/kagglehub/datasets/devbatrax/fracture-detection-using-x-ray-images/versions/1/data/train/fractured/109-rotated2.jpg,0,INVALID_MODALITY,train
C:/Users/Ankit/.cache/kagglehub/datasets/devbatrax/fracture-detection-using-x-ray-images/versions/1/data/train/fractured/41-rotated2-rotated3-rotated2.jpg,0,INVALID_MODALITY,train
C:/Users/Ankit/.cache/kagglehub/datasets/paultimothymooney/chest-xray-pneumonia/versions/2/chest_xray/chest_xray/train/NORMAL/NORMAL2-IM-0725-0001.jpeg,1,VALID_MODALITY,test
C:/Users/Ankit/.cache/kagglehub/datasets/paultimothymooney/chest-xray-pneumonia/versions/2/chest_xray/chest_xray/train/NORMAL/IM-0657-0001.jpeg,1,VALID_MODALITY,train
C:/Users/Ankit/.cache/kagglehub/datasets/devbatrax/fracture-detection-using-x-ray-images/versions/1/data/train/fractured/50-rotated3-rotated1-rotated1.jpg,0,INVALID_MODALITY,train
C:/Users/Ankit/.cache/kagglehub/datasets/masoudnickparvar/brain-tumor-mri-dataset/versions/2/Training/meningioma/Tr-me_359.jpg,0,INVALID_MODALITY,val
D:\anti gravity\Radionova\datasets\generic_negatives\generic_0072.jpg,0,INVALID_MODALITY,val
C:/Users/Ankit/.cache/kagglehub/datasets/paultimothymooney/chest-xray-pneumonia/versions/2/chest_xray/train/NORMAL/IM-0214-0001.jpeg,1,VALID_MODALITY,train
C:/Users/Ankit/.cache/kagglehub/datasets/masoudnickparvar/brain-tumor-mri-dataset/versions/2/Testing/pituitary/Te-pi_219.jpg,0,INVALID_MODALITY,train
C:/Users/Ankit/.cache/kagglehub/datasets/devbatrax/fracture-detection-using-x-ray-images/versions/1/data/train/fractured/57-rotated2-rotated1-rotated2.jpg,0,INVALID_MODALITY,train
C:/Users/Ankit/.cache/kagglehub/datasets/masoudnickparvar/brain-tumor-mri-dataset/versions/2/Training/glioma/Tr-gl_1359.jpg,0,INVALID_MODALITY,train
C:/Users/Ankit/.cache/kagglehub/datasets/paultimothymooney/chest-xray-pneumonia/versions/2/chest_xray/chest_xray/train/NORMAL/NORMAL2-IM-0995-0001-0001.jpeg,1,VALID_MODALITY,train
C:/Users/Ankit/.cache/kagglehub/datasets/paultimothymooney/chest-xray-pneumonia/versions/2/chest_xray/chest_xray/train/PNEUMONIA/person370_bacteria_1690.jpeg,1,VALID_MODALITY,train
C:/Users/Ankit/.cache/kagglehub/datasets/paultimothymooney/chest-xray-pneumonia/versions/2/chest_xray/chest_xray/train/NORMAL/IM-0306-0001.jpeg,1,VALID_MODALITY,train
C:/Users/Ankit/.cache/kagglehub/datasets/paultimothymooney/chest-xray-pneumonia/versions/2/chest_xray/chest_xray/train/PNEUMONIA/person66_bacteria_326.jpeg,1,VALID_MODALITY,train
C:/Users/Ankit/.cache/kagglehub/datasets/paultimothymooney/chest-xray-pneumonia/versions/2/chest_xray/train/NORMAL/IM-0499-0001-0002.jpeg,1,VALID_MODALITY,train
C:/Users/Ankit/.cache/kagglehub/datasets/paultimothymooney/chest-xray-pneumonia/versions/2/chest_xray/chest_xray/train/NORMAL/NORMAL2-IM-0862-0001.jpeg,1,VALID_MODALITY,train
C:/Users/Ankit/.cache/kagglehub/datasets/paultimothymooney/chest-xray-pneumonia/versions/2/chest_xray/train/PNEUMONIA/person906_virus_1562.jpeg,1,VALID_MODALITY,train
C:/Users/Ankit/.cache/kagglehub/datasets/paultimothymooney/chest-xray-pneumonia/versions/2/chest_xray/train/PNEUMONIA/person315_bacteria_1464.jpeg,1,VALID_MODALITY,train
C:/Users/Ankit/.cache/kagglehub/datasets/paultimothymooney/chest-xray-pneumonia/versions/2/chest_xray/chest_xray/train/PNEUMONIA/person1860_bacteria_4732.jpeg,1,VALID_MODALITY,train
C:/Users/Ankit/.cache/kagglehub/datasets/devbatrax/fracture-detection-using-x-ray-images/versions/1/data/train/fractured/97-rotated2-rotated2.jpg,0,INVALID_MODALITY,train
C:/Users/Ankit/.cache/kagglehub/datasets/devbatrax/fracture-detection-using-x-ray-images/versions/1/data/val/fractured/6-rotated2-rotated3-rotated3.jpg,0,INVALID_MODALITY,train
C:/Users/Ankit/.cache/kagglehub/datasets/paultimothymooney/chest-xray-pneumonia/versions/2/chest_xray/train/NORMAL/IM-0463-0001.jpeg,1,VALID_MODALITY,train
C:/Users/Ankit/.cache/kagglehub/datasets/masoudnickparvar/brain-tumor-mri-dataset/versions/2/Training/pituitary/Tr-pi_893.jpg,0,INVALID_MODALITY,train
C:/Users/Ankit/.cache/kagglehub/datasets/paultimothymooney/chest-xray-pneumonia/versions/2/chest_xray/chest_xray/train/PNEUMONIA/person548_bacteria_2302.jpeg,1,VALID_MODALITY,val
C:/Users/Ankit/.cache/kagglehub/datasets/paultimothymooney/chest-xray-pneumonia/versions/2/chest_xray/chest_xray/test/NORMAL/NORMAL2-IM-0229-0001.jpeg,1,VALID_MODALITY,train
C:/Users/Ankit/.cache/kagglehub/datasets/paultimothymooney/chest-xray-pneumonia/versions/2/chest_xray/train/PNEUMONIA/person603_virus_1164.jpeg,1,VALID_MODALITY,train
C:/Users/Ankit/.cache/kagglehub/datasets/paultimothymooney/chest-xray-pneumonia/versions/2/chest_xray/chest_xray/train/PNEUMONIA/person1546_bacteria_4044.jpeg,1,VALID_MODALITY,train
C:/Users/Ankit/.cache/kagglehub/datasets/devbatrax/fracture-detection-using-x-ray-images/versions/1/data/train/fractured/97-rotated1-rotated1.jpg,0,INVALID_MODALITY,train
C:/Users/Ankit/.cache/kagglehub/datasets/masoudnickparvar/brain-tumor-mri-dataset/versions/2/Testing/pituitary/Te-pi_315.jpg,0,INVALID_MODALITY,train
C:/Users/Ankit/.cache/kagglehub/datasets/paultimothymooney/chest-xray-pneumonia/versions/2/chest_xray/train/NORMAL/IM-0543-0001-0002.jpeg,1,VALID_MODALITY,train
D:\anti gravity\Radionova\datasets\generic_negatives\generic_0256.jpg,0,INVALID_MODALITY,train
C:/Users/Ankit/.cache/kagglehub/datasets/paultimothymooney/chest-xray-pneumonia/versions/2/chest_xray/chest_xray/train/PNEUMONIA/person652_bacteria_2544.jpeg,1,VALID_MODALITY,train
C:/Users/Ankit/.cache/kagglehub/datasets/paultimothymooney/chest-xray-pneumonia/versions/2/chest_xray/chest_xray/train/PNEUMONIA/person1135_bacteria_3077.jpeg,1,VALID_MODALITY,train
C:/Users/Ankit/.cache/kagglehub/datasets/masoudnickparvar/brain-tumor-mri-dataset/versions/2/Testing/pituitary/Te-pi_107.jpg,0,INVALID_MODALITY,train
C:/Users/Ankit/.cache/kagglehub/datasets/devbatrax/fracture-detection-using-x-ray-images/versions/1/data/train/not fractured/39-rotated1-rotated3-rotated3-rotated1.jpg,0,INVALID_MODALITY,train
C:/Users/Ankit/.cache/kagglehub/datasets/devbatrax/fracture-detection-using-x-ray-images/versions/1/data/train/not fractured/10-rotated2-rotated1.jpg,0,INVALID_MODALITY,train
C:/Users/Ankit/.cache/kagglehub/datasets/paultimothymooney/chest-xray-pneumonia/versions/2/chest_xray/train/NORMAL/NORMAL2-IM-1288-0001.jpeg,1,VALID_MODALITY,train
C:/Users/Ankit/.cache/kagglehub/datasets/paultimothymooney/chest-xray-pneumonia/versions/2/chest_xray/chest_xray/test/NORMAL/NORMAL2-IM-0349-0001.jpeg,1,VALID_MODALITY,train
C:/Users/Ankit/.cache/kagglehub/datasets/paultimothymooney/chest-xray-pneumonia/versions/2/chest_xray/train/PNEUMONIA/person728_bacteria_2630.jpeg,1,VALID_MODALITY,test
C:/Users/Ankit/.cache/kagglehub/datasets/masoudnickparvar/brain-tumor-mri-dataset/versions/2/Testing/glioma/Te-gl_17.jpg,0,INVALID_MODALITY,train
C:/Users/Ankit/.cache/kagglehub/datasets/paultimothymooney/chest-xray-pneumonia/versions/2/chest_xray/chest_xray/test/PNEUMONIA/person20_virus_51.jpeg,1,VALID_MODALITY,train
C:/Users/Ankit/.cache/kagglehub/datasets/devbatrax/fracture-detection-using-x-ray-images/versions/1/data/train/fractured/26-rotated2-rotated1-rotated1.jpg,0,INVALID_MODALITY,val
C:/Users/Ankit/.cache/kagglehub/datasets/devbatrax/fracture-detection-using-x-ray-images/versions/1/data/train/fractured/22-rotated2-rotated3-rotated3.jpg,0,INVALID_MODALITY,train
C:/Users/Ankit/.cache/kagglehub/datasets/paultimothymooney/chest-xray-pneumonia/versions/2/chest_xray/chest_xray/train/NORMAL/NORMAL2-IM-0550-0001.jpeg,1,VALID_MODALITY,val
C:/Users/Ankit/.cache/kagglehub/datasets/masoudnickparvar/brain-tumor-mri-dataset/versions/2/Training/meningioma/Tr-me_938.jpg,0,INVALID_MODALITY,train
C:/Users/Ankit/.cache/kagglehub/datasets/devbatrax/fracture-detection-using-x-ray-images/versions/1/data/train/fractured/119-rotated3-rotated1-rotated2.jpg,0,INVALID_MODALITY,train
C:/Users/Ankit/.cache/kagglehub/datasets/devbatrax/fracture-detection-using-x-ray-images/versions/1/data/train/fractured/111-rotated3-rotated2-rotated2.jpg,0,INVALID_MODALITY,train
C:/Users/Ankit/.cache/kagglehub/datasets/paultimothymooney/chest-xray-pneumonia/versions/2/chest_xray/train/PNEUMONIA/person326_bacteria_1504.jpeg,1,VALID_MODALITY,train
D:\anti gravity\Radionova\datasets\generic_negatives\generic_0381.jpg,0,INVALID_MODALITY,train
C:/Users/Ankit/.cache/kagglehub/datasets/paultimothymooney/chest-xray-pneumonia/versions/2/chest_xray/train/PNEUMONIA/person309_bacteria_1447.jpeg,1,VALID_MODALITY,train
C:/Users/Ankit/.cache/kagglehub/datasets/masoudnickparvar/brain-tumor-mri-dataset/versions/2/Testing/glioma/Te-gl_214.jpg,0,INVALID_MODALITY,test
C:/Users/Ankit/.cache/kagglehub/datasets/paultimothymooney/chest-xray-pneumonia/versions/2/chest_xray/train/PNEUMONIA/person259_bacteria_1220.jpeg,1,VALID_MODALITY,train
C:/Users/Ankit/.cache/kagglehub/datasets/paultimothymooney/chest-xray-pneumonia/versions/2/chest_xray/test/PNEUMONIA/person1656_virus_2862.jpeg,1,VALID_MODALITY,train
C:/Users/Ankit/.cache/kagglehub/datasets/paultimothymooney/chest-xray-pneumonia/versions/2/chest_xray/chest_xray/train/PNEUMONIA/person1648_bacteria_4373.jpeg,1,VALID_MODALITY,train
C:/Users/Ankit/.cache/kagglehub/datasets/devbatrax/fracture-detection-using-x-ray-images/versions/1/data/train/fractured/100-rotated1-rotated3-rotated1.jpg,0,INVALID_MODALITY,train
C:/Users/Ankit/.cache/kagglehub/datasets/masoudnickparvar/brain-tumor-mri-dataset/versions/2/Testing/pituitary/Te-pi_335.jpg,0,INVALID_MODALITY,train
C:/Users/Ankit/.cache/kagglehub/datasets/masoudnickparvar/brain-tumor-mri-dataset/versions/2/Training/meningioma/Tr-me_983.jpg,0,INVALID_MODALITY,test
D:\anti gravity\Radionova\datasets\generic_negatives\generic_0208.jpg,0,INVALID_MODALITY,train
C:/Users/Ankit/.cache/kagglehub/datasets/paultimothymooney/chest-xray-pneumonia/versions/2/chest_xray/train/PNEUMONIA/person477_bacteria_2031.jpeg,1,VALID_MODALITY,test
D:\anti gravity\Radionova\datasets\generic_negatives\generic_0059.jpg,0,INVALID_MODALITY,train
C:/Users/Ankit/.cache/kagglehub/datasets/paultimothymooney/chest-xray-pneumonia/versions/2/chest_xray/train/PNEUMONIA/person1471_bacteria_3831.jpeg,1,VALID_MODALITY,train
C:/Users/Ankit/.cache/kagglehub/datasets/devbatrax/fracture-detection-using-x-ray-images/versions/1/data/train/fractured/35-rotated1-rotated3-rotated1.jpg,0,INVALID_MODALITY,test
C:/Users/Ankit/.cache/kagglehub/datasets/devbatrax/fracture-detection-using-x-ray-images/versions/1/data/train/fractured/120.jpg,0,INVALID_MODALITY,train
C:/Users/Ankit/.cache/kagglehub/datasets/paultimothymooney/chest-xray-pneumonia/versions/2/chest_xray/chest_xray/train/PNEUMONIA/person1710_bacteria_4525.jpeg,1,VALID_MODALITY,train
C:/Users/Ankit/.cache/kagglehub/datasets/devbatrax/fracture-detection-using-x-ray-images/versions/1/data/train/not fractured/58-rotated3-rotated2-rotated2.jpg,0,INVALID_MODALITY,train
D:\anti gravity\Radionova\datasets\generic_negatives\generic_0041.jpg,0,INVALID_MODALITY,train
C:/Users/Ankit/.cache/kagglehub/datasets/devbatrax/fracture-detection-using-x-ray-images/versions/1/data/train/not fractured/10-rotated2-rotated1-rotated2.jpg,0,INVALID_MODALITY,train
C:/Users/Ankit/.cache/kagglehub/datasets/paultimothymooney/chest-xray-pneumonia/versions/2/chest_xray/test/NORMAL/NORMAL2-IM-0019-0001.jpeg,1,VALID_MODALITY,train
C:/Users/Ankit/.cache/kagglehub/datasets/paultimothymooney/chest-xray-pneumonia/versions/2/chest_xray/train/NORMAL/NORMAL2-IM-0829-0001.jpeg,1,VALID_MODALITY,train
C:/Users/Ankit/.cache/kagglehub/datasets/paultimothymooney/chest-xray-pneumonia/versions/2/chest_xray/train/PNEUMONIA/person1100_virus_1820.jpeg,1,VALID_MODALITY,test
D:\anti gravity\Radionova\datasets\generic_negatives\generic_0040.jpg,0,INVALID_MODALITY,train
D:\anti gravity\Radionova\datasets\generic_negatives\generic_0380.jpg,0,INVALID_MODALITY,train
D:\anti gravity\Radionova\datasets\generic_negatives\generic_0061.jpg,0,INVALID_MODALITY,train
D:\anti gravity\Radionova\datasets\generic_negatives\generic_0098.jpg,0,INVALID_MODALITY,train
C:/Users/Ankit/.cache/kagglehub/datasets/masoudnickparvar/brain-tumor-mri-dataset/versions/2/Testing/glioma/Te-gl_137.jpg,0,INVALID_MODALITY,test
C:/Users/Ankit/.cache/kagglehub/datasets/paultimothymooney/chest-xray-pneumonia/versions/2/chest_xray/train/PNEUMONIA/person51_bacteria_248.jpeg,1,VALID_MODALITY,train
C:/Users/Ankit/.cache/kagglehub/datasets/devbatrax/fracture-detection-using-x-ray-images/versions/1/data/train/fractured/71-rotated3-rotated2-rotated1.jpg,0,INVALID_MODALITY,test
C:/Users/Ankit/.cache/kagglehub/datasets/paultimothymooney/chest-xray-pneumonia/versions/2/chest_xray/chest_xray/train/PNEUMONIA/person413_bacteria_1829.jpeg,1,VALID_MODALITY,test
D:\anti gravity\Radionova\datasets\generic_negatives\generic_0226.jpg,0,INVALID_MODALITY,val
C:/Users/Ankit/.cache/kagglehub/datasets/paultimothymooney/chest-xray-pneumonia/versions/2/chest_xray/train/PNEUMONIA/person28_bacteria_139.jpeg,1,VALID_MODALITY,train
C:/Users/Ankit/.cache/kagglehub/datasets/paultimothymooney/chest-xray-pneumonia/versions/2/chest_xray/chest_xray/train/NORMAL/IM-0635-0001.jpeg,1,VALID_MODALITY,train
D:\anti gravity\Radionova\datasets\generic_negatives\generic_0220.jpg,0,INVALID_MODALITY,val
C:/Users/Ankit/.cache/kagglehub/datasets/paultimothymooney/chest-xray-pneumonia/versions/2/chest_xray/train/NORMAL/NORMAL2-IM-0961-0001.jpeg,1,VALID_MODALITY,test
C:/Users/Ankit/.cache/kagglehub/datasets/masoudnickparvar/brain-tumor-mri-dataset/versions/2/Training/meningioma/Tr-me_40.jpg,0,INVALID_MODALITY,train
C:/Users/Ankit/.cache/kagglehub/datasets/paultimothymooney/chest-xray-pneumonia/versions/2/chest_xray/chest_xray/train/NORMAL/IM-0575-0001.jpeg,1,VALID_MODALITY,test
C:/Users/Ankit/.cache/kagglehub/datasets/devbatrax/fracture-detection-using-x-ray-images/versions/1/data/train/fractured/77-rotated2-rotated1-rotated1.jpg,0,INVALID_MODALITY,test
C:/Users/Ankit/.cache/kagglehub/datasets/masoudnickparvar/brain-tumor-mri-dataset/versions/2/Training/pituitary/Tr-pi_376.jpg,0,INVALID_MODALITY,train
C:/Users/Ankit/.cache/kagglehub/datasets/devbatrax/fracture-detection-using-x-ray-images/versions/1/data/train/not fractured/13-rotated3-rotated2-rotated3.jpg,0,INVALID_MODALITY,train
D:\anti gravity\Radionova\datasets\generic_negatives\generic_0083.jpg,0,INVALID_MODALITY,val
C:/Users/Ankit/.cache/kagglehub/datasets/paultimothymooney/chest-xray-pneumonia/versions/2/chest_xray/train/PNEUMONIA/person37_bacteria_186.jpeg,1,VALID_MODALITY,train
C:/Users/Ankit/.cache/kagglehub/datasets/masoudnickparvar/brain-tumor-mri-dataset/versions/2/Training/meningioma/Tr-me_657.jpg,0,INVALID_MODALITY,test
C:/Users/Ankit/.cache/kagglehub/datasets/devbatrax/fracture-detection-using-x-ray-images/versions/1/data/train/fractured/97-rotated3-rotated1-rotated3.jpg,0,INVALID_MODALITY,train
C:/Users/Ankit/.cache/kagglehub/datasets/devbatrax/fracture-detection-using-x-ray-images/versions/1/data/train/fractured/71-rotated3-rotated3-rotated2.jpg,0,INVALID_MODALITY,train
D:\anti gravity\Radionova\datasets\generic_negatives\generic_0133.jpg,0,INVALID_MODALITY,train
C:/Users/Ankit/.cache/kagglehub/datasets/devbatrax/fracture-detection-using-x-ray-images/versions/1/data/train/fractured/94-rotated1-rotated3.jpg,0,INVALID_MODALITY,train
C:/Users/Ankit/.cache/kagglehub/datasets/paultimothymooney/chest-xray-pneumonia/versions/2/chest_xray/train/NORMAL/NORMAL2-IM-1341-0001.jpeg,1,VALID_MODALITY,train
C:/Users/Ankit/.cache/kagglehub/datasets/devbatrax/fracture-detection-using-x-ray-images/versions/1/data/train/fractured/17-rotated3-rotated1.jpg,0,INVALID_MODALITY,train
C:/Users/Ankit/.cache/kagglehub/datasets/paultimothymooney/chest-xray-pneumonia/versions/2/chest_xray/train/PNEUMONIA/person401_virus_797.jpeg,1,VALID_MODALITY,train
C:/Users/Ankit/.cache/kagglehub/datasets/devbatrax/fracture-detection-using-x-ray-images/versions/1/data/train/not fractured/68-rotated3-rotated1-rotated3.jpg,0,INVALID_MODALITY,train
C:/Users/Ankit/.cache/kagglehub/datasets/devbatrax/fracture-detection-using-x-ray-images/versions/1/data/train/fractured/121-rotated2-rotated2-rotated2.jpg,0,INVALID_MODALITY,train
C:/Users/Ankit/.cache/kagglehub/datasets/paultimothymooney/chest-xray-pneumonia/versions/2/chest_xray/chest_xray/train/PNEUMONIA/person140_virus_285.jpeg,1,VALID_MODALITY,val
C:/Users/Ankit/.cache/kagglehub/datasets/devbatrax/fracture-detection-using-x-ray-images/versions/1/data/train/not fractured/44-rotated2-rotated2-rotated3.jpg,0,INVALID_MODALITY,test
C:/Users/Ankit/.cache/kagglehub/datasets/paultimothymooney/chest-xray-pneumonia/versions/2/chest_xray/chest_xray/train/PNEUMONIA/person1668_bacteria_4421.jpeg,1,VALID_MODALITY,train
C:/Users/Ankit/.cache/kagglehub/datasets/paultimothymooney/chest-xray-pneumonia/versions/2/chest_xray/train/PNEUMONIA/person1324_virus_2284.jpeg,1,VALID_MODALITY,test
C:/Users/Ankit/.cache/kagglehub/datasets/paultimothymooney/chest-xray-pneumonia/versions/2/chest_xray/train/PNEUMONIA/person458_bacteria_1951.jpeg,1,VALID_MODALITY,train
D:\anti gravity\Radionova\datasets\generic_negatives\generic_0200.jpg,0,INVALID_MODALITY,val
C:/Users/Ankit/.cache/kagglehub/datasets/masoudnickparvar/brain-tumor-mri-dataset/versions/2/Training/glioma/Tr-gl_679.jpg,0,INVALID_MODALITY,test
C:/Users/Ankit/.cache/kagglehub/datasets/paultimothymooney/chest-xray-pneumonia/versions/2/chest_xray/chest_xray/train/PNEUMONIA/person499_virus_1008.jpeg,1,VALID_MODALITY,test
C:/Users/Ankit/.cache/kagglehub/datasets/masoudnickparvar/brain-tumor-mri-dataset/versions/2/Testing/pituitary/Te-pi_69.jpg,0,INVALID_MODALITY,train
C:/Users/Ankit/.cache/kagglehub/datasets/paultimothymooney/chest-xray-pneumonia/versions/2/chest_xray/train/PNEUMONIA/person264_bacteria_1228.jpeg,1,VALID_MODALITY,train
C:/Users/Ankit/.cache/kagglehub/datasets/devbatrax/fracture-detection-using-x-ray-images/versions/1/data/train/fractured/54-rotated1-rotated3.jpg,0,INVALID_MODALITY,train
C:/Users/Ankit/.cache/kagglehub/datasets/devbatrax/fracture-detection-using-x-ray-images/versions/1/data/train/fractured/10-rotated2-rotated1.jpg,0,INVALID_MODALITY,train
C:/Users/Ankit/.cache/kagglehub/datasets/paultimothymooney/chest-xray-pneumonia/versions/2/chest_xray/chest_xray/train/PNEUMONIA/person654_bacteria_2546.jpeg,1,VALID_MODALITY,train
C:/Users/Ankit/.cache/kagglehub/datasets/paultimothymooney/chest-xray-pneumonia/versions/2/chest_xray/chest_xray/train/NORMAL/NORMAL2-IM-0642-0001.jpeg,1,VALID_MODALITY,train
C:/Users/Ankit/.cache/kagglehub/datasets/paultimothymooney/chest-xray-pneumonia/versions/2/chest_xray/train/PNEUMONIA/person1031_bacteria_2964.jpeg,1,VALID_MODALITY,train
C:/Users/Ankit/.cache/kagglehub/datasets/devbatrax/fracture-detection-using-x-ray-images/versions/1/data/train/fractured/35-rotated2-rotated2-rotated2.jpg,0,INVALID_MODALITY,train
C:/Users/Ankit/.cache/kagglehub/datasets/paultimothymooney/chest-xray-pneumonia/versions/2/chest_xray/train/PNEUMONIA/person26_bacteria_123.jpeg,1,VALID_MODALITY,train
C:/Users/Ankit/.cache/kagglehub/datasets/paultimothymooney/chest-xray-pneumonia/versions/2/chest_xray/chest_xray/train/NORMAL/IM-0719-0001.jpeg,1,VALID_MODALITY,train
C:/Users/Ankit/.cache/kagglehub/datasets/paultimothymooney/chest-xray-pneumonia/versions/2/chest_xray/train/PNEUMONIA/person1008_virus_1691.jpeg,1,VALID_MODALITY,train
C:/Users/Ankit/.cache/kagglehub/datasets/paultimothymooney/chest-xray-pneumonia/versions/2/chest_xray/train/PNEUMONIA/person424_bacteria_1859.jpeg,1,VALID_MODALITY,train
C:/Users/Ankit/.cache/kagglehub/datasets/masoudnickparvar/brain-tumor-mri-dataset/versions/2/Training/pituitary/Tr-pi_81.jpg,0,INVALID_MODALITY,test
C:/Users/Ankit/.cache/kagglehub/datasets/paultimothymooney/chest-xray-pneumonia/versions/2/chest_xray/chest_xray/train/PNEUMONIA/person26_bacteria_122.jpeg,1,VALID_MODALITY,train
C:/Users/Ankit/.cache/kagglehub/datasets/paultimothymooney/chest-xray-pneumonia/versions/2/chest_xray/train/NORMAL/NORMAL2-IM-1396-0001.jpeg,1,VALID_MODALITY,train
C:/Users/Ankit/.cache/kagglehub/datasets/devbatrax/fracture-detection-using-x-ray-images/versions/1/data/train/not fractured/65-rotated2.jpg,0,INVALID_MODALITY,train
C:/Users/Ankit/.cache/kagglehub/datasets/paultimothymooney/chest-xray-pneumonia/versions/2/chest_xray/train/PNEUMONIA/person1262_bacteria_3220.jpeg,1,VALID_MODALITY,train
C:/Users/Ankit/.cache/kagglehub/datasets/devbatrax/fracture-detection-using-x-ray-images/versions/1/data/train/fractured/96-rotated1-rotated1-rotated2.jpg,0,INVALID_MODALITY,test
C:/Users/Ankit/.cache/kagglehub/datasets/paultimothymooney/chest-xray-pneumonia/versions/2/chest_xray/train/PNEUMONIA/person582_bacteria_2404.jpeg,1,VALID_MODALITY,train
C:/Users/Ankit/.cache/kagglehub/datasets/devbatrax/fracture-detection-using-x-ray-images/versions/1/data/train/fractured/45-rotated1-rotated2-rotated1.jpg,0,INVALID_MODALITY,test
C:/Users/Ankit/.cache/kagglehub/datasets/paultimothymooney/chest-xray-pneumonia/versions/2/chest_xray/chest_xray/train/PNEUMONIA/person441_bacteria_1916.jpeg,1,VALID_MODALITY,train
C:/Users/Ankit/.cache/kagglehub/datasets/masoudnickparvar/brain-tumor-mri-dataset/versions/2/Training/pituitary/Tr-pi_468.jpg,0,INVALID_MODALITY,train
C:/Users/Ankit/.cache/kagglehub/datasets/masoudnickparvar/brain-tumor-mri-dataset/versions/2/Training/pituitary/Tr-pi_1177.jpg,0,INVALID_MODALITY,test
C:/Users/Ankit/.cache/kagglehub/datasets/paultimothymooney/chest-xray-pneumonia/versions/2/chest_xray/chest_xray/train/PNEUMONIA/person1250_bacteria_3207.jpeg,1,VALID_MODALITY,train
C:/Users/Ankit/.cache/kagglehub/datasets/masoudnickparvar/brain-tumor-mri-dataset/versions/2/Training/pituitary/Tr-pi_615.jpg,0,INVALID_MODALITY,val
C:/Users/Ankit/.cache/kagglehub/datasets/devbatrax/fracture-detection-using-x-ray-images/versions/1/data/train/not fractured/53-rotated2.jpg,0,INVALID_MODALITY,train
C:/Users/Ankit/.cache/kagglehub/datasets/masoudnickparvar/brain-tumor-mri-dataset/versions/2/Training/pituitary/Tr-pi_1045.jpg,0,INVALID_MODALITY,train
C:/Users/Ankit/.cache/kagglehub/datasets/paultimothymooney/chest-xray-pneumonia/versions/2/chest_xray/train/NORMAL/IM-0613-0001.jpeg,1,VALID_MODALITY,val
C:/Users/Ankit/.cache/kagglehub/datasets/paultimothymooney/chest-xray-pneumonia/versions/2/chest_xray/train/PNEUMONIA/person104_virus_191.jpeg,1,VALID_MODALITY,val
C:/Users/Ankit/.cache/kagglehub/datasets/devbatrax/fracture-detection-using-x-ray-images/versions/1/data/train/not fractured/17-rotated2-rotated2-rotated3.jpg,0,INVALID_MODALITY,test
C:/Users/Ankit/.cache/kagglehub/datasets/paultimothymooney/chest-xray-pneumonia/versions/2/chest_xray/chest_xray/train/PNEUMONIA/person1700_bacteria_4502.jpeg,1,VALID_MODALITY,train
C:/Users/Ankit/.cache/kagglehub/datasets/devbatrax/fracture-detection-using-x-ray-images/versions/1/data/train/fractured/29-rotated2-rotated2-rotated3.jpg,0,INVALID_MODALITY,train
C:/Users/Ankit/.cache/kagglehub/datasets/paultimothymooney/chest-xray-pneumonia/versions/2/chest_xray/chest_xray/test/PNEUMONIA/person1642_virus_2842.jpeg,1,VALID_MODALITY,train
C:/Users/Ankit/.cache/kagglehub/datasets/devbatrax/fracture-detection-using-x-ray-images/versions/1/data/train/fractured/31-rotated3.jpg,0,INVALID_MODALITY,test
C:/Users/Ankit/.cache/kagglehub/datasets/devbatrax/fracture-detection-using-x-ray-images/versions/1/data/train/not fractured/56-rotated1-rotated3-rotated3.jpg,0,INVALID_MODALITY,train
C:/Users/Ankit/.cache/kagglehub/datasets/paultimothymooney/chest-xray-pneumonia/versions/2/chest_xray/chest_xray/train/PNEUMONIA/person1182_virus_2017.jpeg,1,VALID_MODALITY,train
C:/Users/Ankit/.cache/kagglehub/datasets/devbatrax/fracture-detection-using-x-ray-images/versions/1/data/train/not fractured/65-rotated2-rotated2.jpg,0,INVALID_MODALITY,train
C:/Users/Ankit/.cache/kagglehub/datasets/paultimothymooney/chest-xray-pneumonia/versions/2/chest_xray/train/NORMAL/IM-0495-0001.jpeg,1,VALID_MODALITY,train
C:/Users/Ankit/.cache/kagglehub/datasets/paultimothymooney/chest-xray-pneumonia/versions/2/chest_xray/train/PNEUMONIA/person1549_bacteria_4050.jpeg,1,VALID_MODALITY,train
C:/Users/Ankit/.cache/kagglehub/datasets/paultimothymooney/chest-xray-pneumonia/versions/2/chest_xray/train/NORMAL/IM-0391-0001.jpeg,1,VALID_MODALITY,train
C:/Users/Ankit/.cache/kagglehub/datasets/paultimothymooney/chest-xray-pneumonia/versions/2/chest_xray/train/NORMAL/NORMAL2-IM-0980-0001.jpeg,1,VALID_MODALITY,train
C:/Users/Ankit/.cache/kagglehub/datasets/devbatrax/fracture-detection-using-x-ray-images/versions/1/data/train/fractured/119-rotated3-rotated2-rotated3.jpg,0,INVALID_MODALITY,test
C:/Users/Ankit/.cache/kagglehub/datasets/paultimothymooney/chest-xray-pneumonia/versions/2/chest_xray/train/PNEUMONIA/person1935_bacteria_4848.jpeg,1,VALID_MODALITY,val
C:/Users/Ankit/.cache/kagglehub/datasets/devbatrax/fracture-detection-using-x-ray-images/versions/1/data/train/not fractured/48-rotated3-rotated1-rotated1.jpg,0,INVALID_MODALITY,val
C:/Users/Ankit/.cache/kagglehub/datasets/devbatrax/fracture-detection-using-x-ray-images/versions/1/data/train/fractured/48-rotated1-rotated3-rotated1.jpg,0,INVALID_MODALITY,val
C:/Users/Ankit/.cache/kagglehub/datasets/paultimothymooney/chest-xray-pneumonia/versions/2/chest_xray/chest_xray/train/PNEUMONIA/person1211_bacteria_3163.jpeg,1,VALID_MODALITY,test
C:/Users/Ankit/.cache/kagglehub/datasets/devbatrax/fracture-detection-using-x-ray-images/versions/1/data/train/not fractured/25-rotated1-rotated2-rotated3-rotated1.jpg,0,INVALID_MODALITY,train
C:/Users/Ankit/.cache/kagglehub/datasets/paultimothymooney/chest-xray-pneumonia/versions/2/chest_xray/train/PNEUMONIA/person1109_bacteria_3050.jpeg,1,VALID_MODALITY,val
C:/Users/Ankit/.cache/kagglehub/datasets/devbatrax/fracture-detection-using-x-ray-images/versions/1/data/train/not fractured/54-rotated2-rotated1-rotated3-rotated1.jpg,0,INVALID_MODALITY,train
C:/Users/Ankit/.cache/kagglehub/datasets/devbatrax/fracture-detection-using-x-ray-images/versions/1/data/val/fractured/4-rotated2-rotated2-rotated1.jpg,0,INVALID_MODALITY,test
C:/Users/Ankit/.cache/kagglehub/datasets/devbatrax/fracture-detection-using-x-ray-images/versions/1/data/train/fractured/78-rotated1-rotated2.jpg,0,INVALID_MODALITY,train
C:/Users/Ankit/.cache/kagglehub/datasets/paultimothymooney/chest-xray-pneumonia/versions/2/chest_xray/train/NORMAL/NORMAL2-IM-0942-0001.jpeg,1,VALID_MODALITY,train
C:/Users/Ankit/.cache/kagglehub/datasets/paultimothymooney/chest-xray-pneumonia/versions/2/chest_xray/train/PNEUMONIA/person37_bacteria_188.jpeg,1,VALID_MODALITY,train
C:/Users/Ankit/.cache/kagglehub/datasets/masoudnickparvar/brain-tumor-mri-dataset/versions/2/Training/pituitary/Tr-pi_336.jpg,0,INVALID_MODALITY,train
D:\anti gravity\Radionova\datasets\generic_negatives\generic_0184.jpg,0,INVALID_MODALITY,train
C:/Users/Ankit/.cache/kagglehub/datasets/paultimothymooney/chest-xray-pneumonia/versions/2/chest_xray/chest_xray/train/PNEUMONIA/person720_bacteria_2622.jpeg,1,VALID_MODALITY,test
C:/Users/Ankit/.cache/kagglehub/datasets/masoudnickparvar/brain-tumor-mri-dataset/versions/2/Testing/pituitary/Te-pi_202.jpg,0,INVALID_MODALITY,train
C:/Users/Ankit/.cache/kagglehub/datasets/devbatrax/fracture-detection-using-x-ray-images/versions/1/data/train/fractured/38-rotated3-rotated3.jpg,0,INVALID_MODALITY,train
C:/Users/Ankit/.cache/kagglehub/datasets/paultimothymooney/chest-xray-pneumonia/versions/2/chest_xray/train/PNEUMONIA/person1311_virus_2259.jpeg,1,VALID_MODALITY,train
C:/Users/Ankit/.cache/kagglehub/datasets/paultimothymooney/chest-xray-pneumonia/versions/2/chest_xray/train/PNEUMONIA/person88_virus_166.jpeg,1,VALID_MODALITY,val
C:/Users/Ankit/.cache/kagglehub/datasets/paultimothymooney/chest-xray-pneumonia/versions/2/chest_xray/chest_xray/train/PNEUMONIA/person64_bacteria_320.jpeg,1,VALID_MODALITY,test
C:/Users/Ankit/.cache/kagglehub/datasets/devbatrax/fracture-detection-using-x-ray-images/versions/1/data/train/not fractured/56-rotated1-rotated2-rotated3-rotated1.jpg,0,INVALID_MODALITY,train
C:/Users/Ankit/.cache/kagglehub/datasets/paultimothymooney/chest-xray-pneumonia/versions/2/chest_xray/train/PNEUMONIA/person692_bacteria_2589.jpeg,1,VALID_MODALITY,val
C:/Users/Ankit/.cache/kagglehub/datasets/paultimothymooney/chest-xray-pneumonia/versions/2/chest_xray/chest_xray/train/PNEUMONIA/person1460_bacteria_3805.jpeg,1,VALID_MODALITY,train
C:/Users/Ankit/.cache/kagglehub/datasets/paultimothymooney/chest-xray-pneumonia/versions/2/chest_xray/train/NORMAL/IM-0633-0001.jpeg,1,VALID_MODALITY,train
C:/Users/Ankit/.cache/kagglehub/datasets/paultimothymooney/chest-xray-pneumonia/versions/2/chest_xray/train/PNEUMONIA/person1424_bacteria_3651.jpeg,1,VALID_MODALITY,train
C:/Users/Ankit/.cache/kagglehub/datasets/paultimothymooney/chest-xray-pneumonia/versions/2/chest_xray/train/PNEUMONIA/person1628_bacteria_4296.jpeg,1,VALID_MODALITY,train
C:/Users/Ankit/.cache/kagglehub/datasets/masoudnickparvar/brain-tumor-mri-dataset/versions/2/Training/pituitary/Tr-pi_412.jpg,0,INVALID_MODALITY,train
C:/Users/Ankit/.cache/kagglehub/datasets/paultimothymooney/chest-xray-pneumonia/versions/2/chest_xray/train/NORMAL/IM-0409-0001.jpeg,1,VALID_MODALITY,train
C:/Users/Ankit/.cache/kagglehub/datasets/paultimothymooney/chest-xray-pneumonia/versions/2/chest_xray/train/PNEUMONIA/person1495_virus_2603.jpeg,1,VALID_MODALITY,train
C:/Users/Ankit/.cache/kagglehub/datasets/masoudnickparvar/brain-tumor-mri-dataset/versions/2/Testing/meningioma/Te-me_251.jpg,0,INVALID_MODALITY,val
C:/Users/Ankit/.cache/kagglehub/datasets/paultimothymooney/chest-xray-pneumonia/versions/2/chest_xray/chest_xray/train/PNEUMONIA/person609_bacteria_2474.jpeg,1,VALID_MODALITY,train
C:/Users/Ankit/.cache/kagglehub/datasets/masoudnickparvar/brain-tumor-mri-dataset/versions/2/Training/glioma/Tr-gl_480.jpg,0,INVALID_MODALITY,train
C:/Users/Ankit/.cache/kagglehub/datasets/paultimothymooney/chest-xray-pneumonia/versions/2/chest_xray/train/PNEUMONIA/person1670_bacteria_4427.jpeg,1,VALID_MODALITY,val
C:/Users/Ankit/.cache/kagglehub/datasets/paultimothymooney/chest-xray-pneumonia/versions/2/chest_xray/chest_xray/train/PNEUMONIA/person255_bacteria_1165.jpeg,1,VALID_MODALITY,train
C:/Users/Ankit/.cache/kagglehub/datasets/paultimothymooney/chest-xray-pneumonia/versions/2/chest_xray/train/NORMAL/NORMAL2-IM-1278-0001.jpeg,1,VALID_MODALITY,test
C:/Users/Ankit/.cache/kagglehub/datasets/paultimothymooney/chest-xray-pneumonia/versions/2/chest_xray/train/PNEUMONIA/person507_virus_1019.jpeg,1,VALID_MODALITY,train
C:/Users/Ankit/.cache/kagglehub/datasets/devbatrax/fracture-detection-using-x-ray-images/versions/1/data/train/fractured/95-rotated3-rotated3-rotated2.jpg,0,INVALID_MODALITY,train
C:/Users/Ankit/.cache/kagglehub/datasets/paultimothymooney/chest-xray-pneumonia/versions/2/chest_xray/chest_xray/train/NORMAL/IM-0553-0001-0003.jpeg,1,VALID_MODALITY,train
C:/Users/Ankit/.cache/kagglehub/datasets/paultimothymooney/chest-xray-pneumonia/versions/2/chest_xray/chest_xray/train/NORMAL/IM-0671-0001.jpeg,1,VALID_MODALITY,train
C:/Users/Ankit/.cache/kagglehub/datasets/devbatrax/fracture-detection-using-x-ray-images/versions/1/data/train/not fractured/61-rotated3-rotated3.jpg,0,INVALID_MODALITY,train
C:/Users/Ankit/.cache/kagglehub/datasets/devbatrax/fracture-detection-using-x-ray-images/versions/1/data/train/fractured/13-rotated1-rotated1-rotated2.jpg,0,INVALID_MODALITY,train
C:/Users/Ankit/.cache/kagglehub/datasets/devbatrax/fracture-detection-using-x-ray-images/versions/1/data/train/not fractured/29-rotated3-rotated3-rotated1.jpg,0,INVALID_MODALITY,train
C:/Users/Ankit/.cache/kagglehub/datasets/paultimothymooney/chest-xray-pneumonia/versions/2/chest_xray/chest_xray/train/PNEUMONIA/person620_bacteria_2492.jpeg,1,VALID_MODALITY,train
C:/Users/Ankit/.cache/kagglehub/datasets/devbatrax/fracture-detection-using-x-ray-images/versions/1/data/train/fractured/117-rotated1-rotated3-rotated1.jpg,0,INVALID_MODALITY,train
C:/Users/Ankit/.cache/kagglehub/datasets/devbatrax/fracture-detection-using-x-ray-images/versions/1/data/train/fractured/114-rotated3-rotated2-rotated2.jpg,0,INVALID_MODALITY,test
C:/Users/Ankit/.cache/kagglehub/datasets/paultimothymooney/chest-xray-pneumonia/versions/2/chest_xray/train/PNEUMONIA/person352_bacteria_1625.jpeg,1,VALID_MODALITY,train
C:/Users/Ankit/.cache/kagglehub/datasets/paultimothymooney/chest-xray-pneumonia/versions/2/chest_xray/chest_xray/train/NORMAL/IM-0241-0001.jpeg,1,VALID_MODALITY,train
C:/Users/Ankit/.cache/kagglehub/datasets/paultimothymooney/chest-xray-pneumonia/versions/2/chest_xray/test/PNEUMONIA/person83_bacteria_409.jpeg,1,VALID_MODALITY,train
C:/Users/Ankit/.cache/kagglehub/datasets/devbatrax/fracture-detection-using-x-ray-images/versions/1/data/train/not fractured/15-rotated2-rotated1-rotated1-rotated1.jpg,0,INVALID_MODALITY,train
C:/Users/Ankit/.cache/kagglehub/datasets/paultimothymooney/chest-xray-pneumonia/versions/2/chest_xray/chest_xray/train/PNEUMONIA/person422_bacteria_1853.jpeg,1,VALID_MODALITY,val
C:/Users/Ankit/.cache/kagglehub/datasets/devbatrax/fracture-detection-using-x-ray-images/versions/1/data/train/fractured/79-rotated2-rotated2.jpg,0,INVALID_MODALITY,train
D:\anti gravity\Radionova\datasets\generic_negatives\generic_0254.jpg,0,INVALID_MODALITY,train
C:/Users/Ankit/.cache/kagglehub/datasets/devbatrax/fracture-detection-using-x-ray-images/versions/1/data/train/fractured/114-rotated2-rotated2.jpg,0,INVALID_MODALITY,val
C:/Users/Ankit/.cache/kagglehub/datasets/paultimothymooney/chest-xray-pneumonia/versions/2/chest_xray/chest_xray/train/PNEUMONIA/person1363_bacteria_3483.jpeg,1,VALID_MODALITY,train
C:/Users/Ankit/.cache/kagglehub/datasets/paultimothymooney/chest-xray-pneumonia/versions/2/chest_xray/chest_xray/train/PNEUMONIA/person1761_bacteria_4603.jpeg,1,VALID_MODALITY,train
C:/Users/Ankit/.cache/kagglehub/datasets/paultimothymooney/chest-xray-pneumonia/versions/2/chest_xray/train/NORMAL/IM-0501-0001.jpeg,1,VALID_MODALITY,test
C:/Users/Ankit/.cache/kagglehub/datasets/paultimothymooney/chest-xray-pneumonia/versions/2/chest_xray/chest_xray/train/PNEUMONIA/person1312_bacteria_3314.jpeg,1,VALID_MODALITY,train
C:/Users/Ankit/.cache/kagglehub/datasets/devbatrax/fracture-detection-using-x-ray-images/versions/1/data/train/fractured/62-rotated1-rotated1-rotated2.jpg,0,INVALID_MODALITY,train
C:/Users/Ankit/.cache/kagglehub/datasets/devbatrax/fracture-detection-using-x-ray-images/versions/1/data/train/fractured/44-rotated3-rotated1-rotated3.jpg,0,INVALID_MODALITY,train
C:/Users/Ankit/.cache/kagglehub/datasets/paultimothymooney/chest-xray-pneumonia/versions/2/chest_xray/train/PNEUMONIA/person297_virus_614.jpeg,1,VALID_MODALITY,train
C:/Users/Ankit/.cache/kagglehub/datasets/devbatrax/fracture-detection-using-x-ray-images/versions/1/data/val/not fractured/1-rotated1-rotated1-rotated2.jpg,0,INVALID_MODALITY,train
C:/Users/Ankit/.cache/kagglehub/datasets/paultimothymooney/chest-xray-pneumonia/versions/2/chest_xray/train/PNEUMONIA/person629_bacteria_2510.jpeg,1,VALID_MODALITY,val
C:/Users/Ankit/.cache/kagglehub/datasets/paultimothymooney/chest-xray-pneumonia/versions/2/chest_xray/train/PNEUMONIA/person443_bacteria_1924.jpeg,1,VALID_MODALITY,train
C:/Users/Ankit/.cache/kagglehub/datasets/paultimothymooney/chest-xray-pneumonia/versions/2/chest_xray/train/PNEUMONIA/person988_virus_1666.jpeg,1,VALID_MODALITY,train
C:/Users/Ankit/.cache/kagglehub/datasets/devbatrax/fracture-detection-using-x-ray-images/versions/1/data/train/not fractured/7-rotated1-rotated1-rotated2.jpg,0,INVALID_MODALITY,train
C:/Users/Ankit/.cache/kagglehub/datasets/devbatrax/fracture-detection-using-x-ray-images/versions/1/data/train/not fractured/43-rotated3-rotated3-rotated1-rotated1.jpg,0,INVALID_MODALITY,val
C:/Users/Ankit/.cache/kagglehub/datasets/paultimothymooney/chest-xray-pneumonia/versions/2/chest_xray/chest_xray/train/NORMAL/NORMAL2-IM-1169-0001.jpeg,1,VALID_MODALITY,val
D:\anti gravity\Radionova\datasets\generic_negatives\generic_0287.jpg,0,INVALID_MODALITY,train
C:/Users/Ankit/.cache/kagglehub/datasets/paultimothymooney/chest-xray-pneumonia/versions/2/chest_xray/train/PNEUMONIA/person100_virus_184.jpeg,1,VALID_MODALITY,train
C:/Users/Ankit/.cache/kagglehub/datasets/paultimothymooney/chest-xray-pneumonia/versions/2/chest_xray/chest_xray/train/PNEUMONIA/person461_bacteria_1960.jpeg,1,VALID_MODALITY,train
C:/Users/Ankit/.cache/kagglehub/datasets/paultimothymooney/chest-xray-pneumonia/versions/2/chest_xray/train/PNEUMONIA/person596_bacteria_2444.jpeg,1,VALID_MODALITY,train
C:/Users/Ankit/.cache/kagglehub/datasets/paultimothymooney/chest-xray-pneumonia/versions/2/chest_xray/train/PNEUMONIA/person776_bacteria_2680.jpeg,1,VALID_MODALITY,train
C:/Users/Ankit/.cache/kagglehub/datasets/paultimothymooney/chest-xray-pneumonia/versions/2/chest_xray/train/NORMAL/NORMAL2-IM-0843-0001.jpeg,1,VALID_MODALITY,train
C:/Users/Ankit/.cache/kagglehub/datasets/devbatrax/fracture-detection-using-x-ray-images/versions/1/data/train/fractured/69-rotated3-rotated2.jpg,0,INVALID_MODALITY,test
C:/Users/Ankit/.cache/kagglehub/datasets/paultimothymooney/chest-xray-pneumonia/versions/2/chest_xray/train/PNEUMONIA/person367_bacteria_1665.jpeg,1,VALID_MODALITY,train
C:/Users/Ankit/.cache/kagglehub/datasets/paultimothymooney/chest-xray-pneumonia/versions/2/chest_xray/train/PNEUMONIA/person924_virus_1581.jpeg,1,VALID_MODALITY,test
C:/Users/Ankit/.cache/kagglehub/datasets/paultimothymooney/chest-xray-pneumonia/versions/2/chest_xray/train/PNEUMONIA/person1698_bacteria_4497.jpeg,1,VALID_MODALITY,train
C:/Users/Ankit/.cache/kagglehub/datasets/devbatrax/fracture-detection-using-x-ray-images/versions/1/data/train/not fractured/58-rotated1-rotated2-rotated1-rotated1.jpg,0,INVALID_MODALITY,train
C:/Users/Ankit/.cache/kagglehub/datasets/devbatrax/fracture-detection-using-x-ray-images/versions/1/data/train/not fractured/25-rotated1-rotated1-rotated1-rotated1.jpg,0,INVALID_MODALITY,train
C:/Users/Ankit/.cache/kagglehub/datasets/masoudnickparvar/brain-tumor-mri-dataset/versions/2/Training/pituitary/Tr-pi_130.jpg,0,INVALID_MODALITY,test
D:\anti gravity\Radionova\datasets\generic_negatives\generic_0082.jpg,0,INVALID_MODALITY,train
C:/Users/Ankit/.cache/kagglehub/datasets/paultimothymooney/chest-xray-pneumonia/versions/2/chest_xray/chest_xray/train/NORMAL/IM-0721-0001.jpeg,1,VALID_MODALITY,train
C:/Users/Ankit/.cache/kagglehub/datasets/paultimothymooney/chest-xray-pneumonia/versions/2/chest_xray/train/PNEUMONIA/person1445_bacteria_3734.jpeg,1,VALID_MODALITY,train
C:/Users/Ankit/.cache/kagglehub/datasets/paultimothymooney/chest-xray-pneumonia/versions/2/chest_xray/chest_xray/train/PNEUMONIA/person1377_virus_2369.jpeg,1,VALID_MODALITY,train
C:/Users/Ankit/.cache/kagglehub/datasets/masoudnickparvar/brain-tumor-mri-dataset/versions/2/Training/pituitary/Tr-pi_896.jpg,0,INVALID_MODALITY,train
D:\anti gravity\Radionova\datasets\generic_negatives\generic_0295.jpg,0,INVALID_MODALITY,train
C:/Users/Ankit/.cache/kagglehub/datasets/paultimothymooney/chest-xray-pneumonia/versions/2/chest_xray/test/PNEUMONIA/person65_virus_123.jpeg,1,VALID_MODALITY,train
C:/Users/Ankit/.cache/kagglehub/datasets/devbatrax/fracture-detection-using-x-ray-images/versions/1/data/train/not fractured/62-rotated2-rotated3-rotated2-rotated1.jpg,0,INVALID_MODALITY,val
C:/Users/Ankit/.cache/kagglehub/datasets/devbatrax/fracture-detection-using-x-ray-images/versions/1/data/train/not fractured/29-rotated2-rotated2-rotated3-rotated1.jpg,0,INVALID_MODALITY,train
C:/Users/Ankit/.cache/kagglehub/datasets/paultimothymooney/chest-xray-pneumonia/versions/2/chest_xray/train/NORMAL/NORMAL2-IM-0771-0001.jpeg,1,VALID_MODALITY,train
C:/Users/Ankit/.cache/kagglehub/datasets/paultimothymooney/chest-xray-pneumonia/versions/2/chest_xray/chest_xray/train/NORMAL/IM-0650-0001-0001.jpeg,1,VALID_MODALITY,val
C:/Users/Ankit/.cache/kagglehub/datasets/devbatrax/fracture-detection-using-x-ray-images/versions/1/data/train/not fractured/13-rotated1-rotated2-rotated2.jpg,0,INVALID_MODALITY,train
C:/Users/Ankit/.cache/kagglehub/datasets/devbatrax/fracture-detection-using-x-ray-images/versions/1/data/train/not fractured/37-rotated3-rotated1-rotated2-rotated1.jpg,0,INVALID_MODALITY,test
C:/Users/Ankit/.cache/kagglehub/datasets/paultimothymooney/chest-xray-pneumonia/versions/2/chest_xray/chest_xray/train/PNEUMONIA/person1192_bacteria_3141.jpeg,1,VALID_MODALITY,val
C:/Users/Ankit/.cache/kagglehub/datasets/paultimothymooney/chest-xray-pneumonia/versions/2/chest_xray/train/PNEUMONIA/person40_bacteria_205.jpeg,1,VALID_MODALITY,train
C:/Users/Ankit/.cache/kagglehub/datasets/paultimothymooney/chest-xray-pneumonia/versions/2/chest_xray/train/NORMAL/NORMAL2-IM-0423-0001.jpeg,1,VALID_MODALITY,test
C:/Users/Ankit/.cache/kagglehub/datasets/masoudnickparvar/brain-tumor-mri-dataset/versions/2/Training/glioma/Tr-gl_99.jpg,0,INVALID_MODALITY,train
C:/Users/Ankit/.cache/kagglehub/datasets/paultimothymooney/chest-xray-pneumonia/versions/2/chest_xray/train/PNEUMONIA/person598_virus_1154.jpeg,1,VALID_MODALITY,train
C:/Users/Ankit/.cache/kagglehub/datasets/paultimothymooney/chest-xray-pneumonia/versions/2/chest_xray/train/PNEUMONIA/person968_bacteria_2893.jpeg,1,VALID_MODALITY,train
D:\anti gravity\Radionova\datasets\generic_negatives\generic_0302.jpg,0,INVALID_MODALITY,val
C:/Users/Ankit/.cache/kagglehub/datasets/paultimothymooney/chest-xray-pneumonia/versions/2/chest_xray/train/PNEUMONIA/person515_bacteria_2189.jpeg,1,VALID_MODALITY,train
C:/Users/Ankit/.cache/kagglehub/datasets/paultimothymooney/chest-xray-pneumonia/versions/2/chest_xray/chest_xray/train/PNEUMONIA/person110_virus_206.jpeg,1,VALID_MODALITY,train
C:/Users/Ankit/.cache/kagglehub/datasets/devbatrax/fracture-detection-using-x-ray-images/versions/1/data/train/not fractured/17-rotated1.jpg,0,INVALID_MODALITY,train
C:/Users/Ankit/.cache/kagglehub/datasets/devbatrax/fracture-detection-using-x-ray-images/versions/1/data/val/fractured/9-rotated3-rotated2-rotated1.jpg,0,INVALID_MODALITY,train
C:/Users/Ankit/.cache/kagglehub/datasets/devbatrax/fracture-detection-using-x-ray-images/versions/1/data/train/not fractured/69-rotated3-rotated2-rotated1-rotated1.jpg,0,INVALID_MODALITY,train
C:/Users/Ankit/.cache/kagglehub/datasets/paultimothymooney/chest-xray-pneumonia/versions/2/chest_xray/train/PNEUMONIA/person70_bacteria_341.jpeg,1,VALID_MODALITY,train
C:/Users/Ankit/.cache/kagglehub/datasets/paultimothymooney/chest-xray-pneumonia/versions/2/chest_xray/train/PNEUMONIA/person1205_bacteria_3157.jpeg,1,VALID_MODALITY,test
D:\anti gravity\Radionova\datasets\generic_negatives\generic_0142.jpg,0,INVALID_MODALITY,train
C:/Users/Ankit/.cache/kagglehub/datasets/paultimothymooney/chest-xray-pneumonia/versions/2/chest_xray/train/PNEUMONIA/person1591_bacteria_4177.jpeg,1,VALID_MODALITY,test
C:/Users/Ankit/.cache/kagglehub/datasets/devbatrax/fracture-detection-using-x-ray-images/versions/1/data/train/not fractured/19-rotated1-rotated1-rotated2-rotated1.jpg,0,INVALID_MODALITY,train
C:/Users/Ankit/.cache/kagglehub/datasets/masoudnickparvar/brain-tumor-mri-dataset/versions/2/Testing/glioma/Te-gl_186.jpg,0,INVALID_MODALITY,train
C:/Users/Ankit/.cache/kagglehub/datasets/masoudnickparvar/brain-tumor-mri-dataset/versions/2/Testing/glioma/Te-gl_337.jpg,0,INVALID_MODALITY,train
C:/Users/Ankit/.cache/kagglehub/datasets/masoudnickparvar/brain-tumor-mri-dataset/versions/2/Training/pituitary/Tr-pi_1273.jpg,0,INVALID_MODALITY,train
C:/Users/Ankit/.cache/kagglehub/datasets/paultimothymooney/chest-xray-pneumonia/versions/2/chest_xray/train/PNEUMONIA/person507_bacteria_2141.jpeg,1,VALID_MODALITY,train
C:/Users/Ankit/.cache/kagglehub/datasets/paultimothymooney/chest-xray-pneumonia/versions/2/chest_xray/chest_xray/train/PNEUMONIA/person475_bacteria_2025.jpeg,1,VALID_MODALITY,train
C:/Users/Ankit/.cache/kagglehub/datasets/paultimothymooney/chest-xray-pneumonia/versions/2/chest_xray/train/PNEUMONIA/person64_bacteria_319.jpeg,1,VALID_MODALITY,val
C:/Users/Ankit/.cache/kagglehub/datasets/paultimothymooney/chest-xray-pneumonia/versions/2/chest_xray/train/PNEUMONIA/person714_bacteria_2615.jpeg,1,VALID_MODALITY,train
C:/Users/Ankit/.cache/kagglehub/datasets/paultimothymooney/chest-xray-pneumonia/versions/2/chest_xray/chest_xray/train/NORMAL/NORMAL2-IM-1108-0001.jpeg,1,VALID_MODALITY,test
C:/Users/Ankit/.cache/kagglehub/datasets/devbatrax/fracture-detection-using-x-ray-images/versions/1/data/train/not fractured/15-rotated2-rotated1-rotated3.jpg,0,INVALID_MODALITY,train
C:/Users/Ankit/.cache/kagglehub/datasets/paultimothymooney/chest-xray-pneumonia/versions/2/chest_xray/train/PNEUMONIA/person74_bacteria_361.jpeg,1,VALID_MODALITY,train
D:\anti gravity\Radionova\datasets\generic_negatives\generic_0231.jpg,0,INVALID_MODALITY,train
C:/Users/Ankit/.cache/kagglehub/datasets/devbatrax/fracture-detection-using-x-ray-images/versions/1/data/train/fractured/52-rotated1-rotated1-rotated2.jpg,0,INVALID_MODALITY,train
C:/Users/Ankit/.cache/kagglehub/datasets/paultimothymooney/chest-xray-pneumonia/versions/2/chest_xray/chest_xray/train/PNEUMONIA/person298_bacteria_1410.jpeg,1,VALID_MODALITY,train
C:/Users/Ankit/.cache/kagglehub/datasets/masoudnickparvar/brain-tumor-mri-dataset/versions/2/Training/pituitary/Tr-pi_1301.jpg,0,INVALID_MODALITY,val
C:/Users/Ankit/.cache/kagglehub/datasets/paultimothymooney/chest-xray-pneumonia/versions/2/chest_xray/test/PNEUMONIA/person1663_virus_2876.jpeg,1,VALID_MODALITY,test
D:\anti gravity\Radionova\datasets\generic_negatives\generic_0165.jpg,0,INVALID_MODALITY,train
C:/Users/Ankit/.cache/kagglehub/datasets/devbatrax/fracture-detection-using-x-ray-images/versions/1/data/train/fractured/97-rotated1-rotated1-rotated1.jpg,0,INVALID_MODALITY,test
C:/Users/Ankit/.cache/kagglehub/datasets/paultimothymooney/chest-xray-pneumonia/versions/2/chest_xray/chest_xray/train/PNEUMONIA/person1238_virus_2098.jpeg,1,VALID_MODALITY,train
C:/Users/Ankit/.cache/kagglehub/datasets/masoudnickparvar/brain-tumor-mri-dataset/versions/2/Training/pituitary/Tr-pi_860.jpg,0,INVALID_MODALITY,train
C:/Users/Ankit/.cache/kagglehub/datasets/devbatrax/fracture-detection-using-x-ray-images/versions/1/data/train/not fractured/64-rotated2-rotated2-rotated2-rotated1.jpg,0,INVALID_MODALITY,train
C:/Users/Ankit/.cache/kagglehub/datasets/paultimothymooney/chest-xray-pneumonia/versions/2/chest_xray/train/NORMAL/IM-0645-0001.jpeg,1,VALID_MODALITY,train
C:/Users/Ankit/.cache/kagglehub/datasets/paultimothymooney/chest-xray-pneumonia/versions/2/chest_xray/chest_xray/train/NORMAL/IM-0429-0001-0002.jpeg,1,VALID_MODALITY,test
C:/Users/Ankit/.cache/kagglehub/datasets/devbatrax/fracture-detection-using-x-ray-images/versions/1/data/train/not fractured/70-rotated1-rotated1-rotated3-rotated1.jpg,0,INVALID_MODALITY,val
C:/Users/Ankit/.cache/kagglehub/datasets/devbatrax/fracture-detection-using-x-ray-images/versions/1/data/train/fractured/65-rotated1-rotated2-rotated3.jpg,0,INVALID_MODALITY,train
C:/Users/Ankit/.cache/kagglehub/datasets/paultimothymooney/chest-xray-pneumonia/versions/2/chest_xray/train/PNEUMONIA/person1634_bacteria_4326.jpeg,1,VALID_MODALITY,train
C:/Users/Ankit/.cache/kagglehub/datasets/paultimothymooney/chest-xray-pneumonia/versions/2/chest_xray/chest_xray/train/NORMAL/NORMAL2-IM-0389-0001.jpeg,1,VALID_MODALITY,test
C:/Users/Ankit/.cache/kagglehub/datasets/devbatrax/fracture-detection-using-x-ray-images/versions/1/data/train/fractured/10-rotated2-rotated2-rotated2.jpg,0,INVALID_MODALITY,train
C:/Users/Ankit/.cache/kagglehub/datasets/paultimothymooney/chest-xray-pneumonia/versions/2/chest_xray/chest_xray/train/NORMAL/NORMAL2-IM-0663-0001.jpeg,1,VALID_MODALITY,train
C:/Users/Ankit/.cache/kagglehub/datasets/paultimothymooney/chest-xray-pneumonia/versions/2/chest_xray/train/PNEUMONIA/person860_virus_1505.jpeg,1,VALID_MODALITY,test
C:/Users/Ankit/.cache/kagglehub/datasets/paultimothymooney/chest-xray-pneumonia/versions/2/chest_xray/train/PNEUMONIA/person905_bacteria_2830.jpeg,1,VALID_MODALITY,train
C:/Users/Ankit/.cache/kagglehub/datasets/devbatrax/fracture-detection-using-x-ray-images/versions/1/data/train/fractured/37-rotated3-rotated3-rotated3.jpg,0,INVALID_MODALITY,train
C:/Users/Ankit/.cache/kagglehub/datasets/paultimothymooney/chest-xray-pneumonia/versions/2/chest_xray/train/NORMAL/NORMAL2-IM-0971-0001-0002.jpeg,1,VALID_MODALITY,train
C:/Users/Ankit/.cache/kagglehub/datasets/paultimothymooney/chest-xray-pneumonia/versions/2/chest_xray/train/PNEUMONIA/person1588_virus_2762.jpeg,1,VALID_MODALITY,train
C:/Users/Ankit/.cache/kagglehub/datasets/paultimothymooney/chest-xray-pneumonia/versions/2/chest_xray/chest_xray/train/NORMAL/NORMAL2-IM-1272-0001.jpeg,1,VALID_MODALITY,train
C:/Users/Ankit/.cache/kagglehub/datasets/paultimothymooney/chest-xray-pneumonia/versions/2/chest_xray/train/PNEUMONIA/person961_virus_1634.jpeg,1,VALID_MODALITY,val
C:/Users/Ankit/.cache/kagglehub/datasets/paultimothymooney/chest-xray-pneumonia/versions/2/chest_xray/train/PNEUMONIA/person1158_virus_1940.jpeg,1,VALID_MODALITY,train
C:/Users/Ankit/.cache/kagglehub/datasets/paultimothymooney/chest-xray-pneumonia/versions/2/chest_xray/chest_xray/train/PNEUMONIA/person1242_virus_2108.jpeg,1,VALID_MODALITY,train
C:/Users/Ankit/.cache/kagglehub/datasets/devbatrax/fracture-detection-using-x-ray-images/versions/1/data/train/fractured/119-rotated1-rotated2.jpg,0,INVALID_MODALITY,train
C:/Users/Ankit/.cache/kagglehub/datasets/paultimothymooney/chest-xray-pneumonia/versions/2/chest_xray/train/NORMAL/NORMAL2-IM-0396-0001.jpeg,1,VALID_MODALITY,val
C:/Users/Ankit/.cache/kagglehub/datasets/paultimothymooney/chest-xray-pneumonia/versions/2/chest_xray/chest_xray/train/PNEUMONIA/person319_bacteria_1479.jpeg,1,VALID_MODALITY,train
C:/Users/Ankit/.cache/kagglehub/datasets/masoudnickparvar/brain-tumor-mri-dataset/versions/2/Training/meningioma/Tr-me_455.jpg,0,INVALID_MODALITY,train
C:/Users/Ankit/.cache/kagglehub/datasets/devbatrax/fracture-detection-using-x-ray-images/versions/1/data/train/fractured/51-rotated2-rotated2-rotated3.jpg,0,INVALID_MODALITY,train
D:\anti gravity\Radionova\datasets\generic_negatives\generic_0186.jpg,0,INVALID_MODALITY,val
C:/Users/Ankit/.cache/kagglehub/datasets/paultimothymooney/chest-xray-pneumonia/versions/2/chest_xray/test/NORMAL/IM-0029-0001.jpeg,1,VALID_MODALITY,train
D:\anti gravity\Radionova\datasets\generic_negatives\generic_0143.jpg,0,INVALID_MODALITY,train
C:/Users/Ankit/.cache/kagglehub/datasets/paultimothymooney/chest-xray-pneumonia/versions/2/chest_xray/train/NORMAL/NORMAL2-IM-1123-0001.jpeg,1,VALID_MODALITY,train
C:/Users/Ankit/.cache/kagglehub/datasets/paultimothymooney/chest-xray-pneumonia/versions/2/chest_xray/chest_xray/train/PNEUMONIA/person809_bacteria_2717.jpeg,1,VALID_MODALITY,train
C:/Users/Ankit/.cache/kagglehub/datasets/devbatrax/fracture-detection-using-x-ray-images/versions/1/data/train/fractured/80-rotated3-rotated2-rotated1.jpg,0,INVALID_MODALITY,train
C:/Users/Ankit/.cache/kagglehub/datasets/masoudnickparvar/brain-tumor-mri-dataset/versions/2/Training/meningioma/Tr-me_28.jpg,0,INVALID_MODALITY,val
D:\anti gravity\Radionova\datasets\generic_negatives\generic_0084.jpg,0,INVALID_MODALITY,train
C:/Users/Ankit/.cache/kagglehub/datasets/paultimothymooney/chest-xray-pneumonia/versions/2/chest_xray/chest_xray/train/NORMAL/NORMAL2-IM-1177-0001.jpeg,1,VALID_MODALITY,test
C:/Users/Ankit/.cache/kagglehub/datasets/masoudnickparvar/brain-tumor-mri-dataset/versions/2/Training/pituitary/Tr-pi_1076.jpg,0,INVALID_MODALITY,val
C:/Users/Ankit/.cache/kagglehub/datasets/paultimothymooney/chest-xray-pneumonia/versions/2/chest_xray/train/PNEUMONIA/person582_bacteria_2405.jpeg,1,VALID_MODALITY,test
C:/Users/Ankit/.cache/kagglehub/datasets/devbatrax/fracture-detection-using-x-ray-images/versions/1/data/train/not fractured/57-rotated2-rotated1-rotated1-rotated1.jpg,0,INVALID_MODALITY,train
C:/Users/Ankit/.cache/kagglehub/datasets/paultimothymooney/chest-xray-pneumonia/versions/2/chest_xray/chest_xray/train/PNEUMONIA/person569_bacteria_2362.jpeg,1,VALID_MODALITY,val
C:/Users/Ankit/.cache/kagglehub/datasets/paultimothymooney/chest-xray-pneumonia/versions/2/chest_xray/chest_xray/train/PNEUMONIA/person364_bacteria_1659.jpeg,1,VALID_MODALITY,train
C:/Users/Ankit/.cache/kagglehub/datasets/masoudnickparvar/brain-tumor-mri-dataset/versions/2/Training/meningioma/Tr-me_857.jpg,0,INVALID_MODALITY,train
C:/Users/Ankit/.cache/kagglehub/datasets/paultimothymooney/chest-xray-pneumonia/versions/2/chest_xray/chest_xray/train/PNEUMONIA/person1595_bacteria_4183.jpeg,1,VALID_MODALITY,train
C:/Users/Ankit/.cache/kagglehub/datasets/devbatrax/fracture-detection-using-x-ray-images/versions/1/data/train/fractured/33-rotated1-rotated3-rotated3.jpg,0,INVALID_MODALITY,train
D:\anti gravity\Radionova\datasets\generic_negatives\generic_0346.jpg,0,INVALID_MODALITY,train
C:/Users/Ankit/.cache/kagglehub/datasets/paultimothymooney/chest-xray-pneumonia/versions/2/chest_xray/chest_xray/train/PNEUMONIA/person1589_bacteria_4172.jpeg,1,VALID_MODALITY,val
C:/Users/Ankit/.cache/kagglehub/datasets/paultimothymooney/chest-xray-pneumonia/versions/2/chest_xray/train/NORMAL/NORMAL2-IM-1098-0001.jpeg,1,VALID_MODALITY,test
C:/Users/Ankit/.cache/kagglehub/datasets/masoudnickparvar/brain-tumor-mri-dataset/versions/2/Training/meningioma/Tr-me_634.jpg,0,INVALID_MODALITY,val
C:/Users/Ankit/.cache/kagglehub/datasets/masoudnickparvar/brain-tumor-mri-dataset/versions/2/Training/glioma/Tr-gl_695.jpg,0,INVALID_MODALITY,val
C:/Users/Ankit/.cache/kagglehub/datasets/devbatrax/fracture-detection-using-x-ray-images/versions/1/data/val/fractured/7-rotated2-rotated1.jpg,0,INVALID_MODALITY,train
C:/Users/Ankit/.cache/kagglehub/datasets/paultimothymooney/chest-xray-pneumonia/versions/2/chest_xray/train/PNEUMONIA/person357_virus_734.jpeg,1,VALID_MODALITY,train
C:/Users/Ankit/.cache/kagglehub/datasets/paultimothymooney/chest-xray-pneumonia/versions/2/chest_xray/chest_xray/train/PNEUMONIA/person141_virus_287.jpeg,1,VALID_MODALITY,train
D:\anti gravity\Radionova\datasets\generic_negatives\generic_0394.jpg,0,INVALID_MODALITY,train
C:/Users/Ankit/.cache/kagglehub/datasets/devbatrax/fracture-detection-using-x-ray-images/versions/1/data/train/fractured/68-rotated1-rotated2-rotated2.jpg,0,INVALID_MODALITY,train
C:/Users/Ankit/.cache/kagglehub/datasets/paultimothymooney/chest-xray-pneumonia/versions/2/chest_xray/chest_xray/train/PNEUMONIA/person1270_bacteria_3230.jpeg,1,VALID_MODALITY,val
C:/Users/Ankit/.cache/kagglehub/datasets/paultimothymooney/chest-xray-pneumonia/versions/2/chest_xray/chest_xray/train/PNEUMONIA/person1524_virus_2658.jpeg,1,VALID_MODALITY,val
C:/Users/Ankit/.cache/kagglehub/datasets/paultimothymooney/chest-xray-pneumonia/versions/2/chest_xray/chest_xray/train/PNEUMONIA/person337_bacteria_1554.jpeg,1,VALID_MODALITY,train
C:/Users/Ankit/.cache/kagglehub/datasets/masoudnickparvar/brain-tumor-mri-dataset/versions/2/Training/glioma/Tr-gl_676.jpg,0,INVALID_MODALITY,train
C:/Users/Ankit/.cache/kagglehub/datasets/devbatrax/fracture-detection-using-x-ray-images/versions/1/data/train/not fractured/41-rotated2-rotated3.jpg,0,INVALID_MODALITY,test
C:/Users/Ankit/.cache/kagglehub/datasets/paultimothymooney/chest-xray-pneumonia/versions/2/chest_xray/chest_xray/train/PNEUMONIA/person498_virus_1007.jpeg,1,VALID_MODALITY,val
D:\anti gravity\Radionova\datasets\generic_negatives\generic_0197.jpg,0,INVALID_MODALITY,val
C:/Users/Ankit/.cache/kagglehub/datasets/devbatrax/fracture-detection-using-x-ray-images/versions/1/data/train/fractured/13.jpg,0,INVALID_MODALITY,train
C:/Users/Ankit/.cache/kagglehub/datasets/devbatrax/fracture-detection-using-x-ray-images/versions/1/data/train/fractured/57-rotated2-rotated3-rotated3.jpg,0,INVALID_MODALITY,val
C:/Users/Ankit/.cache/kagglehub/datasets/devbatrax/fracture-detection-using-x-ray-images/versions/1/data/train/fractured/76-rotated3.jpg,0,INVALID_MODALITY,test
C:/Users/Ankit/.cache/kagglehub/datasets/paultimothymooney/chest-xray-pneumonia/versions/2/chest_xray/chest_xray/train/PNEUMONIA/person1316_bacteria_3326.jpeg,1,VALID_MODALITY,train
C:/Users/Ankit/.cache/kagglehub/datasets/paultimothymooney/chest-xray-pneumonia/versions/2/chest_xray/train/NORMAL/IM-0299-0001.jpeg,1,VALID_MODALITY,train
C:/Users/Ankit/.cache/kagglehub/datasets/paultimothymooney/chest-xray-pneumonia/versions/2/chest_xray/train/PNEUMONIA/person548_virus_1088.jpeg,1,VALID_MODALITY,test
D:\anti gravity\Radionova\datasets\generic_negatives\generic_0114.jpg,0,INVALID_MODALITY,train
C:/Users/Ankit/.cache/kagglehub/datasets/masoudnickparvar/brain-tumor-mri-dataset/versions/2/Testing/pituitary/Te-pi_351.jpg,0,INVALID_MODALITY,val
C:/Users/Ankit/.cache/kagglehub/datasets/devbatrax/fracture-detection-using-x-ray-images/versions/1/data/train/not fractured/39-rotated3-rotated1.jpg,0,INVALID_MODALITY,train
C:/Users/Ankit/.cache/kagglehub/datasets/paultimothymooney/chest-xray-pneumonia/versions/2/chest_xray/test/NORMAL/NORMAL2-IM-0233-0001.jpeg,1,VALID_MODALITY,train
D:\anti gravity\Radionova\datasets\generic_negatives\generic_0034.jpg,0,INVALID_MODALITY,train
C:/Users/Ankit/.cache/kagglehub/datasets/devbatrax/fracture-detection-using-x-ray-images/versions/1/data/train/fractured/32-rotated3-rotated1-rotated2.jpg,0,INVALID_MODALITY,val
D:\anti gravity\Radionova\datasets\generic_negatives\generic_0154.jpg,0,INVALID_MODALITY,train
C:/Users/Ankit/.cache/kagglehub/datasets/paultimothymooney/chest-xray-pneumonia/versions/2/chest_xray/train/PNEUMONIA/person1352_bacteria_3445.jpeg,1,VALID_MODALITY,train
C:/Users/Ankit/.cache/kagglehub/datasets/paultimothymooney/chest-xray-pneumonia/versions/2/chest_xray/chest_xray/train/PNEUMONIA/person1111_bacteria_3052.jpeg,1,VALID_MODALITY,train
C:/Users/Ankit/.cache/kagglehub/datasets/devbatrax/fracture-detection-using-x-ray-images/versions/1/data/train/not fractured/22-rotated3-rotated2-rotated1-rotated1.jpg,0,INVALID_MODALITY,test
C:/Users/Ankit/.cache/kagglehub/datasets/paultimothymooney/chest-xray-pneumonia/versions/2/chest_xray/chest_xray/train/PNEUMONIA/person1_bacteria_1.jpeg,1,VALID_MODALITY,train
C:/Users/Ankit/.cache/kagglehub/datasets/devbatrax/fracture-detection-using-x-ray-images/versions/1/data/train/not fractured/68-rotated1-rotated1-rotated1.jpg,0,INVALID_MODALITY,train
C:/Users/Ankit/.cache/kagglehub/datasets/devbatrax/fracture-detection-using-x-ray-images/versions/1/data/train/not fractured/33-rotated3.jpg,0,INVALID_MODALITY,test
C:/Users/Ankit/.cache/kagglehub/datasets/paultimothymooney/chest-xray-pneumonia/versions/2/chest_xray/train/PNEUMONIA/person359_bacteria_1644.jpeg,1,VALID_MODALITY,val
C:/Users/Ankit/.cache/kagglehub/datasets/devbatrax/fracture-detection-using-x-ray-images/versions/1/data/train/fractured/24-rotated2.jpg,0,INVALID_MODALITY,train
C:/Users/Ankit/.cache/kagglehub/datasets/paultimothymooney/chest-xray-pneumonia/versions/2/chest_xray/train/PNEUMONIA/person700_bacteria_2599.jpeg,1,VALID_MODALITY,train
D:\anti gravity\Radionova\datasets\generic_negatives\generic_0335.jpg,0,INVALID_MODALITY,train
C:/Users/Ankit/.cache/kagglehub/datasets/paultimothymooney/chest-xray-pneumonia/versions/2/chest_xray/train/PNEUMONIA/person7_bacteria_28.jpeg,1,VALID_MODALITY,train
C:/Users/Ankit/.cache/kagglehub/datasets/paultimothymooney/chest-xray-pneumonia/versions/2/chest_xray/train/PNEUMONIA/person1418_bacteria_3643.jpeg,1,VALID_MODALITY,train
C:/Users/Ankit/.cache/kagglehub/datasets/masoudnickparvar/brain-tumor-mri-dataset/versions/2/Testing/glioma/Te-gl_366.jpg,0,INVALID_MODALITY,train
C:/Users/Ankit/.cache/kagglehub/datasets/paultimothymooney/chest-xray-pneumonia/versions/2/chest_xray/train/PNEUMONIA/person280_bacteria_1318.jpeg,1,VALID_MODALITY,train
C:/Users/Ankit/.cache/kagglehub/datasets/devbatrax/fracture-detection-using-x-ray-images/versions/1/data/val/fractured/9-rotated3-rotated1-rotated3.jpg,0,INVALID_MODALITY,train
C:/Users/Ankit/.cache/kagglehub/datasets/devbatrax/fracture-detection-using-x-ray-images/versions/1/data/train/fractured/94.jpg,0,INVALID_MODALITY,test
C:/Users/Ankit/.cache/kagglehub/datasets/devbatrax/fracture-detection-using-x-ray-images/versions/1/data/train/not fractured/58-rotated2-rotated2.jpg,0,INVALID_MODALITY,train
C:/Users/Ankit/.cache/kagglehub/datasets/devbatrax/fracture-detection-using-x-ray-images/versions/1/data/train/not fractured/26-rotated2-rotated3-rotated2.jpg,0,INVALID_MODALITY,train
C:/Users/Ankit/.cache/kagglehub/datasets/devbatrax/fracture-detection-using-x-ray-images/versions/1/data/train/fractured/121-rotated2-rotated1-rotated1.jpg,0,INVALID_MODALITY,train
C:/Users/Ankit/.cache/kagglehub/datasets/paultimothymooney/chest-xray-pneumonia/versions/2/chest_xray/train/PNEUMONIA/person636_bacteria_2527.jpeg,1,VALID_MODALITY,train
C:/Users/Ankit/.cache/kagglehub/datasets/paultimothymooney/chest-xray-pneumonia/versions/2/chest_xray/chest_xray/train/PNEUMONIA/person1691_bacteria_4481.jpeg,1,VALID_MODALITY,train
C:/Users/Ankit/.cache/kagglehub/datasets/devbatrax/fracture-detection-using-x-ray-images/versions/1/data/train/fractured/14-rotated1-rotated1.jpg,0,INVALID_MODALITY,test
C:/Users/Ankit/.cache/kagglehub/datasets/paultimothymooney/chest-xray-pneumonia/versions/2/chest_xray/chest_xray/test/NORMAL/IM-0011-0001-0002.jpeg,1,VALID_MODALITY,test
C:/Users/Ankit/.cache/kagglehub/datasets/paultimothymooney/chest-xray-pneumonia/versions/2/chest_xray/train/PNEUMONIA/person1340_bacteria_3405.jpeg,1,VALID_MODALITY,train
C:/Users/Ankit/.cache/kagglehub/datasets/paultimothymooney/chest-xray-pneumonia/versions/2/chest_xray/chest_xray/train/PNEUMONIA/person500_bacteria_2105.jpeg,1,VALID_MODALITY,train
C:/Users/Ankit/.cache/kagglehub/datasets/paultimothymooney/chest-xray-pneumonia/versions/2/chest_xray/train/PNEUMONIA/person1169_virus_1968.jpeg,1,VALID_MODALITY,train
C:/Users/Ankit/.cache/kagglehub/datasets/paultimothymooney/chest-xray-pneumonia/versions/2/chest_xray/chest_xray/train/PNEUMONIA/person535_bacteria_2256.jpeg,1,VALID_MODALITY,train
C:/Users/Ankit/.cache/kagglehub/datasets/paultimothymooney/chest-xray-pneumonia/versions/2/chest_xray/train/NORMAL/NORMAL2-IM-0668-0001.jpeg,1,VALID_MODALITY,train
C:/Users/Ankit/.cache/kagglehub/datasets/paultimothymooney/chest-xray-pneumonia/versions/2/chest_xray/train/PNEUMONIA/person368_bacteria_1668.jpeg,1,VALID_MODALITY,train
C:/Users/Ankit/.cache/kagglehub/datasets/paultimothymooney/chest-xray-pneumonia/versions/2/chest_xray/train/PNEUMONIA/person1164_bacteria_3110.jpeg,1,VALID_MODALITY,train
D:\anti gravity\Radionova\datasets\generic_negatives\generic_0001.jpg,0,INVALID_MODALITY,test
D:\anti gravity\Radionova\datasets\generic_negatives\generic_0330.jpg,0,INVALID_MODALITY,train
C:/Users/Ankit/.cache/kagglehub/datasets/devbatrax/fracture-detection-using-x-ray-images/versions/1/data/train/fractured/27-rotated1.jpg,0,INVALID_MODALITY,train
C:/Users/Ankit/.cache/kagglehub/datasets/paultimothymooney/chest-xray-pneumonia/versions/2/chest_xray/chest_xray/train/PNEUMONIA/person1502_bacteria_3925.jpeg,1,VALID_MODALITY,train
D:\anti gravity\Radionova\datasets\generic_negatives\generic_0344.jpg,0,INVALID_MODALITY,train
C:/Users/Ankit/.cache/kagglehub/datasets/paultimothymooney/chest-xray-pneumonia/versions/2/chest_xray/chest_xray/test/PNEUMONIA/person49_virus_101.jpeg,1,VALID_MODALITY,val
C:/Users/Ankit/.cache/kagglehub/datasets/devbatrax/fracture-detection-using-x-ray-images/versions/1/data/train/not fractured/60-rotated2-rotated1-rotated1-rotated1.jpg,0,INVALID_MODALITY,test
C:/Users/Ankit/.cache/kagglehub/datasets/devbatrax/fracture-detection-using-x-ray-images/versions/1/data/train/fractured/118-rotated2-rotated3-rotated3.jpg,0,INVALID_MODALITY,test
C:/Users/Ankit/.cache/kagglehub/datasets/paultimothymooney/chest-xray-pneumonia/versions/2/chest_xray/train/PNEUMONIA/person1275_bacteria_3237.jpeg,1,VALID_MODALITY,train
C:/Users/Ankit/.cache/kagglehub/datasets/masoudnickparvar/brain-tumor-mri-dataset/versions/2/Training/glioma/Tr-gl_257.jpg,0,INVALID_MODALITY,train
C:/Users/Ankit/.cache/kagglehub/datasets/devbatrax/fracture-detection-using-x-ray-images/versions/1/data/train/not fractured/64-rotated3-rotated1-rotated2-rotated1.jpg,0,INVALID_MODALITY,train
C:/Users/Ankit/.cache/kagglehub/datasets/paultimothymooney/chest-xray-pneumonia/versions/2/chest_xray/chest_xray/train/PNEUMONIA/person1684_bacteria_4461.jpeg,1,VALID_MODALITY,train
C:/Users/Ankit/.cache/kagglehub/datasets/paultimothymooney/chest-xray-pneumonia/versions/2/chest_xray/chest_xray/train/PNEUMONIA/person502_bacteria_2121.jpeg,1,VALID_MODALITY,train
C:/Users/Ankit/.cache/kagglehub/datasets/paultimothymooney/chest-xray-pneumonia/versions/2/chest_xray/chest_xray/train/PNEUMONIA/person368_bacteria_1666.jpeg,1,VALID_MODALITY,train
C:/Users/Ankit/.cache/kagglehub/datasets/masoudnickparvar/brain-tumor-mri-dataset/versions/2/Testing/pituitary/Te-pi_162.jpg,0,INVALID_MODALITY,train
C:/Users/Ankit/.cache/kagglehub/datasets/paultimothymooney/chest-xray-pneumonia/versions/2/chest_xray/train/NORMAL/NORMAL2-IM-0804-0001.jpeg,1,VALID_MODALITY,val
D:\anti gravity\Radionova\datasets\generic_negatives\generic_0047.jpg,0,INVALID_MODALITY,test
C:/Users/Ankit/.cache/kagglehub/datasets/paultimothymooney/chest-xray-pneumonia/versions/2/chest_xray/chest_xray/train/NORMAL/IM-0737-0001.jpeg,1,VALID_MODALITY,val
C:/Users/Ankit/.cache/kagglehub/datasets/masoudnickparvar/brain-tumor-mri-dataset/versions/2/Training/glioma/Tr-gl_1186.jpg,0,INVALID_MODALITY,train
C:/Users/Ankit/.cache/kagglehub/datasets/devbatrax/fracture-detection-using-x-ray-images/versions/1/data/train/fractured/91-rotated3-rotated2-rotated3.jpg,0,INVALID_MODALITY,train
C:/Users/Ankit/.cache/kagglehub/datasets/masoudnickparvar/brain-tumor-mri-dataset/versions/2/Training/glioma/Tr-gl_395.jpg,0,INVALID_MODALITY,train
C:/Users/Ankit/.cache/kagglehub/datasets/paultimothymooney/chest-xray-pneumonia/versions/2/chest_xray/train/PNEUMONIA/person740_virus_1363.jpeg,1,VALID_MODALITY,train
D:\anti gravity\Radionova\datasets\generic_negatives\generic_0103.jpg,0,INVALID_MODALITY,train
C:/Users/Ankit/.cache/kagglehub/datasets/paultimothymooney/chest-xray-pneumonia/versions/2/chest_xray/train/PNEUMONIA/person381_bacteria_1731.jpeg,1,VALID_MODALITY,val
C:/Users/Ankit/.cache/kagglehub/datasets/devbatrax/fracture-detection-using-x-ray-images/versions/1/data/train/fractured/36-rotated3-rotated3.jpg,0,INVALID_MODALITY,train
C:/Users/Ankit/.cache/kagglehub/datasets/devbatrax/fracture-detection-using-x-ray-images/versions/1/data/train/fractured/54-rotated1-rotated2-rotated3.jpg,0,INVALID_MODALITY,val
C:/Users/Ankit/.cache/kagglehub/datasets/paultimothymooney/chest-xray-pneumonia/versions/2/chest_xray/chest_xray/train/PNEUMONIA/person795_virus_1427.jpeg,1,VALID_MODALITY,train
C:/Users/Ankit/.cache/kagglehub/datasets/paultimothymooney/chest-xray-pneumonia/versions/2/chest_xray/train/PNEUMONIA/person612_bacteria_2477.jpeg,1,VALID_MODALITY,test
C:/Users/Ankit/.cache/kagglehub/datasets/paultimothymooney/chest-xray-pneumonia/versions/2/chest_xray/train/PNEUMONIA/person930_bacteria_2855.jpeg,1,VALID_MODALITY,train
C:/Users/Ankit/.cache/kagglehub/datasets/paultimothymooney/chest-xray-pneumonia/versions/2/chest_xray/chest_xray/test/NORMAL/NORMAL2-IM-0219-0001.jpeg,1,VALID_MODALITY,train
C:/Users/Ankit/.cache/kagglehub/datasets/devbatrax/fracture-detection-using-x-ray-images/versions/1/data/train/not fractured/53-rotated1-rotated2-rotated1-rotated1.jpg,0,INVALID_MODALITY,train
C:/Users/Ankit/.cache/kagglehub/datasets/masoudnickparvar/brain-tumor-mri-dataset/versions/2/Training/pituitary/Tr-pi_806.jpg,0,INVALID_MODALITY,val
C:/Users/Ankit/.cache/kagglehub/datasets/paultimothymooney/chest-xray-pneumonia/versions/2/chest_xray/chest_xray/train/NORMAL/IM-0236-0001.jpeg,1,VALID_MODALITY,train
D:\anti gravity\Radionova\datasets\generic_negatives\generic_0063.jpg,0,INVALID_MODALITY,train
C:/Users/Ankit/.cache/kagglehub/datasets/paultimothymooney/chest-xray-pneumonia/versions/2/chest_xray/train/PNEUMONIA/person1100_bacteria_3041.jpeg,1,VALID_MODALITY,train
C:/Users/Ankit/.cache/kagglehub/datasets/devbatrax/fracture-detection-using-x-ray-images/versions/1/data/train/not fractured/64-rotated2-rotated1-rotated1.jpg,0,INVALID_MODALITY,train
C:/Users/Ankit/.cache/kagglehub/datasets/paultimothymooney/chest-xray-pneumonia/versions/2/chest_xray/train/PNEUMONIA/person1343_virus_2317.jpeg,1,VALID_MODALITY,test
C:/Users/Ankit/.cache/kagglehub/datasets/paultimothymooney/chest-xray-pneumonia/versions/2/chest_xray/train/PNEUMONIA/person600_bacteria_2458.jpeg,1,VALID_MODALITY,train
C:/Users/Ankit/.cache/kagglehub/datasets/paultimothymooney/chest-xray-pneumonia/versions/2/chest_xray/test/NORMAL/NORMAL2-IM-0219-0001.jpeg,1,VALID_MODALITY,train
C:/Users/Ankit/.cache/kagglehub/datasets/paultimothymooney/chest-xray-pneumonia/versions/2/chest_xray/chest_xray/test/PNEUMONIA/person144_bacteria_690.jpeg,1,VALID_MODALITY,train
C:/Users/Ankit/.cache/kagglehub/datasets/paultimothymooney/chest-xray-pneumonia/versions/2/chest_xray/train/PNEUMONIA/person1145_virus_1902.jpeg,1,VALID_MODALITY,test
C:/Users/Ankit/.cache/kagglehub/datasets/devbatrax/fracture-detection-using-x-ray-images/versions/1/data/train/fractured/20-rotated2-rotated2-rotated1.jpg,0,INVALID_MODALITY,train
C:/Users/Ankit/.cache/kagglehub/datasets/paultimothymooney/chest-xray-pneumonia/versions/2/chest_xray/chest_xray/train/PNEUMONIA/person419_bacteria_1845.jpeg,1,VALID_MODALITY,train
C:/Users/Ankit/.cache/kagglehub/datasets/devbatrax/fracture-detection-using-x-ray-images/versions/1/data/train/fractured/119-rotated2-rotated2-rotated2.jpg,0,INVALID_MODALITY,train
C:/Users/Ankit/.cache/kagglehub/datasets/devbatrax/fracture-detection-using-x-ray-images/versions/1/data/train/fractured/60-rotated2-rotated1-rotated2.jpg,0,INVALID_MODALITY,train
C:/Users/Ankit/.cache/kagglehub/datasets/devbatrax/fracture-detection-using-x-ray-images/versions/1/data/train/fractured/77-rotated3-rotated1.jpg,0,INVALID_MODALITY,train
C:/Users/Ankit/.cache/kagglehub/datasets/masoudnickparvar/brain-tumor-mri-dataset/versions/2/Training/pituitary/Tr-pi_40.jpg,0,INVALID_MODALITY,train
C:/Users/Ankit/.cache/kagglehub/datasets/paultimothymooney/chest-xray-pneumonia/versions/2/chest_xray/chest_xray/train/PNEUMONIA/person517_bacteria_2196.jpeg,1,VALID_MODALITY,train
C:/Users/Ankit/.cache/kagglehub/datasets/paultimothymooney/chest-xray-pneumonia/versions/2/chest_xray/train/PNEUMONIA/person1020_virus_1710.jpeg,1,VALID_MODALITY,val
C:/Users/Ankit/.cache/kagglehub/datasets/paultimothymooney/chest-xray-pneumonia/versions/2/chest_xray/train/NORMAL/IM-0475-0001.jpeg,1,VALID_MODALITY,train
C:/Users/Ankit/.cache/kagglehub/datasets/paultimothymooney/chest-xray-pneumonia/versions/2/chest_xray/train/PNEUMONIA/person340_virus_698.jpeg,1,VALID_MODALITY,test
C:/Users/Ankit/.cache/kagglehub/datasets/paultimothymooney/chest-xray-pneumonia/versions/2/chest_xray/train/PNEUMONIA/person1630_bacteria_4304.jpeg,1,VALID_MODALITY,test
C:/Users/Ankit/.cache/kagglehub/datasets/devbatrax/fracture-detection-using-x-ray-images/versions/1/data/train/fractured/113-rotated2-rotated2-rotated3.jpg,0,INVALID_MODALITY,test
C:/Users/Ankit/.cache/kagglehub/datasets/devbatrax/fracture-detection-using-x-ray-images/versions/1/data/val/fractured/2-rotated2-rotated2-rotated1.jpg,0,INVALID_MODALITY,test
C:/Users/Ankit/.cache/kagglehub/datasets/paultimothymooney/chest-xray-pneumonia/versions/2/chest_xray/train/NORMAL/IM-0523-0001-0001.jpeg,1,VALID_MODALITY,train
C:/Users/Ankit/.cache/kagglehub/datasets/paultimothymooney/chest-xray-pneumonia/versions/2/chest_xray/train/PNEUMONIA/person94_virus_176.jpeg,1,VALID_MODALITY,test
C:/Users/Ankit/.cache/kagglehub/datasets/paultimothymooney/chest-xray-pneumonia/versions/2/chest_xray/chest_xray/train/PNEUMONIA/person544_bacteria_2286.jpeg,1,VALID_MODALITY,train
D:\anti gravity\Radionova\datasets\generic_negatives\generic_0353.jpg,0,INVALID_MODALITY,train
C:/Users/Ankit/.cache/kagglehub/datasets/paultimothymooney/chest-xray-pneumonia/versions/2/chest_xray/chest_xray/train/PNEUMONIA/person383_bacteria_1753.jpeg,1,VALID_MODALITY,test
C:/Users/Ankit/.cache/kagglehub/datasets/paultimothymooney/chest-xray-pneumonia/versions/2/chest_xray/train/NORMAL/NORMAL2-IM-0530-0001.jpeg,1,VALID_MODALITY,val
C:/Users/Ankit/.cache/kagglehub/datasets/paultimothymooney/chest-xray-pneumonia/versions/2/chest_xray/train/NORMAL/NORMAL2-IM-0832-0001-0001.jpeg,1,VALID_MODALITY,train
C:/Users/Ankit/.cache/kagglehub/datasets/paultimothymooney/chest-xray-pneumonia/versions/2/chest_xray/train/PNEUMONIA/person441_bacteria_1905.jpeg,1,VALID_MODALITY,train
C:/Users/Ankit/.cache/kagglehub/datasets/paultimothymooney/chest-xray-pneumonia/versions/2/chest_xray/chest_xray/test/NORMAL/NORMAL2-IM-0098-0001.jpeg,1,VALID_MODALITY,val
C:/Users/Ankit/.cache/kagglehub/datasets/paultimothymooney/chest-xray-pneumonia/versions/2/chest_xray/train/PNEUMONIA/person1710_bacteria_4525.jpeg,1,VALID_MODALITY,train
C:/Users/Ankit/.cache/kagglehub/datasets/masoudnickparvar/brain-tumor-mri-dataset/versions/2/Training/meningioma/Tr-me_1232.jpg,0,INVALID_MODALITY,test
C:/Users/Ankit/.cache/kagglehub/datasets/masoudnickparvar/brain-tumor-mri-dataset/versions/2/Training/pituitary/Tr-pi_106.jpg,0,INVALID_MODALITY,train
D:\anti gravity\Radionova\datasets\generic_negatives\generic_0038.jpg,0,INVALID_MODALITY,test
D:\anti gravity\Radionova\datasets\generic_negatives\generic_0271.jpg,0,INVALID_MODALITY,train
C:/Users/Ankit/.cache/kagglehub/datasets/paultimothymooney/chest-xray-pneumonia/versions/2/chest_xray/chest_xray/train/PNEUMONIA/person1545_bacteria_4041.jpeg,1,VALID_MODALITY,train
C:/Users/Ankit/.cache/kagglehub/datasets/paultimothymooney/chest-xray-pneumonia/versions/2/chest_xray/chest_xray/test/PNEUMONIA/person1678_virus_2895.jpeg,1,VALID_MODALITY,train
C:/Users/Ankit/.cache/kagglehub/datasets/paultimothymooney/chest-xray-pneumonia/versions/2/chest_xray/train/PNEUMONIA/person549_bacteria_2306.jpeg,1,VALID_MODALITY,train
C:/Users/Ankit/.cache/kagglehub/datasets/devbatrax/fracture-detection-using-x-ray-images/versions/1/data/train/fractured/109-rotated3-rotated1-rotated2.jpg,0,INVALID_MODALITY,train
C:/Users/Ankit/.cache/kagglehub/datasets/devbatrax/fracture-detection-using-x-ray-images/versions/1/data/train/not fractured/9-rotated1-rotated3-rotated2-rotated1.jpg,0,INVALID_MODALITY,train
C:/Users/Ankit/.cache/kagglehub/datasets/paultimothymooney/chest-xray-pneumonia/versions/2/chest_xray/chest_xray/train/PNEUMONIA/person427_bacteria_1868.jpeg,1,VALID_MODALITY,train
C:/Users/Ankit/.cache/kagglehub/datasets/paultimothymooney/chest-xray-pneumonia/versions/2/chest_xray/train/PNEUMONIA/person441_bacteria_1907.jpeg,1,VALID_MODALITY,train
C:/Users/Ankit/.cache/kagglehub/datasets/paultimothymooney/chest-xray-pneumonia/versions/2/chest_xray/train/PNEUMONIA/person301_bacteria_1429.jpeg,1,VALID_MODALITY,train
C:/Users/Ankit/.cache/kagglehub/datasets/paultimothymooney/chest-xray-pneumonia/versions/2/chest_xray/chest_xray/train/PNEUMONIA/person1224_virus_2074.jpeg,1,VALID_MODALITY,test
C:/Users/Ankit/.cache/kagglehub/datasets/paultimothymooney/chest-xray-pneumonia/versions/2/chest_xray/chest_xray/train/NORMAL/IM-0330-0001.jpeg,1,VALID_MODALITY,train
C:/Users/Ankit/.cache/kagglehub/datasets/paultimothymooney/chest-xray-pneumonia/versions/2/chest_xray/chest_xray/train/PNEUMONIA/person1482_virus_2569.jpeg,1,VALID_MODALITY,train
C:/Users/Ankit/.cache/kagglehub/datasets/devbatrax/fracture-detection-using-x-ray-images/versions/1/data/train/fractured/105-rotated3-rotated3-rotated3.jpg,0,INVALID_MODALITY,train
C:/Users/Ankit/.cache/kagglehub/datasets/paultimothymooney/chest-xray-pneumonia/versions/2/chest_xray/chest_xray/test/PNEUMONIA/person123_bacteria_587.jpeg,1,VALID_MODALITY,train
C:/Users/Ankit/.cache/kagglehub/datasets/masoudnickparvar/brain-tumor-mri-dataset/versions/2/Training/pituitary/Tr-pi_1274.jpg,0,INVALID_MODALITY,val
C:/Users/Ankit/.cache/kagglehub/datasets/paultimothymooney/chest-xray-pneumonia/versions/2/chest_xray/chest_xray/train/PNEUMONIA/person615_virus_1184.jpeg,1,VALID_MODALITY,test
C:/Users/Ankit/.cache/kagglehub/datasets/masoudnickparvar/brain-tumor-mri-dataset/versions/2/Testing/meningioma/Te-aug-me_57.jpg,0,INVALID_MODALITY,train
C:/Users/Ankit/.cache/kagglehub/datasets/paultimothymooney/chest-xray-pneumonia/versions/2/chest_xray/train/PNEUMONIA/person315_bacteria_1466.jpeg,1,VALID_MODALITY,test
C:/Users/Ankit/.cache/kagglehub/datasets/paultimothymooney/chest-xray-pneumonia/versions/2/chest_xray/train/PNEUMONIA/person544_virus_1076.jpeg,1,VALID_MODALITY,train
C:/Users/Ankit/.cache/kagglehub/datasets/devbatrax/fracture-detection-using-x-ray-images/versions/1/data/val/fractured/2-rotated1-rotated3-rotated1.jpg,0,INVALID_MODALITY,test
C:/Users/Ankit/.cache/kagglehub/datasets/paultimothymooney/chest-xray-pneumonia/versions/2/chest_xray/train/PNEUMONIA/person498_virus_1007.jpeg,1,VALID_MODALITY,test
C:/Users/Ankit/.cache/kagglehub/datasets/devbatrax/fracture-detection-using-x-ray-images/versions/1/data/train/not fractured/30-rotated2-rotated1-rotated3-rotated1.jpg,0,INVALID_MODALITY,test
C:/Users/Ankit/.cache/kagglehub/datasets/devbatrax/fracture-detection-using-x-ray-images/versions/1/data/train/fractured/36-rotated1-rotated3-rotated3.jpg,0,INVALID_MODALITY,train
C:/Users/Ankit/.cache/kagglehub/datasets/paultimothymooney/chest-xray-pneumonia/versions/2/chest_xray/train/PNEUMONIA/person463_bacteria_1971.jpeg,1,VALID_MODALITY,test
C:/Users/Ankit/.cache/kagglehub/datasets/masoudnickparvar/brain-tumor-mri-dataset/versions/2/Training/glioma/Tr-gl_1089.jpg,0,INVALID_MODALITY,train
C:/Users/Ankit/.cache/kagglehub/datasets/paultimothymooney/chest-xray-pneumonia/versions/2/chest_xray/chest_xray/test/PNEUMONIA/person133_bacteria_634.jpeg,1,VALID_MODALITY,train
C:/Users/Ankit/.cache/kagglehub/datasets/devbatrax/fracture-detection-using-x-ray-images/versions/1/data/train/fractured/54-rotated1-rotated2.jpg,0,INVALID_MODALITY,train
C:/Users/Ankit/.cache/kagglehub/datasets/devbatrax/fracture-detection-using-x-ray-images/versions/1/data/train/fractured/44-rotated2-rotated3-rotated3.jpg,0,INVALID_MODALITY,train
C:/Users/Ankit/.cache/kagglehub/datasets/devbatrax/fracture-detection-using-x-ray-images/versions/1/data/train/fractured/24-rotated1-rotated1.jpg,0,INVALID_MODALITY,train
C:/Users/Ankit/.cache/kagglehub/datasets/devbatrax/fracture-detection-using-x-ray-images/versions/1/data/train/not fractured/68-rotated1-rotated3-rotated3.jpg,0,INVALID_MODALITY,train
C:/Users/Ankit/.cache/kagglehub/datasets/devbatrax/fracture-detection-using-x-ray-images/versions/1/data/train/not fractured/18-rotated1-rotated2-rotated2-rotated1.jpg,0,INVALID_MODALITY,test
C:/Users/Ankit/.cache/kagglehub/datasets/paultimothymooney/chest-xray-pneumonia/versions/2/chest_xray/train/PNEUMONIA/person299_bacteria_1414.jpeg,1,VALID_MODALITY,train
C:/Users/Ankit/.cache/kagglehub/datasets/masoudnickparvar/brain-tumor-mri-dataset/versions/2/Testing/glioma/Te-gl_93.jpg,0,INVALID_MODALITY,train
D:\anti gravity\Radionova\datasets\generic_negatives\generic_0360.jpg,0,INVALID_MODALITY,train
C:/Users/Ankit/.cache/kagglehub/datasets/paultimothymooney/chest-xray-pneumonia/versions/2/chest_xray/train/PNEUMONIA/person593_virus_1142.jpeg,1,VALID_MODALITY,test
C:/Users/Ankit/.cache/kagglehub/datasets/masoudnickparvar/brain-tumor-mri-dataset/versions/2/Training/pituitary/Tr-pi_7.jpg,0,INVALID_MODALITY,train
C:/Users/Ankit/.cache/kagglehub/datasets/paultimothymooney/chest-xray-pneumonia/versions/2/chest_xray/train/PNEUMONIA/person281_virus_578.jpeg,1,VALID_MODALITY,val
C:/Users/Ankit/.cache/kagglehub/datasets/paultimothymooney/chest-xray-pneumonia/versions/2/chest_xray/chest_xray/train/PNEUMONIA/person611_bacteria_2476.jpeg,1,VALID_MODALITY,train
C:/Users/Ankit/.cache/kagglehub/datasets/paultimothymooney/chest-xray-pneumonia/versions/2/chest_xray/chest_xray/train/PNEUMONIA/person258_bacteria_1210.jpeg,1,VALID_MODALITY,train
C:/Users/Ankit/.cache/kagglehub/datasets/paultimothymooney/chest-xray-pneumonia/versions/2/chest_xray/train/NORMAL/IM-0584-0001.jpeg,1,VALID_MODALITY,test
C:/Users/Ankit/.cache/kagglehub/datasets/devbatrax/fracture-detection-using-x-ray-images/versions/1/data/train/fractured/74-rotated2-rotated3-rotated3.jpg,0,INVALID_MODALITY,train
C:/Users/Ankit/.cache/kagglehub/datasets/paultimothymooney/chest-xray-pneumonia/versions/2/chest_xray/train/PNEUMONIA/person1087_virus_1799.jpeg,1,VALID_MODALITY,test
C:/Users/Ankit/.cache/kagglehub/datasets/paultimothymooney/chest-xray-pneumonia/versions/2/chest_xray/train/NORMAL/NORMAL2-IM-0601-0001.jpeg,1,VALID_MODALITY,train
C:/Users/Ankit/.cache/kagglehub/datasets/paultimothymooney/chest-xray-pneumonia/versions/2/chest_xray/chest_xray/train/PNEUMONIA/person364_bacteria_1657.jpeg,1,VALID_MODALITY,train
C:/Users/Ankit/.cache/kagglehub/datasets/paultimothymooney/chest-xray-pneumonia/versions/2/chest_xray/chest_xray/train/PNEUMONIA/person1690_bacteria_4475.jpeg,1,VALID_MODALITY,train
D:\anti gravity\Radionova\datasets\generic_negatives\generic_0282.jpg,0,INVALID_MODALITY,train
C:/Users/Ankit/.cache/kagglehub/datasets/devbatrax/fracture-detection-using-x-ray-images/versions/1/data/train/not fractured/16-rotated3-rotated2-rotated2.jpg,0,INVALID_MODALITY,val
C:/Users/Ankit/.cache/kagglehub/datasets/paultimothymooney/chest-xray-pneumonia/versions/2/chest_xray/chest_xray/train/NORMAL/NORMAL2-IM-0942-0001.jpeg,1,VALID_MODALITY,test
C:/Users/Ankit/.cache/kagglehub/datasets/devbatrax/fracture-detection-using-x-ray-images/versions/1/data/train/fractured/11-rotated2.jpg,0,INVALID_MODALITY,train
D:\anti gravity\Radionova\datasets\generic_negatives\generic_0139.jpg,0,INVALID_MODALITY,train
C:/Users/Ankit/.cache/kagglehub/datasets/devbatrax/fracture-detection-using-x-ray-images/versions/1/data/train/fractured/72-rotated2-rotated1.jpg,0,INVALID_MODALITY,train
C:/Users/Ankit/.cache/kagglehub/datasets/paultimothymooney/chest-xray-pneumonia/versions/2/chest_xray/chest_xray/train/PNEUMONIA/person135_virus_271.jpeg,1,VALID_MODALITY,train
C:/Users/Ankit/.cache/kagglehub/datasets/paultimothymooney/chest-xray-pneumonia/versions/2/chest_xray/train/PNEUMONIA/person76_bacteria_370.jpeg,1,VALID_MODALITY,val
C:/Users/Ankit/.cache/kagglehub/datasets/paultimothymooney/chest-xray-pneumonia/versions/2/chest_xray/chest_xray/train/PNEUMONIA/person1596_bacteria_4184.jpeg,1,VALID_MODALITY,train
D:\anti gravity\Radionova\datasets\generic_negatives\generic_0229.jpg,0,INVALID_MODALITY,train
C:/Users/Ankit/.cache/kagglehub/datasets/devbatrax/fracture-detection-using-x-ray-images/versions/1/data/train/not fractured/13-rotated2-rotated3-rotated1-rotated1.jpg,0,INVALID_MODALITY,train
C:/Users/Ankit/.cache/kagglehub/datasets/paultimothymooney/chest-xray-pneumonia/versions/2/chest_xray/train/PNEUMONIA/person1702_bacteria_4510.jpeg,1,VALID_MODALITY,train
C:/Users/Ankit/.cache/kagglehub/datasets/masoudnickparvar/brain-tumor-mri-dataset/versions/2/Training/glioma/Tr-gl_414.jpg,0,INVALID_MODALITY,train
C:/Users/Ankit/.cache/kagglehub/datasets/paultimothymooney/chest-xray-pneumonia/versions/2/chest_xray/chest_xray/train/NORMAL/IM-0347-0001.jpeg,1,VALID_MODALITY,train
D:\anti gravity\Radionova\datasets\generic_negatives\generic_0276.jpg,0,INVALID_MODALITY,train
C:/Users/Ankit/.cache/kagglehub/datasets/masoudnickparvar/brain-tumor-mri-dataset/versions/2/Training/glioma/Tr-gl_1397.jpg,0,INVALID_MODALITY,val
C:/Users/Ankit/.cache/kagglehub/datasets/paultimothymooney/chest-xray-pneumonia/versions/2/chest_xray/train/PNEUMONIA/person1363_bacteria_3483.jpeg,1,VALID_MODALITY,test
C:/Users/Ankit/.cache/kagglehub/datasets/masoudnickparvar/brain-tumor-mri-dataset/versions/2/Training/pituitary/Tr-pi_1181.jpg,0,INVALID_MODALITY,train
C:/Users/Ankit/.cache/kagglehub/datasets/paultimothymooney/chest-xray-pneumonia/versions/2/chest_xray/test/NORMAL/NORMAL2-IM-0290-0001.jpeg,1,VALID_MODALITY,train
C:/Users/Ankit/.cache/kagglehub/datasets/devbatrax/fracture-detection-using-x-ray-images/versions/1/data/train/not fractured/70-rotated2-rotated1-rotated2-rotated1.jpg,0,INVALID_MODALITY,train
C:/Users/Ankit/.cache/kagglehub/datasets/paultimothymooney/chest-xray-pneumonia/versions/2/chest_xray/chest_xray/train/PNEUMONIA/person23_bacteria_78.jpeg,1,VALID_MODALITY,train
C:/Users/Ankit/.cache/kagglehub/datasets/masoudnickparvar/brain-tumor-mri-dataset/versions/2/Training/glioma/Tr-gl_437.jpg,0,INVALID_MODALITY,train
C:/Users/Ankit/.cache/kagglehub/datasets/devbatrax/fracture-detection-using-x-ray-images/versions/1/data/train/fractured/104-rotated3-rotated1-rotated2.jpg,0,INVALID_MODALITY,train
C:/Users/Ankit/.cache/kagglehub/datasets/devbatrax/fracture-detection-using-x-ray-images/versions/1/data/train/not fractured/13-rotated1-rotated2-rotated1.jpg,0,INVALID_MODALITY,train
C:/Users/Ankit/.cache/kagglehub/datasets/masoudnickparvar/brain-tumor-mri-dataset/versions/2/Testing/meningioma/Te-me_133.jpg,0,INVALID_MODALITY,val
D:\anti gravity\Radionova\datasets\generic_negatives\generic_0042.jpg,0,INVALID_MODALITY,train
C:/Users/Ankit/.cache/kagglehub/datasets/paultimothymooney/chest-xray-pneumonia/versions/2/chest_xray/chest_xray/train/PNEUMONIA/person1544_virus_2685.jpeg,1,VALID_MODALITY,test
C:/Users/Ankit/.cache/kagglehub/datasets/devbatrax/fracture-detection-using-x-ray-images/versions/1/data/train/not fractured/68-rotated3-rotated2-rotated1.jpg,0,INVALID_MODALITY,train
C:/Users/Ankit/.cache/kagglehub/datasets/paultimothymooney/chest-xray-pneumonia/versions/2/chest_xray/chest_xray/train/PNEUMONIA/person1447_bacteria_3741.jpeg,1,VALID_MODALITY,val
C:/Users/Ankit/.cache/kagglehub/datasets/paultimothymooney/chest-xray-pneumonia/versions/2/chest_xray/test/PNEUMONIA/person122_bacteria_584.jpeg,1,VALID_MODALITY,train
C:/Users/Ankit/.cache/kagglehub/datasets/paultimothymooney/chest-xray-pneumonia/versions/2/chest_xray/train/PNEUMONIA/person612_virus_1179.jpeg,1,VALID_MODALITY,train
C:/Users/Ankit/.cache/kagglehub/datasets/masoudnickparvar/brain-tumor-mri-dataset/versions/2/Training/glioma/Tr-gl_1167.jpg,0,INVALID_MODALITY,test
C:/Users/Ankit/.cache/kagglehub/datasets/paultimothymooney/chest-xray-pneumonia/versions/2/chest_xray/chest_xray/train/NORMAL/NORMAL2-IM-1011-0001.jpeg,1,VALID_MODALITY,train
C:/Users/Ankit/.cache/kagglehub/datasets/paultimothymooney/chest-xray-pneumonia/versions/2/chest_xray/train/PNEUMONIA/person1029_virus_1721.jpeg,1,VALID_MODALITY,train
C:/Users/Ankit/.cache/kagglehub/datasets/masoudnickparvar/brain-tumor-mri-dataset/versions/2/Training/glioma/Tr-gl_684.jpg,0,INVALID_MODALITY,train
C:/Users/Ankit/.cache/kagglehub/datasets/paultimothymooney/chest-xray-pneumonia/versions/2/chest_xray/chest_xray/train/PNEUMONIA/person275_virus_565.jpeg,1,VALID_MODALITY,train
C:/Users/Ankit/.cache/kagglehub/datasets/paultimothymooney/chest-xray-pneumonia/versions/2/chest_xray/chest_xray/train/PNEUMONIA/person1089_virus_1808.jpeg,1,VALID_MODALITY,train
C:/Users/Ankit/.cache/kagglehub/datasets/paultimothymooney/chest-xray-pneumonia/versions/2/chest_xray/train/PNEUMONIA/person965_virus_1638.jpeg,1,VALID_MODALITY,train
C:/Users/Ankit/.cache/kagglehub/datasets/devbatrax/fracture-detection-using-x-ray-images/versions/1/data/train/fractured/61-rotated3-rotated2-rotated1.jpg,0,INVALID_MODALITY,test
C:/Users/Ankit/.cache/kagglehub/datasets/paultimothymooney/chest-xray-pneumonia/versions/2/chest_xray/chest_xray/train/NORMAL/IM-0715-0001.jpeg,1,VALID_MODALITY,train
C:/Users/Ankit/.cache/kagglehub/datasets/devbatrax/fracture-detection-using-x-ray-images/versions/1/data/train/not fractured/8-rotated1-rotated2-rotated3.jpg,0,INVALID_MODALITY,train
D:\anti gravity\Radionova\datasets\generic_negatives\generic_0345.jpg,0,INVALID_MODALITY,train
C:/Users/Ankit/.cache/kagglehub/datasets/devbatrax/fracture-detection-using-x-ray-images/versions/1/data/train/fractured/86-rotated2-rotated1.jpg,0,INVALID_MODALITY,train
C:/Users/Ankit/.cache/kagglehub/datasets/paultimothymooney/chest-xray-pneumonia/versions/2/chest_xray/chest_xray/train/NORMAL/NORMAL2-IM-0865-0001.jpeg,1,VALID_MODALITY,train
C:/Users/Ankit/.cache/kagglehub/datasets/paultimothymooney/chest-xray-pneumonia/versions/2/chest_xray/chest_xray/train/PNEUMONIA/person1911_bacteria_4815.jpeg,1,VALID_MODALITY,val
C:/Users/Ankit/.cache/kagglehub/datasets/paultimothymooney/chest-xray-pneumonia/versions/2/chest_xray/train/PNEUMONIA/person448_bacteria_1936.jpeg,1,VALID_MODALITY,train
C:/Users/Ankit/.cache/kagglehub/datasets/paultimothymooney/chest-xray-pneumonia/versions/2/chest_xray/chest_xray/test/NORMAL/IM-0086-0001.jpeg,1,VALID_MODALITY,train
C:/Users/Ankit/.cache/kagglehub/datasets/paultimothymooney/chest-xray-pneumonia/versions/2/chest_xray/train/PNEUMONIA/person514_bacteria_2184.jpeg,1,VALID_MODALITY,train
C:/Users/Ankit/.cache/kagglehub/datasets/devbatrax/fracture-detection-using-x-ray-images/versions/1/data/val/not fractured/3-rotated1-rotated3-rotated2.jpg,0,INVALID_MODALITY,train
C:/Users/Ankit/.cache/kagglehub/datasets/devbatrax/fracture-detection-using-x-ray-images/versions/1/data/train/not fractured/26-rotated2.jpg,0,INVALID_MODALITY,train
C:/Users/Ankit/.cache/kagglehub/datasets/masoudnickparvar/brain-tumor-mri-dataset/versions/2/Testing/pituitary/Te-pi_209.jpg,0,INVALID_MODALITY,train
C:/Users/Ankit/.cache/kagglehub/datasets/paultimothymooney/chest-xray-pneumonia/versions/2/chest_xray/test/NORMAL/NORMAL2-IM-0350-0001.jpeg,1,VALID_MODALITY,train
C:/Users/Ankit/.cache/kagglehub/datasets/paultimothymooney/chest-xray-pneumonia/versions/2/chest_xray/chest_xray/train/PNEUMONIA/person1008_virus_1691.jpeg,1,VALID_MODALITY,train
C:/Users/Ankit/.cache/kagglehub/datasets/paultimothymooney/chest-xray-pneumonia/versions/2/chest_xray/train/PNEUMONIA/person270_virus_555.jpeg,1,VALID_MODALITY,test
D:\anti gravity\Radionova\datasets\generic_negatives\generic_0209.jpg,0,INVALID_MODALITY,val
C:/Users/Ankit/.cache/kagglehub/datasets/devbatrax/fracture-detection-using-x-ray-images/versions/1/data/train/not fractured/29-rotated3-rotated3-rotated2-rotated1.jpg,0,INVALID_MODALITY,train
C:/Users/Ankit/.cache/kagglehub/datasets/masoudnickparvar/brain-tumor-mri-dataset/versions/2/Training/meningioma/Tr-me_231.jpg,0,INVALID_MODALITY,train
C:/Users/Ankit/.cache/kagglehub/datasets/masoudnickparvar/brain-tumor-mri-dataset/versions/2/Training/pituitary/Tr-pi_1021.jpg,0,INVALID_MODALITY,train
C:/Users/Ankit/.cache/kagglehub/datasets/paultimothymooney/chest-xray-pneumonia/versions/2/chest_xray/chest_xray/train/NORMAL/IM-0286-0001.jpeg,1,VALID_MODALITY,test
C:/Users/Ankit/.cache/kagglehub/datasets/devbatrax/fracture-detection-using-x-ray-images/versions/1/data/val/fractured/6-rotated1-rotated3-rotated1.jpg,0,INVALID_MODALITY,train
C:/Users/Ankit/.cache/kagglehub/datasets/devbatrax/fracture-detection-using-x-ray-images/versions/1/data/train/fractured/46-rotated2-rotated3.jpg,0,INVALID_MODALITY,train
D:\anti gravity\Radionova\datasets\generic_negatives\generic_0221.jpg,0,INVALID_MODALITY,train
C:/Users/Ankit/.cache/kagglehub/datasets/devbatrax/fracture-detection-using-x-ray-images/versions/1/data/train/not fractured/16-rotated2-rotated1-rotated2-rotated1.jpg,0,INVALID_MODALITY,train
C:/Users/Ankit/.cache/kagglehub/datasets/paultimothymooney/chest-xray-pneumonia/versions/2/chest_xray/train/NORMAL/NORMAL2-IM-0412-0001.jpeg,1,VALID_MODALITY,test
C:/Users/Ankit/.cache/kagglehub/datasets/paultimothymooney/chest-xray-pneumonia/versions/2/chest_xray/chest_xray/train/PNEUMONIA/person440_bacteria_1897.jpeg,1,VALID_MODALITY,train
C:/Users/Ankit/.cache/kagglehub/datasets/paultimothymooney/chest-xray-pneumonia/versions/2/chest_xray/train/PNEUMONIA/person1052_virus_1751.jpeg,1,VALID_MODALITY,train
C:/Users/Ankit/.cache/kagglehub/datasets/masoudnickparvar/brain-tumor-mri-dataset/versions/2/Testing/meningioma/Te-me_255.jpg,0,INVALID_MODALITY,test
C:/Users/Ankit/.cache/kagglehub/datasets/devbatrax/fracture-detection-using-x-ray-images/versions/1/data/train/fractured/40-rotated2-rotated1.jpg,0,INVALID_MODALITY,train
C:/Users/Ankit/.cache/kagglehub/datasets/paultimothymooney/chest-xray-pneumonia/versions/2/chest_xray/train/PNEUMONIA/person1108_bacteria_3049.jpeg,1,VALID_MODALITY,train
C:/Users/Ankit/.cache/kagglehub/datasets/devbatrax/fracture-detection-using-x-ray-images/versions/1/data/train/fractured/79-rotated1-rotated1-rotated3.jpg,0,INVALID_MODALITY,train
C:/Users/Ankit/.cache/kagglehub/datasets/paultimothymooney/chest-xray-pneumonia/versions/2/chest_xray/chest_xray/train/PNEUMONIA/person1537_bacteria_4020.jpeg,1,VALID_MODALITY,val
C:/Users/Ankit/.cache/kagglehub/datasets/paultimothymooney/chest-xray-pneumonia/versions/2/chest_xray/chest_xray/train/PNEUMONIA/person553_bacteria_2317.jpeg,1,VALID_MODALITY,train
C:/Users/Ankit/.cache/kagglehub/datasets/devbatrax/fracture-detection-using-x-ray-images/versions/1/data/train/not fractured/17-rotated1-rotated2-rotated3-rotated1.jpg,0,INVALID_MODALITY,train
D:\anti gravity\Radionova\datasets\generic_negatives\generic_0217.jpg,0,INVALID_MODALITY,train
D:\anti gravity\Radionova\datasets\generic_negatives\generic_0003.jpg,0,INVALID_MODALITY,train
C:/Users/Ankit/.cache/kagglehub/datasets/devbatrax/fracture-detection-using-x-ray-images/versions/1/data/val/not fractured/4-rotated2-rotated1-rotated1.jpg,0,INVALID_MODALITY,test
C:/Users/Ankit/.cache/kagglehub/datasets/paultimothymooney/chest-xray-pneumonia/versions/2/chest_xray/chest_xray/train/NORMAL/IM-0282-0001.jpeg,1,VALID_MODALITY,train
C:/Users/Ankit/.cache/kagglehub/datasets/devbatrax/fracture-detection-using-x-ray-images/versions/1/data/train/fractured/30-rotated2.jpg,0,INVALID_MODALITY,train
C:/Users/Ankit/.cache/kagglehub/datasets/paultimothymooney/chest-xray-pneumonia/versions/2/chest_xray/train/PNEUMONIA/person1531_virus_2666.jpeg,1,VALID_MODALITY,train
C:/Users/Ankit/.cache/kagglehub/datasets/masoudnickparvar/brain-tumor-mri-dataset/versions/2/Testing/glioma/Te-gl_343.jpg,0,INVALID_MODALITY,train
C:/Users/Ankit/.cache/kagglehub/datasets/devbatrax/fracture-detection-using-x-ray-images/versions/1/data/train/fractured/54-rotated1-rotated1-rotated1.jpg,0,INVALID_MODALITY,train
C:/Users/Ankit/.cache/kagglehub/datasets/paultimothymooney/chest-xray-pneumonia/versions/2/chest_xray/chest_xray/train/NORMAL/IM-0544-0001.jpeg,1,VALID_MODALITY,train
C:/Users/Ankit/.cache/kagglehub/datasets/paultimothymooney/chest-xray-pneumonia/versions/2/chest_xray/chest_xray/test/NORMAL/NORMAL2-IM-0301-0001.jpeg,1,VALID_MODALITY,test
C:/Users/Ankit/.cache/kagglehub/datasets/paultimothymooney/chest-xray-pneumonia/versions/2/chest_xray/train/NORMAL/IM-0618-0001.jpeg,1,VALID_MODALITY,val
C:/Users/Ankit/.cache/kagglehub/datasets/paultimothymooney/chest-xray-pneumonia/versions/2/chest_xray/train/NORMAL/NORMAL2-IM-0946-0001.jpeg,1,VALID_MODALITY,train
D:\anti gravity\Radionova\datasets\generic_negatives\generic_0321.jpg,0,INVALID_MODALITY,train
C:/Users/Ankit/.cache/kagglehub/datasets/paultimothymooney/chest-xray-pneumonia/versions/2/chest_xray/chest_xray/train/PNEUMONIA/person921_virus_1578.jpeg,1,VALID_MODALITY,train
C:/Users/Ankit/.cache/kagglehub/datasets/paultimothymooney/chest-xray-pneumonia/versions/2/chest_xray/train/PNEUMONIA/person1484_virus_2577.jpeg,1,VALID_MODALITY,train
C:/Users/Ankit/.cache/kagglehub/datasets/devbatrax/fracture-detection-using-x-ray-images/versions/1/data/train/not fractured/19-rotated2-rotated3-rotated1-rotated1.jpg,0,INVALID_MODALITY,test
D:\anti gravity\Radionova\datasets\generic_negatives\generic_0140.jpg,0,INVALID_MODALITY,train
C:/Users/Ankit/.cache/kagglehub/datasets/paultimothymooney/chest-xray-pneumonia/versions/2/chest_xray/chest_xray/train/NORMAL/IM-0678-0001.jpeg,1,VALID_MODALITY,train
C:/Users/Ankit/.cache/kagglehub/datasets/devbatrax/fracture-detection-using-x-ray-images/versions/1/data/train/fractured/11-rotated1-rotated1-rotated2.jpg,0,INVALID_MODALITY,test
C:/Users/Ankit/.cache/kagglehub/datasets/masoudnickparvar/brain-tumor-mri-dataset/versions/2/Training/meningioma/Tr-me_914.jpg,0,INVALID_MODALITY,test
C:/Users/Ankit/.cache/kagglehub/datasets/devbatrax/fracture-detection-using-x-ray-images/versions/1/data/train/not fractured/55-rotated3-rotated3-rotated2-rotated1.jpg,0,INVALID_MODALITY,train
D:\anti gravity\Radionova\datasets\generic_negatives\generic_0060.jpg,0,INVALID_MODALITY,train
C:/Users/Ankit/.cache/kagglehub/datasets/paultimothymooney/chest-xray-pneumonia/versions/2/chest_xray/train/PNEUMONIA/person1273_virus_2191.jpeg,1,VALID_MODALITY,test
C:/Users/Ankit/.cache/kagglehub/datasets/paultimothymooney/chest-xray-pneumonia/versions/2/chest_xray/chest_xray/train/PNEUMONIA/person763_virus_1391.jpeg,1,VALID_MODALITY,test
C:/Users/Ankit/.cache/kagglehub/datasets/paultimothymooney/chest-xray-pneumonia/versions/2/chest_xray/chest_xray/train/PNEUMONIA/person1357_virus_2338.jpeg,1,VALID_MODALITY,train
C:/Users/Ankit/.cache/kagglehub/datasets/paultimothymooney/chest-xray-pneumonia/versions/2/chest_xray/chest_xray/test/PNEUMONIA/person1645_virus_2845.jpeg,1,VALID_MODALITY,train
C:/Users/Ankit/.cache/kagglehub/datasets/devbatrax/fracture-detection-using-x-ray-images/versions/1/data/train/not fractured/45-rotated3-rotated3.jpg,0,INVALID_MODALITY,val
C:/Users/Ankit/.cache/kagglehub/datasets/paultimothymooney/chest-xray-pneumonia/versions/2/chest_xray/chest_xray/train/PNEUMONIA/person1404_bacteria_3561.jpeg,1,VALID_MODALITY,train
C:/Users/Ankit/.cache/kagglehub/datasets/paultimothymooney/chest-xray-pneumonia/versions/2/chest_xray/train/PNEUMONIA/person1591_virus_2765.jpeg,1,VALID_MODALITY,test
D:\anti gravity\Radionova\datasets\generic_negatives\generic_0011.jpg,0,INVALID_MODALITY,train
C:/Users/Ankit/.cache/kagglehub/datasets/devbatrax/fracture-detection-using-x-ray-images/versions/1/data/train/not fractured/58-rotated3-rotated2-rotated1.jpg,0,INVALID_MODALITY,train
C:/Users/Ankit/.cache/kagglehub/datasets/paultimothymooney/chest-xray-pneumonia/versions/2/chest_xray/train/PNEUMONIA/person957_virus_1629.jpeg,1,VALID_MODALITY,train
C:/Users/Ankit/.cache/kagglehub/datasets/paultimothymooney/chest-xray-pneumonia/versions/2/chest_xray/train/PNEUMONIA/person1298_bacteria_3261.jpeg,1,VALID_MODALITY,train
C:/Users/Ankit/.cache/kagglehub/datasets/masoudnickparvar/brain-tumor-mri-dataset/versions/2/Training/meningioma/Tr-me_895.jpg,0,INVALID_MODALITY,train
D:\anti gravity\Radionova\datasets\generic_negatives\generic_0291.jpg,0,INVALID_MODALITY,train
C:/Users/Ankit/.cache/kagglehub/datasets/paultimothymooney/chest-xray-pneumonia/versions/2/chest_xray/train/PNEUMONIA/person1521_virus_2649.jpeg,1,VALID_MODALITY,train
C:/Users/Ankit/.cache/kagglehub/datasets/devbatrax/fracture-detection-using-x-ray-images/versions/1/data/train/not fractured/13-rotated3-rotated1-rotated1-rotated1.jpg,0,INVALID_MODALITY,val
C:/Users/Ankit/.cache/kagglehub/datasets/paultimothymooney/chest-xray-pneumonia/versions/2/chest_xray/train/PNEUMONIA/person460_virus_948.jpeg,1,VALID_MODALITY,test
C:/Users/Ankit/.cache/kagglehub/datasets/paultimothymooney/chest-xray-pneumonia/versions/2/chest_xray/train/PNEUMONIA/person466_bacteria_1983.jpeg,1,VALID_MODALITY,val
C:/Users/Ankit/.cache/kagglehub/datasets/paultimothymooney/chest-xray-pneumonia/versions/2/chest_xray/chest_xray/test/PNEUMONIA/person113_bacteria_541.jpeg,1,VALID_MODALITY,train
C:/Users/Ankit/.cache/kagglehub/datasets/devbatrax/fracture-detection-using-x-ray-images/versions/1/data/val/fractured/9-rotated1-rotated3.jpg,0,INVALID_MODALITY,test
C:/Users/Ankit/.cache/kagglehub/datasets/devbatrax/fracture-detection-using-x-ray-images/versions/1/data/train/not fractured/53-rotated3-rotated2-rotated2-rotated1.jpg,0,INVALID_MODALITY,train
C:/Users/Ankit/.cache/kagglehub/datasets/paultimothymooney/chest-xray-pneumonia/versions/2/chest_xray/train/PNEUMONIA/person347_bacteria_1594.jpeg,1,VALID_MODALITY,train
C:/Users/Ankit/.cache/kagglehub/datasets/paultimothymooney/chest-xray-pneumonia/versions/2/chest_xray/chest_xray/train/NORMAL/IM-0660-0001-0002.jpeg,1,VALID_MODALITY,train
C:/Users/Ankit/.cache/kagglehub/datasets/masoudnickparvar/brain-tumor-mri-dataset/versions/2/Training/meningioma/Tr-me_422.jpg,0,INVALID_MODALITY,train
C:/Users/Ankit/.cache/kagglehub/datasets/devbatrax/fracture-detection-using-x-ray-images/versions/1/data/train/not fractured/51-rotated3-rotated2-rotated1-rotated1.jpg,0,INVALID_MODALITY,train
C:/Users/Ankit/.cache/kagglehub/datasets/paultimothymooney/chest-xray-pneumonia/versions/2/chest_xray/chest_xray/train/PNEUMONIA/person297_virus_614.jpeg,1,VALID_MODALITY,train
C:/Users/Ankit/.cache/kagglehub/datasets/paultimothymooney/chest-xray-pneumonia/versions/2/chest_xray/chest_xray/train/PNEUMONIA/person1594_virus_2768.jpeg,1,VALID_MODALITY,train
C:/Users/Ankit/.cache/kagglehub/datasets/paultimothymooney/chest-xray-pneumonia/versions/2/chest_xray/chest_xray/train/NORMAL/NORMAL2-IM-0453-0001.jpeg,1,VALID_MODALITY,train
C:/Users/Ankit/.cache/kagglehub/datasets/paultimothymooney/chest-xray-pneumonia/versions/2/chest_xray/train/PNEUMONIA/person1202_bacteria_3153.jpeg,1,VALID_MODALITY,test
C:/Users/Ankit/.cache/kagglehub/datasets/paultimothymooney/chest-xray-pneumonia/versions/2/chest_xray/chest_xray/train/PNEUMONIA/person259_bacteria_1217.jpeg,1,VALID_MODALITY,train
C:/Users/Ankit/.cache/kagglehub/datasets/paultimothymooney/chest-xray-pneumonia/versions/2/chest_xray/train/PNEUMONIA/person1314_virus_2269.jpeg,1,VALID_MODALITY,train
C:/Users/Ankit/.cache/kagglehub/datasets/paultimothymooney/chest-xray-pneumonia/versions/2/chest_xray/chest_xray/train/PNEUMONIA/person1668_bacteria_4420.jpeg,1,VALID_MODALITY,train
C:/Users/Ankit/.cache/kagglehub/datasets/devbatrax/fracture-detection-using-x-ray-images/versions/1/data/train/not fractured/40-rotated3-rotated1-rotated1.jpg,0,INVALID_MODALITY,test
C:/Users/Ankit/.cache/kagglehub/datasets/paultimothymooney/chest-xray-pneumonia/versions/2/chest_xray/chest_xray/test/PNEUMONIA/person109_bacteria_523.jpeg,1,VALID_MODALITY,train
C:/Users/Ankit/.cache/kagglehub/datasets/paultimothymooney/chest-xray-pneumonia/versions/2/chest_xray/train/PNEUMONIA/person713_bacteria_2614.jpeg,1,VALID_MODALITY,test
C:/Users/Ankit/.cache/kagglehub/datasets/paultimothymooney/chest-xray-pneumonia/versions/2/chest_xray/chest_xray/train/PNEUMONIA/person625_virus_1199.jpeg,1,VALID_MODALITY,train
C:/Users/Ankit/.cache/kagglehub/datasets/devbatrax/fracture-detection-using-x-ray-images/versions/1/data/train/fractured/48-rotated1-rotated2.jpg,0,INVALID_MODALITY,test
C:/Users/Ankit/.cache/kagglehub/datasets/devbatrax/fracture-detection-using-x-ray-images/versions/1/data/train/fractured/35-rotated2-rotated3.jpg,0,INVALID_MODALITY,train
C:/Users/Ankit/.cache/kagglehub/datasets/paultimothymooney/chest-xray-pneumonia/versions/2/chest_xray/train/NORMAL/NORMAL2-IM-1020-0001-0002.jpeg,1,VALID_MODALITY,train
C:/Users/Ankit/.cache/kagglehub/datasets/masoudnickparvar/brain-tumor-mri-dataset/versions/2/Training/pituitary/Tr-pi_45.jpg,0,INVALID_MODALITY,train
C:/Users/Ankit/.cache/kagglehub/datasets/devbatrax/fracture-detection-using-x-ray-images/versions/1/data/train/not fractured/69-rotated2-rotated2-rotated2-rotated1.jpg,0,INVALID_MODALITY,val
C:/Users/Ankit/.cache/kagglehub/datasets/paultimothymooney/chest-xray-pneumonia/versions/2/chest_xray/train/PNEUMONIA/person124_virus_240.jpeg,1,VALID_MODALITY,test
C:/Users/Ankit/.cache/kagglehub/datasets/paultimothymooney/chest-xray-pneumonia/versions/2/chest_xray/chest_xray/train/PNEUMONIA/person630_bacteria_2514.jpeg,1,VALID_MODALITY,train
C:/Users/Ankit/.cache/kagglehub/datasets/paultimothymooney/chest-xray-pneumonia/versions/2/chest_xray/chest_xray/train/PNEUMONIA/person379_bacteria_1722.jpeg,1,VALID_MODALITY,train
C:/Users/Ankit/.cache/kagglehub/datasets/devbatrax/fracture-detection-using-x-ray-images/versions/1/data/train/not fractured/30-rotated1-rotated3-rotated2-rotated1.jpg,0,INVALID_MODALITY,train
C:/Users/Ankit/.cache/kagglehub/datasets/paultimothymooney/chest-xray-pneumonia/versions/2/chest_xray/train/NORMAL/NORMAL2-IM-0437-0001.jpeg,1,VALID_MODALITY,train
C:/Users/Ankit/.cache/kagglehub/datasets/paultimothymooney/chest-xray-pneumonia/versions/2/chest_xray/chest_xray/train/PNEUMONIA/person333_bacteria_1540.jpeg,1,VALID_MODALITY,val
D:\anti gravity\Radionova\datasets\generic_negatives\generic_0383.jpg,0,INVALID_MODALITY,val
C:/Users/Ankit/.cache/kagglehub/datasets/masoudnickparvar/brain-tumor-mri-dataset/versions/2/Training/pituitary/Tr-pi_934.jpg,0,INVALID_MODALITY,train
C:/Users/Ankit/.cache/kagglehub/datasets/devbatrax/fracture-detection-using-x-ray-images/versions/1/data/train/fractured/63-rotated1-rotated1-rotated2.jpg,0,INVALID_MODALITY,train
C:/Users/Ankit/.cache/kagglehub/datasets/paultimothymooney/chest-xray-pneumonia/versions/2/chest_xray/chest_xray/train/PNEUMONIA/person377_bacteria_1718.jpeg,1,VALID_MODALITY,train
C:/Users/Ankit/.cache/kagglehub/datasets/paultimothymooney/chest-xray-pneumonia/versions/2/chest_xray/chest_xray/train/PNEUMONIA/person760_bacteria_2664.jpeg,1,VALID_MODALITY,test
C:/Users/Ankit/.cache/kagglehub/datasets/paultimothymooney/chest-xray-pneumonia/versions/2/chest_xray/chest_xray/train/PNEUMONIA/person1923_bacteria_4831.jpeg,1,VALID_MODALITY,val
C:/Users/Ankit/.cache/kagglehub/datasets/masoudnickparvar/brain-tumor-mri-dataset/versions/2/Training/pituitary/Tr-pi_66.jpg,0,INVALID_MODALITY,train
C:/Users/Ankit/.cache/kagglehub/datasets/devbatrax/fracture-detection-using-x-ray-images/versions/1/data/train/not fractured/37-rotated3-rotated1-rotated1-rotated1.jpg,0,INVALID_MODALITY,train
C:/Users/Ankit/.cache/kagglehub/datasets/devbatrax/fracture-detection-using-x-ray-images/versions/1/data/train/not fractured/25-rotated1-rotated3-rotated3-rotated1.jpg,0,INVALID_MODALITY,train
C:/Users/Ankit/.cache/kagglehub/datasets/masoudnickparvar/brain-tumor-mri-dataset/versions/2/Training/meningioma/Tr-me_808.jpg,0,INVALID_MODALITY,test
C:/Users/Ankit/.cache/kagglehub/datasets/devbatrax/fracture-detection-using-x-ray-images/versions/1/data/train/not fractured/20-rotated3-rotated1-rotated3-rotated1.jpg,0,INVALID_MODALITY,train
C:/Users/Ankit/.cache/kagglehub/datasets/paultimothymooney/chest-xray-pneumonia/versions/2/chest_xray/chest_xray/train/PNEUMONIA/person1156_bacteria_3101.jpeg,1,VALID_MODALITY,val
C:/Users/Ankit/.cache/kagglehub/datasets/paultimothymooney/chest-xray-pneumonia/versions/2/chest_xray/chest_xray/train/NORMAL/NORMAL2-IM-1124-0001.jpeg,1,VALID_MODALITY,train
C:/Users/Ankit/.cache/kagglehub/datasets/masoudnickparvar/brain-tumor-mri-dataset/versions/2/Training/pituitary/Tr-pi_646.jpg,0,INVALID_MODALITY,train
C:/Users/Ankit/.cache/kagglehub/datasets/devbatrax/fracture-detection-using-x-ray-images/versions/1/data/train/fractured/67-rotated3-rotated3.jpg,0,INVALID_MODALITY,train
C:/Users/Ankit/.cache/kagglehub/datasets/paultimothymooney/chest-xray-pneumonia/versions/2/chest_xray/chest_xray/train/NORMAL/IM-0531-0001-0001.jpeg,1,VALID_MODALITY,train
C:/Users/Ankit/.cache/kagglehub/datasets/paultimothymooney/chest-xray-pneumonia/versions/2/chest_xray/chest_xray/train/PNEUMONIA/person433_virus_882.jpeg,1,VALID_MODALITY,train
C:/Users/Ankit/.cache/kagglehub/datasets/paultimothymooney/chest-xray-pneumonia/versions/2/chest_xray/chest_xray/train/PNEUMONIA/person692_virus_1286.jpeg,1,VALID_MODALITY,train
C:/Users/Ankit/.cache/kagglehub/datasets/masoudnickparvar/brain-tumor-mri-dataset/versions/2/Training/glioma/Tr-gl_330.jpg,0,INVALID_MODALITY,train
C:/Users/Ankit/.cache/kagglehub/datasets/paultimothymooney/chest-xray-pneumonia/versions/2/chest_xray/train/NORMAL/NORMAL2-IM-0718-0001.jpeg,1,VALID_MODALITY,val
C:/Users/Ankit/.cache/kagglehub/datasets/devbatrax/fracture-detection-using-x-ray-images/versions/1/data/train/not fractured/6-rotated1-rotated2-rotated2.jpg,0,INVALID_MODALITY,train
C:/Users/Ankit/.cache/kagglehub/datasets/devbatrax/fracture-detection-using-x-ray-images/versions/1/data/train/not fractured/22-rotated3-rotated3-rotated1-rotated1.jpg,0,INVALID_MODALITY,train
C:/Users/Ankit/.cache/kagglehub/datasets/masoudnickparvar/brain-tumor-mri-dataset/versions/2/Training/glioma/Tr-gl_1179.jpg,0,INVALID_MODALITY,train
C:/Users/Ankit/.cache/kagglehub/datasets/paultimothymooney/chest-xray-pneumonia/versions/2/chest_xray/train/PNEUMONIA/person415_bacteria_1839.jpeg,1,VALID_MODALITY,train
C:/Users/Ankit/.cache/kagglehub/datasets/paultimothymooney/chest-xray-pneumonia/versions/2/chest_xray/chest_xray/train/PNEUMONIA/person701_virus_1297.jpeg,1,VALID_MODALITY,train
C:/Users/Ankit/.cache/kagglehub/datasets/paultimothymooney/chest-xray-pneumonia/versions/2/chest_xray/train/NORMAL/NORMAL2-IM-1273-0001.jpeg,1,VALID_MODALITY,val
C:/Users/Ankit/.cache/kagglehub/datasets/masoudnickparvar/brain-tumor-mri-dataset/versions/2/Training/meningioma/Tr-me_908.jpg,0,INVALID_MODALITY,train
C:/Users/Ankit/.cache/kagglehub/datasets/paultimothymooney/chest-xray-pneumonia/versions/2/chest_xray/chest_xray/train/PNEUMONIA/person1679_bacteria_4453.jpeg,1,VALID_MODALITY,train
D:\anti gravity\Radionova\datasets\generic_negatives\generic_0088.jpg,0,INVALID_MODALITY,train
C:/Users/Ankit/.cache/kagglehub/datasets/masoudnickparvar/brain-tumor-mri-dataset/versions/2/Training/pituitary/Tr-pi_1162.jpg,0,INVALID_MODALITY,train
C:/Users/Ankit/.cache/kagglehub/datasets/paultimothymooney/chest-xray-pneumonia/versions/2/chest_xray/train/PNEUMONIA/person659_virus_1243.jpeg,1,VALID_MODALITY,train
C:/Users/Ankit/.cache/kagglehub/datasets/paultimothymooney/chest-xray-pneumonia/versions/2/chest_xray/train/PNEUMONIA/person1449_virus_2474.jpeg,1,VALID_MODALITY,val
C:/Users/Ankit/.cache/kagglehub/datasets/masoudnickparvar/brain-tumor-mri-dataset/versions/2/Training/glioma/Tr-gl_259.jpg,0,INVALID_MODALITY,train
C:/Users/Ankit/.cache/kagglehub/datasets/paultimothymooney/chest-xray-pneumonia/versions/2/chest_xray/chest_xray/train/NORMAL/NORMAL2-IM-0992-0001.jpeg,1,VALID_MODALITY,train
C:/Users/Ankit/.cache/kagglehub/datasets/devbatrax/fracture-detection-using-x-ray-images/versions/1/data/train/fractured/38-rotated2-rotated1-rotated3.jpg,0,INVALID_MODALITY,train
D:\anti gravity\Radionova\datasets\generic_negatives\generic_0131.jpg,0,INVALID_MODALITY,test
C:/Users/Ankit/.cache/kagglehub/datasets/devbatrax/fracture-detection-using-x-ray-images/versions/1/data/train/fractured/115-rotated2-rotated1-rotated1.jpg,0,INVALID_MODALITY,test
C:/Users/Ankit/.cache/kagglehub/datasets/devbatrax/fracture-detection-using-x-ray-images/versions/1/data/train/not fractured/56-rotated3-rotated2-rotated2.jpg,0,INVALID_MODALITY,train
C:/Users/Ankit/.cache/kagglehub/datasets/devbatrax/fracture-detection-using-x-ray-images/versions/1/data/train/fractured/104-rotated2-rotated3.jpg,0,INVALID_MODALITY,train
C:/Users/Ankit/.cache/kagglehub/datasets/devbatrax/fracture-detection-using-x-ray-images/versions/1/data/train/not fractured/17-rotated1-rotated1-rotated3.jpg,0,INVALID_MODALITY,train
C:/Users/Ankit/.cache/kagglehub/datasets/devbatrax/fracture-detection-using-x-ray-images/versions/1/data/train/fractured/105-rotated2-rotated3.jpg,0,INVALID_MODALITY,train
C:/Users/Ankit/.cache/kagglehub/datasets/paultimothymooney/chest-xray-pneumonia/versions/2/chest_xray/train/PNEUMONIA/person487_bacteria_2060.jpeg,1,VALID_MODALITY,val
C:/Users/Ankit/.cache/kagglehub/datasets/devbatrax/fracture-detection-using-x-ray-images/versions/1/data/train/not fractured/42-rotated3-rotated3-rotated1.jpg,0,INVALID_MODALITY,train
C:/Users/Ankit/.cache/kagglehub/datasets/paultimothymooney/chest-xray-pneumonia/versions/2/chest_xray/train/NORMAL/NORMAL2-IM-1100-0001.jpeg,1,VALID_MODALITY,train
C:/Users/Ankit/.cache/kagglehub/datasets/masoudnickparvar/brain-tumor-mri-dataset/versions/2/Testing/pituitary/Te-pi_6.jpg,0,INVALID_MODALITY,train
C:/Users/Ankit/.cache/kagglehub/datasets/devbatrax/fracture-detection-using-x-ray-images/versions/1/data/train/not fractured/7-rotated2-rotated2-rotated2-rotated1.jpg,0,INVALID_MODALITY,train
D:\anti gravity\Radionova\datasets\generic_negatives\generic_0030.jpg,0,INVALID_MODALITY,train
C:/Users/Ankit/.cache/kagglehub/datasets/devbatrax/fracture-detection-using-x-ray-images/versions/1/data/train/fractured/119-rotated2-rotated3.jpg,0,INVALID_MODALITY,val
C:/Users/Ankit/.cache/kagglehub/datasets/devbatrax/fracture-detection-using-x-ray-images/versions/1/data/train/not fractured/62-rotated2-rotated2.jpg,0,INVALID_MODALITY,val
C:/Users/Ankit/.cache/kagglehub/datasets/masoudnickparvar/brain-tumor-mri-dataset/versions/2/Training/meningioma/Tr-me_110.jpg,0,INVALID_MODALITY,train
C:/Users/Ankit/.cache/kagglehub/datasets/paultimothymooney/chest-xray-pneumonia/versions/2/chest_xray/chest_xray/train/PNEUMONIA/person882_bacteria_2806.jpeg,1,VALID_MODALITY,train
C:/Users/Ankit/.cache/kagglehub/datasets/paultimothymooney/chest-xray-pneumonia/versions/2/chest_xray/chest_xray/train/PNEUMONIA/person501_virus_1010.jpeg,1,VALID_MODALITY,train
C:/Users/Ankit/.cache/kagglehub/datasets/paultimothymooney/chest-xray-pneumonia/versions/2/chest_xray/chest_xray/train/PNEUMONIA/person700_bacteria_2599.jpeg,1,VALID_MODALITY,train
C:/Users/Ankit/.cache/kagglehub/datasets/paultimothymooney/chest-xray-pneumonia/versions/2/chest_xray/train/PNEUMONIA/person1814_bacteria_4669.jpeg,1,VALID_MODALITY,train
C:/Users/Ankit/.cache/kagglehub/datasets/devbatrax/fracture-detection-using-x-ray-images/versions/1/data/train/not fractured/36-rotated3-rotated1.jpg,0,INVALID_MODALITY,train
C:/Users/Ankit/.cache/kagglehub/datasets/devbatrax/fracture-detection-using-x-ray-images/versions/1/data/train/not fractured/61-rotated1-rotated2-rotated3-rotated1.jpg,0,INVALID_MODALITY,val
C:/Users/Ankit/.cache/kagglehub/datasets/paultimothymooney/chest-xray-pneumonia/versions/2/chest_xray/train/PNEUMONIA/person53_bacteria_253.jpeg,1,VALID_MODALITY,train
C:/Users/Ankit/.cache/kagglehub/datasets/paultimothymooney/chest-xray-pneumonia/versions/2/chest_xray/train/NORMAL/IM-0586-0001.jpeg,1,VALID_MODALITY,train
D:\anti gravity\Radionova\datasets\generic_negatives\generic_0036.jpg,0,INVALID_MODALITY,train
C:/Users/Ankit/.cache/kagglehub/datasets/devbatrax/fracture-detection-using-x-ray-images/versions/1/data/train/not fractured/8-rotated3-rotated2-rotated1-rotated1.jpg,0,INVALID_MODALITY,train
D:\anti gravity\Radionova\datasets\generic_negatives\generic_0355.jpg,0,INVALID_MODALITY,train
C:/Users/Ankit/.cache/kagglehub/datasets/paultimothymooney/chest-xray-pneumonia/versions/2/chest_xray/chest_xray/train/PNEUMONIA/person113_virus_215.jpeg,1,VALID_MODALITY,train
C:/Users/Ankit/.cache/kagglehub/datasets/paultimothymooney/chest-xray-pneumonia/versions/2/chest_xray/train/NORMAL/NORMAL2-IM-1319-0001.jpeg,1,VALID_MODALITY,train
C:/Users/Ankit/.cache/kagglehub/datasets/masoudnickparvar/brain-tumor-mri-dataset/versions/2/Testing/glioma/Te-gl_128.jpg,0,INVALID_MODALITY,train
C:/Users/Ankit/.cache/kagglehub/datasets/paultimothymooney/chest-xray-pneumonia/versions/2/chest_xray/test/PNEUMONIA/person55_virus_110.jpeg,1,VALID_MODALITY,train
C:/Users/Ankit/.cache/kagglehub/datasets/paultimothymooney/chest-xray-pneumonia/versions/2/chest_xray/chest_xray/train/PNEUMONIA/person1010_virus_1695.jpeg,1,VALID_MODALITY,train
C:/Users/Ankit/.cache/kagglehub/datasets/devbatrax/fracture-detection-using-x-ray-images/versions/1/data/train/fractured/98-rotated3-rotated1-rotated2.jpg,0,INVALID_MODALITY,train
C:/Users/Ankit/.cache/kagglehub/datasets/paultimothymooney/chest-xray-pneumonia/versions/2/chest_xray/chest_xray/test/NORMAL/IM-0035-0001.jpeg,1,VALID_MODALITY,train
C:/Users/Ankit/.cache/kagglehub/datasets/paultimothymooney/chest-xray-pneumonia/versions/2/chest_xray/test/NORMAL/NORMAL2-IM-0241-0001.jpeg,1,VALID_MODALITY,val
C:/Users/Ankit/.cache/kagglehub/datasets/devbatrax/fracture-detection-using-x-ray-images/versions/1/data/train/fractured/118-rotated1-rotated3-rotated1.jpg,0,INVALID_MODALITY,train
C:/Users/Ankit/.cache/kagglehub/datasets/paultimothymooney/chest-xray-pneumonia/versions/2/chest_xray/train/PNEUMONIA/person1372_bacteria_3498.jpeg,1,VALID_MODALITY,val
C:/Users/Ankit/.cache/kagglehub/datasets/paultimothymooney/chest-xray-pneumonia/versions/2/chest_xray/train/NORMAL/NORMAL2-IM-0923-0001.jpeg,1,VALID_MODALITY,train
C:/Users/Ankit/.cache/kagglehub/datasets/devbatrax/fracture-detection-using-x-ray-images/versions/1/data/train/not fractured/5-rotated2-rotated3-rotated1.jpg,0,INVALID_MODALITY,val
C:/Users/Ankit/.cache/kagglehub/datasets/paultimothymooney/chest-xray-pneumonia/versions/2/chest_xray/chest_xray/train/PNEUMONIA/person585_bacteria_2414.jpeg,1,VALID_MODALITY,train
C:/Users/Ankit/.cache/kagglehub/datasets/devbatrax/fracture-detection-using-x-ray-images/versions/1/data/train/fractured/52-rotated3-rotated3-rotated2.jpg,0,INVALID_MODALITY,train
C:/Users/Ankit/.cache/kagglehub/datasets/devbatrax/fracture-detection-using-x-ray-images/versions/1/data/train/not fractured/13-rotated3-rotated1-rotated2.jpg,0,INVALID_MODALITY,test
C:/Users/Ankit/.cache/kagglehub/datasets/paultimothymooney/chest-xray-pneumonia/versions/2/chest_xray/chest_xray/train/PNEUMONIA/person848_virus_1493.jpeg,1,VALID_MODALITY,train
C:/Users/Ankit/.cache/kagglehub/datasets/devbatrax/fracture-detection-using-x-ray-images/versions/1/data/train/not fractured/25-rotated3-rotated1-rotated1-rotated1.jpg,0,INVALID_MODALITY,train
D:\anti gravity\Radionova\datasets\generic_negatives\generic_0107.jpg,0,INVALID_MODALITY,train
C:/Users/Ankit/.cache/kagglehub/datasets/masoudnickparvar/brain-tumor-mri-dataset/versions/2/Training/meningioma/Tr-me_1132.jpg,0,INVALID_MODALITY,val
C:/Users/Ankit/.cache/kagglehub/datasets/devbatrax/fracture-detection-using-x-ray-images/versions/1/data/train/fractured/70-rotated2.jpg,0,INVALID_MODALITY,train
C:/Users/Ankit/.cache/kagglehub/datasets/devbatrax/fracture-detection-using-x-ray-images/versions/1/data/train/fractured/80-rotated3-rotated3-rotated2.jpg,0,INVALID_MODALITY,train
C:/Users/Ankit/.cache/kagglehub/datasets/paultimothymooney/chest-xray-pneumonia/versions/2/chest_xray/chest_xray/train/PNEUMONIA/person357_bacteria_1639.jpeg,1,VALID_MODALITY,train
D:\anti gravity\Radionova\datasets\generic_negatives\generic_0116.jpg,0,INVALID_MODALITY,val
C:/Users/Ankit/.cache/kagglehub/datasets/masoudnickparvar/brain-tumor-mri-dataset/versions/2/Training/glioma/Tr-gl_93.jpg,0,INVALID_MODALITY,train
C:/Users/Ankit/.cache/kagglehub/datasets/devbatrax/fracture-detection-using-x-ray-images/versions/1/data/val/fractured/4-rotated3-rotated1-rotated1.jpg,0,INVALID_MODALITY,train
C:/Users/Ankit/.cache/kagglehub/datasets/devbatrax/fracture-detection-using-x-ray-images/versions/1/data/train/not fractured/38-rotated2-rotated1-rotated1.jpg,0,INVALID_MODALITY,train
C:/Users/Ankit/.cache/kagglehub/datasets/devbatrax/fracture-detection-using-x-ray-images/versions/1/data/train/fractured/69-rotated1-rotated3.jpg,0,INVALID_MODALITY,train
C:/Users/Ankit/.cache/kagglehub/datasets/masoudnickparvar/brain-tumor-mri-dataset/versions/2/Training/meningioma/Tr-me_856.jpg,0,INVALID_MODALITY,val
C:/Users/Ankit/.cache/kagglehub/datasets/devbatrax/fracture-detection-using-x-ray-images/versions/1/data/train/not fractured/67-rotated1-rotated1-rotated1-rotated1.jpg,0,INVALID_MODALITY,train
C:/Users/Ankit/.cache/kagglehub/datasets/paultimothymooney/chest-xray-pneumonia/versions/2/chest_xray/train/NORMAL/NORMAL2-IM-1173-0001.jpeg,1,VALID_MODALITY,train
C:/Users/Ankit/.cache/kagglehub/datasets/devbatrax/fracture-detection-using-x-ray-images/versions/1/data/train/not fractured/53-rotated2-rotated3-rotated1-rotated1.jpg,0,INVALID_MODALITY,train
C:/Users/Ankit/.cache/kagglehub/datasets/devbatrax/fracture-detection-using-x-ray-images/versions/1/data/val/not fractured/1-rotated1-rotated2-rotated1.jpg,0,INVALID_MODALITY,val
C:/Users/Ankit/.cache/kagglehub/datasets/devbatrax/fracture-detection-using-x-ray-images/versions/1/data/train/not fractured/23-rotated1-rotated3-rotated3-rotated1.jpg,0,INVALID_MODALITY,train
C:/Users/Ankit/.cache/kagglehub/datasets/paultimothymooney/chest-xray-pneumonia/versions/2/chest_xray/train/PNEUMONIA/person5_bacteria_16.jpeg,1,VALID_MODALITY,train
C:/Users/Ankit/.cache/kagglehub/datasets/devbatrax/fracture-detection-using-x-ray-images/versions/1/data/train/fractured/43-rotated2-rotated2-rotated3.jpg,0,INVALID_MODALITY,train
C:/Users/Ankit/.cache/kagglehub/datasets/masoudnickparvar/brain-tumor-mri-dataset/versions/2/Training/meningioma/Tr-me_1012.jpg,0,INVALID_MODALITY,val
D:\anti gravity\Radionova\datasets\generic_negatives\generic_0241.jpg,0,INVALID_MODALITY,train
C:/Users/Ankit/.cache/kagglehub/datasets/devbatrax/fracture-detection-using-x-ray-images/versions/1/data/train/fractured/83-rotated3-rotated2-rotated2.jpg,0,INVALID_MODALITY,val
C:/Users/Ankit/.cache/kagglehub/datasets/paultimothymooney/chest-xray-pneumonia/versions/2/chest_xray/train/PNEUMONIA/person275_virus_565.jpeg,1,VALID_MODALITY,train
C:/Users/Ankit/.cache/kagglehub/datasets/paultimothymooney/chest-xray-pneumonia/versions/2/chest_xray/train/PNEUMONIA/person502_bacteria_2120.jpeg,1,VALID_MODALITY,train
C:/Users/Ankit/.cache/kagglehub/datasets/paultimothymooney/chest-xray-pneumonia/versions/2/chest_xray/chest_xray/test/PNEUMONIA/person1669_virus_2884.jpeg,1,VALID_MODALITY,test
C:/Users/Ankit/.cache/kagglehub/datasets/paultimothymooney/chest-xray-pneumonia/versions/2/chest_xray/train/PNEUMONIA/person562_bacteria_2332.jpeg,1,VALID_MODALITY,train
C:/Users/Ankit/.cache/kagglehub/datasets/masoudnickparvar/brain-tumor-mri-dataset/versions/2/Training/pituitary/Tr-pi_155.jpg,0,INVALID_MODALITY,train
C:/Users/Ankit/.cache/kagglehub/datasets/devbatrax/fracture-detection-using-x-ray-images/versions/1/data/train/fractured/84-rotated2-rotated2-rotated3.jpg,0,INVALID_MODALITY,train
C:/Users/Ankit/.cache/kagglehub/datasets/devbatrax/fracture-detection-using-x-ray-images/versions/1/data/train/not fractured/22-rotated3-rotated3.jpg,0,INVALID_MODALITY,train
D:\anti gravity\Radionova\datasets\generic_negatives\generic_0117.jpg,0,INVALID_MODALITY,train
C:/Users/Ankit/.cache/kagglehub/datasets/masoudnickparvar/brain-tumor-mri-dataset/versions/2/Testing/meningioma/Te-me_222.jpg,0,INVALID_MODALITY,test
C:/Users/Ankit/.cache/kagglehub/datasets/devbatrax/fracture-detection-using-x-ray-images/versions/1/data/train/fractured/60-rotated2-rotated1-rotated1.jpg,0,INVALID_MODALITY,train
C:/Users/Ankit/.cache/kagglehub/datasets/devbatrax/fracture-detection-using-x-ray-images/versions/1/data/train/not fractured/24-rotated2-rotated1.jpg,0,INVALID_MODALITY,train
C:/Users/Ankit/.cache/kagglehub/datasets/paultimothymooney/chest-xray-pneumonia/versions/2/chest_xray/chest_xray/train/NORMAL/NORMAL2-IM-1008-0001.jpeg,1,VALID_MODALITY,train
C:/Users/Ankit/.cache/kagglehub/datasets/masoudnickparvar/brain-tumor-mri-dataset/versions/2/Testing/glioma/Te-gl_61.jpg,0,INVALID_MODALITY,train
C:/Users/Ankit/.cache/kagglehub/datasets/paultimothymooney/chest-xray-pneumonia/versions/2/chest_xray/chest_xray/train/PNEUMONIA/person1711_bacteria_4527.jpeg,1,VALID_MODALITY,train
C:/Users/Ankit/.cache/kagglehub/datasets/paultimothymooney/chest-xray-pneumonia/versions/2/chest_xray/train/PNEUMONIA/person130_virus_263.jpeg,1,VALID_MODALITY,val
C:/Users/Ankit/.cache/kagglehub/datasets/paultimothymooney/chest-xray-pneumonia/versions/2/chest_xray/chest_xray/train/PNEUMONIA/person1333_bacteria_3386.jpeg,1,VALID_MODALITY,train
C:/Users/Ankit/.cache/kagglehub/datasets/devbatrax/fracture-detection-using-x-ray-images/versions/1/data/train/not fractured/19-rotated3-rotated3-rotated3-rotated1.jpg,0,INVALID_MODALITY,train
C:/Users/Ankit/.cache/kagglehub/datasets/paultimothymooney/chest-xray-pneumonia/versions/2/chest_xray/chest_xray/train/PNEUMONIA/person1483_bacteria_3876.jpeg,1,VALID_MODALITY,train
C:/Users/Ankit/.cache/kagglehub/datasets/devbatrax/fracture-detection-using-x-ray-images/versions/1/data/train/not fractured/35-rotated1-rotated1-rotated2.jpg,0,INVALID_MODALITY,train
C:/Users/Ankit/.cache/kagglehub/datasets/paultimothymooney/chest-xray-pneumonia/versions/2/chest_xray/train/PNEUMONIA/person124_virus_249.jpeg,1,VALID_MODALITY,train
C:/Users/Ankit/.cache/kagglehub/datasets/masoudnickparvar/brain-tumor-mri-dataset/versions/2/Training/glioma/Tr-gl_322.jpg,0,INVALID_MODALITY,train
C:/Users/Ankit/.cache/kagglehub/datasets/paultimothymooney/chest-xray-pneumonia/versions/2/chest_xray/train/PNEUMONIA/person383_bacteria_1753.jpeg,1,VALID_MODALITY,train
C:/Users/Ankit/.cache/kagglehub/datasets/devbatrax/fracture-detection-using-x-ray-images/versions/1/data/train/not fractured/18-rotated3-rotated3-rotated2.jpg,0,INVALID_MODALITY,train
C:/Users/Ankit/.cache/kagglehub/datasets/masoudnickparvar/brain-tumor-mri-dataset/versions/2/Training/glioma/Tr-gl_66.jpg,0,INVALID_MODALITY,train
C:/Users/Ankit/.cache/kagglehub/datasets/masoudnickparvar/brain-tumor-mri-dataset/versions/2/Training/glioma/Tr-gl_1313.jpg,0,INVALID_MODALITY,test
C:/Users/Ankit/.cache/kagglehub/datasets/paultimothymooney/chest-xray-pneumonia/versions/2/chest_xray/chest_xray/train/NORMAL/IM-0649-0001.jpeg,1,VALID_MODALITY,train
C:/Users/Ankit/.cache/kagglehub/datasets/paultimothymooney/chest-xray-pneumonia/versions/2/chest_xray/chest_xray/train/PNEUMONIA/person67_bacteria_330.jpeg,1,VALID_MODALITY,test
C:/Users/Ankit/.cache/kagglehub/datasets/devbatrax/fracture-detection-using-x-ray-images/versions/1/data/train/fractured/74-rotated1-rotated3-rotated2.jpg,0,INVALID_MODALITY,train
C:/Users/Ankit/.cache/kagglehub/datasets/masoudnickparvar/brain-tumor-mri-dataset/versions/2/Training/glioma/Tr-gl_351.jpg,0,INVALID_MODALITY,train
D:\anti gravity\Radionova\datasets\generic_negatives\generic_0382.jpg,0,INVALID_MODALITY,train
C:/Users/Ankit/.cache/kagglehub/datasets/devbatrax/fracture-detection-using-x-ray-images/versions/1/data/train/not fractured/63-rotated2-rotated1.jpg,0,INVALID_MODALITY,train
D:\anti gravity\Radionova\datasets\generic_negatives\generic_0352.jpg,0,INVALID_MODALITY,train
C:/Users/Ankit/.cache/kagglehub/datasets/paultimothymooney/chest-xray-pneumonia/versions/2/chest_xray/train/PNEUMONIA/person337_bacteria_1566.jpeg,1,VALID_MODALITY,train
C:/Users/Ankit/.cache/kagglehub/datasets/devbatrax/fracture-detection-using-x-ray-images/versions/1/data/train/fractured/29-rotated1-rotated2.jpg,0,INVALID_MODALITY,train
C:/Users/Ankit/.cache/kagglehub/datasets/paultimothymooney/chest-xray-pneumonia/versions/2/chest_xray/train/PNEUMONIA/person554_bacteria_2323.jpeg,1,VALID_MODALITY,train
C:/Users/Ankit/.cache/kagglehub/datasets/devbatrax/fracture-detection-using-x-ray-images/versions/1/data/train/fractured/13-rotated2-rotated1-rotated2.jpg,0,INVALID_MODALITY,train
C:/Users/Ankit/.cache/kagglehub/datasets/paultimothymooney/chest-xray-pneumonia/versions/2/chest_xray/chest_xray/train/NORMAL/IM-0504-0001.jpeg,1,VALID_MODALITY,train
C:/Users/Ankit/.cache/kagglehub/datasets/paultimothymooney/chest-xray-pneumonia/versions/2/chest_xray/test/PNEUMONIA/person158_bacteria_742.jpeg,1,VALID_MODALITY,train
C:/Users/Ankit/.cache/kagglehub/datasets/paultimothymooney/chest-xray-pneumonia/versions/2/chest_xray/test/NORMAL/IM-0050-0001.jpeg,1,VALID_MODALITY,val
C:/Users/Ankit/.cache/kagglehub/datasets/devbatrax/fracture-detection-using-x-ray-images/versions/1/data/train/not fractured/8-rotated1-rotated2-rotated1-rotated1.jpg,0,INVALID_MODALITY,test
C:/Users/Ankit/.cache/kagglehub/datasets/paultimothymooney/chest-xray-pneumonia/versions/2/chest_xray/train/NORMAL/NORMAL2-IM-0525-0001.jpeg,1,VALID_MODALITY,train
C:/Users/Ankit/.cache/kagglehub/datasets/paultimothymooney/chest-xray-pneumonia/versions/2/chest_xray/train/PNEUMONIA/person835_virus_1472.jpeg,1,VALID_MODALITY,train
C:/Users/Ankit/.cache/kagglehub/datasets/devbatrax/fracture-detection-using-x-ray-images/versions/1/data/train/not fractured/16-rotated1-rotated2-rotated3-rotated1.jpg,0,INVALID_MODALITY,train
C:/Users/Ankit/.cache/kagglehub/datasets/paultimothymooney/chest-xray-pneumonia/versions/2/chest_xray/train/PNEUMONIA/person1098_bacteria_3039.jpeg,1,VALID_MODALITY,train
C:/Users/Ankit/.cache/kagglehub/datasets/paultimothymooney/chest-xray-pneumonia/versions/2/chest_xray/chest_xray/train/NORMAL/NORMAL2-IM-0866-0001.jpeg,1,VALID_MODALITY,train
D:\anti gravity\Radionova\datasets\generic_negatives\generic_0308.jpg,0,INVALID_MODALITY,test
C:/Users/Ankit/.cache/kagglehub/datasets/devbatrax/fracture-detection-using-x-ray-images/versions/1/data/train/fractured/61.jpg,0,INVALID_MODALITY,train
C:/Users/Ankit/.cache/kagglehub/datasets/paultimothymooney/chest-xray-pneumonia/versions/2/chest_xray/chest_xray/train/PNEUMONIA/person1004_virus_1686.jpeg,1,VALID_MODALITY,train
C:/Users/Ankit/.cache/kagglehub/datasets/paultimothymooney/chest-xray-pneumonia/versions/2/chest_xray/chest_xray/train/PNEUMONIA/person388_virus_777.jpeg,1,VALID_MODALITY,train
C:/Users/Ankit/.cache/kagglehub/datasets/devbatrax/fracture-detection-using-x-ray-images/versions/1/data/train/not fractured/68-rotated2-rotated3-rotated2-rotated1.jpg,0,INVALID_MODALITY,train
D:\anti gravity\Radionova\datasets\generic_negatives\generic_0332.jpg,0,INVALID_MODALITY,train
C:/Users/Ankit/.cache/kagglehub/datasets/masoudnickparvar/brain-tumor-mri-dataset/versions/2/Training/glioma/Tr-gl_109.jpg,0,INVALID_MODALITY,train
C:/Users/Ankit/.cache/kagglehub/datasets/paultimothymooney/chest-xray-pneumonia/versions/2/chest_xray/train/PNEUMONIA/person255_bacteria_1160.jpeg,1,VALID_MODALITY,train
D:\anti gravity\Radionova\datasets\generic_negatives\generic_0314.jpg,0,INVALID_MODALITY,train
C:/Users/Ankit/.cache/kagglehub/datasets/paultimothymooney/chest-xray-pneumonia/versions/2/chest_xray/chest_xray/train/PNEUMONIA/person363_bacteria_1655.jpeg,1,VALID_MODALITY,train
C:/Users/Ankit/.cache/kagglehub/datasets/masoudnickparvar/brain-tumor-mri-dataset/versions/2/Testing/glioma/Te-gl_239.jpg,0,INVALID_MODALITY,test
C:/Users/Ankit/.cache/kagglehub/datasets/paultimothymooney/chest-xray-pneumonia/versions/2/chest_xray/train/PNEUMONIA/person1628_bacteria_4297.jpeg,1,VALID_MODALITY,val
C:/Users/Ankit/.cache/kagglehub/datasets/masoudnickparvar/brain-tumor-mri-dataset/versions/2/Training/meningioma/Tr-me_845.jpg,0,INVALID_MODALITY,train
C:/Users/Ankit/.cache/kagglehub/datasets/masoudnickparvar/brain-tumor-mri-dataset/versions/2/Training/meningioma/Tr-me_572.jpg,0,INVALID_MODALITY,test
C:/Users/Ankit/.cache/kagglehub/datasets/devbatrax/fracture-detection-using-x-ray-images/versions/1/data/train/not fractured/65-rotated2-rotated2-rotated1-rotated1.jpg,0,INVALID_MODALITY,test
C:/Users/Ankit/.cache/kagglehub/datasets/paultimothymooney/chest-xray-pneumonia/versions/2/chest_xray/chest_xray/train/PNEUMONIA/person853_bacteria_2775.jpeg,1,VALID_MODALITY,train
C:/Users/Ankit/.cache/kagglehub/datasets/devbatrax/fracture-detection-using-x-ray-images/versions/1/data/train/fractured/65-rotated1-rotated3-rotated3.jpg,0,INVALID_MODALITY,test
C:/Users/Ankit/.cache/kagglehub/datasets/paultimothymooney/chest-xray-pneumonia/versions/2/chest_xray/train/PNEUMONIA/person1636_bacteria_4338.jpeg,1,VALID_MODALITY,train
C:/Users/Ankit/.cache/kagglehub/datasets/devbatrax/fracture-detection-using-x-ray-images/versions/1/data/train/fractured/120-rotated2-rotated2-rotated2.jpg,0,INVALID_MODALITY,train
C:/Users/Ankit/.cache/kagglehub/datasets/devbatrax/fracture-detection-using-x-ray-images/versions/1/data/train/not fractured/40-rotated3-rotated1-rotated1-rotated1.jpg,0,INVALID_MODALITY,train
C:/Users/Ankit/.cache/kagglehub/datasets/paultimothymooney/chest-xray-pneumonia/versions/2/chest_xray/chest_xray/train/PNEUMONIA/person380_virus_763.jpeg,1,VALID_MODALITY,train
C:/Users/Ankit/.cache/kagglehub/datasets/paultimothymooney/chest-xray-pneumonia/versions/2/chest_xray/chest_xray/train/PNEUMONIA/person915_virus_1572.jpeg,1,VALID_MODALITY,train
C:/Users/Ankit/.cache/kagglehub/datasets/devbatrax/fracture-detection-using-x-ray-images/versions/1/data/train/fractured/50-rotated1-rotated3-rotated3.jpg,0,INVALID_MODALITY,train
C:/Users/Ankit/.cache/kagglehub/datasets/devbatrax/fracture-detection-using-x-ray-images/versions/1/data/train/fractured/39-rotated3.jpg,0,INVALID_MODALITY,train
C:/Users/Ankit/.cache/kagglehub/datasets/masoudnickparvar/brain-tumor-mri-dataset/versions/2/Training/meningioma/Tr-me_651.jpg,0,INVALID_MODALITY,train
C:/Users/Ankit/.cache/kagglehub/datasets/paultimothymooney/chest-xray-pneumonia/versions/2/chest_xray/train/PNEUMONIA/person1012_bacteria_2943.jpeg,1,VALID_MODALITY,train
C:/Users/Ankit/.cache/kagglehub/datasets/paultimothymooney/chest-xray-pneumonia/versions/2/chest_xray/train/NORMAL/NORMAL2-IM-0983-0001.jpeg,1,VALID_MODALITY,train
C:/Users/Ankit/.cache/kagglehub/datasets/paultimothymooney/chest-xray-pneumonia/versions/2/chest_xray/train/PNEUMONIA/person1126_virus_1853.jpeg,1,VALID_MODALITY,train
C:/Users/Ankit/.cache/kagglehub/datasets/paultimothymooney/chest-xray-pneumonia/versions/2/chest_xray/chest_xray/train/NORMAL/NORMAL2-IM-1323-0001.jpeg,1,VALID_MODALITY,train
C:/Users/Ankit/.cache/kagglehub/datasets/paultimothymooney/chest-xray-pneumonia/versions/2/chest_xray/test/NORMAL/IM-0073-0001.jpeg,1,VALID_MODALITY,train
C:/Users/Ankit/.cache/kagglehub/datasets/devbatrax/fracture-detection-using-x-ray-images/versions/1/data/train/not fractured/51-rotated1.jpg,0,INVALID_MODALITY,val
D:\anti gravity\Radionova\datasets\generic_negatives\generic_0341.jpg,0,INVALID_MODALITY,train
C:/Users/Ankit/.cache/kagglehub/datasets/paultimothymooney/chest-xray-pneumonia/versions/2/chest_xray/train/NORMAL/IM-0644-0001-0002.jpeg,1,VALID_MODALITY,train
C:/Users/Ankit/.cache/kagglehub/datasets/masoudnickparvar/brain-tumor-mri-dataset/versions/2/Training/glioma/Tr-gl_675.jpg,0,INVALID_MODALITY,train
D:\anti gravity\Radionova\datasets\generic_negatives\generic_0178.jpg,0,INVALID_MODALITY,train
D:\anti gravity\Radionova\datasets\generic_negatives\generic_0265.jpg,0,INVALID_MODALITY,train
C:/Users/Ankit/.cache/kagglehub/datasets/paultimothymooney/chest-xray-pneumonia/versions/2/chest_xray/train/PNEUMONIA/person1340_virus_2311.jpeg,1,VALID_MODALITY,train
C:/Users/Ankit/.cache/kagglehub/datasets/devbatrax/fracture-detection-using-x-ray-images/versions/1/data/train/fractured/18-rotated2-rotated1-rotated2.jpg,0,INVALID_MODALITY,train
D:\anti gravity\Radionova\datasets\generic_negatives\generic_0120.jpg,0,INVALID_MODALITY,train
C:/Users/Ankit/.cache/kagglehub/datasets/paultimothymooney/chest-xray-pneumonia/versions/2/chest_xray/chest_xray/train/PNEUMONIA/person1660_bacteria_4404.jpeg,1,VALID_MODALITY,train
C:/Users/Ankit/.cache/kagglehub/datasets/paultimothymooney/chest-xray-pneumonia/versions/2/chest_xray/chest_xray/train/PNEUMONIA/person749_virus_1374.jpeg,1,VALID_MODALITY,train
C:/Users/Ankit/.cache/kagglehub/datasets/paultimothymooney/chest-xray-pneumonia/versions/2/chest_xray/chest_xray/train/PNEUMONIA/person1147_virus_1920.jpeg,1,VALID_MODALITY,train
C:/Users/Ankit/.cache/kagglehub/datasets/devbatrax/fracture-detection-using-x-ray-images/versions/1/data/train/not fractured/62-rotated2-rotated1-rotated2-rotated1.jpg,0,INVALID_MODALITY,train
C:/Users/Ankit/.cache/kagglehub/datasets/masoudnickparvar/brain-tumor-mri-dataset/versions/2/Training/glioma/Tr-gl_930.jpg,0,INVALID_MODALITY,train
C:/Users/Ankit/.cache/kagglehub/datasets/paultimothymooney/chest-xray-pneumonia/versions/2/chest_xray/chest_xray/train/NORMAL/IM-0640-0001.jpeg,1,VALID_MODALITY,train
C:/Users/Ankit/.cache/kagglehub/datasets/paultimothymooney/chest-xray-pneumonia/versions/2/chest_xray/train/PNEUMONIA/person1272_virus_2190.jpeg,1,VALID_MODALITY,train
C:/Users/Ankit/.cache/kagglehub/datasets/masoudnickparvar/brain-tumor-mri-dataset/versions/2/Training/meningioma/Tr-me_1100.jpg,0,INVALID_MODALITY,train
C:/Users/Ankit/.cache/kagglehub/datasets/devbatrax/fracture-detection-using-x-ray-images/versions/1/data/train/fractured/95-rotated3-rotated2.jpg,0,INVALID_MODALITY,val
C:/Users/Ankit/.cache/kagglehub/datasets/masoudnickparvar/brain-tumor-mri-dataset/versions/2/Training/glioma/Tr-gl_136.jpg,0,INVALID_MODALITY,train
C:/Users/Ankit/.cache/kagglehub/datasets/devbatrax/fracture-detection-using-x-ray-images/versions/1/data/train/fractured/92-rotated3-rotated3-rotated2.jpg,0,INVALID_MODALITY,test
C:/Users/Ankit/.cache/kagglehub/datasets/devbatrax/fracture-detection-using-x-ray-images/versions/1/data/train/fractured/117-rotated1-rotated1-rotated3.jpg,0,INVALID_MODALITY,train
C:/Users/Ankit/.cache/kagglehub/datasets/devbatrax/fracture-detection-using-x-ray-images/versions/1/data/train/fractured/76-rotated2-rotated1-rotated1.jpg,0,INVALID_MODALITY,val
C:/Users/Ankit/.cache/kagglehub/datasets/masoudnickparvar/brain-tumor-mri-dataset/versions/2/Training/meningioma/Tr-aug-me_34.jpg,0,INVALID_MODALITY,test
D:\anti gravity\Radionova\datasets\generic_negatives\generic_0277.jpg,0,INVALID_MODALITY,train
D:\anti gravity\Radionova\datasets\generic_negatives\generic_0367.jpg,0,INVALID_MODALITY,train
C:/Users/Ankit/.cache/kagglehub/datasets/paultimothymooney/chest-xray-pneumonia/versions/2/chest_xray/chest_xray/train/NORMAL/NORMAL2-IM-0857-0001.jpeg,1,VALID_MODALITY,train
D:\anti gravity\Radionova\datasets\generic_negatives\generic_0137.jpg,0,INVALID_MODALITY,train
C:/Users/Ankit/.cache/kagglehub/datasets/paultimothymooney/chest-xray-pneumonia/versions/2/chest_xray/train/PNEUMONIA/person1502_virus_2612.jpeg,1,VALID_MODALITY,train
C:/Users/Ankit/.cache/kagglehub/datasets/paultimothymooney/chest-xray-pneumonia/versions/2/chest_xray/chest_xray/train/PNEUMONIA/person441_bacteria_1900.jpeg,1,VALID_MODALITY,train
C:/Users/Ankit/.cache/kagglehub/datasets/paultimothymooney/chest-xray-pneumonia/versions/2/chest_xray/train/NORMAL/NORMAL2-IM-1365-0001.jpeg,1,VALID_MODALITY,train
C:/Users/Ankit/.cache/kagglehub/datasets/devbatrax/fracture-detection-using-x-ray-images/versions/1/data/train/fractured/11-rotated3-rotated1-rotated2.jpg,0,INVALID_MODALITY,train
C:/Users/Ankit/.cache/kagglehub/datasets/paultimothymooney/chest-xray-pneumonia/versions/2/chest_xray/chest_xray/train/PNEUMONIA/person579_bacteria_2386.jpeg,1,VALID_MODALITY,train
C:/Users/Ankit/.cache/kagglehub/datasets/paultimothymooney/chest-xray-pneumonia/versions/2/chest_xray/chest_xray/train/NORMAL/NORMAL2-IM-1064-0001.jpeg,1,VALID_MODALITY,train
C:/Users/Ankit/.cache/kagglehub/datasets/devbatrax/fracture-detection-using-x-ray-images/versions/1/data/train/not fractured/6-rotated2-rotated2-rotated3-rotated1.jpg,0,INVALID_MODALITY,train
C:/Users/Ankit/.cache/kagglehub/datasets/paultimothymooney/chest-xray-pneumonia/versions/2/chest_xray/test/PNEUMONIA/person133_bacteria_638.jpeg,1,VALID_MODALITY,train
C:/Users/Ankit/.cache/kagglehub/datasets/masoudnickparvar/brain-tumor-mri-dataset/versions/2/Training/meningioma/Tr-me_564.jpg,0,INVALID_MODALITY,train
C:/Users/Ankit/.cache/kagglehub/datasets/paultimothymooney/chest-xray-pneumonia/versions/2/chest_xray/chest_xray/train/NORMAL/NORMAL2-IM-1138-0001.jpeg,1,VALID_MODALITY,test
C:/Users/Ankit/.cache/kagglehub/datasets/devbatrax/fracture-detection-using-x-ray-images/versions/1/data/train/fractured/77-rotated1-rotated3-rotated2.jpg,0,INVALID_MODALITY,val
C:/Users/Ankit/.cache/kagglehub/datasets/paultimothymooney/chest-xray-pneumonia/versions/2/chest_xray/chest_xray/train/NORMAL/NORMAL2-IM-0932-0001.jpeg,1,VALID_MODALITY,test
C:/Users/Ankit/.cache/kagglehub/datasets/paultimothymooney/chest-xray-pneumonia/versions/2/chest_xray/chest_xray/train/PNEUMONIA/person1086_virus_1798.jpeg,1,VALID_MODALITY,test
C:/Users/Ankit/.cache/kagglehub/datasets/devbatrax/fracture-detection-using-x-ray-images/versions/1/data/train/fractured/11-rotated3-rotated2.jpg,0,INVALID_MODALITY,train
C:/Users/Ankit/.cache/kagglehub/datasets/paultimothymooney/chest-xray-pneumonia/versions/2/chest_xray/test/PNEUMONIA/person83_bacteria_414.jpeg,1,VALID_MODALITY,train
C:/Users/Ankit/.cache/kagglehub/datasets/paultimothymooney/chest-xray-pneumonia/versions/2/chest_xray/train/NORMAL/IM-0168-0001.jpeg,1,VALID_MODALITY,train
C:/Users/Ankit/.cache/kagglehub/datasets/masoudnickparvar/brain-tumor-mri-dataset/versions/2/Testing/pituitary/Te-pi_221.jpg,0,INVALID_MODALITY,train
C:/Users/Ankit/.cache/kagglehub/datasets/devbatrax/fracture-detection-using-x-ray-images/versions/1/data/train/not fractured/65-rotated1-rotated1-rotated1.jpg,0,INVALID_MODALITY,train
C:/Users/Ankit/.cache/kagglehub/datasets/devbatrax/fracture-detection-using-x-ray-images/versions/1/data/val/not fractured/4.jpg,0,INVALID_MODALITY,train
D:\anti gravity\Radionova\datasets\generic_negatives\generic_0207.jpg,0,INVALID_MODALITY,val
C:/Users/Ankit/.cache/kagglehub/datasets/paultimothymooney/chest-xray-pneumonia/versions/2/chest_xray/chest_xray/train/PNEUMONIA/person732_bacteria_2634.jpeg,1,VALID_MODALITY,train
C:/Users/Ankit/.cache/kagglehub/datasets/paultimothymooney/chest-xray-pneumonia/versions/2/chest_xray/chest_xray/train/NORMAL/NORMAL2-IM-0684-0001-0001.jpeg,1,VALID_MODALITY,train
C:/Users/Ankit/.cache/kagglehub/datasets/masoudnickparvar/brain-tumor-mri-dataset/versions/2/Training/glioma/Tr-gl_561.jpg,0,INVALID_MODALITY,train
C:/Users/Ankit/.cache/kagglehub/datasets/paultimothymooney/chest-xray-pneumonia/versions/2/chest_xray/chest_xray/train/PNEUMONIA/person1066_bacteria_3000.jpeg,1,VALID_MODALITY,train
C:/Users/Ankit/.cache/kagglehub/datasets/devbatrax/fracture-detection-using-x-ray-images/versions/1/data/train/not fractured/52-rotated2-rotated1-rotated3-rotated1.jpg,0,INVALID_MODALITY,train
C:/Users/Ankit/.cache/kagglehub/datasets/paultimothymooney/chest-xray-pneumonia/versions/2/chest_xray/chest_xray/train/PNEUMONIA/person537_bacteria_2263.jpeg,1,VALID_MODALITY,train
C:/Users/Ankit/.cache/kagglehub/datasets/masoudnickparvar/brain-tumor-mri-dataset/versions/2/Training/meningioma/Tr-me_1099.jpg,0,INVALID_MODALITY,val
C:/Users/Ankit/.cache/kagglehub/datasets/devbatrax/fracture-detection-using-x-ray-images/versions/1/data/train/not fractured/22-rotated1-rotated1-rotated3-rotated1.jpg,0,INVALID_MODALITY,train
C:/Users/Ankit/.cache/kagglehub/datasets/paultimothymooney/chest-xray-pneumonia/versions/2/chest_xray/train/PNEUMONIA/person1317_virus_2273.jpeg,1,VALID_MODALITY,train
C:/Users/Ankit/.cache/kagglehub/datasets/masoudnickparvar/brain-tumor-mri-dataset/versions/2/Testing/pituitary/Te-pi_297.jpg,0,INVALID_MODALITY,train
C:/Users/Ankit/.cache/kagglehub/datasets/paultimothymooney/chest-xray-pneumonia/versions/2/chest_xray/train/PNEUMONIA/person986_bacteria_2913.jpeg,1,VALID_MODALITY,val
C:/Users/Ankit/.cache/kagglehub/datasets/paultimothymooney/chest-xray-pneumonia/versions/2/chest_xray/chest_xray/train/PNEUMONIA/person1405_virus_2408.jpeg,1,VALID_MODALITY,train
C:/Users/Ankit/.cache/kagglehub/datasets/paultimothymooney/chest-xray-pneumonia/versions/2/chest_xray/chest_xray/train/PNEUMONIA/person41_bacteria_207.jpeg,1,VALID_MODALITY,val
C:/Users/Ankit/.cache/kagglehub/datasets/paultimothymooney/chest-xray-pneumonia/versions/2/chest_xray/train/NORMAL/IM-0276-0001.jpeg,1,VALID_MODALITY,train
C:/Users/Ankit/.cache/kagglehub/datasets/paultimothymooney/chest-xray-pneumonia/versions/2/chest_xray/train/PNEUMONIA/person75_bacteria_365.jpeg,1,VALID_MODALITY,train
C:/Users/Ankit/.cache/kagglehub/datasets/paultimothymooney/chest-xray-pneumonia/versions/2/chest_xray/chest_xray/train/PNEUMONIA/person65_bacteria_322.jpeg,1,VALID_MODALITY,train
C:/Users/Ankit/.cache/kagglehub/datasets/paultimothymooney/chest-xray-pneumonia/versions/2/chest_xray/chest_xray/train/PNEUMONIA/person579_virus_1123.jpeg,1,VALID_MODALITY,train
C:/Users/Ankit/.cache/kagglehub/datasets/paultimothymooney/chest-xray-pneumonia/versions/2/chest_xray/train/NORMAL/NORMAL2-IM-1132-0001.jpeg,1,VALID_MODALITY,train
D:\anti gravity\Radionova\datasets\generic_negatives\generic_0187.jpg,0,INVALID_MODALITY,train
C:/Users/Ankit/.cache/kagglehub/datasets/paultimothymooney/chest-xray-pneumonia/versions/2/chest_xray/chest_xray/train/PNEUMONIA/person461_virus_949.jpeg,1,VALID_MODALITY,train
C:/Users/Ankit/.cache/kagglehub/datasets/devbatrax/fracture-detection-using-x-ray-images/versions/1/data/train/not fractured/31-rotated3-rotated1-rotated1-rotated1.jpg,0,INVALID_MODALITY,val
C:/Users/Ankit/.cache/kagglehub/datasets/devbatrax/fracture-detection-using-x-ray-images/versions/1/data/train/fractured/121-rotated1-rotated3-rotated3.jpg,0,INVALID_MODALITY,train
C:/Users/Ankit/.cache/kagglehub/datasets/devbatrax/fracture-detection-using-x-ray-images/versions/1/data/train/fractured/68-rotated1-rotated1-rotated2.jpg,0,INVALID_MODALITY,test
C:/Users/Ankit/.cache/kagglehub/datasets/masoudnickparvar/brain-tumor-mri-dataset/versions/2/Training/meningioma/Tr-me_1238.jpg,0,INVALID_MODALITY,val
D:\anti gravity\Radionova\datasets\generic_negatives\generic_0247.jpg,0,INVALID_MODALITY,val
C:/Users/Ankit/.cache/kagglehub/datasets/devbatrax/fracture-detection-using-x-ray-images/versions/1/data/train/not fractured/64-rotated2-rotated1.jpg,0,INVALID_MODALITY,train
C:/Users/Ankit/.cache/kagglehub/datasets/devbatrax/fracture-detection-using-x-ray-images/versions/1/data/train/fractured/114-rotated2-rotated2-rotated2.jpg,0,INVALID_MODALITY,train
C:/Users/Ankit/.cache/kagglehub/datasets/paultimothymooney/chest-xray-pneumonia/versions/2/chest_xray/chest_xray/test/PNEUMONIA/person47_virus_99.jpeg,1,VALID_MODALITY,train
C:/Users/Ankit/.cache/kagglehub/datasets/devbatrax/fracture-detection-using-x-ray-images/versions/1/data/val/not fractured/4-rotated1-rotated2-rotated2.jpg,0,INVALID_MODALITY,train
C:/Users/Ankit/.cache/kagglehub/datasets/paultimothymooney/chest-xray-pneumonia/versions/2/chest_xray/train/PNEUMONIA/person1065_bacteria_2999.jpeg,1,VALID_MODALITY,train
C:/Users/Ankit/.cache/kagglehub/datasets/masoudnickparvar/brain-tumor-mri-dataset/versions/2/Testing/meningioma/Te-aug-me_72.jpg,0,INVALID_MODALITY,train
C:/Users/Ankit/.cache/kagglehub/datasets/paultimothymooney/chest-xray-pneumonia/versions/2/chest_xray/test/PNEUMONIA/person43_virus_92.jpeg,1,VALID_MODALITY,train
C:/Users/Ankit/.cache/kagglehub/datasets/devbatrax/fracture-detection-using-x-ray-images/versions/1/data/train/not fractured/7-rotated2-rotated1-rotated1.jpg,0,INVALID_MODALITY,train
C:/Users/Ankit/.cache/kagglehub/datasets/devbatrax/fracture-detection-using-x-ray-images/versions/1/data/train/fractured/74-rotated2-rotated3.jpg,0,INVALID_MODALITY,train
C:/Users/Ankit/.cache/kagglehub/datasets/devbatrax/fracture-detection-using-x-ray-images/versions/1/data/train/not fractured/50-rotated3-rotated3.jpg,0,INVALID_MODALITY,train
C:/Users/Ankit/.cache/kagglehub/datasets/paultimothymooney/chest-xray-pneumonia/versions/2/chest_xray/chest_xray/test/PNEUMONIA/person1669_virus_2885.jpeg,1,VALID_MODALITY,test
C:/Users/Ankit/.cache/kagglehub/datasets/masoudnickparvar/brain-tumor-mri-dataset/versions/2/Training/meningioma/Tr-me_673.jpg,0,INVALID_MODALITY,train
C:/Users/Ankit/.cache/kagglehub/datasets/paultimothymooney/chest-xray-pneumonia/versions/2/chest_xray/val/NORMAL/NORMAL2-IM-1436-0001.jpeg,1,VALID_MODALITY,train
C:/Users/Ankit/.cache/kagglehub/datasets/devbatrax/fracture-detection-using-x-ray-images/versions/1/data/train/not fractured/52-rotated2-rotated3-rotated1.jpg,0,INVALID_MODALITY,train
C:/Users/Ankit/.cache/kagglehub/datasets/paultimothymooney/chest-xray-pneumonia/versions/2/chest_xray/chest_xray/train/PNEUMONIA/person1411_bacteria_3604.jpeg,1,VALID_MODALITY,train
C:/Users/Ankit/.cache/kagglehub/datasets/devbatrax/fracture-detection-using-x-ray-images/versions/1/data/train/not fractured/35-rotated1-rotated3-rotated1.jpg,0,INVALID_MODALITY,val
C:/Users/Ankit/.cache/kagglehub/datasets/masoudnickparvar/brain-tumor-mri-dataset/versions/2/Training/meningioma/Tr-me_19.jpg,0,INVALID_MODALITY,train
C:/Users/Ankit/.cache/kagglehub/datasets/paultimothymooney/chest-xray-pneumonia/versions/2/chest_xray/test/NORMAL/NORMAL2-IM-0102-0001.jpeg,1,VALID_MODALITY,train
C:/Users/Ankit/.cache/kagglehub/datasets/paultimothymooney/chest-xray-pneumonia/versions/2/chest_xray/test/PNEUMONIA/person93_bacteria_454.jpeg,1,VALID_MODALITY,train
D:\anti gravity\Radionova\datasets\generic_negatives\generic_0065.jpg,0,INVALID_MODALITY,train
C:/Users/Ankit/.cache/kagglehub/datasets/paultimothymooney/chest-xray-pneumonia/versions/2/chest_xray/train/NORMAL/IM-0643-0001.jpeg,1,VALID_MODALITY,val
D:\anti gravity\Radionova\datasets\generic_negatives\generic_0251.jpg,0,INVALID_MODALITY,train
C:/Users/Ankit/.cache/kagglehub/datasets/paultimothymooney/chest-xray-pneumonia/versions/2/chest_xray/chest_xray/train/PNEUMONIA/person581_bacteria_2393.jpeg,1,VALID_MODALITY,train
C:/Users/Ankit/.cache/kagglehub/datasets/masoudnickparvar/brain-tumor-mri-dataset/versions/2/Testing/meningioma/Te-me_101.jpg,0,INVALID_MODALITY,train
C:/Users/Ankit/.cache/kagglehub/datasets/paultimothymooney/chest-xray-pneumonia/versions/2/chest_xray/chest_xray/train/PNEUMONIA/person1343_virus_2317.jpeg,1,VALID_MODALITY,test
C:/Users/Ankit/.cache/kagglehub/datasets/paultimothymooney/chest-xray-pneumonia/versions/2/chest_xray/chest_xray/train/PNEUMONIA/person298_bacteria_1413.jpeg,1,VALID_MODALITY,train
C:/Users/Ankit/.cache/kagglehub/datasets/paultimothymooney/chest-xray-pneumonia/versions/2/chest_xray/chest_xray/train/PNEUMONIA/person742_virus_1365.jpeg,1,VALID_MODALITY,train
C:/Users/Ankit/.cache/kagglehub/datasets/paultimothymooney/chest-xray-pneumonia/versions/2/chest_xray/val/PNEUMONIA/person1952_bacteria_4883.jpeg,1,VALID_MODALITY,val
C:/Users/Ankit/.cache/kagglehub/datasets/paultimothymooney/chest-xray-pneumonia/versions/2/chest_xray/chest_xray/train/PNEUMONIA/person1400_bacteria_3553.jpeg,1,VALID_MODALITY,test
C:/Users/Ankit/.cache/kagglehub/datasets/devbatrax/fracture-detection-using-x-ray-images/versions/1/data/train/not fractured/25-rotated1-rotated2-rotated3.jpg,0,INVALID_MODALITY,train
C:/Users/Ankit/.cache/kagglehub/datasets/paultimothymooney/chest-xray-pneumonia/versions/2/chest_xray/chest_xray/train/NORMAL/NORMAL2-IM-0952-0001.jpeg,1,VALID_MODALITY,test
C:/Users/Ankit/.cache/kagglehub/datasets/masoudnickparvar/brain-tumor-mri-dataset/versions/2/Training/glioma/Tr-gl_1051.jpg,0,INVALID_MODALITY,train
C:/Users/Ankit/.cache/kagglehub/datasets/paultimothymooney/chest-xray-pneumonia/versions/2/chest_xray/chest_xray/train/PNEUMONIA/person1486_bacteria_3885.jpeg,1,VALID_MODALITY,train
C:/Users/Ankit/.cache/kagglehub/datasets/paultimothymooney/chest-xray-pneumonia/versions/2/chest_xray/train/PNEUMONIA/person1463_bacteria_3808.jpeg,1,VALID_MODALITY,train
C:/Users/Ankit/.cache/kagglehub/datasets/paultimothymooney/chest-xray-pneumonia/versions/2/chest_xray/chest_xray/train/PNEUMONIA/person1290_virus_2215.jpeg,1,VALID_MODALITY,train
C:/Users/Ankit/.cache/kagglehub/datasets/masoudnickparvar/brain-tumor-mri-dataset/versions/2/Testing/meningioma/Te-me_254.jpg,0,INVALID_MODALITY,train
C:/Users/Ankit/.cache/kagglehub/datasets/paultimothymooney/chest-xray-pneumonia/versions/2/chest_xray/chest_xray/train/PNEUMONIA/person1459_virus_2506.jpeg,1,VALID_MODALITY,train
C:/Users/Ankit/.cache/kagglehub/datasets/devbatrax/fracture-detection-using-x-ray-images/versions/1/data/train/fractured/88-rotated3-rotated1-rotated1.jpg,0,INVALID_MODALITY,train
D:\anti gravity\Radionova\datasets\generic_negatives\generic_0260.jpg,0,INVALID_MODALITY,test
C:/Users/Ankit/.cache/kagglehub/datasets/paultimothymooney/chest-xray-pneumonia/versions/2/chest_xray/train/PNEUMONIA/person944_bacteria_2869.jpeg,1,VALID_MODALITY,train
D:\anti gravity\Radionova\datasets\generic_negatives\generic_0396.jpg,0,INVALID_MODALITY,train
C:/Users/Ankit/.cache/kagglehub/datasets/paultimothymooney/chest-xray-pneumonia/versions/2/chest_xray/chest_xray/train/PNEUMONIA/person798_virus_1430.jpeg,1,VALID_MODALITY,train
C:/Users/Ankit/.cache/kagglehub/datasets/devbatrax/fracture-detection-using-x-ray-images/versions/1/data/train/fractured/30-rotated3-rotated1-rotated1.jpg,0,INVALID_MODALITY,train
C:/Users/Ankit/.cache/kagglehub/datasets/paultimothymooney/chest-xray-pneumonia/versions/2/chest_xray/chest_xray/train/PNEUMONIA/person586_bacteria_2418.jpeg,1,VALID_MODALITY,train
C:/Users/Ankit/.cache/kagglehub/datasets/masoudnickparvar/brain-tumor-mri-dataset/versions/2/Training/meningioma/Tr-me_1152.jpg,0,INVALID_MODALITY,val
C:/Users/Ankit/.cache/kagglehub/datasets/paultimothymooney/chest-xray-pneumonia/versions/2/chest_xray/chest_xray/train/PNEUMONIA/person131_virus_265.jpeg,1,VALID_MODALITY,train
C:/Users/Ankit/.cache/kagglehub/datasets/paultimothymooney/chest-xray-pneumonia/versions/2/chest_xray/test/NORMAL/NORMAL2-IM-0029-0001.jpeg,1,VALID_MODALITY,train
C:/Users/Ankit/.cache/kagglehub/datasets/devbatrax/fracture-detection-using-x-ray-images/versions/1/data/train/not fractured/53-rotated2-rotated1.jpg,0,INVALID_MODALITY,val
C:/Users/Ankit/.cache/kagglehub/datasets/paultimothymooney/chest-xray-pneumonia/versions/2/chest_xray/train/PNEUMONIA/person710_virus_1308.jpeg,1,VALID_MODALITY,train
C:/Users/Ankit/.cache/kagglehub/datasets/paultimothymooney/chest-xray-pneumonia/versions/2/chest_xray/train/PNEUMONIA/person472_bacteria_2007.jpeg,1,VALID_MODALITY,train
C:/Users/Ankit/.cache/kagglehub/datasets/paultimothymooney/chest-xray-pneumonia/versions/2/chest_xray/chest_xray/train/NORMAL/NORMAL2-IM-1150-0001.jpeg,1,VALID_MODALITY,train
C:/Users/Ankit/.cache/kagglehub/datasets/paultimothymooney/chest-xray-pneumonia/versions/2/chest_xray/train/PNEUMONIA/person1916_bacteria_4821.jpeg,1,VALID_MODALITY,train
C:/Users/Ankit/.cache/kagglehub/datasets/devbatrax/fracture-detection-using-x-ray-images/versions/1/data/train/not fractured/66-rotated2-rotated2.jpg,0,INVALID_MODALITY,train
C:/Users/Ankit/.cache/kagglehub/datasets/devbatrax/fracture-detection-using-x-ray-images/versions/1/data/train/not fractured/12-rotated1-rotated1-rotated3.jpg,0,INVALID_MODALITY,train
C:/Users/Ankit/.cache/kagglehub/datasets/devbatrax/fracture-detection-using-x-ray-images/versions/1/data/train/fractured/97-rotated2-rotated3-rotated2.jpg,0,INVALID_MODALITY,train
C:/Users/Ankit/.cache/kagglehub/datasets/masoudnickparvar/brain-tumor-mri-dataset/versions/2/Training/pituitary/Tr-pi_504.jpg,0,INVALID_MODALITY,train
C:/Users/Ankit/.cache/kagglehub/datasets/paultimothymooney/chest-xray-pneumonia/versions/2/chest_xray/chest_xray/train/NORMAL/IM-0270-0001.jpeg,1,VALID_MODALITY,train
C:/Users/Ankit/.cache/kagglehub/datasets/masoudnickparvar/brain-tumor-mri-dataset/versions/2/Testing/glioma/Te-gl_91.jpg,0,INVALID_MODALITY,train
C:/Users/Ankit/.cache/kagglehub/datasets/paultimothymooney/chest-xray-pneumonia/versions/2/chest_xray/chest_xray/train/PNEUMONIA/person1372_bacteria_3499.jpeg,1,VALID_MODALITY,train
C:/Users/Ankit/.cache/kagglehub/datasets/devbatrax/fracture-detection-using-x-ray-images/versions/1/data/train/fractured/45-rotated1-rotated1-rotated1.jpg,0,INVALID_MODALITY,train
D:\anti gravity\Radionova\datasets\generic_negatives\generic_0124.jpg,0,INVALID_MODALITY,train
C:/Users/Ankit/.cache/kagglehub/datasets/paultimothymooney/chest-xray-pneumonia/versions/2/chest_xray/train/PNEUMONIA/person376_bacteria_1715.jpeg,1,VALID_MODALITY,train
D:\anti gravity\Radionova\datasets\generic_negatives\generic_0376.jpg,0,INVALID_MODALITY,train
C:/Users/Ankit/.cache/kagglehub/datasets/paultimothymooney/chest-xray-pneumonia/versions/2/chest_xray/train/NORMAL/NORMAL2-IM-1232-0001.jpeg,1,VALID_MODALITY,train
C:/Users/Ankit/.cache/kagglehub/datasets/paultimothymooney/chest-xray-pneumonia/versions/2/chest_xray/chest_xray/train/PNEUMONIA/person255_bacteria_1161.jpeg,1,VALID_MODALITY,train
C:/Users/Ankit/.cache/kagglehub/datasets/paultimothymooney/chest-xray-pneumonia/versions/2/chest_xray/chest_xray/train/NORMAL/NORMAL2-IM-0799-0001.jpeg,1,VALID_MODALITY,train
C:/Users/Ankit/.cache/kagglehub/datasets/paultimothymooney/chest-xray-pneumonia/versions/2/chest_xray/chest_xray/train/PNEUMONIA/person963_virus_1636.jpeg,1,VALID_MODALITY,val
C:/Users/Ankit/.cache/kagglehub/datasets/paultimothymooney/chest-xray-pneumonia/versions/2/chest_xray/train/PNEUMONIA/person1346_bacteria_3430.jpeg,1,VALID_MODALITY,train
C:/Users/Ankit/.cache/kagglehub/datasets/paultimothymooney/chest-xray-pneumonia/versions/2/chest_xray/train/NORMAL/IM-0728-0001.jpeg,1,VALID_MODALITY,val
C:/Users/Ankit/.cache/kagglehub/datasets/devbatrax/fracture-detection-using-x-ray-images/versions/1/data/train/fractured/11-rotated2-rotated1-rotated1.jpg,0,INVALID_MODALITY,train
C:/Users/Ankit/.cache/kagglehub/datasets/paultimothymooney/chest-xray-pneumonia/versions/2/chest_xray/train/PNEUMONIA/person494_bacteria_2090.jpeg,1,VALID_MODALITY,train
C:/Users/Ankit/.cache/kagglehub/datasets/devbatrax/fracture-detection-using-x-ray-images/versions/1/data/train/not fractured/42-rotated3-rotated3-rotated3.jpg,0,INVALID_MODALITY,train
C:/Users/Ankit/.cache/kagglehub/datasets/paultimothymooney/chest-xray-pneumonia/versions/2/chest_xray/train/PNEUMONIA/person604_bacteria_2463.jpeg,1,VALID_MODALITY,train
C:/Users/Ankit/.cache/kagglehub/datasets/devbatrax/fracture-detection-using-x-ray-images/versions/1/data/train/fractured/104-rotated2-rotated1-rotated1.jpg,0,INVALID_MODALITY,train
C:/Users/Ankit/.cache/kagglehub/datasets/devbatrax/fracture-detection-using-x-ray-images/versions/1/data/train/not fractured/62-rotated3-rotated2-rotated3-rotated1.jpg,0,INVALID_MODALITY,train
C:/Users/Ankit/.cache/kagglehub/datasets/devbatrax/fracture-detection-using-x-ray-images/versions/1/data/train/fractured/41-rotated3-rotated2-rotated1.jpg,0,INVALID_MODALITY,train
C:/Users/Ankit/.cache/kagglehub/datasets/devbatrax/fracture-detection-using-x-ray-images/versions/1/data/train/fractured/13-rotated2-rotated1.jpg,0,INVALID_MODALITY,train
C:/Users/Ankit/.cache/kagglehub/datasets/devbatrax/fracture-detection-using-x-ray-images/versions/1/data/train/not fractured/26-rotated3-rotated3-rotated1-rotated1.jpg,0,INVALID_MODALITY,test
C:/Users/Ankit/.cache/kagglehub/datasets/devbatrax/fracture-detection-using-x-ray-images/versions/1/data/train/fractured/50-rotated1-rotated3-rotated1.jpg,0,INVALID_MODALITY,train
C:/Users/Ankit/.cache/kagglehub/datasets/paultimothymooney/chest-xray-pneumonia/versions/2/chest_xray/chest_xray/train/PNEUMONIA/person618_bacteria_2489.jpeg,1,VALID_MODALITY,train
C:/Users/Ankit/.cache/kagglehub/datasets/paultimothymooney/chest-xray-pneumonia/versions/2/chest_xray/train/PNEUMONIA/person407_virus_812.jpeg,1,VALID_MODALITY,test
C:/Users/Ankit/.cache/kagglehub/datasets/paultimothymooney/chest-xray-pneumonia/versions/2/chest_xray/chest_xray/train/PNEUMONIA/person1145_virus_1905.jpeg,1,VALID_MODALITY,train
C:/Users/Ankit/.cache/kagglehub/datasets/paultimothymooney/chest-xray-pneumonia/versions/2/chest_xray/chest_xray/train/PNEUMONIA/person446_bacteria_1931.jpeg,1,VALID_MODALITY,train
C:/Users/Ankit/.cache/kagglehub/datasets/paultimothymooney/chest-xray-pneumonia/versions/2/chest_xray/test/NORMAL/IM-0091-0001.jpeg,1,VALID_MODALITY,train
C:/Users/Ankit/.cache/kagglehub/datasets/masoudnickparvar/brain-tumor-mri-dataset/versions/2/Training/meningioma/Tr-me_1189.jpg,0,INVALID_MODALITY,train
C:/Users/Ankit/.cache/kagglehub/datasets/paultimothymooney/chest-xray-pneumonia/versions/2/chest_xray/train/PNEUMONIA/person1482_virus_2570.jpeg,1,VALID_MODALITY,train
C:/Users/Ankit/.cache/kagglehub/datasets/devbatrax/fracture-detection-using-x-ray-images/versions/1/data/val/not fractured/4-rotated1.jpg,0,INVALID_MODALITY,train
D:\anti gravity\Radionova\datasets\generic_negatives\generic_0215.jpg,0,INVALID_MODALITY,train
C:/Users/Ankit/.cache/kagglehub/datasets/paultimothymooney/chest-xray-pneumonia/versions/2/chest_xray/train/NORMAL/IM-0403-0001.jpeg,1,VALID_MODALITY,train
C:/Users/Ankit/.cache/kagglehub/datasets/paultimothymooney/chest-xray-pneumonia/versions/2/chest_xray/train/PNEUMONIA/person1496_virus_2605.jpeg,1,VALID_MODALITY,train
C:/Users/Ankit/.cache/kagglehub/datasets/paultimothymooney/chest-xray-pneumonia/versions/2/chest_xray/train/NORMAL/NORMAL2-IM-1118-0001.jpeg,1,VALID_MODALITY,train
C:/Users/Ankit/.cache/kagglehub/datasets/devbatrax/fracture-detection-using-x-ray-images/versions/1/data/train/fractured/89-rotated2-rotated3-rotated1.jpg,0,INVALID_MODALITY,val
D:\anti gravity\Radionova\datasets\generic_negatives\generic_0338.jpg,0,INVALID_MODALITY,val
C:/Users/Ankit/.cache/kagglehub/datasets/paultimothymooney/chest-xray-pneumonia/versions/2/chest_xray/chest_xray/train/PNEUMONIA/person491_bacteria_2081.jpeg,1,VALID_MODALITY,train
C:/Users/Ankit/.cache/kagglehub/datasets/masoudnickparvar/brain-tumor-mri-dataset/versions/2/Training/meningioma/Tr-me_848.jpg,0,INVALID_MODALITY,train
C:/Users/Ankit/.cache/kagglehub/datasets/devbatrax/fracture-detection-using-x-ray-images/versions/1/data/train/not fractured/55-rotated1-rotated1-rotated3-rotated1.jpg,0,INVALID_MODALITY,train
C:/Users/Ankit/.cache/kagglehub/datasets/paultimothymooney/chest-xray-pneumonia/versions/2/chest_xray/chest_xray/train/NORMAL/NORMAL2-IM-1214-0001.jpeg,1,VALID_MODALITY,train
C:/Users/Ankit/.cache/kagglehub/datasets/paultimothymooney/chest-xray-pneumonia/versions/2/chest_xray/chest_xray/train/PNEUMONIA/person845_virus_1489.jpeg,1,VALID_MODALITY,train
C:/Users/Ankit/.cache/kagglehub/datasets/paultimothymooney/chest-xray-pneumonia/versions/2/chest_xray/chest_xray/train/PNEUMONIA/person28_bacteria_141.jpeg,1,VALID_MODALITY,train
C:/Users/Ankit/.cache/kagglehub/datasets/devbatrax/fracture-detection-using-x-ray-images/versions/1/data/train/not fractured/38-rotated2-rotated2-rotated3.jpg,0,INVALID_MODALITY,train
C:/Users/Ankit/.cache/kagglehub/datasets/devbatrax/fracture-detection-using-x-ray-images/versions/1/data/val/fractured/1.jpg,0,INVALID_MODALITY,train
C:/Users/Ankit/.cache/kagglehub/datasets/paultimothymooney/chest-xray-pneumonia/versions/2/chest_xray/train/PNEUMONIA/person355_virus_730.jpeg,1,VALID_MODALITY,train
C:/Users/Ankit/.cache/kagglehub/datasets/devbatrax/fracture-detection-using-x-ray-images/versions/1/data/train/not fractured/16-rotated3-rotated1-rotated3-rotated1.jpg,0,INVALID_MODALITY,train
C:/Users/Ankit/.cache/kagglehub/datasets/devbatrax/fracture-detection-using-x-ray-images/versions/1/data/train/not fractured/57-rotated1-rotated1-rotated2-rotated1.jpg,0,INVALID_MODALITY,train
C:/Users/Ankit/.cache/kagglehub/datasets/devbatrax/fracture-detection-using-x-ray-images/versions/1/data/train/fractured/64-rotated3-rotated2.jpg,0,INVALID_MODALITY,train
C:/Users/Ankit/.cache/kagglehub/datasets/devbatrax/fracture-detection-using-x-ray-images/versions/1/data/train/fractured/118-rotated1-rotated1-rotated3.jpg,0,INVALID_MODALITY,val
C:/Users/Ankit/.cache/kagglehub/datasets/paultimothymooney/chest-xray-pneumonia/versions/2/chest_xray/chest_xray/train/PNEUMONIA/person1651_bacteria_4381.jpeg,1,VALID_MODALITY,train
C:/Users/Ankit/.cache/kagglehub/datasets/paultimothymooney/chest-xray-pneumonia/versions/2/chest_xray/chest_xray/test/NORMAL/NORMAL2-IM-0380-0001.jpeg,1,VALID_MODALITY,train
C:/Users/Ankit/.cache/kagglehub/datasets/devbatrax/fracture-detection-using-x-ray-images/versions/1/data/train/fractured/19-rotated2-rotated1-rotated2.jpg,0,INVALID_MODALITY,train
C:/Users/Ankit/.cache/kagglehub/datasets/devbatrax/fracture-detection-using-x-ray-images/versions/1/data/train/not fractured/14-rotated1-rotated1-rotated3-rotated1.jpg,0,INVALID_MODALITY,train
C:/Users/Ankit/.cache/kagglehub/datasets/paultimothymooney/chest-xray-pneumonia/versions/2/chest_xray/chest_xray/train/PNEUMONIA/person1461_virus_2510.jpeg,1,VALID_MODALITY,train
C:/Users/Ankit/.cache/kagglehub/datasets/paultimothymooney/chest-xray-pneumonia/versions/2/chest_xray/test/PNEUMONIA/person139_bacteria_662.jpeg,1,VALID_MODALITY,test
D:\anti gravity\Radionova\datasets\generic_negatives\generic_0127.jpg,0,INVALID_MODALITY,train
C:/Users/Ankit/.cache/kagglehub/datasets/paultimothymooney/chest-xray-pneumonia/versions/2/chest_xray/chest_xray/train/PNEUMONIA/person20_bacteria_69.jpeg,1,VALID_MODALITY,train
C:/Users/Ankit/.cache/kagglehub/datasets/paultimothymooney/chest-xray-pneumonia/versions/2/chest_xray/chest_xray/train/NORMAL/NORMAL2-IM-0846-0001.jpeg,1,VALID_MODALITY,train
C:/Users/Ankit/.cache/kagglehub/datasets/paultimothymooney/chest-xray-pneumonia/versions/2/chest_xray/train/PNEUMONIA/person319_bacteria_1478.jpeg,1,VALID_MODALITY,train
C:/Users/Ankit/.cache/kagglehub/datasets/paultimothymooney/chest-xray-pneumonia/versions/2/chest_xray/train/PNEUMONIA/person903_bacteria_2828.jpeg,1,VALID_MODALITY,train
C:/Users/Ankit/.cache/kagglehub/datasets/devbatrax/fracture-detection-using-x-ray-images/versions/1/data/train/fractured/90-rotated2-rotated3-rotated2.jpg,0,INVALID_MODALITY,val
C:/Users/Ankit/.cache/kagglehub/datasets/paultimothymooney/chest-xray-pneumonia/versions/2/chest_xray/chest_xray/train/PNEUMONIA/person403_virus_803.jpeg,1,VALID_MODALITY,train
C:/Users/Ankit/.cache/kagglehub/datasets/devbatrax/fracture-detection-using-x-ray-images/versions/1/data/train/fractured/34-rotated2-rotated1.jpg,0,INVALID_MODALITY,train
D:\anti gravity\Radionova\datasets\generic_negatives\generic_0076.jpg,0,INVALID_MODALITY,val
D:\anti gravity\Radionova\datasets\generic_negatives\generic_0301.jpg,0,INVALID_MODALITY,train
C:/Users/Ankit/.cache/kagglehub/datasets/masoudnickparvar/brain-tumor-mri-dataset/versions/2/Testing/meningioma/Te-me_290.jpg,0,INVALID_MODALITY,train
C:/Users/Ankit/.cache/kagglehub/datasets/paultimothymooney/chest-xray-pneumonia/versions/2/chest_xray/chest_xray/test/PNEUMONIA/person85_bacteria_423.jpeg,1,VALID_MODALITY,train
C:/Users/Ankit/.cache/kagglehub/datasets/paultimothymooney/chest-xray-pneumonia/versions/2/chest_xray/chest_xray/train/PNEUMONIA/person1648_bacteria_4375.jpeg,1,VALID_MODALITY,test
C:/Users/Ankit/.cache/kagglehub/datasets/masoudnickparvar/brain-tumor-mri-dataset/versions/2/Training/meningioma/Tr-me_45.jpg,0,INVALID_MODALITY,train
C:/Users/Ankit/.cache/kagglehub/datasets/paultimothymooney/chest-xray-pneumonia/versions/2/chest_xray/chest_xray/train/PNEUMONIA/person1381_bacteria_3517.jpeg,1,VALID_MODALITY,train
C:/Users/Ankit/.cache/kagglehub/datasets/masoudnickparvar/brain-tumor-mri-dataset/versions/2/Testing/glioma/Te-gl_193.jpg,0,INVALID_MODALITY,train
C:/Users/Ankit/.cache/kagglehub/datasets/paultimothymooney/chest-xray-pneumonia/versions/2/chest_xray/train/PNEUMONIA/person52_bacteria_249.jpeg,1,VALID_MODALITY,train
C:/Users/Ankit/.cache/kagglehub/datasets/masoudnickparvar/brain-tumor-mri-dataset/versions/2/Training/glioma/Tr-gl_647.jpg,0,INVALID_MODALITY,test
C:/Users/Ankit/.cache/kagglehub/datasets/paultimothymooney/chest-xray-pneumonia/versions/2/chest_xray/chest_xray/test/PNEUMONIA/person117_bacteria_557.jpeg,1,VALID_MODALITY,train
C:/Users/Ankit/.cache/kagglehub/datasets/devbatrax/fracture-detection-using-x-ray-images/versions/1/data/train/not fractured/42-rotated1-rotated1-rotated1-rotated1.jpg,0,INVALID_MODALITY,train
D:\anti gravity\Radionova\datasets\generic_negatives\generic_0248.jpg,0,INVALID_MODALITY,train
C:/Users/Ankit/.cache/kagglehub/datasets/devbatrax/fracture-detection-using-x-ray-images/versions/1/data/train/fractured/10-rotated1-rotated1.jpg,0,INVALID_MODALITY,train
C:/Users/Ankit/.cache/kagglehub/datasets/devbatrax/fracture-detection-using-x-ray-images/versions/1/data/train/not fractured/16-rotated3-rotated1-rotated2-rotated1.jpg,0,INVALID_MODALITY,train
C:/Users/Ankit/.cache/kagglehub/datasets/paultimothymooney/chest-xray-pneumonia/versions/2/chest_xray/test/PNEUMONIA/person40_virus_87.jpeg,1,VALID_MODALITY,train
D:\anti gravity\Radionova\datasets\generic_negatives\generic_0398.jpg,0,INVALID_MODALITY,train
C:/Users/Ankit/.cache/kagglehub/datasets/paultimothymooney/chest-xray-pneumonia/versions/2/chest_xray/test/PNEUMONIA/person78_bacteria_378.jpeg,1,VALID_MODALITY,train
C:/Users/Ankit/.cache/kagglehub/datasets/paultimothymooney/chest-xray-pneumonia/versions/2/chest_xray/chest_xray/test/PNEUMONIA/person158_bacteria_742.jpeg,1,VALID_MODALITY,train
C:/Users/Ankit/.cache/kagglehub/datasets/devbatrax/fracture-detection-using-x-ray-images/versions/1/data/train/not fractured/17-rotated3-rotated3.jpg,0,INVALID_MODALITY,test
C:/Users/Ankit/.cache/kagglehub/datasets/paultimothymooney/chest-xray-pneumonia/versions/2/chest_xray/chest_xray/train/PNEUMONIA/person1720_bacteria_4545.jpeg,1,VALID_MODALITY,val
C:/Users/Ankit/.cache/kagglehub/datasets/paultimothymooney/chest-xray-pneumonia/versions/2/chest_xray/test/PNEUMONIA/person10_virus_35.jpeg,1,VALID_MODALITY,train
C:/Users/Ankit/.cache/kagglehub/datasets/paultimothymooney/chest-xray-pneumonia/versions/2/chest_xray/chest_xray/train/PNEUMONIA/person277_bacteria_1306.jpeg,1,VALID_MODALITY,train
C:/Users/Ankit/.cache/kagglehub/datasets/paultimothymooney/chest-xray-pneumonia/versions/2/chest_xray/train/PNEUMONIA/person953_bacteria_2878.jpeg,1,VALID_MODALITY,test
C:/Users/Ankit/.cache/kagglehub/datasets/paultimothymooney/chest-xray-pneumonia/versions/2/chest_xray/train/NORMAL/NORMAL2-IM-0588-0001.jpeg,1,VALID_MODALITY,test
C:/Users/Ankit/.cache/kagglehub/datasets/paultimothymooney/chest-xray-pneumonia/versions/2/chest_xray/chest_xray/train/PNEUMONIA/person494_bacteria_2088.jpeg,1,VALID_MODALITY,val
C:/Users/Ankit/.cache/kagglehub/datasets/devbatrax/fracture-detection-using-x-ray-images/versions/1/data/train/not fractured/25-rotated2-rotated3.jpg,0,INVALID_MODALITY,test
C:/Users/Ankit/.cache/kagglehub/datasets/paultimothymooney/chest-xray-pneumonia/versions/2/chest_xray/train/PNEUMONIA/person53_bacteria_254.jpeg,1,VALID_MODALITY,val
C:/Users/Ankit/.cache/kagglehub/datasets/paultimothymooney/chest-xray-pneumonia/versions/2/chest_xray/train/PNEUMONIA/person509_virus_1024.jpeg,1,VALID_MODALITY,train
C:/Users/Ankit/.cache/kagglehub/datasets/paultimothymooney/chest-xray-pneumonia/versions/2/chest_xray/train/PNEUMONIA/person613_virus_1181.jpeg,1,VALID_MODALITY,val
C:/Users/Ankit/.cache/kagglehub/datasets/paultimothymooney/chest-xray-pneumonia/versions/2/chest_xray/train/PNEUMONIA/person1268_virus_2161.jpeg,1,VALID_MODALITY,train
C:/Users/Ankit/.cache/kagglehub/datasets/devbatrax/fracture-detection-using-x-ray-images/versions/1/data/train/not fractured/24-rotated2-rotated3-rotated1-rotated1.jpg,0,INVALID_MODALITY,train
C:/Users/Ankit/.cache/kagglehub/datasets/masoudnickparvar/brain-tumor-mri-dataset/versions/2/Training/pituitary/Tr-pi_415.jpg,0,INVALID_MODALITY,train
C:/Users/Ankit/.cache/kagglehub/datasets/paultimothymooney/chest-xray-pneumonia/versions/2/chest_xray/chest_xray/train/PNEUMONIA/person600_bacteria_2457.jpeg,1,VALID_MODALITY,train
C:/Users/Ankit/.cache/kagglehub/datasets/masoudnickparvar/brain-tumor-mri-dataset/versions/2/Training/glioma/Tr-gl_1161.jpg,0,INVALID_MODALITY,train
C:/Users/Ankit/.cache/kagglehub/datasets/devbatrax/fracture-detection-using-x-ray-images/versions/1/data/train/not fractured/34-rotated2.jpg,0,INVALID_MODALITY,train
C:/Users/Ankit/.cache/kagglehub/datasets/paultimothymooney/chest-xray-pneumonia/versions/2/chest_xray/chest_xray/train/PNEUMONIA/person23_bacteria_80.jpeg,1,VALID_MODALITY,train
C:/Users/Ankit/.cache/kagglehub/datasets/paultimothymooney/chest-xray-pneumonia/versions/2/chest_xray/train/PNEUMONIA/person317_virus_643.jpeg,1,VALID_MODALITY,train
C:/Users/Ankit/.cache/kagglehub/datasets/paultimothymooney/chest-xray-pneumonia/versions/2/chest_xray/chest_xray/train/PNEUMONIA/person1288_bacteria_3251.jpeg,1,VALID_MODALITY,val
C:/Users/Ankit/.cache/kagglehub/datasets/paultimothymooney/chest-xray-pneumonia/versions/2/chest_xray/chest_xray/train/NORMAL/IM-0667-0001.jpeg,1,VALID_MODALITY,train
C:/Users/Ankit/.cache/kagglehub/datasets/paultimothymooney/chest-xray-pneumonia/versions/2/chest_xray/train/PNEUMONIA/person1497_bacteria_3912.jpeg,1,VALID_MODALITY,val
D:\anti gravity\Radionova\datasets\generic_negatives\generic_0235.jpg,0,INVALID_MODALITY,train
C:/Users/Ankit/.cache/kagglehub/datasets/paultimothymooney/chest-xray-pneumonia/versions/2/chest_xray/train/PNEUMONIA/person23_bacteria_81.jpeg,1,VALID_MODALITY,train
C:/Users/Ankit/.cache/kagglehub/datasets/paultimothymooney/chest-xray-pneumonia/versions/2/chest_xray/chest_xray/train/PNEUMONIA/person448_virus_922.jpeg,1,VALID_MODALITY,train
C:/Users/Ankit/.cache/kagglehub/datasets/paultimothymooney/chest-xray-pneumonia/versions/2/chest_xray/train/PNEUMONIA/person995_bacteria_2923.jpeg,1,VALID_MODALITY,test
C:/Users/Ankit/.cache/kagglehub/datasets/paultimothymooney/chest-xray-pneumonia/versions/2/chest_xray/chest_xray/train/PNEUMONIA/person517_virus_1035.jpeg,1,VALID_MODALITY,train
C:/Users/Ankit/.cache/kagglehub/datasets/paultimothymooney/chest-xray-pneumonia/versions/2/chest_xray/chest_xray/train/NORMAL/IM-0511-0001-0002.jpeg,1,VALID_MODALITY,train
C:/Users/Ankit/.cache/kagglehub/datasets/paultimothymooney/chest-xray-pneumonia/versions/2/chest_xray/test/PNEUMONIA/person1676_virus_2892.jpeg,1,VALID_MODALITY,train
C:/Users/Ankit/.cache/kagglehub/datasets/paultimothymooney/chest-xray-pneumonia/versions/2/chest_xray/train/PNEUMONIA/person417_bacteria_1842.jpeg,1,VALID_MODALITY,train
C:/Users/Ankit/.cache/kagglehub/datasets/paultimothymooney/chest-xray-pneumonia/versions/2/chest_xray/chest_xray/train/NORMAL/NORMAL2-IM-1154-0001-0001.jpeg,1,VALID_MODALITY,val
D:\anti gravity\Radionova\datasets\generic_negatives\generic_0252.jpg,0,INVALID_MODALITY,train
D:\anti gravity\Radionova\datasets\generic_negatives\generic_0024.jpg,0,INVALID_MODALITY,val
C:/Users/Ankit/.cache/kagglehub/datasets/paultimothymooney/chest-xray-pneumonia/versions/2/chest_xray/chest_xray/train/PNEUMONIA/person1186_bacteria_3134.jpeg,1,VALID_MODALITY,test
C:/Users/Ankit/.cache/kagglehub/datasets/paultimothymooney/chest-xray-pneumonia/versions/2/chest_xray/chest_xray/train/PNEUMONIA/person1403_bacteria_3559.jpeg,1,VALID_MODALITY,train
C:/Users/Ankit/.cache/kagglehub/datasets/devbatrax/fracture-detection-using-x-ray-images/versions/1/data/train/not fractured/52-rotated3-rotated3-rotated3-rotated1.jpg,0,INVALID_MODALITY,train
C:/Users/Ankit/.cache/kagglehub/datasets/paultimothymooney/chest-xray-pneumonia/versions/2/chest_xray/chest_xray/train/NORMAL/IM-0658-0001.jpeg,1,VALID_MODALITY,train
C:/Users/Ankit/.cache/kagglehub/datasets/devbatrax/fracture-detection-using-x-ray-images/versions/1/data/train/fractured/36-rotated2-rotated1-rotated3.jpg,0,INVALID_MODALITY,train
C:/Users/Ankit/.cache/kagglehub/datasets/paultimothymooney/chest-xray-pneumonia/versions/2/chest_xray/chest_xray/train/PNEUMONIA/person480_bacteria_2040.jpeg,1,VALID_MODALITY,val
C:/Users/Ankit/.cache/kagglehub/datasets/devbatrax/fracture-detection-using-x-ray-images/versions/1/data/train/fractured/94-rotated2-rotated2.jpg,0,INVALID_MODALITY,test
C:/Users/Ankit/.cache/kagglehub/datasets/paultimothymooney/chest-xray-pneumonia/versions/2/chest_xray/test/PNEUMONIA/person1659_virus_2867.jpeg,1,VALID_MODALITY,train
D:\anti gravity\Radionova\datasets\generic_negatives\generic_0079.jpg,0,INVALID_MODALITY,train
C:/Users/Ankit/.cache/kagglehub/datasets/devbatrax/fracture-detection-using-x-ray-images/versions/1/data/train/not fractured/68-rotated3-rotated2-rotated2-rotated1.jpg,0,INVALID_MODALITY,train
C:/Users/Ankit/.cache/kagglehub/datasets/paultimothymooney/chest-xray-pneumonia/versions/2/chest_xray/chest_xray/test/PNEUMONIA/person80_bacteria_389.jpeg,1,VALID_MODALITY,train
C:/Users/Ankit/.cache/kagglehub/datasets/devbatrax/fracture-detection-using-x-ray-images/versions/1/data/train/fractured/14-rotated3.jpg,0,INVALID_MODALITY,train
C:/Users/Ankit/.cache/kagglehub/datasets/paultimothymooney/chest-xray-pneumonia/versions/2/chest_xray/test/PNEUMONIA/person81_bacteria_398.jpeg,1,VALID_MODALITY,train
C:/Users/Ankit/.cache/kagglehub/datasets/devbatrax/fracture-detection-using-x-ray-images/versions/1/data/val/fractured/9-rotated1-rotated1.jpg,0,INVALID_MODALITY,train
C:/Users/Ankit/.cache/kagglehub/datasets/masoudnickparvar/brain-tumor-mri-dataset/versions/2/Training/meningioma/Tr-me_475.jpg,0,INVALID_MODALITY,test
C:/Users/Ankit/.cache/kagglehub/datasets/devbatrax/fracture-detection-using-x-ray-images/versions/1/data/val/fractured/5-rotated2-rotated3-rotated3.jpg,0,INVALID_MODALITY,train
C:/Users/Ankit/.cache/kagglehub/datasets/paultimothymooney/chest-xray-pneumonia/versions/2/chest_xray/train/PNEUMONIA/person1936_bacteria_4852.jpeg,1,VALID_MODALITY,test
C:/Users/Ankit/.cache/kagglehub/datasets/paultimothymooney/chest-xray-pneumonia/versions/2/chest_xray/chest_xray/train/PNEUMONIA/person70_bacteria_343.jpeg,1,VALID_MODALITY,train
C:/Users/Ankit/.cache/kagglehub/datasets/devbatrax/fracture-detection-using-x-ray-images/versions/1/data/train/fractured/101-rotated1-rotated3-rotated1.jpg,0,INVALID_MODALITY,val
C:/Users/Ankit/.cache/kagglehub/datasets/paultimothymooney/chest-xray-pneumonia/versions/2/chest_xray/train/NORMAL/IM-0493-0001.jpeg,1,VALID_MODALITY,test
C:/Users/Ankit/.cache/kagglehub/datasets/masoudnickparvar/brain-tumor-mri-dataset/versions/2/Training/pituitary/Tr-pi_150.jpg,0,INVALID_MODALITY,train
C:/Users/Ankit/.cache/kagglehub/datasets/paultimothymooney/chest-xray-pneumonia/versions/2/chest_xray/train/PNEUMONIA/person1157_virus_1937.jpeg,1,VALID_MODALITY,train
D:\anti gravity\Radionova\datasets\generic_negatives\generic_0369.jpg,0,INVALID_MODALITY,train
D:\anti gravity\Radionova\datasets\generic_negatives\generic_0181.jpg,0,INVALID_MODALITY,train
C:/Users/Ankit/.cache/kagglehub/datasets/devbatrax/fracture-detection-using-x-ray-images/versions/1/data/train/not fractured/60-rotated3-rotated1-rotated3.jpg,0,INVALID_MODALITY,train
C:/Users/Ankit/.cache/kagglehub/datasets/paultimothymooney/chest-xray-pneumonia/versions/2/chest_xray/chest_xray/train/NORMAL/NORMAL2-IM-0930-0001.jpeg,1,VALID_MODALITY,test
C:/Users/Ankit/.cache/kagglehub/datasets/devbatrax/fracture-detection-using-x-ray-images/versions/1/data/train/fractured/118-rotated2-rotated1.jpg,0,INVALID_MODALITY,train
C:/Users/Ankit/.cache/kagglehub/datasets/devbatrax/fracture-detection-using-x-ray-images/versions/1/data/train/fractured/84-rotated3-rotated3-rotated3.jpg,0,INVALID_MODALITY,val
C:/Users/Ankit/.cache/kagglehub/datasets/paultimothymooney/chest-xray-pneumonia/versions/2/chest_xray/chest_xray/train/PNEUMONIA/person489_bacteria_2063.jpeg,1,VALID_MODALITY,val
C:/Users/Ankit/.cache/kagglehub/datasets/paultimothymooney/chest-xray-pneumonia/versions/2/chest_xray/train/PNEUMONIA/person24_bacteria_109.jpeg,1,VALID_MODALITY,train
C:/Users/Ankit/.cache/kagglehub/datasets/masoudnickparvar/brain-tumor-mri-dataset/versions/2/Training/meningioma/Tr-me_208.jpg,0,INVALID_MODALITY,train
C:/Users/Ankit/.cache/kagglehub/datasets/paultimothymooney/chest-xray-pneumonia/versions/2/chest_xray/train/NORMAL/IM-0419-0001.jpeg,1,VALID_MODALITY,train
C:/Users/Ankit/.cache/kagglehub/datasets/paultimothymooney/chest-xray-pneumonia/versions/2/chest_xray/chest_xray/train/PNEUMONIA/person966_bacteria_2891.jpeg,1,VALID_MODALITY,train
C:/Users/Ankit/.cache/kagglehub/datasets/paultimothymooney/chest-xray-pneumonia/versions/2/chest_xray/train/PNEUMONIA/person846_bacteria_2766.jpeg,1,VALID_MODALITY,train
C:/Users/Ankit/.cache/kagglehub/datasets/devbatrax/fracture-detection-using-x-ray-images/versions/1/data/train/fractured/110-rotated3.jpg,0,INVALID_MODALITY,train
C:/Users/Ankit/.cache/kagglehub/datasets/masoudnickparvar/brain-tumor-mri-dataset/versions/2/Training/pituitary/Tr-pi_42.jpg,0,INVALID_MODALITY,train
C:/Users/Ankit/.cache/kagglehub/datasets/devbatrax/fracture-detection-using-x-ray-images/versions/1/data/train/not fractured/25-rotated2-rotated2-rotated2.jpg,0,INVALID_MODALITY,train
C:/Users/Ankit/.cache/kagglehub/datasets/paultimothymooney/chest-xray-pneumonia/versions/2/chest_xray/chest_xray/train/PNEUMONIA/person740_virus_1363.jpeg,1,VALID_MODALITY,train
C:/Users/Ankit/.cache/kagglehub/datasets/paultimothymooney/chest-xray-pneumonia/versions/2/chest_xray/chest_xray/train/NORMAL/NORMAL2-IM-1202-0001.jpeg,1,VALID_MODALITY,train
C:/Users/Ankit/.cache/kagglehub/datasets/devbatrax/fracture-detection-using-x-ray-images/versions/1/data/train/fractured/63-rotated3-rotated1-rotated3.jpg,0,INVALID_MODALITY,train
C:/Users/Ankit/.cache/kagglehub/datasets/devbatrax/fracture-detection-using-x-ray-images/versions/1/data/train/fractured/77-rotated2-rotated3-rotated2.jpg,0,INVALID_MODALITY,test
C:/Users/Ankit/.cache/kagglehub/datasets/paultimothymooney/chest-xray-pneumonia/versions/2/chest_xray/chest_xray/train/PNEUMONIA/person693_bacteria_2590.jpeg,1,VALID_MODALITY,train
C:/Users/Ankit/.cache/kagglehub/datasets/devbatrax/fracture-detection-using-x-ray-images/versions/1/data/train/fractured/30-rotated2-rotated1-rotated1.jpg,0,INVALID_MODALITY,train
C:/Users/Ankit/.cache/kagglehub/datasets/paultimothymooney/chest-xray-pneumonia/versions/2/chest_xray/chest_xray/train/PNEUMONIA/person489_virus_994.jpeg,1,VALID_MODALITY,train
C:/Users/Ankit/.cache/kagglehub/datasets/devbatrax/fracture-detection-using-x-ray-images/versions/1/data/train/fractured/89-rotated1.jpg,0,INVALID_MODALITY,train
C:/Users/Ankit/.cache/kagglehub/datasets/paultimothymooney/chest-xray-pneumonia/versions/2/chest_xray/train/PNEUMONIA/person934_bacteria_2859.jpeg,1,VALID_MODALITY,train
C:/Users/Ankit/.cache/kagglehub/datasets/paultimothymooney/chest-xray-pneumonia/versions/2/chest_xray/train/NORMAL/NORMAL2-IM-0909-0001.jpeg,1,VALID_MODALITY,train
C:/Users/Ankit/.cache/kagglehub/datasets/paultimothymooney/chest-xray-pneumonia/versions/2/chest_xray/train/PNEUMONIA/person31_bacteria_164.jpeg,1,VALID_MODALITY,test
C:/Users/Ankit/.cache/kagglehub/datasets/paultimothymooney/chest-xray-pneumonia/versions/2/chest_xray/train/NORMAL/IM-0154-0001.jpeg,1,VALID_MODALITY,train
C:/Users/Ankit/.cache/kagglehub/datasets/masoudnickparvar/brain-tumor-mri-dataset/versions/2/Testing/pituitary/Te-pi_341.jpg,0,INVALID_MODALITY,train
C:/Users/Ankit/.cache/kagglehub/datasets/devbatrax/fracture-detection-using-x-ray-images/versions/1/data/val/not fractured/1-rotated3-rotated1-rotated1-rotated1.jpg,0,INVALID_MODALITY,train
C:/Users/Ankit/.cache/kagglehub/datasets/masoudnickparvar/brain-tumor-mri-dataset/versions/2/Testing/pituitary/Te-pi_216.jpg,0,INVALID_MODALITY,val
C:/Users/Ankit/.cache/kagglehub/datasets/devbatrax/fracture-detection-using-x-ray-images/versions/1/data/train/fractured/87-rotated3-rotated1-rotated3.jpg,0,INVALID_MODALITY,train
C:/Users/Ankit/.cache/kagglehub/datasets/devbatrax/fracture-detection-using-x-ray-images/versions/1/data/train/not fractured/53-rotated1.jpg,0,INVALID_MODALITY,train
C:/Users/Ankit/.cache/kagglehub/datasets/paultimothymooney/chest-xray-pneumonia/versions/2/chest_xray/chest_xray/train/PNEUMONIA/person1343_bacteria_3409.jpeg,1,VALID_MODALITY,train
C:/Users/Ankit/.cache/kagglehub/datasets/paultimothymooney/chest-xray-pneumonia/versions/2/chest_xray/train/PNEUMONIA/person1223_virus_2073.jpeg,1,VALID_MODALITY,val
C:/Users/Ankit/.cache/kagglehub/datasets/devbatrax/fracture-detection-using-x-ray-images/versions/1/data/train/not fractured/16-rotated2-rotated2.jpg,0,INVALID_MODALITY,test
C:/Users/Ankit/.cache/kagglehub/datasets/paultimothymooney/chest-xray-pneumonia/versions/2/chest_xray/chest_xray/train/PNEUMONIA/person980_virus_1655.jpeg,1,VALID_MODALITY,val
C:/Users/Ankit/.cache/kagglehub/datasets/paultimothymooney/chest-xray-pneumonia/versions/2/chest_xray/train/PNEUMONIA/person1378_bacteria_3513.jpeg,1,VALID_MODALITY,train
C:/Users/Ankit/.cache/kagglehub/datasets/paultimothymooney/chest-xray-pneumonia/versions/2/chest_xray/train/PNEUMONIA/person1589_bacteria_4171.jpeg,1,VALID_MODALITY,train
C:/Users/Ankit/.cache/kagglehub/datasets/masoudnickparvar/brain-tumor-mri-dataset/versions/2/Training/glioma/Tr-gl_307.jpg,0,INVALID_MODALITY,train
C:/Users/Ankit/.cache/kagglehub/datasets/devbatrax/fracture-detection-using-x-ray-images/versions/1/data/train/not fractured/55-rotated1-rotated2.jpg,0,INVALID_MODALITY,train
C:/Users/Ankit/.cache/kagglehub/datasets/paultimothymooney/chest-xray-pneumonia/versions/2/chest_xray/chest_xray/train/PNEUMONIA/person338_bacteria_1567.jpeg,1,VALID_MODALITY,train
C:/Users/Ankit/.cache/kagglehub/datasets/paultimothymooney/chest-xray-pneumonia/versions/2/chest_xray/chest_xray/train/PNEUMONIA/person1702_bacteria_4506.jpeg,1,VALID_MODALITY,train
C:/Users/Ankit/.cache/kagglehub/datasets/paultimothymooney/chest-xray-pneumonia/versions/2/chest_xray/test/PNEUMONIA/person122_bacteria_582.jpeg,1,VALID_MODALITY,train
C:/Users/Ankit/.cache/kagglehub/datasets/masoudnickparvar/brain-tumor-mri-dataset/versions/2/Training/glioma/Tr-gl_1067.jpg,0,INVALID_MODALITY,test
C:/Users/Ankit/.cache/kagglehub/datasets/paultimothymooney/chest-xray-pneumonia/versions/2/chest_xray/train/PNEUMONIA/person1562_bacteria_4087.jpeg,1,VALID_MODALITY,test
C:/Users/Ankit/.cache/kagglehub/datasets/paultimothymooney/chest-xray-pneumonia/versions/2/chest_xray/train/PNEUMONIA/person459_virus_947.jpeg,1,VALID_MODALITY,train
D:\anti gravity\Radionova\datasets\generic_negatives\generic_0169.jpg,0,INVALID_MODALITY,test
C:/Users/Ankit/.cache/kagglehub/datasets/paultimothymooney/chest-xray-pneumonia/versions/2/chest_xray/chest_xray/train/PNEUMONIA/person1271_bacteria_3231.jpeg,1,VALID_MODALITY,train
C:/Users/Ankit/.cache/kagglehub/datasets/paultimothymooney/chest-xray-pneumonia/versions/2/chest_xray/chest_xray/train/PNEUMONIA/person860_virus_1505.jpeg,1,VALID_MODALITY,train
C:/Users/Ankit/.cache/kagglehub/datasets/masoudnickparvar/brain-tumor-mri-dataset/versions/2/Training/glioma/Tr-gl_655.jpg,0,INVALID_MODALITY,test
C:/Users/Ankit/.cache/kagglehub/datasets/devbatrax/fracture-detection-using-x-ray-images/versions/1/data/train/fractured/93-rotated3.jpg,0,INVALID_MODALITY,train
C:/Users/Ankit/.cache/kagglehub/datasets/paultimothymooney/chest-xray-pneumonia/versions/2/chest_xray/chest_xray/train/NORMAL/NORMAL2-IM-0664-0001.jpeg,1,VALID_MODALITY,train
C:/Users/Ankit/.cache/kagglehub/datasets/paultimothymooney/chest-xray-pneumonia/versions/2/chest_xray/train/PNEUMONIA/person314_bacteria_1462.jpeg,1,VALID_MODALITY,train
C:/Users/Ankit/.cache/kagglehub/datasets/devbatrax/fracture-detection-using-x-ray-images/versions/1/data/train/not fractured/50-rotated1-rotated3-rotated3-rotated1.jpg,0,INVALID_MODALITY,train
C:/Users/Ankit/.cache/kagglehub/datasets/devbatrax/fracture-detection-using-x-ray-images/versions/1/data/train/fractured/73-rotated2-rotated2-rotated2.jpg,0,INVALID_MODALITY,test
C:/Users/Ankit/.cache/kagglehub/datasets/paultimothymooney/chest-xray-pneumonia/versions/2/chest_xray/train/PNEUMONIA/person332_bacteria_1538.jpeg,1,VALID_MODALITY,val
C:/Users/Ankit/.cache/kagglehub/datasets/paultimothymooney/chest-xray-pneumonia/versions/2/chest_xray/train/NORMAL/NORMAL2-IM-0611-0001.jpeg,1,VALID_MODALITY,train
C:/Users/Ankit/.cache/kagglehub/datasets/paultimothymooney/chest-xray-pneumonia/versions/2/chest_xray/chest_xray/train/PNEUMONIA/person1336_virus_2306.jpeg,1,VALID_MODALITY,test
C:/Users/Ankit/.cache/kagglehub/datasets/paultimothymooney/chest-xray-pneumonia/versions/2/chest_xray/train/PNEUMONIA/person1689_bacteria_4474.jpeg,1,VALID_MODALITY,train
C:/Users/Ankit/.cache/kagglehub/datasets/paultimothymooney/chest-xray-pneumonia/versions/2/chest_xray/train/PNEUMONIA/person1154_virus_1933.jpeg,1,VALID_MODALITY,test
C:/Users/Ankit/.cache/kagglehub/datasets/paultimothymooney/chest-xray-pneumonia/versions/2/chest_xray/train/PNEUMONIA/person1180_virus_2012.jpeg,1,VALID_MODALITY,val
C:/Users/Ankit/.cache/kagglehub/datasets/paultimothymooney/chest-xray-pneumonia/versions/2/chest_xray/train/NORMAL/IM-0420-0001.jpeg,1,VALID_MODALITY,train
C:/Users/Ankit/.cache/kagglehub/datasets/paultimothymooney/chest-xray-pneumonia/versions/2/chest_xray/test/NORMAL/NORMAL2-IM-0282-0001.jpeg,1,VALID_MODALITY,train
D:\anti gravity\Radionova\datasets\generic_negatives\generic_0213.jpg,0,INVALID_MODALITY,train
C:/Users/Ankit/.cache/kagglehub/datasets/paultimothymooney/chest-xray-pneumonia/versions/2/chest_xray/chest_xray/train/PNEUMONIA/person1398_virus_2401.jpeg,1,VALID_MODALITY,train
C:/Users/Ankit/.cache/kagglehub/datasets/devbatrax/fracture-detection-using-x-ray-images/versions/1/data/train/not fractured/45-rotated1-rotated3-rotated2-rotated1.jpg,0,INVALID_MODALITY,train
C:/Users/Ankit/.cache/kagglehub/datasets/devbatrax/fracture-detection-using-x-ray-images/versions/1/data/train/not fractured/67-rotated1-rotated2.jpg,0,INVALID_MODALITY,val
C:/Users/Ankit/.cache/kagglehub/datasets/masoudnickparvar/brain-tumor-mri-dataset/versions/2/Training/glioma/Tr-gl_935.jpg,0,INVALID_MODALITY,val
C:/Users/Ankit/.cache/kagglehub/datasets/devbatrax/fracture-detection-using-x-ray-images/versions/1/data/train/fractured/11-rotated1-rotated3-rotated3.jpg,0,INVALID_MODALITY,train
C:/Users/Ankit/.cache/kagglehub/datasets/paultimothymooney/chest-xray-pneumonia/versions/2/chest_xray/train/NORMAL/NORMAL2-IM-0816-0001.jpeg,1,VALID_MODALITY,train
C:/Users/Ankit/.cache/kagglehub/datasets/paultimothymooney/chest-xray-pneumonia/versions/2/chest_xray/train/PNEUMONIA/person339_bacteria_1572.jpeg,1,VALID_MODALITY,train
C:/Users/Ankit/.cache/kagglehub/datasets/paultimothymooney/chest-xray-pneumonia/versions/2/chest_xray/chest_xray/test/PNEUMONIA/person87_bacteria_434.jpeg,1,VALID_MODALITY,train
C:/Users/Ankit/.cache/kagglehub/datasets/paultimothymooney/chest-xray-pneumonia/versions/2/chest_xray/train/PNEUMONIA/person1246_bacteria_3202.jpeg,1,VALID_MODALITY,train
C:/Users/Ankit/.cache/kagglehub/datasets/paultimothymooney/chest-xray-pneumonia/versions/2/chest_xray/train/PNEUMONIA/person911_bacteria_2836.jpeg,1,VALID_MODALITY,train
C:/Users/Ankit/.cache/kagglehub/datasets/devbatrax/fracture-detection-using-x-ray-images/versions/1/data/train/fractured/78-rotated3-rotated3-rotated1.jpg,0,INVALID_MODALITY,test
C:/Users/Ankit/.cache/kagglehub/datasets/paultimothymooney/chest-xray-pneumonia/versions/2/chest_xray/train/NORMAL/NORMAL2-IM-0686-0001.jpeg,1,VALID_MODALITY,train
C:/Users/Ankit/.cache/kagglehub/datasets/masoudnickparvar/brain-tumor-mri-dataset/versions/2/Training/pituitary/Tr-pi_944.jpg,0,INVALID_MODALITY,train
C:/Users/Ankit/.cache/kagglehub/datasets/masoudnickparvar/brain-tumor-mri-dataset/versions/2/Testing/meningioma/Te-aug-me_69.jpg,0,INVALID_MODALITY,train
C:/Users/Ankit/.cache/kagglehub/datasets/paultimothymooney/chest-xray-pneumonia/versions/2/chest_xray/train/PNEUMONIA/person347_bacteria_1595.jpeg,1,VALID_MODALITY,train
C:/Users/Ankit/.cache/kagglehub/datasets/masoudnickparvar/brain-tumor-mri-dataset/versions/2/Training/glioma/Tr-gl_1347.jpg,0,INVALID_MODALITY,train
C:/Users/Ankit/.cache/kagglehub/datasets/paultimothymooney/chest-xray-pneumonia/versions/2/chest_xray/chest_xray/train/PNEUMONIA/person549_bacteria_2307.jpeg,1,VALID_MODALITY,train
C:/Users/Ankit/.cache/kagglehub/datasets/masoudnickparvar/brain-tumor-mri-dataset/versions/2/Training/meningioma/Tr-me_301.jpg,0,INVALID_MODALITY,train
C:/Users/Ankit/.cache/kagglehub/datasets/masoudnickparvar/brain-tumor-mri-dataset/versions/2/Training/pituitary/Tr-pi_134.jpg,0,INVALID_MODALITY,train
C:/Users/Ankit/.cache/kagglehub/datasets/masoudnickparvar/brain-tumor-mri-dataset/versions/2/Training/glioma/Tr-gl_704.jpg,0,INVALID_MODALITY,train
C:/Users/Ankit/.cache/kagglehub/datasets/paultimothymooney/chest-xray-pneumonia/versions/2/chest_xray/train/NORMAL/NORMAL2-IM-0642-0001.jpeg,1,VALID_MODALITY,train
D:\anti gravity\Radionova\datasets\generic_negatives\generic_0364.jpg,0,INVALID_MODALITY,train
C:/Users/Ankit/.cache/kagglehub/datasets/masoudnickparvar/brain-tumor-mri-dataset/versions/2/Training/pituitary/Tr-pi_850.jpg,0,INVALID_MODALITY,train
C:/Users/Ankit/.cache/kagglehub/datasets/paultimothymooney/chest-xray-pneumonia/versions/2/chest_xray/chest_xray/train/PNEUMONIA/person847_virus_1492.jpeg,1,VALID_MODALITY,val
C:/Users/Ankit/.cache/kagglehub/datasets/paultimothymooney/chest-xray-pneumonia/versions/2/chest_xray/train/PNEUMONIA/person1481_virus_2567.jpeg,1,VALID_MODALITY,train
C:/Users/Ankit/.cache/kagglehub/datasets/devbatrax/fracture-detection-using-x-ray-images/versions/1/data/train/not fractured/53-rotated1-rotated1-rotated1.jpg,0,INVALID_MODALITY,train
C:/Users/Ankit/.cache/kagglehub/datasets/masoudnickparvar/brain-tumor-mri-dataset/versions/2/Testing/meningioma/Te-aug-me_8.jpg,0,INVALID_MODALITY,train
C:/Users/Ankit/.cache/kagglehub/datasets/paultimothymooney/chest-xray-pneumonia/versions/2/chest_xray/train/NORMAL/NORMAL2-IM-0863-0001.jpeg,1,VALID_MODALITY,train
C:/Users/Ankit/.cache/kagglehub/datasets/paultimothymooney/chest-xray-pneumonia/versions/2/chest_xray/test/PNEUMONIA/person1670_virus_2886.jpeg,1,VALID_MODALITY,train
C:/Users/Ankit/.cache/kagglehub/datasets/paultimothymooney/chest-xray-pneumonia/versions/2/chest_xray/chest_xray/train/PNEUMONIA/person530_bacteria_2231.jpeg,1,VALID_MODALITY,test
C:/Users/Ankit/.cache/kagglehub/datasets/devbatrax/fracture-detection-using-x-ray-images/versions/1/data/train/not fractured/52-rotated2-rotated2-rotated2-rotated1.jpg,0,INVALID_MODALITY,train
C:/Users/Ankit/.cache/kagglehub/datasets/devbatrax/fracture-detection-using-x-ray-images/versions/1/data/train/fractured/113-rotated1-rotated2.jpg,0,INVALID_MODALITY,test
C:/Users/Ankit/.cache/kagglehub/datasets/paultimothymooney/chest-xray-pneumonia/versions/2/chest_xray/train/PNEUMONIA/person1121_virus_1846.jpeg,1,VALID_MODALITY,val
C:/Users/Ankit/.cache/kagglehub/datasets/paultimothymooney/chest-xray-pneumonia/versions/2/chest_xray/train/PNEUMONIA/person1550_bacteria_4051.jpeg,1,VALID_MODALITY,train
C:/Users/Ankit/.cache/kagglehub/datasets/devbatrax/fracture-detection-using-x-ray-images/versions/1/data/train/fractured/54-rotated3-rotated1-rotated3.jpg,0,INVALID_MODALITY,test
C:/Users/Ankit/.cache/kagglehub/datasets/paultimothymooney/chest-xray-pneumonia/versions/2/chest_xray/chest_xray/train/PNEUMONIA/person1418_bacteria_3639.jpeg,1,VALID_MODALITY,train
C:/Users/Ankit/.cache/kagglehub/datasets/masoudnickparvar/brain-tumor-mri-dataset/versions/2/Training/glioma/Tr-gl_156.jpg,0,INVALID_MODALITY,train
C:/Users/Ankit/.cache/kagglehub/datasets/devbatrax/fracture-detection-using-x-ray-images/versions/1/data/train/not fractured/55-rotated2-rotated3-rotated2-rotated1.jpg,0,INVALID_MODALITY,test
C:/Users/Ankit/.cache/kagglehub/datasets/paultimothymooney/chest-xray-pneumonia/versions/2/chest_xray/train/PNEUMONIA/person1644_bacteria_4362.jpeg,1,VALID_MODALITY,train
C:/Users/Ankit/.cache/kagglehub/datasets/paultimothymooney/chest-xray-pneumonia/versions/2/chest_xray/train/PNEUMONIA/person1271_bacteria_3231.jpeg,1,VALID_MODALITY,train
C:/Users/Ankit/.cache/kagglehub/datasets/devbatrax/fracture-detection-using-x-ray-images/versions/1/data/train/not fractured/60-rotated3-rotated3-rotated3-rotated1.jpg,0,INVALID_MODALITY,train
C:/Users/Ankit/.cache/kagglehub/datasets/paultimothymooney/chest-xray-pneumonia/versions/2/chest_xray/train/NORMAL/NORMAL2-IM-0822-0001.jpeg,1,VALID_MODALITY,train
C:/Users/Ankit/.cache/kagglehub/datasets/paultimothymooney/chest-xray-pneumonia/versions/2/chest_xray/train/NORMAL/IM-0115-0001.jpeg,1,VALID_MODALITY,train
C:/Users/Ankit/.cache/kagglehub/datasets/paultimothymooney/chest-xray-pneumonia/versions/2/chest_xray/chest_xray/train/PNEUMONIA/person1465_virus_2537.jpeg,1,VALID_MODALITY,test
C:/Users/Ankit/.cache/kagglehub/datasets/devbatrax/fracture-detection-using-x-ray-images/versions/1/data/train/fractured/70-rotated1-rotated1-rotated1.jpg,0,INVALID_MODALITY,test
C:/Users/Ankit/.cache/kagglehub/datasets/paultimothymooney/chest-xray-pneumonia/versions/2/chest_xray/train/PNEUMONIA/person1048_virus_1744.jpeg,1,VALID_MODALITY,train
C:/Users/Ankit/.cache/kagglehub/datasets/masoudnickparvar/brain-tumor-mri-dataset/versions/2/Training/pituitary/Tr-pi_1258.jpg,0,INVALID_MODALITY,train
C:/Users/Ankit/.cache/kagglehub/datasets/paultimothymooney/chest-xray-pneumonia/versions/2/chest_xray/train/PNEUMONIA/person1308_bacteria_3292.jpeg,1,VALID_MODALITY,test
C:/Users/Ankit/.cache/kagglehub/datasets/masoudnickparvar/brain-tumor-mri-dataset/versions/2/Training/glioma/Tr-gl_231.jpg,0,INVALID_MODALITY,train
C:/Users/Ankit/.cache/kagglehub/datasets/paultimothymooney/chest-xray-pneumonia/versions/2/chest_xray/chest_xray/train/PNEUMONIA/person1177_virus_2002.jpeg,1,VALID_MODALITY,test
C:/Users/Ankit/.cache/kagglehub/datasets/masoudnickparvar/brain-tumor-mri-dataset/versions/2/Training/pituitary/Tr-pi_1144.jpg,0,INVALID_MODALITY,train
C:/Users/Ankit/.cache/kagglehub/datasets/paultimothymooney/chest-xray-pneumonia/versions/2/chest_xray/train/PNEUMONIA/person576_virus_1120.jpeg,1,VALID_MODALITY,val
C:/Users/Ankit/.cache/kagglehub/datasets/paultimothymooney/chest-xray-pneumonia/versions/2/chest_xray/train/NORMAL/NORMAL2-IM-1053-0001.jpeg,1,VALID_MODALITY,train
C:/Users/Ankit/.cache/kagglehub/datasets/devbatrax/fracture-detection-using-x-ray-images/versions/1/data/train/not fractured/54-rotated3-rotated1-rotated1-rotated1.jpg,0,INVALID_MODALITY,val
C:/Users/Ankit/.cache/kagglehub/datasets/paultimothymooney/chest-xray-pneumonia/versions/2/chest_xray/chest_xray/val/NORMAL/NORMAL2-IM-1437-0001.jpeg,1,VALID_MODALITY,test
C:/Users/Ankit/.cache/kagglehub/datasets/paultimothymooney/chest-xray-pneumonia/versions/2/chest_xray/train/PNEUMONIA/person255_bacteria_1188.jpeg,1,VALID_MODALITY,train
C:/Users/Ankit/.cache/kagglehub/datasets/masoudnickparvar/brain-tumor-mri-dataset/versions/2/Testing/meningioma/Te-aug-me_60.jpg,0,INVALID_MODALITY,train
C:/Users/Ankit/.cache/kagglehub/datasets/devbatrax/fracture-detection-using-x-ray-images/versions/1/data/train/fractured/20-rotated3-rotated2-rotated1.jpg,0,INVALID_MODALITY,test
C:/Users/Ankit/.cache/kagglehub/datasets/paultimothymooney/chest-xray-pneumonia/versions/2/chest_xray/chest_xray/train/NORMAL/NORMAL2-IM-0425-0001.jpeg,1,VALID_MODALITY,val
D:\anti gravity\Radionova\datasets\generic_negatives\generic_0365.jpg,0,INVALID_MODALITY,train
C:/Users/Ankit/.cache/kagglehub/datasets/masoudnickparvar/brain-tumor-mri-dataset/versions/2/Training/glioma/Tr-gl_1050.jpg,0,INVALID_MODALITY,train
D:\anti gravity\Radionova\datasets\generic_negatives\generic_0350.jpg,0,INVALID_MODALITY,train
D:\anti gravity\Radionova\datasets\generic_negatives\generic_0071.jpg,0,INVALID_MODALITY,train
C:/Users/Ankit/.cache/kagglehub/datasets/paultimothymooney/chest-xray-pneumonia/versions/2/chest_xray/train/PNEUMONIA/person1237_bacteria_3193.jpeg,1,VALID_MODALITY,train
D:\anti gravity\Radionova\datasets\generic_negatives\generic_0005.jpg,0,INVALID_MODALITY,test
C:/Users/Ankit/.cache/kagglehub/datasets/paultimothymooney/chest-xray-pneumonia/versions/2/chest_xray/train/PNEUMONIA/person1634_bacteria_4331.jpeg,1,VALID_MODALITY,train
C:/Users/Ankit/.cache/kagglehub/datasets/paultimothymooney/chest-xray-pneumonia/versions/2/chest_xray/train/NORMAL/NORMAL2-IM-1347-0001.jpeg,1,VALID_MODALITY,train
D:\anti gravity\Radionova\datasets\generic_negatives\generic_0043.jpg,0,INVALID_MODALITY,train
C:/Users/Ankit/.cache/kagglehub/datasets/masoudnickparvar/brain-tumor-mri-dataset/versions/2/Training/pituitary/Tr-pi_831.jpg,0,INVALID_MODALITY,test
C:/Users/Ankit/.cache/kagglehub/datasets/masoudnickparvar/brain-tumor-mri-dataset/versions/2/Testing/glioma/Te-gl_224.jpg,0,INVALID_MODALITY,train
C:/Users/Ankit/.cache/kagglehub/datasets/paultimothymooney/chest-xray-pneumonia/versions/2/chest_xray/train/PNEUMONIA/person124_virus_251.jpeg,1,VALID_MODALITY,train
C:/Users/Ankit/.cache/kagglehub/datasets/masoudnickparvar/brain-tumor-mri-dataset/versions/2/Training/pituitary/Tr-pi_946.jpg,0,INVALID_MODALITY,train
C:/Users/Ankit/.cache/kagglehub/datasets/paultimothymooney/chest-xray-pneumonia/versions/2/chest_xray/chest_xray/test/PNEUMONIA/person1625_virus_2817.jpeg,1,VALID_MODALITY,train
C:/Users/Ankit/.cache/kagglehub/datasets/paultimothymooney/chest-xray-pneumonia/versions/2/chest_xray/train/PNEUMONIA/person1149_virus_1925.jpeg,1,VALID_MODALITY,train
C:/Users/Ankit/.cache/kagglehub/datasets/devbatrax/fracture-detection-using-x-ray-images/versions/1/data/train/not fractured/21-rotated1-rotated1-rotated3-rotated1.jpg,0,INVALID_MODALITY,train
C:/Users/Ankit/.cache/kagglehub/datasets/devbatrax/fracture-detection-using-x-ray-images/versions/1/data/train/not fractured/9-rotated3-rotated2-rotated1.jpg,0,INVALID_MODALITY,train
C:/Users/Ankit/.cache/kagglehub/datasets/paultimothymooney/chest-xray-pneumonia/versions/2/chest_xray/chest_xray/train/NORMAL/NORMAL2-IM-1134-0001.jpeg,1,VALID_MODALITY,val
C:/Users/Ankit/.cache/kagglehub/datasets/devbatrax/fracture-detection-using-x-ray-images/versions/1/data/train/not fractured/69-rotated3-rotated2.jpg,0,INVALID_MODALITY,train
D:\anti gravity\Radionova\datasets\generic_negatives\generic_0166.jpg,0,INVALID_MODALITY,val
D:\anti gravity\Radionova\datasets\generic_negatives\generic_0333.jpg,0,INVALID_MODALITY,train
C:/Users/Ankit/.cache/kagglehub/datasets/masoudnickparvar/brain-tumor-mri-dataset/versions/2/Training/glioma/Tr-gl_85.jpg,0,INVALID_MODALITY,train
C:/Users/Ankit/.cache/kagglehub/datasets/paultimothymooney/chest-xray-pneumonia/versions/2/chest_xray/train/PNEUMONIA/person1383_virus_2377.jpeg,1,VALID_MODALITY,train
C:/Users/Ankit/.cache/kagglehub/datasets/paultimothymooney/chest-xray-pneumonia/versions/2/chest_xray/chest_xray/train/NORMAL/NORMAL2-IM-0416-0001-0002.jpeg,1,VALID_MODALITY,train
C:/Users/Ankit/.cache/kagglehub/datasets/devbatrax/fracture-detection-using-x-ray-images/versions/1/data/train/fractured/87-rotated1-rotated3-rotated3.jpg,0,INVALID_MODALITY,test
C:/Users/Ankit/.cache/kagglehub/datasets/devbatrax/fracture-detection-using-x-ray-images/versions/1/data/train/not fractured/5-rotated1-rotated1-rotated3-rotated1.jpg,0,INVALID_MODALITY,train
C:/Users/Ankit/.cache/kagglehub/datasets/devbatrax/fracture-detection-using-x-ray-images/versions/1/data/train/fractured/92-rotated1-rotated1.jpg,0,INVALID_MODALITY,test
C:/Users/Ankit/.cache/kagglehub/datasets/paultimothymooney/chest-xray-pneumonia/versions/2/chest_xray/train/PNEUMONIA/person564_bacteria_2345.jpeg,1,VALID_MODALITY,train
C:/Users/Ankit/.cache/kagglehub/datasets/paultimothymooney/chest-xray-pneumonia/versions/2/chest_xray/chest_xray/train/PNEUMONIA/person701_bacteria_2600.jpeg,1,VALID_MODALITY,val
C:/Users/Ankit/.cache/kagglehub/datasets/paultimothymooney/chest-xray-pneumonia/versions/2/chest_xray/chest_xray/train/NORMAL/NORMAL2-IM-1111-0001.jpeg,1,VALID_MODALITY,train
C:/Users/Ankit/.cache/kagglehub/datasets/paultimothymooney/chest-xray-pneumonia/versions/2/chest_xray/train/PNEUMONIA/person1663_bacteria_4411.jpeg,1,VALID_MODALITY,train
C:/Users/Ankit/.cache/kagglehub/datasets/devbatrax/fracture-detection-using-x-ray-images/versions/1/data/train/fractured/94-rotated3-rotated1-rotated3.jpg,0,INVALID_MODALITY,train
C:/Users/Ankit/.cache/kagglehub/datasets/paultimothymooney/chest-xray-pneumonia/versions/2/chest_xray/train/PNEUMONIA/person487_virus_991.jpeg,1,VALID_MODALITY,train
C:/Users/Ankit/.cache/kagglehub/datasets/paultimothymooney/chest-xray-pneumonia/versions/2/chest_xray/train/PNEUMONIA/person1497_virus_2607.jpeg,1,VALID_MODALITY,train
C:/Users/Ankit/.cache/kagglehub/datasets/paultimothymooney/chest-xray-pneumonia/versions/2/chest_xray/chest_xray/train/NORMAL/NORMAL2-IM-0507-0001.jpeg,1,VALID_MODALITY,train
C:/Users/Ankit/.cache/kagglehub/datasets/paultimothymooney/chest-xray-pneumonia/versions/2/chest_xray/train/PNEUMONIA/person711_bacteria_2612.jpeg,1,VALID_MODALITY,train
D:\anti gravity\Radionova\datasets\generic_negatives\generic_0028.jpg,0,INVALID_MODALITY,test
C:/Users/Ankit/.cache/kagglehub/datasets/masoudnickparvar/brain-tumor-mri-dataset/versions/2/Testing/glioma/Te-gl_231.jpg,0,INVALID_MODALITY,test
C:/Users/Ankit/.cache/kagglehub/datasets/masoudnickparvar/brain-tumor-mri-dataset/versions/2/Training/meningioma/Tr-me_798.jpg,0,INVALID_MODALITY,train
C:/Users/Ankit/.cache/kagglehub/datasets/devbatrax/fracture-detection-using-x-ray-images/versions/1/data/train/not fractured/54-rotated1-rotated3-rotated2.jpg,0,INVALID_MODALITY,train
C:/Users/Ankit/.cache/kagglehub/datasets/devbatrax/fracture-detection-using-x-ray-images/versions/1/data/train/fractured/104-rotated2.jpg,0,INVALID_MODALITY,test
D:\anti gravity\Radionova\datasets\generic_negatives\generic_0078.jpg,0,INVALID_MODALITY,train
C:/Users/Ankit/.cache/kagglehub/datasets/masoudnickparvar/brain-tumor-mri-dataset/versions/2/Training/pituitary/Tr-pi_840.jpg,0,INVALID_MODALITY,test
C:/Users/Ankit/.cache/kagglehub/datasets/devbatrax/fracture-detection-using-x-ray-images/versions/1/data/train/fractured/66-rotated3-rotated2-rotated1.jpg,0,INVALID_MODALITY,train
D:\anti gravity\Radionova\datasets\generic_negatives\generic_0331.jpg,0,INVALID_MODALITY,train
C:/Users/Ankit/.cache/kagglehub/datasets/paultimothymooney/chest-xray-pneumonia/versions/2/chest_xray/train/NORMAL/IM-0551-0001.jpeg,1,VALID_MODALITY,train
C:/Users/Ankit/.cache/kagglehub/datasets/paultimothymooney/chest-xray-pneumonia/versions/2/chest_xray/train/PNEUMONIA/person25_bacteria_119.jpeg,1,VALID_MODALITY,val
C:/Users/Ankit/.cache/kagglehub/datasets/paultimothymooney/chest-xray-pneumonia/versions/2/chest_xray/chest_xray/train/NORMAL/NORMAL2-IM-0993-0001.jpeg,1,VALID_MODALITY,train
C:/Users/Ankit/.cache/kagglehub/datasets/devbatrax/fracture-detection-using-x-ray-images/versions/1/data/train/fractured/32-rotated3-rotated2.jpg,0,INVALID_MODALITY,val
C:/Users/Ankit/.cache/kagglehub/datasets/paultimothymooney/chest-xray-pneumonia/versions/2/chest_xray/train/NORMAL/IM-0489-0001.jpeg,1,VALID_MODALITY,test
C:/Users/Ankit/.cache/kagglehub/datasets/devbatrax/fracture-detection-using-x-ray-images/versions/1/data/train/not fractured/57-rotated3-rotated1-rotated2.jpg,0,INVALID_MODALITY,train
C:/Users/Ankit/.cache/kagglehub/datasets/paultimothymooney/chest-xray-pneumonia/versions/2/chest_xray/chest_xray/train/PNEUMONIA/person486_bacteria_2052.jpeg,1,VALID_MODALITY,train
C:/Users/Ankit/.cache/kagglehub/datasets/devbatrax/fracture-detection-using-x-ray-images/versions/1/data/train/fractured/80-rotated3-rotated2-rotated3.jpg,0,INVALID_MODALITY,train
D:\anti gravity\Radionova\datasets\generic_negatives\generic_0013.jpg,0,INVALID_MODALITY,train
C:/Users/Ankit/.cache/kagglehub/datasets/paultimothymooney/chest-xray-pneumonia/versions/2/chest_xray/train/NORMAL/IM-0666-0001.jpeg,1,VALID_MODALITY,train
C:/Users/Ankit/.cache/kagglehub/datasets/paultimothymooney/chest-xray-pneumonia/versions/2/chest_xray/train/PNEUMONIA/person1433_virus_2447.jpeg,1,VALID_MODALITY,train
D:\anti gravity\Radionova\datasets\generic_negatives\generic_0278.jpg,0,INVALID_MODALITY,test
C:/Users/Ankit/.cache/kagglehub/datasets/paultimothymooney/chest-xray-pneumonia/versions/2/chest_xray/train/PNEUMONIA/person409_virus_818.jpeg,1,VALID_MODALITY,val
D:\anti gravity\Radionova\datasets\generic_negatives\generic_0119.jpg,0,INVALID_MODALITY,test
C:/Users/Ankit/.cache/kagglehub/datasets/paultimothymooney/chest-xray-pneumonia/versions/2/chest_xray/chest_xray/train/PNEUMONIA/person61_bacteria_295.jpeg,1,VALID_MODALITY,train
C:/Users/Ankit/.cache/kagglehub/datasets/masoudnickparvar/brain-tumor-mri-dataset/versions/2/Training/pituitary/Tr-pi_960.jpg,0,INVALID_MODALITY,train
C:/Users/Ankit/.cache/kagglehub/datasets/paultimothymooney/chest-xray-pneumonia/versions/2/chest_xray/chest_xray/test/PNEUMONIA/person14_virus_44.jpeg,1,VALID_MODALITY,test
C:/Users/Ankit/.cache/kagglehub/datasets/devbatrax/fracture-detection-using-x-ray-images/versions/1/data/train/not fractured/62-rotated3-rotated1-rotated2.jpg,0,INVALID_MODALITY,test
C:/Users/Ankit/.cache/kagglehub/datasets/paultimothymooney/chest-xray-pneumonia/versions/2/chest_xray/train/PNEUMONIA/person1199_bacteria_3149.jpeg,1,VALID_MODALITY,train
C:/Users/Ankit/.cache/kagglehub/datasets/paultimothymooney/chest-xray-pneumonia/versions/2/chest_xray/chest_xray/train/PNEUMONIA/person1599_bacteria_4201.jpeg,1,VALID_MODALITY,train
C:/Users/Ankit/.cache/kagglehub/datasets/paultimothymooney/chest-xray-pneumonia/versions/2/chest_xray/test/PNEUMONIA/person124_bacteria_591.jpeg,1,VALID_MODALITY,train
C:/Users/Ankit/.cache/kagglehub/datasets/paultimothymooney/chest-xray-pneumonia/versions/2/chest_xray/train/PNEUMONIA/person1528_virus_2662.jpeg,1,VALID_MODALITY,train
D:\anti gravity\Radionova\datasets\generic_negatives\generic_0315.jpg,0,INVALID_MODALITY,val
C:/Users/Ankit/.cache/kagglehub/datasets/devbatrax/fracture-detection-using-x-ray-images/versions/1/data/train/not fractured/59-rotated1-rotated2-rotated2-rotated1.jpg,0,INVALID_MODALITY,val
C:/Users/Ankit/.cache/kagglehub/datasets/devbatrax/fracture-detection-using-x-ray-images/versions/1/data/train/fractured/18-rotated3-rotated1.jpg,0,INVALID_MODALITY,train
C:/Users/Ankit/.cache/kagglehub/datasets/paultimothymooney/chest-xray-pneumonia/versions/2/chest_xray/chest_xray/train/NORMAL/IM-0182-0001.jpeg,1,VALID_MODALITY,train
C:/Users/Ankit/.cache/kagglehub/datasets/devbatrax/fracture-detection-using-x-ray-images/versions/1/data/train/fractured/24-rotated3.jpg,0,INVALID_MODALITY,val
C:/Users/Ankit/.cache/kagglehub/datasets/devbatrax/fracture-detection-using-x-ray-images/versions/1/data/val/fractured/7.jpg,0,INVALID_MODALITY,test
C:/Users/Ankit/.cache/kagglehub/datasets/masoudnickparvar/brain-tumor-mri-dataset/versions/2/Training/meningioma/Tr-me_128.jpg,0,INVALID_MODALITY,val
C:/Users/Ankit/.cache/kagglehub/datasets/paultimothymooney/chest-xray-pneumonia/versions/2/chest_xray/chest_xray/train/PNEUMONIA/person1455_virus_2489.jpeg,1,VALID_MODALITY,train
C:/Users/Ankit/.cache/kagglehub/datasets/paultimothymooney/chest-xray-pneumonia/versions/2/chest_xray/chest_xray/train/PNEUMONIA/person760_virus_1388.jpeg,1,VALID_MODALITY,val
C:/Users/Ankit/.cache/kagglehub/datasets/paultimothymooney/chest-xray-pneumonia/versions/2/chest_xray/chest_xray/train/PNEUMONIA/person1244_virus_2111.jpeg,1,VALID_MODALITY,train
C:/Users/Ankit/.cache/kagglehub/datasets/paultimothymooney/chest-xray-pneumonia/versions/2/chest_xray/chest_xray/train/PNEUMONIA/person366_bacteria_1664.jpeg,1,VALID_MODALITY,train
C:/Users/Ankit/.cache/kagglehub/datasets/devbatrax/fracture-detection-using-x-ray-images/versions/1/data/train/fractured/58-rotated2-rotated3.jpg,0,INVALID_MODALITY,train
D:\anti gravity\Radionova\datasets\generic_negatives\generic_0389.jpg,0,INVALID_MODALITY,train
C:/Users/Ankit/.cache/kagglehub/datasets/paultimothymooney/chest-xray-pneumonia/versions/2/chest_xray/chest_xray/train/PNEUMONIA/person282_virus_579.jpeg,1,VALID_MODALITY,val
C:/Users/Ankit/.cache/kagglehub/datasets/masoudnickparvar/brain-tumor-mri-dataset/versions/2/Testing/glioma/Te-gl_301.jpg,0,INVALID_MODALITY,train
C:/Users/Ankit/.cache/kagglehub/datasets/devbatrax/fracture-detection-using-x-ray-images/versions/1/data/train/fractured/34-rotated3-rotated2-rotated3.jpg,0,INVALID_MODALITY,train
C:/Users/Ankit/.cache/kagglehub/datasets/paultimothymooney/chest-xray-pneumonia/versions/2/chest_xray/chest_xray/train/PNEUMONIA/person1104_virus_1826.jpeg,1,VALID_MODALITY,train
C:/Users/Ankit/.cache/kagglehub/datasets/paultimothymooney/chest-xray-pneumonia/versions/2/chest_xray/test/PNEUMONIA/person111_bacteria_533.jpeg,1,VALID_MODALITY,train
D:\anti gravity\Radionova\datasets\generic_negatives\generic_0243.jpg,0,INVALID_MODALITY,train
C:/Users/Ankit/.cache/kagglehub/datasets/masoudnickparvar/brain-tumor-mri-dataset/versions/2/Training/pituitary/Tr-pi_633.jpg,0,INVALID_MODALITY,val
C:/Users/Ankit/.cache/kagglehub/datasets/paultimothymooney/chest-xray-pneumonia/versions/2/chest_xray/chest_xray/train/PNEUMONIA/person471_virus_967.jpeg,1,VALID_MODALITY,train
C:/Users/Ankit/.cache/kagglehub/datasets/paultimothymooney/chest-xray-pneumonia/versions/2/chest_xray/chest_xray/test/NORMAL/IM-0049-0001.jpeg,1,VALID_MODALITY,train
C:/Users/Ankit/.cache/kagglehub/datasets/paultimothymooney/chest-xray-pneumonia/versions/2/chest_xray/chest_xray/train/PNEUMONIA/person819_bacteria_2730.jpeg,1,VALID_MODALITY,test
C:/Users/Ankit/.cache/kagglehub/datasets/paultimothymooney/chest-xray-pneumonia/versions/2/chest_xray/train/PNEUMONIA/person1436_bacteria_3712.jpeg,1,VALID_MODALITY,train
D:\anti gravity\Radionova\datasets\generic_negatives\generic_0270.jpg,0,INVALID_MODALITY,train
D:\anti gravity\Radionova\datasets\generic_negatives\generic_0064.jpg,0,INVALID_MODALITY,train
C:/Users/Ankit/.cache/kagglehub/datasets/masoudnickparvar/brain-tumor-mri-dataset/versions/2/Testing/glioma/Te-gl_161.jpg,0,INVALID_MODALITY,val
C:/Users/Ankit/.cache/kagglehub/datasets/paultimothymooney/chest-xray-pneumonia/versions/2/chest_xray/train/PNEUMONIA/person520_virus_1039.jpeg,1,VALID_MODALITY,train
D:\anti gravity\Radionova\datasets\generic_negatives\generic_0026.jpg,0,INVALID_MODALITY,train
C:/Users/Ankit/.cache/kagglehub/datasets/paultimothymooney/chest-xray-pneumonia/versions/2/chest_xray/train/PNEUMONIA/person423_bacteria_1857.jpeg,1,VALID_MODALITY,train
C:/Users/Ankit/.cache/kagglehub/datasets/paultimothymooney/chest-xray-pneumonia/versions/2/chest_xray/val/PNEUMONIA/person1954_bacteria_4886.jpeg,1,VALID_MODALITY,train
C:/Users/Ankit/.cache/kagglehub/datasets/devbatrax/fracture-detection-using-x-ray-images/versions/1/data/train/not fractured/40-rotated2-rotated1-rotated1.jpg,0,INVALID_MODALITY,train
C:/Users/Ankit/.cache/kagglehub/datasets/devbatrax/fracture-detection-using-x-ray-images/versions/1/data/train/fractured/75-rotated1.jpg,0,INVALID_MODALITY,test
C:/Users/Ankit/.cache/kagglehub/datasets/paultimothymooney/chest-xray-pneumonia/versions/2/chest_xray/chest_xray/train/NORMAL/NORMAL2-IM-1073-0001.jpeg,1,VALID_MODALITY,train
C:/Users/Ankit/.cache/kagglehub/datasets/masoudnickparvar/brain-tumor-mri-dataset/versions/2/Training/pituitary/Tr-pi_1365.jpg,0,INVALID_MODALITY,train
C:/Users/Ankit/.cache/kagglehub/datasets/devbatrax/fracture-detection-using-x-ray-images/versions/1/data/train/not fractured/30-rotated3-rotated1-rotated3.jpg,0,INVALID_MODALITY,train
C:/Users/Ankit/.cache/kagglehub/datasets/paultimothymooney/chest-xray-pneumonia/versions/2/chest_xray/train/PNEUMONIA/person162_virus_321.jpeg,1,VALID_MODALITY,train
C:/Users/Ankit/.cache/kagglehub/datasets/masoudnickparvar/brain-tumor-mri-dataset/versions/2/Testing/meningioma/Te-me_47.jpg,0,INVALID_MODALITY,train
D:\anti gravity\Radionova\datasets\generic_negatives\generic_0183.jpg,0,INVALID_MODALITY,val
C:/Users/Ankit/.cache/kagglehub/datasets/devbatrax/fracture-detection-using-x-ray-images/versions/1/data/train/not fractured/50-rotated1-rotated1-rotated3-rotated1.jpg,0,INVALID_MODALITY,val
C:/Users/Ankit/.cache/kagglehub/datasets/paultimothymooney/chest-xray-pneumonia/versions/2/chest_xray/chest_xray/train/PNEUMONIA/person124_virus_233.jpeg,1,VALID_MODALITY,train
C:/Users/Ankit/.cache/kagglehub/datasets/paultimothymooney/chest-xray-pneumonia/versions/2/chest_xray/test/PNEUMONIA/person42_virus_89.jpeg,1,VALID_MODALITY,train
C:/Users/Ankit/.cache/kagglehub/datasets/paultimothymooney/chest-xray-pneumonia/versions/2/chest_xray/train/PNEUMONIA/person512_bacteria_2154.jpeg,1,VALID_MODALITY,train
C:/Users/Ankit/.cache/kagglehub/datasets/masoudnickparvar/brain-tumor-mri-dataset/versions/2/Training/meningioma/Tr-me_47.jpg,0,INVALID_MODALITY,train
C:/Users/Ankit/.cache/kagglehub/datasets/devbatrax/fracture-detection-using-x-ray-images/versions/1/data/train/fractured/111-rotated1-rotated2.jpg,0,INVALID_MODALITY,test
C:/Users/Ankit/.cache/kagglehub/datasets/devbatrax/fracture-detection-using-x-ray-images/versions/1/data/train/fractured/62-rotated2-rotated2-rotated1.jpg,0,INVALID_MODALITY,train
D:\anti gravity\Radionova\datasets\generic_negatives\generic_0093.jpg,0,INVALID_MODALITY,train
C:/Users/Ankit/.cache/kagglehub/datasets/paultimothymooney/chest-xray-pneumonia/versions/2/chest_xray/train/NORMAL/NORMAL2-IM-1141-0001.jpeg,1,VALID_MODALITY,test
C:/Users/Ankit/.cache/kagglehub/datasets/devbatrax/fracture-detection-using-x-ray-images/versions/1/data/train/not fractured/24-rotated3-rotated2-rotated3.jpg,0,INVALID_MODALITY,train
D:\anti gravity\Radionova\datasets\generic_negatives\generic_0022.jpg,0,INVALID_MODALITY,test
C:/Users/Ankit/.cache/kagglehub/datasets/paultimothymooney/chest-xray-pneumonia/versions/2/chest_xray/train/PNEUMONIA/person637_virus_1218.jpeg,1,VALID_MODALITY,train
C:/Users/Ankit/.cache/kagglehub/datasets/devbatrax/fracture-detection-using-x-ray-images/versions/1/data/train/fractured/73-rotated1-rotated3.jpg,0,INVALID_MODALITY,train
C:/Users/Ankit/.cache/kagglehub/datasets/paultimothymooney/chest-xray-pneumonia/versions/2/chest_xray/chest_xray/train/PNEUMONIA/person1669_bacteria_4422.jpeg,1,VALID_MODALITY,train
C:/Users/Ankit/.cache/kagglehub/datasets/devbatrax/fracture-detection-using-x-ray-images/versions/1/data/train/fractured/95-rotated3-rotated2-rotated3.jpg,0,INVALID_MODALITY,train
C:/Users/Ankit/.cache/kagglehub/datasets/devbatrax/fracture-detection-using-x-ray-images/versions/1/data/val/not fractured/2-rotated2-rotated3-rotated2-rotated1.jpg,0,INVALID_MODALITY,train
C:/Users/Ankit/.cache/kagglehub/datasets/paultimothymooney/chest-xray-pneumonia/versions/2/chest_xray/chest_xray/train/NORMAL/NORMAL2-IM-1232-0001.jpeg,1,VALID_MODALITY,train
C:/Users/Ankit/.cache/kagglehub/datasets/masoudnickparvar/brain-tumor-mri-dataset/versions/2/Training/pituitary/Tr-pi_327.jpg,0,INVALID_MODALITY,train
C:/Users/Ankit/.cache/kagglehub/datasets/devbatrax/fracture-detection-using-x-ray-images/versions/1/data/train/fractured/76-rotated3-rotated3-rotated2.jpg,0,INVALID_MODALITY,train
C:/Users/Ankit/.cache/kagglehub/datasets/paultimothymooney/chest-xray-pneumonia/versions/2/chest_xray/chest_xray/train/PNEUMONIA/person328_bacteria_1511.jpeg,1,VALID_MODALITY,train
C:/Users/Ankit/.cache/kagglehub/datasets/devbatrax/fracture-detection-using-x-ray-images/versions/1/data/train/fractured/102-rotated2-rotated1-rotated1.jpg,0,INVALID_MODALITY,train
C:/Users/Ankit/.cache/kagglehub/datasets/paultimothymooney/chest-xray-pneumonia/versions/2/chest_xray/train/PNEUMONIA/person1502_bacteria_3925.jpeg,1,VALID_MODALITY,train
C:/Users/Ankit/.cache/kagglehub/datasets/paultimothymooney/chest-xray-pneumonia/versions/2/chest_xray/chest_xray/train/PNEUMONIA/person1261_virus_2145.jpeg,1,VALID_MODALITY,train
C:/Users/Ankit/.cache/kagglehub/datasets/paultimothymooney/chest-xray-pneumonia/versions/2/chest_xray/train/NORMAL/NORMAL2-IM-0825-0001.jpeg,1,VALID_MODALITY,test
C:/Users/Ankit/.cache/kagglehub/datasets/paultimothymooney/chest-xray-pneumonia/versions/2/chest_xray/chest_xray/train/PNEUMONIA/person1818_bacteria_4676.jpeg,1,VALID_MODALITY,test
C:/Users/Ankit/.cache/kagglehub/datasets/paultimothymooney/chest-xray-pneumonia/versions/2/chest_xray/chest_xray/train/PNEUMONIA/person1281_virus_2204.jpeg,1,VALID_MODALITY,train
C:/Users/Ankit/.cache/kagglehub/datasets/paultimothymooney/chest-xray-pneumonia/versions/2/chest_xray/chest_xray/test/PNEUMONIA/person152_bacteria_721.jpeg,1,VALID_MODALITY,train
C:/Users/Ankit/.cache/kagglehub/datasets/devbatrax/fracture-detection-using-x-ray-images/versions/1/data/train/fractured/68.jpg,0,INVALID_MODALITY,train
C:/Users/Ankit/.cache/kagglehub/datasets/paultimothymooney/chest-xray-pneumonia/versions/2/chest_xray/train/PNEUMONIA/person1684_bacteria_4462.jpeg,1,VALID_MODALITY,train
C:/Users/Ankit/.cache/kagglehub/datasets/devbatrax/fracture-detection-using-x-ray-images/versions/1/data/train/fractured/91-rotated3.jpg,0,INVALID_MODALITY,train
C:/Users/Ankit/.cache/kagglehub/datasets/paultimothymooney/chest-xray-pneumonia/versions/2/chest_xray/chest_xray/train/PNEUMONIA/person547_bacteria_2292.jpeg,1,VALID_MODALITY,train
C:/Users/Ankit/.cache/kagglehub/datasets/masoudnickparvar/brain-tumor-mri-dataset/versions/2/Training/meningioma/Tr-me_394.jpg,0,INVALID_MODALITY,train
C:/Users/Ankit/.cache/kagglehub/datasets/masoudnickparvar/brain-tumor-mri-dataset/versions/2/Training/glioma/Tr-gl_1065.jpg,0,INVALID_MODALITY,val
C:/Users/Ankit/.cache/kagglehub/datasets/paultimothymooney/chest-xray-pneumonia/versions/2/chest_xray/chest_xray/train/PNEUMONIA/person326_bacteria_1506.jpeg,1,VALID_MODALITY,test
C:/Users/Ankit/.cache/kagglehub/datasets/devbatrax/fracture-detection-using-x-ray-images/versions/1/data/train/fractured/104-rotated1-rotated1-rotated3.jpg,0,INVALID_MODALITY,train
C:/Users/Ankit/.cache/kagglehub/datasets/paultimothymooney/chest-xray-pneumonia/versions/2/chest_xray/chest_xray/train/PNEUMONIA/person998_bacteria_2927.jpeg,1,VALID_MODALITY,train
C:/Users/Ankit/.cache/kagglehub/datasets/paultimothymooney/chest-xray-pneumonia/versions/2/chest_xray/chest_xray/train/PNEUMONIA/person1611_bacteria_4241.jpeg,1,VALID_MODALITY,train
C:/Users/Ankit/.cache/kagglehub/datasets/devbatrax/fracture-detection-using-x-ray-images/versions/1/data/train/fractured/65-rotated1-rotated2-rotated1.jpg,0,INVALID_MODALITY,train
C:/Users/Ankit/.cache/kagglehub/datasets/masoudnickparvar/brain-tumor-mri-dataset/versions/2/Training/pituitary/Tr-pi_269.jpg,0,INVALID_MODALITY,train
C:/Users/Ankit/.cache/kagglehub/datasets/paultimothymooney/chest-xray-pneumonia/versions/2/chest_xray/test/PNEUMONIA/person130_bacteria_626.jpeg,1,VALID_MODALITY,train
C:/Users/Ankit/.cache/kagglehub/datasets/paultimothymooney/chest-xray-pneumonia/versions/2/chest_xray/chest_xray/train/PNEUMONIA/person1349_bacteria_3434.jpeg,1,VALID_MODALITY,train
C:/Users/Ankit/.cache/kagglehub/datasets/paultimothymooney/chest-xray-pneumonia/versions/2/chest_xray/chest_xray/train/PNEUMONIA/person257_bacteria_1191.jpeg,1,VALID_MODALITY,train
C:/Users/Ankit/.cache/kagglehub/datasets/paultimothymooney/chest-xray-pneumonia/versions/2/chest_xray/train/NORMAL/NORMAL2-IM-0840-0001.jpeg,1,VALID_MODALITY,val
C:/Users/Ankit/.cache/kagglehub/datasets/paultimothymooney/chest-xray-pneumonia/versions/2/chest_xray/test/PNEUMONIA/person1644_virus_2844.jpeg,1,VALID_MODALITY,train
C:/Users/Ankit/.cache/kagglehub/datasets/paultimothymooney/chest-xray-pneumonia/versions/2/chest_xray/chest_xray/train/PNEUMONIA/person548_bacteria_2299.jpeg,1,VALID_MODALITY,test
C:/Users/Ankit/.cache/kagglehub/datasets/paultimothymooney/chest-xray-pneumonia/versions/2/chest_xray/chest_xray/train/PNEUMONIA/person978_bacteria_2904.jpeg,1,VALID_MODALITY,train
C:/Users/Ankit/.cache/kagglehub/datasets/paultimothymooney/chest-xray-pneumonia/versions/2/chest_xray/train/NORMAL/NORMAL2-IM-1054-0001.jpeg,1,VALID_MODALITY,train
C:/Users/Ankit/.cache/kagglehub/datasets/paultimothymooney/chest-xray-pneumonia/versions/2/chest_xray/chest_xray/test/NORMAL/IM-0093-0001.jpeg,1,VALID_MODALITY,train
D:\anti gravity\Radionova\datasets\generic_negatives\generic_0361.jpg,0,INVALID_MODALITY,val
C:/Users/Ankit/.cache/kagglehub/datasets/devbatrax/fracture-detection-using-x-ray-images/versions/1/data/train/not fractured/22-rotated3-rotated3-rotated1.jpg,0,INVALID_MODALITY,train
C:/Users/Ankit/.cache/kagglehub/datasets/paultimothymooney/chest-xray-pneumonia/versions/2/chest_xray/train/NORMAL/NORMAL2-IM-0475-0001.jpeg,1,VALID_MODALITY,train
C:/Users/Ankit/.cache/kagglehub/datasets/devbatrax/fracture-detection-using-x-ray-images/versions/1/data/train/not fractured/43-rotated3.jpg,0,INVALID_MODALITY,train
C:/Users/Ankit/.cache/kagglehub/datasets/devbatrax/fracture-detection-using-x-ray-images/versions/1/data/train/not fractured/23-rotated1-rotated2-rotated2.jpg,0,INVALID_MODALITY,train
C:/Users/Ankit/.cache/kagglehub/datasets/paultimothymooney/chest-xray-pneumonia/versions/2/chest_xray/train/PNEUMONIA/person64_bacteria_320.jpeg,1,VALID_MODALITY,train
C:/Users/Ankit/.cache/kagglehub/datasets/paultimothymooney/chest-xray-pneumonia/versions/2/chest_xray/chest_xray/train/NORMAL/NORMAL2-IM-0811-0001.jpeg,1,VALID_MODALITY,train
C:/Users/Ankit/.cache/kagglehub/datasets/paultimothymooney/chest-xray-pneumonia/versions/2/chest_xray/chest_xray/train/PNEUMONIA/person751_bacteria_2654.jpeg,1,VALID_MODALITY,train
C:/Users/Ankit/.cache/kagglehub/datasets/devbatrax/fracture-detection-using-x-ray-images/versions/1/data/train/fractured/31-rotated3-rotated1-rotated2.jpg,0,INVALID_MODALITY,train
C:/Users/Ankit/.cache/kagglehub/datasets/devbatrax/fracture-detection-using-x-ray-images/versions/1/data/train/not fractured/8-rotated2-rotated1-rotated2.jpg,0,INVALID_MODALITY,train
C:/Users/Ankit/.cache/kagglehub/datasets/paultimothymooney/chest-xray-pneumonia/versions/2/chest_xray/chest_xray/train/PNEUMONIA/person271_virus_556.jpeg,1,VALID_MODALITY,train
C:/Users/Ankit/.cache/kagglehub/datasets/devbatrax/fracture-detection-using-x-ray-images/versions/1/data/train/not fractured/56-rotated2-rotated3-rotated3.jpg,0,INVALID_MODALITY,test
C:/Users/Ankit/.cache/kagglehub/datasets/masoudnickparvar/brain-tumor-mri-dataset/versions/2/Training/pituitary/Tr-pi_306.jpg,0,INVALID_MODALITY,train
C:/Users/Ankit/.cache/kagglehub/datasets/paultimothymooney/chest-xray-pneumonia/versions/2/chest_xray/chest_xray/train/PNEUMONIA/person1652_bacteria_4383.jpeg,1,VALID_MODALITY,train
C:/Users/Ankit/.cache/kagglehub/datasets/paultimothymooney/chest-xray-pneumonia/versions/2/chest_xray/train/PNEUMONIA/person1000_bacteria_2931.jpeg,1,VALID_MODALITY,val
C:/Users/Ankit/.cache/kagglehub/datasets/devbatrax/fracture-detection-using-x-ray-images/versions/1/data/train/fractured/85-rotated3-rotated2.jpg,0,INVALID_MODALITY,val
C:/Users/Ankit/.cache/kagglehub/datasets/devbatrax/fracture-detection-using-x-ray-images/versions/1/data/train/not fractured/65-rotated2-rotated1-rotated3-rotated1.jpg,0,INVALID_MODALITY,train
C:/Users/Ankit/.cache/kagglehub/datasets/paultimothymooney/chest-xray-pneumonia/versions/2/chest_xray/train/PNEUMONIA/person300_bacteria_1422.jpeg,1,VALID_MODALITY,train
C:/Users/Ankit/.cache/kagglehub/datasets/masoudnickparvar/brain-tumor-mri-dataset/versions/2/Training/meningioma/Tr-me_456.jpg,0,INVALID_MODALITY,train
C:/Users/Ankit/.cache/kagglehub/datasets/paultimothymooney/chest-xray-pneumonia/versions/2/chest_xray/train/PNEUMONIA/person642_virus_1223.jpeg,1,VALID_MODALITY,train
C:/Users/Ankit/.cache/kagglehub/datasets/paultimothymooney/chest-xray-pneumonia/versions/2/chest_xray/train/PNEUMONIA/person1935_bacteria_4850.jpeg,1,VALID_MODALITY,train
C:/Users/Ankit/.cache/kagglehub/datasets/paultimothymooney/chest-xray-pneumonia/versions/2/chest_xray/train/PNEUMONIA/person29_bacteria_144.jpeg,1,VALID_MODALITY,val
C:/Users/Ankit/.cache/kagglehub/datasets/paultimothymooney/chest-xray-pneumonia/versions/2/chest_xray/train/PNEUMONIA/person1669_bacteria_4423.jpeg,1,VALID_MODALITY,train
C:/Users/Ankit/.cache/kagglehub/datasets/paultimothymooney/chest-xray-pneumonia/versions/2/chest_xray/chest_xray/train/PNEUMONIA/person1236_virus_2096.jpeg,1,VALID_MODALITY,train
C:/Users/Ankit/.cache/kagglehub/datasets/paultimothymooney/chest-xray-pneumonia/versions/2/chest_xray/chest_xray/train/PNEUMONIA/person415_bacteria_1837.jpeg,1,VALID_MODALITY,val
C:/Users/Ankit/.cache/kagglehub/datasets/paultimothymooney/chest-xray-pneumonia/versions/2/chest_xray/chest_xray/train/PNEUMONIA/person605_bacteria_2466.jpeg,1,VALID_MODALITY,train
C:/Users/Ankit/.cache/kagglehub/datasets/devbatrax/fracture-detection-using-x-ray-images/versions/1/data/train/fractured/42-rotated1-rotated2-rotated3.jpg,0,INVALID_MODALITY,train
C:/Users/Ankit/.cache/kagglehub/datasets/paultimothymooney/chest-xray-pneumonia/versions/2/chest_xray/train/PNEUMONIA/person670_bacteria_2563.jpeg,1,VALID_MODALITY,test
C:/Users/Ankit/.cache/kagglehub/datasets/masoudnickparvar/brain-tumor-mri-dataset/versions/2/Training/meningioma/Tr-me_405.jpg,0,INVALID_MODALITY,val
D:\anti gravity\Radionova\datasets\generic_negatives\generic_0230.jpg,0,INVALID_MODALITY,train
C:/Users/Ankit/.cache/kagglehub/datasets/devbatrax/fracture-detection-using-x-ray-images/versions/1/data/train/not fractured/13-rotated3-rotated3-rotated3.jpg,0,INVALID_MODALITY,train
C:/Users/Ankit/.cache/kagglehub/datasets/paultimothymooney/chest-xray-pneumonia/versions/2/chest_xray/chest_xray/train/NORMAL/IM-0679-0001.jpeg,1,VALID_MODALITY,train
C:/Users/Ankit/.cache/kagglehub/datasets/devbatrax/fracture-detection-using-x-ray-images/versions/1/data/train/not fractured/16-rotated3-rotated2-rotated1-rotated1.jpg,0,INVALID_MODALITY,train
C:/Users/Ankit/.cache/kagglehub/datasets/paultimothymooney/chest-xray-pneumonia/versions/2/chest_xray/chest_xray/train/PNEUMONIA/person393_virus_784.jpeg,1,VALID_MODALITY,train
C:/Users/Ankit/.cache/kagglehub/datasets/masoudnickparvar/brain-tumor-mri-dataset/versions/2/Training/glioma/Tr-gl_432.jpg,0,INVALID_MODALITY,train
C:/Users/Ankit/.cache/kagglehub/datasets/devbatrax/fracture-detection-using-x-ray-images/versions/1/data/train/fractured/115-rotated1-rotated1.jpg,0,INVALID_MODALITY,val
C:/Users/Ankit/.cache/kagglehub/datasets/paultimothymooney/chest-xray-pneumonia/versions/2/chest_xray/chest_xray/train/PNEUMONIA/person1726_bacteria_4552.jpeg,1,VALID_MODALITY,train
C:/Users/Ankit/.cache/kagglehub/datasets/devbatrax/fracture-detection-using-x-ray-images/versions/1/data/train/fractured/42-rotated2-rotated2-rotated1.jpg,0,INVALID_MODALITY,train
C:/Users/Ankit/.cache/kagglehub/datasets/masoudnickparvar/brain-tumor-mri-dataset/versions/2/Training/glioma/Tr-gl_599.jpg,0,INVALID_MODALITY,train
D:\anti gravity\Radionova\datasets\generic_negatives\generic_0242.jpg,0,INVALID_MODALITY,test
C:/Users/Ankit/.cache/kagglehub/datasets/devbatrax/fracture-detection-using-x-ray-images/versions/1/data/train/fractured/68-rotated1-rotated3.jpg,0,INVALID_MODALITY,val
C:/Users/Ankit/.cache/kagglehub/datasets/devbatrax/fracture-detection-using-x-ray-images/versions/1/data/train/not fractured/27-rotated1-rotated3-rotated3-rotated1.jpg,0,INVALID_MODALITY,test
C:/Users/Ankit/.cache/kagglehub/datasets/masoudnickparvar/brain-tumor-mri-dataset/versions/2/Training/meningioma/Tr-me_1255.jpg,0,INVALID_MODALITY,test
C:/Users/Ankit/.cache/kagglehub/datasets/paultimothymooney/chest-xray-pneumonia/versions/2/chest_xray/chest_xray/train/PNEUMONIA/person503_bacteria_2126.jpeg,1,VALID_MODALITY,train
C:/Users/Ankit/.cache/kagglehub/datasets/paultimothymooney/chest-xray-pneumonia/versions/2/chest_xray/chest_xray/train/PNEUMONIA/person567_bacteria_2354.jpeg,1,VALID_MODALITY,train
C:/Users/Ankit/.cache/kagglehub/datasets/devbatrax/fracture-detection-using-x-ray-images/versions/1/data/train/fractured/72-rotated1.jpg,0,INVALID_MODALITY,train
C:/Users/Ankit/.cache/kagglehub/datasets/devbatrax/fracture-detection-using-x-ray-images/versions/1/data/train/fractured/52-rotated3-rotated1-rotated1.jpg,0,INVALID_MODALITY,train
D:\anti gravity\Radionova\datasets\generic_negatives\generic_0104.jpg,0,INVALID_MODALITY,train
C:/Users/Ankit/.cache/kagglehub/datasets/paultimothymooney/chest-xray-pneumonia/versions/2/chest_xray/chest_xray/train/PNEUMONIA/person58_bacteria_274.jpeg,1,VALID_MODALITY,train
C:/Users/Ankit/.cache/kagglehub/datasets/masoudnickparvar/brain-tumor-mri-dataset/versions/2/Training/pituitary/Tr-pi_333.jpg,0,INVALID_MODALITY,train
C:/Users/Ankit/.cache/kagglehub/datasets/devbatrax/fracture-detection-using-x-ray-images/versions/1/data/train/fractured/33-rotated2-rotated1-rotated3.jpg,0,INVALID_MODALITY,train
C:/Users/Ankit/.cache/kagglehub/datasets/masoudnickparvar/brain-tumor-mri-dataset/versions/2/Training/meningioma/Tr-me_818.jpg,0,INVALID_MODALITY,train
C:/Users/Ankit/.cache/kagglehub/datasets/paultimothymooney/chest-xray-pneumonia/versions/2/chest_xray/chest_xray/train/PNEUMONIA/person274_bacteria_1288.jpeg,1,VALID_MODALITY,test
C:/Users/Ankit/.cache/kagglehub/datasets/devbatrax/fracture-detection-using-x-ray-images/versions/1/data/train/not fractured/64-rotated3.jpg,0,INVALID_MODALITY,train
C:/Users/Ankit/.cache/kagglehub/datasets/paultimothymooney/chest-xray-pneumonia/versions/2/chest_xray/train/NORMAL/IM-0439-0001-0002.jpeg,1,VALID_MODALITY,test
C:/Users/Ankit/.cache/kagglehub/datasets/devbatrax/fracture-detection-using-x-ray-images/versions/1/data/train/not fractured/6-rotated1.jpg,0,INVALID_MODALITY,train
C:/Users/Ankit/.cache/kagglehub/datasets/devbatrax/fracture-detection-using-x-ray-images/versions/1/data/train/fractured/69-rotated2-rotated2-rotated2.jpg,0,INVALID_MODALITY,train
C:/Users/Ankit/.cache/kagglehub/datasets/paultimothymooney/chest-xray-pneumonia/versions/2/chest_xray/train/PNEUMONIA/person1308_bacteria_3283.jpeg,1,VALID_MODALITY,train
C:/Users/Ankit/.cache/kagglehub/datasets/devbatrax/fracture-detection-using-x-ray-images/versions/1/data/train/fractured/106-rotated2-rotated2.jpg,0,INVALID_MODALITY,train
D:\anti gravity\Radionova\datasets\generic_negatives\generic_0250.jpg,0,INVALID_MODALITY,train
C:/Users/Ankit/.cache/kagglehub/datasets/masoudnickparvar/brain-tumor-mri-dataset/versions/2/Testing/meningioma/Te-me_89.jpg,0,INVALID_MODALITY,val
C:/Users/Ankit/.cache/kagglehub/datasets/paultimothymooney/chest-xray-pneumonia/versions/2/chest_xray/chest_xray/train/PNEUMONIA/person411_bacteria_1826.jpeg,1,VALID_MODALITY,val
C:/Users/Ankit/.cache/kagglehub/datasets/paultimothymooney/chest-xray-pneumonia/versions/2/chest_xray/train/PNEUMONIA/person798_virus_1430.jpeg,1,VALID_MODALITY,val
C:/Users/Ankit/.cache/kagglehub/datasets/devbatrax/fracture-detection-using-x-ray-images/versions/1/data/val/not fractured/3-rotated2-rotated3-rotated2-rotated1.jpg,0,INVALID_MODALITY,val
C:/Users/Ankit/.cache/kagglehub/datasets/paultimothymooney/chest-xray-pneumonia/versions/2/chest_xray/chest_xray/train/NORMAL/NORMAL2-IM-1344-0001.jpeg,1,VALID_MODALITY,train
C:/Users/Ankit/.cache/kagglehub/datasets/paultimothymooney/chest-xray-pneumonia/versions/2/chest_xray/train/NORMAL/NORMAL2-IM-0522-0001.jpeg,1,VALID_MODALITY,train
C:/Users/Ankit/.cache/kagglehub/datasets/masoudnickparvar/brain-tumor-mri-dataset/versions/2/Testing/pituitary/Te-pi_186.jpg,0,INVALID_MODALITY,val
C:/Users/Ankit/.cache/kagglehub/datasets/paultimothymooney/chest-xray-pneumonia/versions/2/chest_xray/train/PNEUMONIA/person75_bacteria_366.jpeg,1,VALID_MODALITY,test
C:/Users/Ankit/.cache/kagglehub/datasets/paultimothymooney/chest-xray-pneumonia/versions/2/chest_xray/train/NORMAL/NORMAL2-IM-1091-0001.jpeg,1,VALID_MODALITY,test
C:/Users/Ankit/.cache/kagglehub/datasets/masoudnickparvar/brain-tumor-mri-dataset/versions/2/Testing/meningioma/Te-aug-me_81.jpg,0,INVALID_MODALITY,test
C:/Users/Ankit/.cache/kagglehub/datasets/paultimothymooney/chest-xray-pneumonia/versions/2/chest_xray/chest_xray/train/PNEUMONIA/person344_bacteria_1585.jpeg,1,VALID_MODALITY,test
C:/Users/Ankit/.cache/kagglehub/datasets/devbatrax/fracture-detection-using-x-ray-images/versions/1/data/train/not fractured/56-rotated2-rotated2-rotated2.jpg,0,INVALID_MODALITY,val
C:/Users/Ankit/.cache/kagglehub/datasets/masoudnickparvar/brain-tumor-mri-dataset/versions/2/Training/pituitary/Tr-pi_1223.jpg,0,INVALID_MODALITY,train
C:/Users/Ankit/.cache/kagglehub/datasets/paultimothymooney/chest-xray-pneumonia/versions/2/chest_xray/train/PNEUMONIA/person1835_bacteria_4699.jpeg,1,VALID_MODALITY,train
D:\anti gravity\Radionova\datasets\generic_negatives\generic_0067.jpg,0,INVALID_MODALITY,train
C:/Users/Ankit/.cache/kagglehub/datasets/paultimothymooney/chest-xray-pneumonia/versions/2/chest_xray/train/PNEUMONIA/person662_virus_1246.jpeg,1,VALID_MODALITY,train
C:/Users/Ankit/.cache/kagglehub/datasets/paultimothymooney/chest-xray-pneumonia/versions/2/chest_xray/train/PNEUMONIA/person463_virus_953.jpeg,1,VALID_MODALITY,train
C:/Users/Ankit/.cache/kagglehub/datasets/devbatrax/fracture-detection-using-x-ray-images/versions/1/data/train/not fractured/8-rotated3.jpg,0,INVALID_MODALITY,train
C:/Users/Ankit/.cache/kagglehub/datasets/paultimothymooney/chest-xray-pneumonia/versions/2/chest_xray/chest_xray/test/NORMAL/IM-0046-0001.jpeg,1,VALID_MODALITY,train
C:/Users/Ankit/.cache/kagglehub/datasets/paultimothymooney/chest-xray-pneumonia/versions/2/chest_xray/chest_xray/train/NORMAL/IM-0294-0001.jpeg,1,VALID_MODALITY,train
C:/Users/Ankit/.cache/kagglehub/datasets/paultimothymooney/chest-xray-pneumonia/versions/2/chest_xray/train/NORMAL/IM-0213-0001.jpeg,1,VALID_MODALITY,train
C:/Users/Ankit/.cache/kagglehub/datasets/paultimothymooney/chest-xray-pneumonia/versions/2/chest_xray/chest_xray/train/NORMAL/NORMAL2-IM-0567-0001.jpeg,1,VALID_MODALITY,train
C:/Users/Ankit/.cache/kagglehub/datasets/devbatrax/fracture-detection-using-x-ray-images/versions/1/data/train/fractured/27-rotated2.jpg,0,INVALID_MODALITY,train
C:/Users/Ankit/.cache/kagglehub/datasets/paultimothymooney/chest-xray-pneumonia/versions/2/chest_xray/train/PNEUMONIA/person1422_virus_2434.jpeg,1,VALID_MODALITY,train
C:/Users/Ankit/.cache/kagglehub/datasets/paultimothymooney/chest-xray-pneumonia/versions/2/chest_xray/train/PNEUMONIA/person1271_virus_2164.jpeg,1,VALID_MODALITY,train
C:/Users/Ankit/.cache/kagglehub/datasets/paultimothymooney/chest-xray-pneumonia/versions/2/chest_xray/chest_xray/train/PNEUMONIA/person374_virus_757.jpeg,1,VALID_MODALITY,test
C:/Users/Ankit/.cache/kagglehub/datasets/paultimothymooney/chest-xray-pneumonia/versions/2/chest_xray/chest_xray/train/PNEUMONIA/person43_bacteria_213.jpeg,1,VALID_MODALITY,train
C:/Users/Ankit/.cache/kagglehub/datasets/paultimothymooney/chest-xray-pneumonia/versions/2/chest_xray/chest_xray/train/PNEUMONIA/person1076_bacteria_3016.jpeg,1,VALID_MODALITY,train
C:/Users/Ankit/.cache/kagglehub/datasets/devbatrax/fracture-detection-using-x-ray-images/versions/1/data/train/not fractured/70-rotated1-rotated2-rotated2-rotated1.jpg,0,INVALID_MODALITY,train
C:/Users/Ankit/.cache/kagglehub/datasets/paultimothymooney/chest-xray-pneumonia/versions/2/chest_xray/train/PNEUMONIA/person429_bacteria_1870.jpeg,1,VALID_MODALITY,train
C:/Users/Ankit/.cache/kagglehub/datasets/devbatrax/fracture-detection-using-x-ray-images/versions/1/data/train/not fractured/10.jpg,0,INVALID_MODALITY,train
C:/Users/Ankit/.cache/kagglehub/datasets/paultimothymooney/chest-xray-pneumonia/versions/2/chest_xray/train/PNEUMONIA/person996_bacteria_2924.jpeg,1,VALID_MODALITY,train
C:/Users/Ankit/.cache/kagglehub/datasets/paultimothymooney/chest-xray-pneumonia/versions/2/chest_xray/train/PNEUMONIA/person1482_virus_2571.jpeg,1,VALID_MODALITY,train
C:/Users/Ankit/.cache/kagglehub/datasets/paultimothymooney/chest-xray-pneumonia/versions/2/chest_xray/chest_xray/train/PNEUMONIA/person1739_bacteria_4576.jpeg,1,VALID_MODALITY,train
C:/Users/Ankit/.cache/kagglehub/datasets/paultimothymooney/chest-xray-pneumonia/versions/2/chest_xray/chest_xray/train/NORMAL/NORMAL2-IM-1060-0001.jpeg,1,VALID_MODALITY,train
C:/Users/Ankit/.cache/kagglehub/datasets/devbatrax/fracture-detection-using-x-ray-images/versions/1/data/train/fractured/63-rotated3-rotated2-rotated2.jpg,0,INVALID_MODALITY,train
C:/Users/Ankit/.cache/kagglehub/datasets/paultimothymooney/chest-xray-pneumonia/versions/2/chest_xray/chest_xray/train/PNEUMONIA/person536_virus_1065.jpeg,1,VALID_MODALITY,train
C:/Users/Ankit/.cache/kagglehub/datasets/paultimothymooney/chest-xray-pneumonia/versions/2/chest_xray/chest_xray/train/PNEUMONIA/person281_bacteria_1328.jpeg,1,VALID_MODALITY,train
D:\anti gravity\Radionova\datasets\generic_negatives\generic_0340.jpg,0,INVALID_MODALITY,train
C:/Users/Ankit/.cache/kagglehub/datasets/devbatrax/fracture-detection-using-x-ray-images/versions/1/data/val/fractured/6.jpg,0,INVALID_MODALITY,train
C:/Users/Ankit/.cache/kagglehub/datasets/masoudnickparvar/brain-tumor-mri-dataset/versions/2/Training/meningioma/Tr-me_287.jpg,0,INVALID_MODALITY,test
C:/Users/Ankit/.cache/kagglehub/datasets/devbatrax/fracture-detection-using-x-ray-images/versions/1/data/train/not fractured/51-rotated1-rotated3-rotated2.jpg,0,INVALID_MODALITY,train
D:\anti gravity\Radionova\datasets\generic_negatives\generic_0158.jpg,0,INVALID_MODALITY,train
C:/Users/Ankit/.cache/kagglehub/datasets/devbatrax/fracture-detection-using-x-ray-images/versions/1/data/train/fractured/38-rotated3-rotated2-rotated1.jpg,0,INVALID_MODALITY,train
C:/Users/Ankit/.cache/kagglehub/datasets/paultimothymooney/chest-xray-pneumonia/versions/2/chest_xray/train/PNEUMONIA/person993_bacteria_2921.jpeg,1,VALID_MODALITY,train
C:/Users/Ankit/.cache/kagglehub/datasets/paultimothymooney/chest-xray-pneumonia/versions/2/chest_xray/chest_xray/train/PNEUMONIA/person817_bacteria_2728.jpeg,1,VALID_MODALITY,train
C:/Users/Ankit/.cache/kagglehub/datasets/paultimothymooney/chest-xray-pneumonia/versions/2/chest_xray/train/NORMAL/IM-0266-0001.jpeg,1,VALID_MODALITY,train
C:/Users/Ankit/.cache/kagglehub/datasets/paultimothymooney/chest-xray-pneumonia/versions/2/chest_xray/train/PNEUMONIA/person280_virus_577.jpeg,1,VALID_MODALITY,val
C:/Users/Ankit/.cache/kagglehub/datasets/paultimothymooney/chest-xray-pneumonia/versions/2/chest_xray/chest_xray/train/PNEUMONIA/person28_bacteria_143.jpeg,1,VALID_MODALITY,train
C:/Users/Ankit/.cache/kagglehub/datasets/masoudnickparvar/brain-tumor-mri-dataset/versions/2/Training/meningioma/Tr-me_698.jpg,0,INVALID_MODALITY,train
D:\anti gravity\Radionova\datasets\generic_negatives\generic_0309.jpg,0,INVALID_MODALITY,train
C:/Users/Ankit/.cache/kagglehub/datasets/paultimothymooney/chest-xray-pneumonia/versions/2/chest_xray/chest_xray/train/PNEUMONIA/person1941_bacteria_4863.jpeg,1,VALID_MODALITY,val
C:/Users/Ankit/.cache/kagglehub/datasets/paultimothymooney/chest-xray-pneumonia/versions/2/chest_xray/chest_xray/train/NORMAL/IM-0437-0001.jpeg,1,VALID_MODALITY,train
C:/Users/Ankit/.cache/kagglehub/datasets/devbatrax/fracture-detection-using-x-ray-images/versions/1/data/train/fractured/81-rotated1-rotated1-rotated1.jpg,0,INVALID_MODALITY,train
C:/Users/Ankit/.cache/kagglehub/datasets/paultimothymooney/chest-xray-pneumonia/versions/2/chest_xray/chest_xray/train/PNEUMONIA/person1522_bacteria_3977.jpeg,1,VALID_MODALITY,train
C:/Users/Ankit/.cache/kagglehub/datasets/paultimothymooney/chest-xray-pneumonia/versions/2/chest_xray/train/NORMAL/IM-0672-0001.jpeg,1,VALID_MODALITY,train
C:/Users/Ankit/.cache/kagglehub/datasets/paultimothymooney/chest-xray-pneumonia/versions/2/chest_xray/chest_xray/train/PNEUMONIA/person438_bacteria_1890.jpeg,1,VALID_MODALITY,train
C:/Users/Ankit/.cache/kagglehub/datasets/devbatrax/fracture-detection-using-x-ray-images/versions/1/data/train/fractured/77-rotated1-rotated1-rotated1.jpg,0,INVALID_MODALITY,train
C:/Users/Ankit/.cache/kagglehub/datasets/masoudnickparvar/brain-tumor-mri-dataset/versions/2/Training/pituitary/Tr-pi_189.jpg,0,INVALID_MODALITY,train
C:/Users/Ankit/.cache/kagglehub/datasets/paultimothymooney/chest-xray-pneumonia/versions/2/chest_xray/chest_xray/train/PNEUMONIA/person1520_bacteria_3971.jpeg,1,VALID_MODALITY,test
C:/Users/Ankit/.cache/kagglehub/datasets/paultimothymooney/chest-xray-pneumonia/versions/2/chest_xray/train/NORMAL/NORMAL2-IM-0641-0001.jpeg,1,VALID_MODALITY,train
C:/Users/Ankit/.cache/kagglehub/datasets/devbatrax/fracture-detection-using-x-ray-images/versions/1/data/val/not fractured/3-rotated3-rotated3-rotated2-rotated1.jpg,0,INVALID_MODALITY,train
D:\anti gravity\Radionova\datasets\generic_negatives\generic_0262.jpg,0,INVALID_MODALITY,train
D:\anti gravity\Radionova\datasets\generic_negatives\generic_0225.jpg,0,INVALID_MODALITY,train
C:/Users/Ankit/.cache/kagglehub/datasets/paultimothymooney/chest-xray-pneumonia/versions/2/chest_xray/train/PNEUMONIA/person1917_bacteria_4823.jpeg,1,VALID_MODALITY,train
C:/Users/Ankit/.cache/kagglehub/datasets/paultimothymooney/chest-xray-pneumonia/versions/2/chest_xray/train/PNEUMONIA/person1310_bacteria_3300.jpeg,1,VALID_MODALITY,train
C:/Users/Ankit/.cache/kagglehub/datasets/paultimothymooney/chest-xray-pneumonia/versions/2/chest_xray/train/NORMAL/IM-0400-0001.jpeg,1,VALID_MODALITY,val
C:/Users/Ankit/.cache/kagglehub/datasets/paultimothymooney/chest-xray-pneumonia/versions/2/chest_xray/train/PNEUMONIA/person1083_bacteria_3023.jpeg,1,VALID_MODALITY,train
C:/Users/Ankit/.cache/kagglehub/datasets/devbatrax/fracture-detection-using-x-ray-images/versions/1/data/train/not fractured/42-rotated1-rotated2.jpg,0,INVALID_MODALITY,test
C:/Users/Ankit/.cache/kagglehub/datasets/paultimothymooney/chest-xray-pneumonia/versions/2/chest_xray/train/PNEUMONIA/person934_virus_1595.jpeg,1,VALID_MODALITY,train
C:/Users/Ankit/.cache/kagglehub/datasets/devbatrax/fracture-detection-using-x-ray-images/versions/1/data/train/fractured/51-rotated3.jpg,0,INVALID_MODALITY,train
D:\anti gravity\Radionova\datasets\generic_negatives\generic_0216.jpg,0,INVALID_MODALITY,train
C:/Users/Ankit/.cache/kagglehub/datasets/devbatrax/fracture-detection-using-x-ray-images/versions/1/data/train/fractured/13-rotated1-rotated3-rotated3.jpg,0,INVALID_MODALITY,val
C:/Users/Ankit/.cache/kagglehub/datasets/paultimothymooney/chest-xray-pneumonia/versions/2/chest_xray/train/NORMAL/NORMAL2-IM-1254-0001.jpeg,1,VALID_MODALITY,train
C:/Users/Ankit/.cache/kagglehub/datasets/paultimothymooney/chest-xray-pneumonia/versions/2/chest_xray/chest_xray/train/NORMAL/NORMAL2-IM-1240-0001.jpeg,1,VALID_MODALITY,train
C:/Users/Ankit/.cache/kagglehub/datasets/paultimothymooney/chest-xray-pneumonia/versions/2/chest_xray/chest_xray/train/PNEUMONIA/person737_bacteria_2640.jpeg,1,VALID_MODALITY,val
C:/Users/Ankit/.cache/kagglehub/datasets/devbatrax/fracture-detection-using-x-ray-images/versions/1/data/train/not fractured/50-rotated2-rotated3-rotated3-rotated1.jpg,0,INVALID_MODALITY,train
C:/Users/Ankit/.cache/kagglehub/datasets/devbatrax/fracture-detection-using-x-ray-images/versions/1/data/train/fractured/32-rotated1-rotated1.jpg,0,INVALID_MODALITY,train
C:/Users/Ankit/.cache/kagglehub/datasets/devbatrax/fracture-detection-using-x-ray-images/versions/1/data/train/not fractured/6-rotated2-rotated3-rotated1.jpg,0,INVALID_MODALITY,train
C:/Users/Ankit/.cache/kagglehub/datasets/masoudnickparvar/brain-tumor-mri-dataset/versions/2/Training/glioma/Tr-gl_1047.jpg,0,INVALID_MODALITY,train
C:/Users/Ankit/.cache/kagglehub/datasets/devbatrax/fracture-detection-using-x-ray-images/versions/1/data/train/not fractured/54.jpg,0,INVALID_MODALITY,train
C:/Users/Ankit/.cache/kagglehub/datasets/paultimothymooney/chest-xray-pneumonia/versions/2/chest_xray/train/PNEUMONIA/person1746_bacteria_4585.jpeg,1,VALID_MODALITY,train
C:/Users/Ankit/.cache/kagglehub/datasets/masoudnickparvar/brain-tumor-mri-dataset/versions/2/Testing/glioma/Te-gl_261.jpg,0,INVALID_MODALITY,test
C:/Users/Ankit/.cache/kagglehub/datasets/devbatrax/fracture-detection-using-x-ray-images/versions/1/data/train/not fractured/53-rotated3-rotated3-rotated2-rotated1.jpg,0,INVALID_MODALITY,train
C:/Users/Ankit/.cache/kagglehub/datasets/paultimothymooney/chest-xray-pneumonia/versions/2/chest_xray/chest_xray/train/PNEUMONIA/person1170_bacteria_3117.jpeg,1,VALID_MODALITY,train
C:/Users/Ankit/.cache/kagglehub/datasets/devbatrax/fracture-detection-using-x-ray-images/versions/1/data/train/fractured/88-rotated1-rotated1-rotated1.jpg,0,INVALID_MODALITY,test
C:/Users/Ankit/.cache/kagglehub/datasets/paultimothymooney/chest-xray-pneumonia/versions/2/chest_xray/train/PNEUMONIA/person1185_bacteria_3133.jpeg,1,VALID_MODALITY,train
C:/Users/Ankit/.cache/kagglehub/datasets/masoudnickparvar/brain-tumor-mri-dataset/versions/2/Testing/pituitary/Te-pi_224.jpg,0,INVALID_MODALITY,train
C:/Users/Ankit/.cache/kagglehub/datasets/paultimothymooney/chest-xray-pneumonia/versions/2/chest_xray/train/PNEUMONIA/person9_bacteria_38.jpeg,1,VALID_MODALITY,train
C:/Users/Ankit/.cache/kagglehub/datasets/paultimothymooney/chest-xray-pneumonia/versions/2/chest_xray/chest_xray/train/PNEUMONIA/person419_virus_859.jpeg,1,VALID_MODALITY,train
C:/Users/Ankit/.cache/kagglehub/datasets/paultimothymooney/chest-xray-pneumonia/versions/2/chest_xray/train/PNEUMONIA/person531_bacteria_2242.jpeg,1,VALID_MODALITY,train
D:\anti gravity\Radionova\datasets\generic_negatives\generic_0325.jpg,0,INVALID_MODALITY,train
C:/Users/Ankit/.cache/kagglehub/datasets/masoudnickparvar/brain-tumor-mri-dataset/versions/2/Training/pituitary/Tr-pi_609.jpg,0,INVALID_MODALITY,train
C:/Users/Ankit/.cache/kagglehub/datasets/paultimothymooney/chest-xray-pneumonia/versions/2/chest_xray/chest_xray/test/NORMAL/NORMAL2-IM-0105-0001.jpeg,1,VALID_MODALITY,test
C:/Users/Ankit/.cache/kagglehub/datasets/paultimothymooney/chest-xray-pneumonia/versions/2/chest_xray/train/PNEUMONIA/person348_virus_715.jpeg,1,VALID_MODALITY,val
C:/Users/Ankit/.cache/kagglehub/datasets/paultimothymooney/chest-xray-pneumonia/versions/2/chest_xray/chest_xray/train/PNEUMONIA/person1617_bacteria_4255.jpeg,1,VALID_MODALITY,train
C:/Users/Ankit/.cache/kagglehub/datasets/masoudnickparvar/brain-tumor-mri-dataset/versions/2/Testing/meningioma/Te-me_18.jpg,0,INVALID_MODALITY,train
C:/Users/Ankit/.cache/kagglehub/datasets/paultimothymooney/chest-xray-pneumonia/versions/2/chest_xray/chest_xray/train/PNEUMONIA/person1576_bacteria_4120.jpeg,1,VALID_MODALITY,train
C:/Users/Ankit/.cache/kagglehub/datasets/paultimothymooney/chest-xray-pneumonia/versions/2/chest_xray/chest_xray/train/PNEUMONIA/person1154_virus_1933.jpeg,1,VALID_MODALITY,train
C:/Users/Ankit/.cache/kagglehub/datasets/paultimothymooney/chest-xray-pneumonia/versions/2/chest_xray/chest_xray/train/NORMAL/IM-0248-0001.jpeg,1,VALID_MODALITY,train
C:/Users/Ankit/.cache/kagglehub/datasets/masoudnickparvar/brain-tumor-mri-dataset/versions/2/Testing/glioma/Te-gl_80.jpg,0,INVALID_MODALITY,train
C:/Users/Ankit/.cache/kagglehub/datasets/devbatrax/fracture-detection-using-x-ray-images/versions/1/data/train/not fractured/70-rotated1-rotated3-rotated3.jpg,0,INVALID_MODALITY,train
C:/Users/Ankit/.cache/kagglehub/datasets/paultimothymooney/chest-xray-pneumonia/versions/2/chest_xray/chest_xray/train/NORMAL/NORMAL2-IM-1044-0001.jpeg,1,VALID_MODALITY,test
C:/Users/Ankit/.cache/kagglehub/datasets/devbatrax/fracture-detection-using-x-ray-images/versions/1/data/train/fractured/73-rotated2-rotated1-rotated3.jpg,0,INVALID_MODALITY,train
C:/Users/Ankit/.cache/kagglehub/datasets/devbatrax/fracture-detection-using-x-ray-images/versions/1/data/train/fractured/50.jpg,0,INVALID_MODALITY,test
C:/Users/Ankit/.cache/kagglehub/datasets/paultimothymooney/chest-xray-pneumonia/versions/2/chest_xray/chest_xray/test/NORMAL/NORMAL2-IM-0361-0001.jpeg,1,VALID_MODALITY,test
D:\anti gravity\Radionova\datasets\generic_negatives\generic_0323.jpg,0,INVALID_MODALITY,train
C:/Users/Ankit/.cache/kagglehub/datasets/paultimothymooney/chest-xray-pneumonia/versions/2/chest_xray/test/PNEUMONIA/person122_bacteria_581.jpeg,1,VALID_MODALITY,train
C:/Users/Ankit/.cache/kagglehub/datasets/devbatrax/fracture-detection-using-x-ray-images/versions/1/data/train/fractured/108-rotated2-rotated1.jpg,0,INVALID_MODALITY,train
C:/Users/Ankit/.cache/kagglehub/datasets/paultimothymooney/chest-xray-pneumonia/versions/2/chest_xray/chest_xray/train/NORMAL/IM-0299-0001.jpeg,1,VALID_MODALITY,train
C:/Users/Ankit/.cache/kagglehub/datasets/devbatrax/fracture-detection-using-x-ray-images/versions/1/data/train/not fractured/5-rotated1-rotated2-rotated1-rotated1.jpg,0,INVALID_MODALITY,train
C:/Users/Ankit/.cache/kagglehub/datasets/devbatrax/fracture-detection-using-x-ray-images/versions/1/data/train/not fractured/52-rotated3-rotated1-rotated2.jpg,0,INVALID_MODALITY,test
C:/Users/Ankit/.cache/kagglehub/datasets/devbatrax/fracture-detection-using-x-ray-images/versions/1/data/train/not fractured/35-rotated3-rotated2-rotated2-rotated1.jpg,0,INVALID_MODALITY,train
C:/Users/Ankit/.cache/kagglehub/datasets/paultimothymooney/chest-xray-pneumonia/versions/2/chest_xray/chest_xray/train/PNEUMONIA/person420_bacteria_1849.jpeg,1,VALID_MODALITY,train
C:/Users/Ankit/.cache/kagglehub/datasets/paultimothymooney/chest-xray-pneumonia/versions/2/chest_xray/chest_xray/train/PNEUMONIA/person1082_virus_1794.jpeg,1,VALID_MODALITY,train
C:/Users/Ankit/.cache/kagglehub/datasets/paultimothymooney/chest-xray-pneumonia/versions/2/chest_xray/chest_xray/train/NORMAL/NORMAL2-IM-0637-0001.jpeg,1,VALID_MODALITY,train
C:/Users/Ankit/.cache/kagglehub/datasets/devbatrax/fracture-detection-using-x-ray-images/versions/1/data/train/not fractured/57-rotated3-rotated1-rotated1-rotated1.jpg,0,INVALID_MODALITY,test
C:/Users/Ankit/.cache/kagglehub/datasets/paultimothymooney/chest-xray-pneumonia/versions/2/chest_xray/test/NORMAL/NORMAL2-IM-0213-0001.jpeg,1,VALID_MODALITY,train
D:\anti gravity\Radionova\datasets\generic_negatives\generic_0045.jpg,0,INVALID_MODALITY,test
C:/Users/Ankit/.cache/kagglehub/datasets/paultimothymooney/chest-xray-pneumonia/versions/2/chest_xray/test/NORMAL/IM-0110-0001.jpeg,1,VALID_MODALITY,val
C:/Users/Ankit/.cache/kagglehub/datasets/devbatrax/fracture-detection-using-x-ray-images/versions/1/data/train/fractured/63-rotated1-rotated3-rotated3.jpg,0,INVALID_MODALITY,train
C:/Users/Ankit/.cache/kagglehub/datasets/paultimothymooney/chest-xray-pneumonia/versions/2/chest_xray/chest_xray/train/PNEUMONIA/person1283_bacteria_3246.jpeg,1,VALID_MODALITY,train
C:/Users/Ankit/.cache/kagglehub/datasets/paultimothymooney/chest-xray-pneumonia/versions/2/chest_xray/train/NORMAL/IM-0297-0001.jpeg,1,VALID_MODALITY,val
C:/Users/Ankit/.cache/kagglehub/datasets/devbatrax/fracture-detection-using-x-ray-images/versions/1/data/train/not fractured/6-rotated3-rotated2-rotated1-rotated1.jpg,0,INVALID_MODALITY,train
C:/Users/Ankit/.cache/kagglehub/datasets/devbatrax/fracture-detection-using-x-ray-images/versions/1/data/train/not fractured/52-rotated2-rotated2-rotated1-rotated1.jpg,0,INVALID_MODALITY,val
C:/Users/Ankit/.cache/kagglehub/datasets/paultimothymooney/chest-xray-pneumonia/versions/2/chest_xray/chest_xray/train/PNEUMONIA/person1512_virus_2631.jpeg,1,VALID_MODALITY,train
C:/Users/Ankit/.cache/kagglehub/datasets/devbatrax/fracture-detection-using-x-ray-images/versions/1/data/train/fractured/71-rotated3-rotated1.jpg,0,INVALID_MODALITY,train
C:/Users/Ankit/.cache/kagglehub/datasets/devbatrax/fracture-detection-using-x-ray-images/versions/1/data/train/fractured/42-rotated3-rotated2-rotated1.jpg,0,INVALID_MODALITY,train
C:/Users/Ankit/.cache/kagglehub/datasets/paultimothymooney/chest-xray-pneumonia/versions/2/chest_xray/chest_xray/train/NORMAL/IM-0317-0001.jpeg,1,VALID_MODALITY,train
C:/Users/Ankit/.cache/kagglehub/datasets/devbatrax/fracture-detection-using-x-ray-images/versions/1/data/val/fractured/1-rotated2-rotated3-rotated1.jpg,0,INVALID_MODALITY,train
C:/Users/Ankit/.cache/kagglehub/datasets/paultimothymooney/chest-xray-pneumonia/versions/2/chest_xray/train/NORMAL/NORMAL2-IM-1197-0001.jpeg,1,VALID_MODALITY,train
C:/Users/Ankit/.cache/kagglehub/datasets/paultimothymooney/chest-xray-pneumonia/versions/2/chest_xray/chest_xray/train/PNEUMONIA/person673_bacteria_2566.jpeg,1,VALID_MODALITY,train
C:/Users/Ankit/.cache/kagglehub/datasets/paultimothymooney/chest-xray-pneumonia/versions/2/chest_xray/chest_xray/train/PNEUMONIA/person1403_virus_2406.jpeg,1,VALID_MODALITY,train
C:/Users/Ankit/.cache/kagglehub/datasets/paultimothymooney/chest-xray-pneumonia/versions/2/chest_xray/train/PNEUMONIA/person1320_bacteria_3346.jpeg,1,VALID_MODALITY,train
C:/Users/Ankit/.cache/kagglehub/datasets/paultimothymooney/chest-xray-pneumonia/versions/2/chest_xray/chest_xray/train/PNEUMONIA/person464_virus_954.jpeg,1,VALID_MODALITY,train
C:/Users/Ankit/.cache/kagglehub/datasets/paultimothymooney/chest-xray-pneumonia/versions/2/chest_xray/train/PNEUMONIA/person325_bacteria_1501.jpeg,1,VALID_MODALITY,train
C:/Users/Ankit/.cache/kagglehub/datasets/paultimothymooney/chest-xray-pneumonia/versions/2/chest_xray/train/PNEUMONIA/person548_bacteria_2300.jpeg,1,VALID_MODALITY,train
C:/Users/Ankit/.cache/kagglehub/datasets/paultimothymooney/chest-xray-pneumonia/versions/2/chest_xray/train/PNEUMONIA/person71_bacteria_349.jpeg,1,VALID_MODALITY,train
C:/Users/Ankit/.cache/kagglehub/datasets/paultimothymooney/chest-xray-pneumonia/versions/2/chest_xray/train/NORMAL/IM-0497-0001-0001.jpeg,1,VALID_MODALITY,val
C:/Users/Ankit/.cache/kagglehub/datasets/paultimothymooney/chest-xray-pneumonia/versions/2/chest_xray/train/PNEUMONIA/person434_virus_883.jpeg,1,VALID_MODALITY,train
C:/Users/Ankit/.cache/kagglehub/datasets/masoudnickparvar/brain-tumor-mri-dataset/versions/2/Testing/glioma/Te-gl_165.jpg,0,INVALID_MODALITY,train
C:/Users/Ankit/.cache/kagglehub/datasets/paultimothymooney/chest-xray-pneumonia/versions/2/chest_xray/chest_xray/train/PNEUMONIA/person308_bacteria_1443.jpeg,1,VALID_MODALITY,train
C:/Users/Ankit/.cache/kagglehub/datasets/devbatrax/fracture-detection-using-x-ray-images/versions/1/data/train/fractured/67-rotated2-rotated3-rotated1.jpg,0,INVALID_MODALITY,train
C:/Users/Ankit/.cache/kagglehub/datasets/paultimothymooney/chest-xray-pneumonia/versions/2/chest_xray/chest_xray/test/NORMAL/IM-0033-0001-0002.jpeg,1,VALID_MODALITY,val
C:/Users/Ankit/.cache/kagglehub/datasets/devbatrax/fracture-detection-using-x-ray-images/versions/1/data/train/not fractured/61-rotated2-rotated2-rotated3.jpg,0,INVALID_MODALITY,val
C:/Users/Ankit/.cache/kagglehub/datasets/paultimothymooney/chest-xray-pneumonia/versions/2/chest_xray/chest_xray/test/NORMAL/NORMAL2-IM-0029-0001.jpeg,1,VALID_MODALITY,train
D:\anti gravity\Radionova\datasets\generic_negatives\generic_0102.jpg,0,INVALID_MODALITY,test
C:/Users/Ankit/.cache/kagglehub/datasets/paultimothymooney/chest-xray-pneumonia/versions/2/chest_xray/chest_xray/train/NORMAL/IM-0435-0001.jpeg,1,VALID_MODALITY,val
C:/Users/Ankit/.cache/kagglehub/datasets/devbatrax/fracture-detection-using-x-ray-images/versions/1/data/train/not fractured/41-rotated1-rotated2-rotated3-rotated1.jpg,0,INVALID_MODALITY,train
C:/Users/Ankit/.cache/kagglehub/datasets/paultimothymooney/chest-xray-pneumonia/versions/2/chest_xray/chest_xray/train/NORMAL/IM-0747-0001.jpeg,1,VALID_MODALITY,train
C:/Users/Ankit/.cache/kagglehub/datasets/masoudnickparvar/brain-tumor-mri-dataset/versions/2/Testing/pituitary/Te-pi_295.jpg,0,INVALID_MODALITY,train
C:/Users/Ankit/.cache/kagglehub/datasets/paultimothymooney/chest-xray-pneumonia/versions/2/chest_xray/chest_xray/train/PNEUMONIA/person449_bacteria_1938.jpeg,1,VALID_MODALITY,train
C:/Users/Ankit/.cache/kagglehub/datasets/devbatrax/fracture-detection-using-x-ray-images/versions/1/data/val/fractured/2-rotated3-rotated1-rotated3.jpg,0,INVALID_MODALITY,train
C:/Users/Ankit/.cache/kagglehub/datasets/paultimothymooney/chest-xray-pneumonia/versions/2/chest_xray/train/PNEUMONIA/person1159_virus_1944.jpeg,1,VALID_MODALITY,train
C:/Users/Ankit/.cache/kagglehub/datasets/paultimothymooney/chest-xray-pneumonia/versions/2/chest_xray/train/PNEUMONIA/person1123_virus_1848.jpeg,1,VALID_MODALITY,train
C:/Users/Ankit/.cache/kagglehub/datasets/devbatrax/fracture-detection-using-x-ray-images/versions/1/data/train/not fractured/16-rotated1-rotated3-rotated3-rotated1.jpg,0,INVALID_MODALITY,train
C:/Users/Ankit/.cache/kagglehub/datasets/paultimothymooney/chest-xray-pneumonia/versions/2/chest_xray/test/PNEUMONIA/person117_bacteria_553.jpeg,1,VALID_MODALITY,train
C:/Users/Ankit/.cache/kagglehub/datasets/paultimothymooney/chest-xray-pneumonia/versions/2/chest_xray/chest_xray/train/PNEUMONIA/person124_virus_237.jpeg,1,VALID_MODALITY,train
C:/Users/Ankit/.cache/kagglehub/datasets/devbatrax/fracture-detection-using-x-ray-images/versions/1/data/train/not fractured/39-rotated3-rotated3-rotated3-rotated1.jpg,0,INVALID_MODALITY,test
C:/Users/Ankit/.cache/kagglehub/datasets/paultimothymooney/chest-xray-pneumonia/versions/2/chest_xray/chest_xray/train/NORMAL/NORMAL2-IM-1219-0001.jpeg,1,VALID_MODALITY,train
C:/Users/Ankit/.cache/kagglehub/datasets/devbatrax/fracture-detection-using-x-ray-images/versions/1/data/train/fractured/111-rotated2-rotated2.jpg,0,INVALID_MODALITY,train
C:/Users/Ankit/.cache/kagglehub/datasets/devbatrax/fracture-detection-using-x-ray-images/versions/1/data/train/not fractured/48-rotated3-rotated2-rotated3-rotated1.jpg,0,INVALID_MODALITY,train
C:/Users/Ankit/.cache/kagglehub/datasets/paultimothymooney/chest-xray-pneumonia/versions/2/chest_xray/chest_xray/test/NORMAL/NORMAL2-IM-0007-0001.jpeg,1,VALID_MODALITY,train
C:/Users/Ankit/.cache/kagglehub/datasets/devbatrax/fracture-detection-using-x-ray-images/versions/1/data/train/fractured/51-rotated2-rotated1-rotated2.jpg,0,INVALID_MODALITY,train
C:/Users/Ankit/.cache/kagglehub/datasets/devbatrax/fracture-detection-using-x-ray-images/versions/1/data/train/fractured/80-rotated2-rotated3-rotated3.jpg,0,INVALID_MODALITY,train
D:\anti gravity\Radionova\datasets\generic_negatives\generic_0253.jpg,0,INVALID_MODALITY,train
C:/Users/Ankit/.cache/kagglehub/datasets/paultimothymooney/chest-xray-pneumonia/versions/2/chest_xray/chest_xray/train/PNEUMONIA/person26_bacteria_132.jpeg,1,VALID_MODALITY,train
C:/Users/Ankit/.cache/kagglehub/datasets/paultimothymooney/chest-xray-pneumonia/versions/2/chest_xray/test/PNEUMONIA/person63_virus_121.jpeg,1,VALID_MODALITY,train
D:\anti gravity\Radionova\datasets\generic_negatives\generic_0177.jpg,0,INVALID_MODALITY,train
C:/Users/Ankit/.cache/kagglehub/datasets/paultimothymooney/chest-xray-pneumonia/versions/2/chest_xray/train/PNEUMONIA/person90_virus_170.jpeg,1,VALID_MODALITY,train
C:/Users/Ankit/.cache/kagglehub/datasets/devbatrax/fracture-detection-using-x-ray-images/versions/1/data/train/fractured/23-rotated2-rotated1-rotated1.jpg,0,INVALID_MODALITY,train
C:/Users/Ankit/.cache/kagglehub/datasets/devbatrax/fracture-detection-using-x-ray-images/versions/1/data/train/fractured/63-rotated3-rotated2.jpg,0,INVALID_MODALITY,train
C:/Users/Ankit/.cache/kagglehub/datasets/paultimothymooney/chest-xray-pneumonia/versions/2/chest_xray/train/PNEUMONIA/person1615_bacteria_4249.jpeg,1,VALID_MODALITY,train
C:/Users/Ankit/.cache/kagglehub/datasets/devbatrax/fracture-detection-using-x-ray-images/versions/1/data/train/not fractured/20-rotated1-rotated3-rotated3.jpg,0,INVALID_MODALITY,train
C:/Users/Ankit/.cache/kagglehub/datasets/masoudnickparvar/brain-tumor-mri-dataset/versions/2/Training/glioma/Tr-gl_212.jpg,0,INVALID_MODALITY,train
C:/Users/Ankit/.cache/kagglehub/datasets/paultimothymooney/chest-xray-pneumonia/versions/2/chest_xray/chest_xray/train/NORMAL/NORMAL2-IM-1273-0001.jpeg,1,VALID_MODALITY,train
C:/Users/Ankit/.cache/kagglehub/datasets/paultimothymooney/chest-xray-pneumonia/versions/2/chest_xray/chest_xray/train/PNEUMONIA/person1129_bacteria_3070.jpeg,1,VALID_MODALITY,test
C:/Users/Ankit/.cache/kagglehub/datasets/devbatrax/fracture-detection-using-x-ray-images/versions/1/data/train/not fractured/51-rotated3-rotated1-rotated3-rotated1.jpg,0,INVALID_MODALITY,train
C:/Users/Ankit/.cache/kagglehub/datasets/devbatrax/fracture-detection-using-x-ray-images/versions/1/data/val/not fractured/4-rotated1-rotated1-rotated2.jpg,0,INVALID_MODALITY,val
C:/Users/Ankit/.cache/kagglehub/datasets/devbatrax/fracture-detection-using-x-ray-images/versions/1/data/train/not fractured/55-rotated3-rotated1-rotated2.jpg,0,INVALID_MODALITY,train
C:/Users/Ankit/.cache/kagglehub/datasets/paultimothymooney/chest-xray-pneumonia/versions/2/chest_xray/test/PNEUMONIA/person66_virus_125.jpeg,1,VALID_MODALITY,train
C:/Users/Ankit/.cache/kagglehub/datasets/masoudnickparvar/brain-tumor-mri-dataset/versions/2/Testing/pituitary/Te-pi_148.jpg,0,INVALID_MODALITY,train
C:/Users/Ankit/.cache/kagglehub/datasets/paultimothymooney/chest-xray-pneumonia/versions/2/chest_xray/chest_xray/train/PNEUMONIA/person589_bacteria_2425.jpeg,1,VALID_MODALITY,train
C:/Users/Ankit/.cache/kagglehub/datasets/paultimothymooney/chest-xray-pneumonia/versions/2/chest_xray/chest_xray/train/PNEUMONIA/person293_virus_604.jpeg,1,VALID_MODALITY,train
C:/Users/Ankit/.cache/kagglehub/datasets/paultimothymooney/chest-xray-pneumonia/versions/2/chest_xray/train/PNEUMONIA/person506_virus_1018.jpeg,1,VALID_MODALITY,train
C:/Users/Ankit/.cache/kagglehub/datasets/devbatrax/fracture-detection-using-x-ray-images/versions/1/data/train/not fractured/40-rotated1.jpg,0,INVALID_MODALITY,train
C:/Users/Ankit/.cache/kagglehub/datasets/paultimothymooney/chest-xray-pneumonia/versions/2/chest_xray/train/NORMAL/IM-0354-0001.jpeg,1,VALID_MODALITY,train
D:\anti gravity\Radionova\datasets\generic_negatives\generic_0009.jpg,0,INVALID_MODALITY,train
C:/Users/Ankit/.cache/kagglehub/datasets/devbatrax/fracture-detection-using-x-ray-images/versions/1/data/train/fractured/64-rotated2-rotated3-rotated1.jpg,0,INVALID_MODALITY,test
C:/Users/Ankit/.cache/kagglehub/datasets/devbatrax/fracture-detection-using-x-ray-images/versions/1/data/train/fractured/38-rotated3-rotated1-rotated2.jpg,0,INVALID_MODALITY,val
C:/Users/Ankit/.cache/kagglehub/datasets/masoudnickparvar/brain-tumor-mri-dataset/versions/2/Training/glioma/Tr-gl_24.jpg,0,INVALID_MODALITY,train
D:\anti gravity\Radionova\datasets\generic_negatives\generic_0264.jpg,0,INVALID_MODALITY,train
C:/Users/Ankit/.cache/kagglehub/datasets/paultimothymooney/chest-xray-pneumonia/versions/2/chest_xray/train/PNEUMONIA/person398_bacteria_1801.jpeg,1,VALID_MODALITY,train
C:/Users/Ankit/.cache/kagglehub/datasets/paultimothymooney/chest-xray-pneumonia/versions/2/chest_xray/chest_xray/train/PNEUMONIA/person1548_virus_2689.jpeg,1,VALID_MODALITY,train
C:/Users/Ankit/.cache/kagglehub/datasets/paultimothymooney/chest-xray-pneumonia/versions/2/chest_xray/chest_xray/train/PNEUMONIA/person295_bacteria_1390.jpeg,1,VALID_MODALITY,train
D:\anti gravity\Radionova\datasets\generic_negatives\generic_0123.jpg,0,INVALID_MODALITY,test
C:/Users/Ankit/.cache/kagglehub/datasets/masoudnickparvar/brain-tumor-mri-dataset/versions/2/Training/pituitary/Tr-pi_981.jpg,0,INVALID_MODALITY,train
C:/Users/Ankit/.cache/kagglehub/datasets/paultimothymooney/chest-xray-pneumonia/versions/2/chest_xray/train/PNEUMONIA/person543_bacteria_2282.jpeg,1,VALID_MODALITY,train
C:/Users/Ankit/.cache/kagglehub/datasets/paultimothymooney/chest-xray-pneumonia/versions/2/chest_xray/train/PNEUMONIA/person560_bacteria_2330.jpeg,1,VALID_MODALITY,train
C:/Users/Ankit/.cache/kagglehub/datasets/paultimothymooney/chest-xray-pneumonia/versions/2/chest_xray/chest_xray/train/PNEUMONIA/person525_bacteria_2217.jpeg,1,VALID_MODALITY,train
C:/Users/Ankit/.cache/kagglehub/datasets/paultimothymooney/chest-xray-pneumonia/versions/2/chest_xray/train/PNEUMONIA/person51_bacteria_240.jpeg,1,VALID_MODALITY,train
D:\anti gravity\Radionova\datasets\generic_negatives\generic_0173.jpg,0,INVALID_MODALITY,val
D:\anti gravity\Radionova\datasets\generic_negatives\generic_0300.jpg,0,INVALID_MODALITY,test
C:/Users/Ankit/.cache/kagglehub/datasets/devbatrax/fracture-detection-using-x-ray-images/versions/1/data/train/not fractured/64-rotated3-rotated1-rotated3.jpg,0,INVALID_MODALITY,train
C:/Users/Ankit/.cache/kagglehub/datasets/paultimothymooney/chest-xray-pneumonia/versions/2/chest_xray/train/PNEUMONIA/person550_virus_1090.jpeg,1,VALID_MODALITY,val
C:/Users/Ankit/.cache/kagglehub/datasets/paultimothymooney/chest-xray-pneumonia/versions/2/chest_xray/chest_xray/train/PNEUMONIA/person1453_virus_2485.jpeg,1,VALID_MODALITY,train
C:/Users/Ankit/.cache/kagglehub/datasets/paultimothymooney/chest-xray-pneumonia/versions/2/chest_xray/train/PNEUMONIA/person369_virus_750.jpeg,1,VALID_MODALITY,train
C:/Users/Ankit/.cache/kagglehub/datasets/paultimothymooney/chest-xray-pneumonia/versions/2/chest_xray/chest_xray/train/PNEUMONIA/person1225_virus_2076.jpeg,1,VALID_MODALITY,train
C:/Users/Ankit/.cache/kagglehub/datasets/masoudnickparvar/brain-tumor-mri-dataset/versions/2/Training/glioma/Tr-gl_624.jpg,0,INVALID_MODALITY,train
C:/Users/Ankit/.cache/kagglehub/datasets/devbatrax/fracture-detection-using-x-ray-images/versions/1/data/train/fractured/71-rotated3-rotated2-rotated3.jpg,0,INVALID_MODALITY,train
C:/Users/Ankit/.cache/kagglehub/datasets/paultimothymooney/chest-xray-pneumonia/versions/2/chest_xray/chest_xray/train/NORMAL/IM-0499-0001.jpeg,1,VALID_MODALITY,train
C:/Users/Ankit/.cache/kagglehub/datasets/paultimothymooney/chest-xray-pneumonia/versions/2/chest_xray/train/PNEUMONIA/person1085_virus_1797.jpeg,1,VALID_MODALITY,train
C:/Users/Ankit/.cache/kagglehub/datasets/devbatrax/fracture-detection-using-x-ray-images/versions/1/data/train/not fractured/33-rotated1-rotated1-rotated2.jpg,0,INVALID_MODALITY,test
C:/Users/Ankit/.cache/kagglehub/datasets/devbatrax/fracture-detection-using-x-ray-images/versions/1/data/train/fractured/95-rotated2-rotated2-rotated1.jpg,0,INVALID_MODALITY,test
C:/Users/Ankit/.cache/kagglehub/datasets/paultimothymooney/chest-xray-pneumonia/versions/2/chest_xray/chest_xray/train/NORMAL/NORMAL2-IM-1173-0001.jpeg,1,VALID_MODALITY,train
C:/Users/Ankit/.cache/kagglehub/datasets/devbatrax/fracture-detection-using-x-ray-images/versions/1/data/train/not fractured/32-rotated2-rotated1.jpg,0,INVALID_MODALITY,train
C:/Users/Ankit/.cache/kagglehub/datasets/paultimothymooney/chest-xray-pneumonia/versions/2/chest_xray/chest_xray/train/PNEUMONIA/person1940_bacteria_4859.jpeg,1,VALID_MODALITY,train
C:/Users/Ankit/.cache/kagglehub/datasets/devbatrax/fracture-detection-using-x-ray-images/versions/1/data/train/not fractured/17-rotated3-rotated2-rotated3.jpg,0,INVALID_MODALITY,train
C:/Users/Ankit/.cache/kagglehub/datasets/devbatrax/fracture-detection-using-x-ray-images/versions/1/data/train/fractured/101-rotated3-rotated1-rotated3.jpg,0,INVALID_MODALITY,train
C:/Users/Ankit/.cache/kagglehub/datasets/devbatrax/fracture-detection-using-x-ray-images/versions/1/data/train/fractured/26-rotated2-rotated1-rotated3.jpg,0,INVALID_MODALITY,train
C:/Users/Ankit/.cache/kagglehub/datasets/paultimothymooney/chest-xray-pneumonia/versions/2/chest_xray/chest_xray/train/PNEUMONIA/person1527_bacteria_3989.jpeg,1,VALID_MODALITY,train
C:/Users/Ankit/.cache/kagglehub/datasets/paultimothymooney/chest-xray-pneumonia/versions/2/chest_xray/chest_xray/train/PNEUMONIA/person967_virus_1640.jpeg,1,VALID_MODALITY,train
C:/Users/Ankit/.cache/kagglehub/datasets/devbatrax/fracture-detection-using-x-ray-images/versions/1/data/train/not fractured/23-rotated3-rotated1-rotated1.jpg,0,INVALID_MODALITY,test
C:/Users/Ankit/.cache/kagglehub/datasets/masoudnickparvar/brain-tumor-mri-dataset/versions/2/Training/glioma/Tr-gl_946.jpg,0,INVALID_MODALITY,train
C:/Users/Ankit/.cache/kagglehub/datasets/paultimothymooney/chest-xray-pneumonia/versions/2/chest_xray/test/PNEUMONIA/person32_virus_71.jpeg,1,VALID_MODALITY,train
C:/Users/Ankit/.cache/kagglehub/datasets/paultimothymooney/chest-xray-pneumonia/versions/2/chest_xray/chest_xray/train/PNEUMONIA/person1164_virus_1952.jpeg,1,VALID_MODALITY,train
C:/Users/Ankit/.cache/kagglehub/datasets/paultimothymooney/chest-xray-pneumonia/versions/2/chest_xray/chest_xray/train/NORMAL/NORMAL2-IM-1167-0001.jpeg,1,VALID_MODALITY,train
C:/Users/Ankit/.cache/kagglehub/datasets/paultimothymooney/chest-xray-pneumonia/versions/2/chest_xray/chest_xray/train/PNEUMONIA/person1235_bacteria_3191.jpeg,1,VALID_MODALITY,train
C:/Users/Ankit/.cache/kagglehub/datasets/paultimothymooney/chest-xray-pneumonia/versions/2/chest_xray/chest_xray/train/PNEUMONIA/person1008_bacteria_2939.jpeg,1,VALID_MODALITY,train
C:/Users/Ankit/.cache/kagglehub/datasets/paultimothymooney/chest-xray-pneumonia/versions/2/chest_xray/chest_xray/train/PNEUMONIA/person743_bacteria_2646.jpeg,1,VALID_MODALITY,train
C:/Users/Ankit/.cache/kagglehub/datasets/devbatrax/fracture-detection-using-x-ray-images/versions/1/data/train/fractured/44-rotated3-rotated3-rotated3.jpg,0,INVALID_MODALITY,train
C:/Users/Ankit/.cache/kagglehub/datasets/devbatrax/fracture-detection-using-x-ray-images/versions/1/data/train/not fractured/63-rotated3-rotated2-rotated3-rotated1.jpg,0,INVALID_MODALITY,train
C:/Users/Ankit/.cache/kagglehub/datasets/devbatrax/fracture-detection-using-x-ray-images/versions/1/data/train/not fractured/63.jpg,0,INVALID_MODALITY,train
C:/Users/Ankit/.cache/kagglehub/datasets/devbatrax/fracture-detection-using-x-ray-images/versions/1/data/val/not fractured/1-rotated3-rotated2-rotated3.jpg,0,INVALID_MODALITY,train
D:\anti gravity\Radionova\datasets\generic_negatives\generic_0342.jpg,0,INVALID_MODALITY,train
C:/Users/Ankit/.cache/kagglehub/datasets/devbatrax/fracture-detection-using-x-ray-images/versions/1/data/train/fractured/103-rotated2-rotated3-rotated1.jpg,0,INVALID_MODALITY,train
C:/Users/Ankit/.cache/kagglehub/datasets/paultimothymooney/chest-xray-pneumonia/versions/2/chest_xray/chest_xray/train/PNEUMONIA/person1927_bacteria_4836.jpeg,1,VALID_MODALITY,test
C:/Users/Ankit/.cache/kagglehub/datasets/devbatrax/fracture-detection-using-x-ray-images/versions/1/data/train/not fractured/54-rotated1-rotated3-rotated3-rotated1.jpg,0,INVALID_MODALITY,train
C:/Users/Ankit/.cache/kagglehub/datasets/devbatrax/fracture-detection-using-x-ray-images/versions/1/data/train/not fractured/39-rotated1-rotated1-rotated1-rotated1.jpg,0,INVALID_MODALITY,train
C:/Users/Ankit/.cache/kagglehub/datasets/paultimothymooney/chest-xray-pneumonia/versions/2/chest_xray/chest_xray/train/PNEUMONIA/person325_virus_664.jpeg,1,VALID_MODALITY,train
C:/Users/Ankit/.cache/kagglehub/datasets/devbatrax/fracture-detection-using-x-ray-images/versions/1/data/val/not fractured/2-rotated1-rotated1-rotated1-rotated1.jpg,0,INVALID_MODALITY,test
C:/Users/Ankit/.cache/kagglehub/datasets/paultimothymooney/chest-xray-pneumonia/versions/2/chest_xray/chest_xray/train/NORMAL/IM-0586-0001.jpeg,1,VALID_MODALITY,train
C:/Users/Ankit/.cache/kagglehub/datasets/paultimothymooney/chest-xray-pneumonia/versions/2/chest_xray/chest_xray/train/PNEUMONIA/person629_bacteria_2507.jpeg,1,VALID_MODALITY,train
C:/Users/Ankit/.cache/kagglehub/datasets/devbatrax/fracture-detection-using-x-ray-images/versions/1/data/train/fractured/61-rotated1-rotated3-rotated2.jpg,0,INVALID_MODALITY,train
C:/Users/Ankit/.cache/kagglehub/datasets/masoudnickparvar/brain-tumor-mri-dataset/versions/2/Testing/pituitary/Te-pi_29.jpg,0,INVALID_MODALITY,test
C:/Users/Ankit/.cache/kagglehub/datasets/masoudnickparvar/brain-tumor-mri-dataset/versions/2/Training/glioma/Tr-gl_1257.jpg,0,INVALID_MODALITY,train
C:/Users/Ankit/.cache/kagglehub/datasets/masoudnickparvar/brain-tumor-mri-dataset/versions/2/Training/glioma/Tr-gl_801.jpg,0,INVALID_MODALITY,train
C:/Users/Ankit/.cache/kagglehub/datasets/devbatrax/fracture-detection-using-x-ray-images/versions/1/data/val/not fractured/3-rotated1-rotated1-rotated2.jpg,0,INVALID_MODALITY,train
C:/Users/Ankit/.cache/kagglehub/datasets/devbatrax/fracture-detection-using-x-ray-images/versions/1/data/val/fractured/4-rotated2-rotated3.jpg,0,INVALID_MODALITY,train
C:/Users/Ankit/.cache/kagglehub/datasets/devbatrax/fracture-detection-using-x-ray-images/versions/1/data/train/fractured/73-rotated2-rotated1-rotated1.jpg,0,INVALID_MODALITY,train
C:/Users/Ankit/.cache/kagglehub/datasets/paultimothymooney/chest-xray-pneumonia/versions/2/chest_xray/train/NORMAL/IM-0177-0001.jpeg,1,VALID_MODALITY,train
C:/Users/Ankit/.cache/kagglehub/datasets/paultimothymooney/chest-xray-pneumonia/versions/2/chest_xray/train/PNEUMONIA/person59_bacteria_284.jpeg,1,VALID_MODALITY,train
C:/Users/Ankit/.cache/kagglehub/datasets/devbatrax/fracture-detection-using-x-ray-images/versions/1/data/train/not fractured/59-rotated3-rotated2-rotated2-rotated1.jpg,0,INVALID_MODALITY,val
C:/Users/Ankit/.cache/kagglehub/datasets/paultimothymooney/chest-xray-pneumonia/versions/2/chest_xray/train/PNEUMONIA/person1310_bacteria_3295.jpeg,1,VALID_MODALITY,train
C:/Users/Ankit/.cache/kagglehub/datasets/masoudnickparvar/brain-tumor-mri-dataset/versions/2/Training/pituitary/Tr-pi_1024.jpg,0,INVALID_MODALITY,train
D:\anti gravity\Radionova\datasets\generic_negatives\generic_0224.jpg,0,INVALID_MODALITY,train
C:/Users/Ankit/.cache/kagglehub/datasets/paultimothymooney/chest-xray-pneumonia/versions/2/chest_xray/chest_xray/train/PNEUMONIA/person756_bacteria_2660.jpeg,1,VALID_MODALITY,test
C:/Users/Ankit/.cache/kagglehub/datasets/paultimothymooney/chest-xray-pneumonia/versions/2/chest_xray/train/NORMAL/IM-0160-0001.jpeg,1,VALID_MODALITY,train
C:/Users/Ankit/.cache/kagglehub/datasets/paultimothymooney/chest-xray-pneumonia/versions/2/chest_xray/chest_xray/test/PNEUMONIA/person79_virus_148.jpeg,1,VALID_MODALITY,train
C:/Users/Ankit/.cache/kagglehub/datasets/paultimothymooney/chest-xray-pneumonia/versions/2/chest_xray/chest_xray/train/NORMAL/NORMAL2-IM-1004-0001.jpeg,1,VALID_MODALITY,test
C:/Users/Ankit/.cache/kagglehub/datasets/paultimothymooney/chest-xray-pneumonia/versions/2/chest_xray/chest_xray/train/PNEUMONIA/person5_bacteria_19.jpeg,1,VALID_MODALITY,train
C:/Users/Ankit/.cache/kagglehub/datasets/masoudnickparvar/brain-tumor-mri-dataset/versions/2/Testing/glioma/Te-gl_27.jpg,0,INVALID_MODALITY,train
C:/Users/Ankit/.cache/kagglehub/datasets/devbatrax/fracture-detection-using-x-ray-images/versions/1/data/train/fractured/87-rotated2-rotated2-rotated1.jpg,0,INVALID_MODALITY,train
C:/Users/Ankit/.cache/kagglehub/datasets/masoudnickparvar/brain-tumor-mri-dataset/versions/2/Training/glioma/Tr-gl_49.jpg,0,INVALID_MODALITY,train
C:/Users/Ankit/.cache/kagglehub/datasets/devbatrax/fracture-detection-using-x-ray-images/versions/1/data/train/not fractured/66-rotated3-rotated2.jpg,0,INVALID_MODALITY,train
C:/Users/Ankit/.cache/kagglehub/datasets/paultimothymooney/chest-xray-pneumonia/versions/2/chest_xray/train/PNEUMONIA/person399_virus_793.jpeg,1,VALID_MODALITY,train
C:/Users/Ankit/.cache/kagglehub/datasets/devbatrax/fracture-detection-using-x-ray-images/versions/1/data/train/not fractured/34-rotated2-rotated1-rotated3-rotated1.jpg,0,INVALID_MODALITY,test
C:/Users/Ankit/.cache/kagglehub/datasets/paultimothymooney/chest-xray-pneumonia/versions/2/chest_xray/test/PNEUMONIA/person8_virus_27.jpeg,1,VALID_MODALITY,train
C:/Users/Ankit/.cache/kagglehub/datasets/paultimothymooney/chest-xray-pneumonia/versions/2/chest_xray/train/NORMAL/IM-0509-0001-0001.jpeg,1,VALID_MODALITY,train
C:/Users/Ankit/.cache/kagglehub/datasets/devbatrax/fracture-detection-using-x-ray-images/versions/1/data/train/fractured/90-rotated1-rotated1.jpg,0,INVALID_MODALITY,train
C:/Users/Ankit/.cache/kagglehub/datasets/masoudnickparvar/brain-tumor-mri-dataset/versions/2/Training/meningioma/Tr-me_493.jpg,0,INVALID_MODALITY,train
C:/Users/Ankit/.cache/kagglehub/datasets/masoudnickparvar/brain-tumor-mri-dataset/versions/2/Testing/pituitary/Te-pi_36.jpg,0,INVALID_MODALITY,train
C:/Users/Ankit/.cache/kagglehub/datasets/paultimothymooney/chest-xray-pneumonia/versions/2/chest_xray/chest_xray/train/PNEUMONIA/person1858_bacteria_4730.jpeg,1,VALID_MODALITY,train
C:/Users/Ankit/.cache/kagglehub/datasets/paultimothymooney/chest-xray-pneumonia/versions/2/chest_xray/chest_xray/train/PNEUMONIA/person489_bacteria_2066.jpeg,1,VALID_MODALITY,train
C:/Users/Ankit/.cache/kagglehub/datasets/devbatrax/fracture-detection-using-x-ray-images/versions/1/data/train/fractured/59-rotated1.jpg,0,INVALID_MODALITY,train
C:/Users/Ankit/.cache/kagglehub/datasets/masoudnickparvar/brain-tumor-mri-dataset/versions/2/Training/pituitary/Tr-pi_182.jpg,0,INVALID_MODALITY,train
C:/Users/Ankit/.cache/kagglehub/datasets/devbatrax/fracture-detection-using-x-ray-images/versions/1/data/train/not fractured/26-rotated2-rotated2-rotated3.jpg,0,INVALID_MODALITY,train
C:/Users/Ankit/.cache/kagglehub/datasets/paultimothymooney/chest-xray-pneumonia/versions/2/chest_xray/train/PNEUMONIA/person502_bacteria_2121.jpeg,1,VALID_MODALITY,train
C:/Users/Ankit/.cache/kagglehub/datasets/paultimothymooney/chest-xray-pneumonia/versions/2/chest_xray/train/PNEUMONIA/person716_bacteria_2617.jpeg,1,VALID_MODALITY,train
C:/Users/Ankit/.cache/kagglehub/datasets/masoudnickparvar/brain-tumor-mri-dataset/versions/2/Training/glioma/Tr-gl_565.jpg,0,INVALID_MODALITY,val
C:/Users/Ankit/.cache/kagglehub/datasets/devbatrax/fracture-detection-using-x-ray-images/versions/1/data/val/fractured/2-rotated2-rotated2.jpg,0,INVALID_MODALITY,train
C:/Users/Ankit/.cache/kagglehub/datasets/devbatrax/fracture-detection-using-x-ray-images/versions/1/data/train/fractured/67-rotated1-rotated2-rotated2.jpg,0,INVALID_MODALITY,train
C:/Users/Ankit/.cache/kagglehub/datasets/paultimothymooney/chest-xray-pneumonia/versions/2/chest_xray/train/PNEUMONIA/person1667_bacteria_4418.jpeg,1,VALID_MODALITY,train
C:/Users/Ankit/.cache/kagglehub/datasets/devbatrax/fracture-detection-using-x-ray-images/versions/1/data/train/not fractured/34-rotated3-rotated2-rotated3-rotated1.jpg,0,INVALID_MODALITY,train
C:/Users/Ankit/.cache/kagglehub/datasets/masoudnickparvar/brain-tumor-mri-dataset/versions/2/Training/meningioma/Tr-me_701.jpg,0,INVALID_MODALITY,train
C:/Users/Ankit/.cache/kagglehub/datasets/paultimothymooney/chest-xray-pneumonia/versions/2/chest_xray/train/NORMAL/NORMAL2-IM-0388-0001.jpeg,1,VALID_MODALITY,val
C:/Users/Ankit/.cache/kagglehub/datasets/devbatrax/fracture-detection-using-x-ray-images/versions/1/data/train/not fractured/16-rotated3-rotated3-rotated3-rotated1.jpg,0,INVALID_MODALITY,train
C:/Users/Ankit/.cache/kagglehub/datasets/paultimothymooney/chest-xray-pneumonia/versions/2/chest_xray/train/PNEUMONIA/person669_virus_1255.jpeg,1,VALID_MODALITY,train
C:/Users/Ankit/.cache/kagglehub/datasets/paultimothymooney/chest-xray-pneumonia/versions/2/chest_xray/chest_xray/train/PNEUMONIA/person26_bacteria_123.jpeg,1,VALID_MODALITY,train
C:/Users/Ankit/.cache/kagglehub/datasets/devbatrax/fracture-detection-using-x-ray-images/versions/1/data/train/not fractured/54-rotated3-rotated2-rotated2-rotated1.jpg,0,INVALID_MODALITY,train
D:\anti gravity\Radionova\datasets\generic_negatives\generic_0359.jpg,0,INVALID_MODALITY,train
D:\anti gravity\Radionova\datasets\generic_negatives\generic_0185.jpg,0,INVALID_MODALITY,train
C:/Users/Ankit/.cache/kagglehub/datasets/paultimothymooney/chest-xray-pneumonia/versions/2/chest_xray/train/PNEUMONIA/person1737_bacteria_4573.jpeg,1,VALID_MODALITY,train
C:/Users/Ankit/.cache/kagglehub/datasets/masoudnickparvar/brain-tumor-mri-dataset/versions/2/Training/pituitary/Tr-pi_1160.jpg,0,INVALID_MODALITY,train
C:/Users/Ankit/.cache/kagglehub/datasets/paultimothymooney/chest-xray-pneumonia/versions/2/chest_xray/chest_xray/train/PNEUMONIA/person448_bacteria_1937.jpeg,1,VALID_MODALITY,train
C:/Users/Ankit/.cache/kagglehub/datasets/paultimothymooney/chest-xray-pneumonia/versions/2/chest_xray/chest_xray/train/NORMAL/NORMAL2-IM-1345-0001.jpeg,1,VALID_MODALITY,val
C:/Users/Ankit/.cache/kagglehub/datasets/devbatrax/fracture-detection-using-x-ray-images/versions/1/data/train/not fractured/21-rotated3-rotated2-rotated3-rotated1.jpg,0,INVALID_MODALITY,test
C:/Users/Ankit/.cache/kagglehub/datasets/masoudnickparvar/brain-tumor-mri-dataset/versions/2/Training/pituitary/Tr-pi_745.jpg,0,INVALID_MODALITY,train
C:/Users/Ankit/.cache/kagglehub/datasets/paultimothymooney/chest-xray-pneumonia/versions/2/chest_xray/train/PNEUMONIA/person66_bacteria_325.jpeg,1,VALID_MODALITY,train
C:/Users/Ankit/.cache/kagglehub/datasets/masoudnickparvar/brain-tumor-mri-dataset/versions/2/Training/meningioma/Tr-me_1145.jpg,0,INVALID_MODALITY,val
C:/Users/Ankit/.cache/kagglehub/datasets/paultimothymooney/chest-xray-pneumonia/versions/2/chest_xray/chest_xray/train/NORMAL/NORMAL2-IM-1118-0001.jpeg,1,VALID_MODALITY,train
C:/Users/Ankit/.cache/kagglehub/datasets/devbatrax/fracture-detection-using-x-ray-images/versions/1/data/train/fractured/61-rotated2-rotated3-rotated2.jpg,0,INVALID_MODALITY,train
C:/Users/Ankit/.cache/kagglehub/datasets/devbatrax/fracture-detection-using-x-ray-images/versions/1/data/train/not fractured/40-rotated3-rotated2-rotated2.jpg,0,INVALID_MODALITY,train
C:/Users/Ankit/.cache/kagglehub/datasets/masoudnickparvar/brain-tumor-mri-dataset/versions/2/Testing/glioma/Te-gl_177.jpg,0,INVALID_MODALITY,train
D:\anti gravity\Radionova\datasets\generic_negatives\generic_0035.jpg,0,INVALID_MODALITY,val
C:/Users/Ankit/.cache/kagglehub/datasets/paultimothymooney/chest-xray-pneumonia/versions/2/chest_xray/train/NORMAL/NORMAL2-IM-0877-0001.jpeg,1,VALID_MODALITY,train
C:/Users/Ankit/.cache/kagglehub/datasets/masoudnickparvar/brain-tumor-mri-dataset/versions/2/Training/pituitary/Tr-pi_976.jpg,0,INVALID_MODALITY,train
C:/Users/Ankit/.cache/kagglehub/datasets/paultimothymooney/chest-xray-pneumonia/versions/2/chest_xray/train/PNEUMONIA/person71_bacteria_348.jpeg,1,VALID_MODALITY,train
C:/Users/Ankit/.cache/kagglehub/datasets/masoudnickparvar/brain-tumor-mri-dataset/versions/2/Training/glioma/Tr-gl_216.jpg,0,INVALID_MODALITY,train
C:/Users/Ankit/.cache/kagglehub/datasets/paultimothymooney/chest-xray-pneumonia/versions/2/chest_xray/train/NORMAL/NORMAL2-IM-0648-0001.jpeg,1,VALID_MODALITY,val
D:\anti gravity\Radionova\datasets\generic_negatives\generic_0318.jpg,0,INVALID_MODALITY,train
C:/Users/Ankit/.cache/kagglehub/datasets/paultimothymooney/chest-xray-pneumonia/versions/2/chest_xray/train/PNEUMONIA/person1332_virus_2300.jpeg,1,VALID_MODALITY,test
C:/Users/Ankit/.cache/kagglehub/datasets/paultimothymooney/chest-xray-pneumonia/versions/2/chest_xray/train/PNEUMONIA/person339_bacteria_1573.jpeg,1,VALID_MODALITY,train
C:/Users/Ankit/.cache/kagglehub/datasets/paultimothymooney/chest-xray-pneumonia/versions/2/chest_xray/train/PNEUMONIA/person753_bacteria_2656.jpeg,1,VALID_MODALITY,train
C:/Users/Ankit/.cache/kagglehub/datasets/paultimothymooney/chest-xray-pneumonia/versions/2/chest_xray/train/PNEUMONIA/person1554_bacteria_4057.jpeg,1,VALID_MODALITY,train
C:/Users/Ankit/.cache/kagglehub/datasets/devbatrax/fracture-detection-using-x-ray-images/versions/1/data/train/fractured/106-rotated2-rotated1-rotated1.jpg,0,INVALID_MODALITY,train
C:/Users/Ankit/.cache/kagglehub/datasets/masoudnickparvar/brain-tumor-mri-dataset/versions/2/Training/glioma/Tr-gl_1123.jpg,0,INVALID_MODALITY,train
C:/Users/Ankit/.cache/kagglehub/datasets/paultimothymooney/chest-xray-pneumonia/versions/2/chest_xray/train/PNEUMONIA/person337_bacteria_1563.jpeg,1,VALID_MODALITY,val
D:\anti gravity\Radionova\datasets\generic_negatives\generic_0362.jpg,0,INVALID_MODALITY,train
C:/Users/Ankit/.cache/kagglehub/datasets/paultimothymooney/chest-xray-pneumonia/versions/2/chest_xray/train/PNEUMONIA/person1261_bacteria_3219.jpeg,1,VALID_MODALITY,train
C:/Users/Ankit/.cache/kagglehub/datasets/paultimothymooney/chest-xray-pneumonia/versions/2/chest_xray/train/PNEUMONIA/person1372_bacteria_3502.jpeg,1,VALID_MODALITY,train
C:/Users/Ankit/.cache/kagglehub/datasets/paultimothymooney/chest-xray-pneumonia/versions/2/chest_xray/chest_xray/train/PNEUMONIA/person33_bacteria_169.jpeg,1,VALID_MODALITY,train
C:/Users/Ankit/.cache/kagglehub/datasets/devbatrax/fracture-detection-using-x-ray-images/versions/1/data/train/fractured/111-rotated2-rotated3-rotated1.jpg,0,INVALID_MODALITY,train
D:\anti gravity\Radionova\datasets\generic_negatives\generic_0218.jpg,0,INVALID_MODALITY,train
C:/Users/Ankit/.cache/kagglehub/datasets/paultimothymooney/chest-xray-pneumonia/versions/2/chest_xray/val/NORMAL/NORMAL2-IM-1440-0001.jpeg,1,VALID_MODALITY,train
C:/Users/Ankit/.cache/kagglehub/datasets/devbatrax/fracture-detection-using-x-ray-images/versions/1/data/train/fractured/71-rotated1-rotated2-rotated3.jpg,0,INVALID_MODALITY,train
D:\anti gravity\Radionova\datasets\generic_negatives\generic_0281.jpg,0,INVALID_MODALITY,val
C:/Users/Ankit/.cache/kagglehub/datasets/masoudnickparvar/brain-tumor-mri-dataset/versions/2/Testing/pituitary/Te-pi_53.jpg,0,INVALID_MODALITY,train
C:/Users/Ankit/.cache/kagglehub/datasets/paultimothymooney/chest-xray-pneumonia/versions/2/chest_xray/train/PNEUMONIA/person44_bacteria_218.jpeg,1,VALID_MODALITY,train
C:/Users/Ankit/.cache/kagglehub/datasets/paultimothymooney/chest-xray-pneumonia/versions/2/chest_xray/chest_xray/train/NORMAL/NORMAL2-IM-0914-0001.jpeg,1,VALID_MODALITY,train
C:/Users/Ankit/.cache/kagglehub/datasets/paultimothymooney/chest-xray-pneumonia/versions/2/chest_xray/chest_xray/train/NORMAL/IM-0368-0001.jpeg,1,VALID_MODALITY,val
C:/Users/Ankit/.cache/kagglehub/datasets/paultimothymooney/chest-xray-pneumonia/versions/2/chest_xray/chest_xray/train/NORMAL/NORMAL2-IM-1221-0001.jpeg,1,VALID_MODALITY,test
C:/Users/Ankit/.cache/kagglehub/datasets/devbatrax/fracture-detection-using-x-ray-images/versions/1/data/train/fractured/79-rotated2-rotated3-rotated2.jpg,0,INVALID_MODALITY,train
C:/Users/Ankit/.cache/kagglehub/datasets/masoudnickparvar/brain-tumor-mri-dataset/versions/2/Testing/glioma/Te-gl_339.jpg,0,INVALID_MODALITY,train
D:\anti gravity\Radionova\datasets\generic_negatives\generic_0094.jpg,0,INVALID_MODALITY,train
C:/Users/Ankit/.cache/kagglehub/datasets/devbatrax/fracture-detection-using-x-ray-images/versions/1/data/train/not fractured/32-rotated3-rotated3-rotated2.jpg,0,INVALID_MODALITY,train
C:/Users/Ankit/.cache/kagglehub/datasets/devbatrax/fracture-detection-using-x-ray-images/versions/1/data/train/not fractured/31-rotated1-rotated1-rotated1-rotated1.jpg,0,INVALID_MODALITY,train
C:/Users/Ankit/.cache/kagglehub/datasets/masoudnickparvar/brain-tumor-mri-dataset/versions/2/Testing/glioma/Te-gl_277.jpg,0,INVALID_MODALITY,train
C:/Users/Ankit/.cache/kagglehub/datasets/paultimothymooney/chest-xray-pneumonia/versions/2/chest_xray/train/PNEUMONIA/person600_virus_1156.jpeg,1,VALID_MODALITY,val
C:/Users/Ankit/.cache/kagglehub/datasets/paultimothymooney/chest-xray-pneumonia/versions/2/chest_xray/chest_xray/train/PNEUMONIA/person951_virus_1622.jpeg,1,VALID_MODALITY,train
C:/Users/Ankit/.cache/kagglehub/datasets/masoudnickparvar/brain-tumor-mri-dataset/versions/2/Training/pituitary/Tr-pi_808.jpg,0,INVALID_MODALITY,train
C:/Users/Ankit/.cache/kagglehub/datasets/paultimothymooney/chest-xray-pneumonia/versions/2/chest_xray/chest_xray/test/NORMAL/NORMAL2-IM-0289-0001.jpeg,1,VALID_MODALITY,val
C:/Users/Ankit/.cache/kagglehub/datasets/devbatrax/fracture-detection-using-x-ray-images/versions/1/data/train/not fractured/27-rotated1-rotated1-rotated1-rotated1.jpg,0,INVALID_MODALITY,train
C:/Users/Ankit/.cache/kagglehub/datasets/masoudnickparvar/brain-tumor-mri-dataset/versions/2/Training/glioma/Tr-gl_890.jpg,0,INVALID_MODALITY,train
C:/Users/Ankit/.cache/kagglehub/datasets/paultimothymooney/chest-xray-pneumonia/versions/2/chest_xray/chest_xray/train/PNEUMONIA/person476_virus_973.jpeg,1,VALID_MODALITY,train
C:/Users/Ankit/.cache/kagglehub/datasets/paultimothymooney/chest-xray-pneumonia/versions/2/chest_xray/train/PNEUMONIA/person866_bacteria_2788.jpeg,1,VALID_MODALITY,train
C:/Users/Ankit/.cache/kagglehub/datasets/devbatrax/fracture-detection-using-x-ray-images/versions/1/data/train/not fractured/26-rotated3-rotated1-rotated2.jpg,0,INVALID_MODALITY,test
D:\anti gravity\Radionova\datasets\generic_negatives\generic_0205.jpg,0,INVALID_MODALITY,train
C:/Users/Ankit/.cache/kagglehub/datasets/paultimothymooney/chest-xray-pneumonia/versions/2/chest_xray/test/PNEUMONIA/person109_bacteria_526.jpeg,1,VALID_MODALITY,train
C:/Users/Ankit/.cache/kagglehub/datasets/paultimothymooney/chest-xray-pneumonia/versions/2/chest_xray/chest_xray/train/PNEUMONIA/person1396_bacteria_3545.jpeg,1,VALID_MODALITY,train
C:/Users/Ankit/.cache/kagglehub/datasets/devbatrax/fracture-detection-using-x-ray-images/versions/1/data/train/fractured/61-rotated2-rotated2-rotated3.jpg,0,INVALID_MODALITY,train
C:/Users/Ankit/.cache/kagglehub/datasets/paultimothymooney/chest-xray-pneumonia/versions/2/chest_xray/chest_xray/train/PNEUMONIA/person1486_bacteria_3884.jpeg,1,VALID_MODALITY,train
C:/Users/Ankit/.cache/kagglehub/datasets/devbatrax/fracture-detection-using-x-ray-images/versions/1/data/val/fractured/2-rotated1-rotated3-rotated2.jpg,0,INVALID_MODALITY,train
D:\anti gravity\Radionova\datasets\generic_negatives\generic_0062.jpg,0,INVALID_MODALITY,train
C:/Users/Ankit/.cache/kagglehub/datasets/masoudnickparvar/brain-tumor-mri-dataset/versions/2/Testing/glioma/Te-gl_95.jpg,0,INVALID_MODALITY,train
C:/Users/Ankit/.cache/kagglehub/datasets/devbatrax/fracture-detection-using-x-ray-images/versions/1/data/train/not fractured/34-rotated1-rotated1-rotated3-rotated1.jpg,0,INVALID_MODALITY,train
C:/Users/Ankit/.cache/kagglehub/datasets/paultimothymooney/chest-xray-pneumonia/versions/2/chest_xray/chest_xray/train/PNEUMONIA/person1665_bacteria_4415.jpeg,1,VALID_MODALITY,train
C:/Users/Ankit/.cache/kagglehub/datasets/devbatrax/fracture-detection-using-x-ray-images/versions/1/data/val/fractured/1-rotated3-rotated1-rotated2.jpg,0,INVALID_MODALITY,test
C:/Users/Ankit/.cache/kagglehub/datasets/paultimothymooney/chest-xray-pneumonia/versions/2/chest_xray/train/PNEUMONIA/person741_virus_1364.jpeg,1,VALID_MODALITY,test
C:/Users/Ankit/.cache/kagglehub/datasets/masoudnickparvar/brain-tumor-mri-dataset/versions/2/Training/pituitary/Tr-pi_57.jpg,0,INVALID_MODALITY,train
C:/Users/Ankit/.cache/kagglehub/datasets/devbatrax/fracture-detection-using-x-ray-images/versions/1/data/train/fractured/98-rotated3-rotated1-rotated1.jpg,0,INVALID_MODALITY,train
C:/Users/Ankit/.cache/kagglehub/datasets/devbatrax/fracture-detection-using-x-ray-images/versions/1/data/train/fractured/29-rotated3-rotated1-rotated2.jpg,0,INVALID_MODALITY,train
C:/Users/Ankit/.cache/kagglehub/datasets/paultimothymooney/chest-xray-pneumonia/versions/2/chest_xray/chest_xray/train/PNEUMONIA/person1149_virus_1924.jpeg,1,VALID_MODALITY,train
C:/Users/Ankit/.cache/kagglehub/datasets/paultimothymooney/chest-xray-pneumonia/versions/2/chest_xray/chest_xray/train/NORMAL/IM-0491-0001.jpeg,1,VALID_MODALITY,train
C:/Users/Ankit/.cache/kagglehub/datasets/paultimothymooney/chest-xray-pneumonia/versions/2/chest_xray/chest_xray/train/PNEUMONIA/person1452_virus_2484.jpeg,1,VALID_MODALITY,train
C:/Users/Ankit/.cache/kagglehub/datasets/masoudnickparvar/brain-tumor-mri-dataset/versions/2/Training/meningioma/Tr-me_334.jpg,0,INVALID_MODALITY,test
C:/Users/Ankit/.cache/kagglehub/datasets/devbatrax/fracture-detection-using-x-ray-images/versions/1/data/train/not fractured/61-rotated2-rotated2-rotated1-rotated1.jpg,0,INVALID_MODALITY,val
D:\anti gravity\Radionova\datasets\generic_negatives\generic_0348.jpg,0,INVALID_MODALITY,train
C:/Users/Ankit/.cache/kagglehub/datasets/paultimothymooney/chest-xray-pneumonia/versions/2/chest_xray/chest_xray/train/PNEUMONIA/person672_virus_1261.jpeg,1,VALID_MODALITY,val
D:\anti gravity\Radionova\datasets\generic_negatives\generic_0236.jpg,0,INVALID_MODALITY,train
D:\anti gravity\Radionova\datasets\generic_negatives\generic_0328.jpg,0,INVALID_MODALITY,test
D:\anti gravity\Radionova\datasets\generic_negatives\generic_0372.jpg,0,INVALID_MODALITY,train
C:/Users/Ankit/.cache/kagglehub/datasets/paultimothymooney/chest-xray-pneumonia/versions/2/chest_xray/chest_xray/train/NORMAL/NORMAL2-IM-0440-0001.jpeg,1,VALID_MODALITY,train
D:\anti gravity\Radionova\datasets\generic_negatives\generic_0310.jpg,0,INVALID_MODALITY,val
C:/Users/Ankit/.cache/kagglehub/datasets/paultimothymooney/chest-xray-pneumonia/versions/2/chest_xray/train/NORMAL/NORMAL2-IM-0814-0001.jpeg,1,VALID_MODALITY,train
C:/Users/Ankit/.cache/kagglehub/datasets/paultimothymooney/chest-xray-pneumonia/versions/2/chest_xray/train/PNEUMONIA/person291_virus_596.jpeg,1,VALID_MODALITY,train
C:/Users/Ankit/.cache/kagglehub/datasets/devbatrax/fracture-detection-using-x-ray-images/versions/1/data/train/not fractured/31-rotated1-rotated1-rotated3-rotated1.jpg,0,INVALID_MODALITY,test
C:/Users/Ankit/.cache/kagglehub/datasets/paultimothymooney/chest-xray-pneumonia/versions/2/chest_xray/chest_xray/train/PNEUMONIA/person1406_bacteria_3574.jpeg,1,VALID_MODALITY,test
C:/Users/Ankit/.cache/kagglehub/datasets/paultimothymooney/chest-xray-pneumonia/versions/2/chest_xray/chest_xray/train/NORMAL/NORMAL2-IM-1242-0001.jpeg,1,VALID_MODALITY,train
C:/Users/Ankit/.cache/kagglehub/datasets/devbatrax/fracture-detection-using-x-ray-images/versions/1/data/train/not fractured/56-rotated1-rotated3-rotated2.jpg,0,INVALID_MODALITY,val
C:/Users/Ankit/.cache/kagglehub/datasets/devbatrax/fracture-detection-using-x-ray-images/versions/1/data/train/fractured/60-rotated2-rotated2.jpg,0,INVALID_MODALITY,train
C:/Users/Ankit/.cache/kagglehub/datasets/devbatrax/fracture-detection-using-x-ray-images/versions/1/data/train/not fractured/32-rotated1-rotated1-rotated1-rotated1.jpg,0,INVALID_MODALITY,val
C:/Users/Ankit/.cache/kagglehub/datasets/paultimothymooney/chest-xray-pneumonia/versions/2/chest_xray/train/PNEUMONIA/person445_virus_916.jpeg,1,VALID_MODALITY,train
C:/Users/Ankit/.cache/kagglehub/datasets/devbatrax/fracture-detection-using-x-ray-images/versions/1/data/train/fractured/19-rotated1-rotated3-rotated2.jpg,0,INVALID_MODALITY,test
C:/Users/Ankit/.cache/kagglehub/datasets/devbatrax/fracture-detection-using-x-ray-images/versions/1/data/train/fractured/10.jpg,0,INVALID_MODALITY,train
C:/Users/Ankit/.cache/kagglehub/datasets/paultimothymooney/chest-xray-pneumonia/versions/2/chest_xray/train/PNEUMONIA/person1610_bacteria_4240.jpeg,1,VALID_MODALITY,train
D:\anti gravity\Radionova\datasets\generic_negatives\generic_0163.jpg,0,INVALID_MODALITY,train
C:/Users/Ankit/.cache/kagglehub/datasets/paultimothymooney/chest-xray-pneumonia/versions/2/chest_xray/train/PNEUMONIA/person312_bacteria_1454.jpeg,1,VALID_MODALITY,val
C:/Users/Ankit/.cache/kagglehub/datasets/masoudnickparvar/brain-tumor-mri-dataset/versions/2/Training/pituitary/Tr-pi_1025.jpg,0,INVALID_MODALITY,val
C:/Users/Ankit/.cache/kagglehub/datasets/devbatrax/fracture-detection-using-x-ray-images/versions/1/data/train/fractured/95-rotated2-rotated2.jpg,0,INVALID_MODALITY,train
C:/Users/Ankit/.cache/kagglehub/datasets/masoudnickparvar/brain-tumor-mri-dataset/versions/2/Testing/pituitary/Te-pi_347.jpg,0,INVALID_MODALITY,train
C:/Users/Ankit/.cache/kagglehub/datasets/paultimothymooney/chest-xray-pneumonia/versions/2/chest_xray/train/NORMAL/IM-0591-0001.jpeg,1,VALID_MODALITY,train
C:/Users/Ankit/.cache/kagglehub/datasets/paultimothymooney/chest-xray-pneumonia/versions/2/chest_xray/train/PNEUMONIA/person1611_bacteria_4241.jpeg,1,VALID_MODALITY,train
C:/Users/Ankit/.cache/kagglehub/datasets/masoudnickparvar/brain-tumor-mri-dataset/versions/2/Training/glioma/Tr-gl_1220.jpg,0,INVALID_MODALITY,test
C:/Users/Ankit/.cache/kagglehub/datasets/paultimothymooney/chest-xray-pneumonia/versions/2/chest_xray/chest_xray/train/PNEUMONIA/person972_virus_1646.jpeg,1,VALID_MODALITY,train
C:/Users/Ankit/.cache/kagglehub/datasets/devbatrax/fracture-detection-using-x-ray-images/versions/1/data/train/not fractured/4-rotated3-rotated2.jpg,0,INVALID_MODALITY,val
C:/Users/Ankit/.cache/kagglehub/datasets/paultimothymooney/chest-xray-pneumonia/versions/2/chest_xray/chest_xray/train/PNEUMONIA/person626_bacteria_2502.jpeg,1,VALID_MODALITY,train
C:/Users/Ankit/.cache/kagglehub/datasets/devbatrax/fracture-detection-using-x-ray-images/versions/1/data/train/not fractured/39-rotated1-rotated2.jpg,0,INVALID_MODALITY,train
C:/Users/Ankit/.cache/kagglehub/datasets/devbatrax/fracture-detection-using-x-ray-images/versions/1/data/train/not fractured/37-rotated2-rotated1-rotated1-rotated1.jpg,0,INVALID_MODALITY,test
C:/Users/Ankit/.cache/kagglehub/datasets/devbatrax/fracture-detection-using-x-ray-images/versions/1/data/val/fractured/9-rotated3-rotated1-rotated2.jpg,0,INVALID_MODALITY,train
C:/Users/Ankit/.cache/kagglehub/datasets/paultimothymooney/chest-xray-pneumonia/versions/2/chest_xray/chest_xray/train/PNEUMONIA/person596_bacteria_2446.jpeg,1,VALID_MODALITY,test
C:/Users/Ankit/.cache/kagglehub/datasets/paultimothymooney/chest-xray-pneumonia/versions/2/chest_xray/train/PNEUMONIA/person549_bacteria_2303.jpeg,1,VALID_MODALITY,train
C:/Users/Ankit/.cache/kagglehub/datasets/paultimothymooney/chest-xray-pneumonia/versions/2/chest_xray/train/NORMAL/IM-0604-0001.jpeg,1,VALID_MODALITY,train
C:/Users/Ankit/.cache/kagglehub/datasets/paultimothymooney/chest-xray-pneumonia/versions/2/chest_xray/chest_xray/test/NORMAL/NORMAL2-IM-0374-0001.jpeg,1,VALID_MODALITY,val
C:/Users/Ankit/.cache/kagglehub/datasets/paultimothymooney/chest-xray-pneumonia/versions/2/chest_xray/chest_xray/train/PNEUMONIA/person1323_bacteria_3362.jpeg,1,VALID_MODALITY,val
C:/Users/Ankit/.cache/kagglehub/datasets/paultimothymooney/chest-xray-pneumonia/versions/2/chest_xray/chest_xray/train/PNEUMONIA/person1239_bacteria_3195.jpeg,1,VALID_MODALITY,train
C:/Users/Ankit/.cache/kagglehub/datasets/paultimothymooney/chest-xray-pneumonia/versions/2/chest_xray/train/PNEUMONIA/person25_bacteria_118.jpeg,1,VALID_MODALITY,train
C:/Users/Ankit/.cache/kagglehub/datasets/masoudnickparvar/brain-tumor-mri-dataset/versions/2/Training/meningioma/Tr-me_794.jpg,0,INVALID_MODALITY,val
C:/Users/Ankit/.cache/kagglehub/datasets/paultimothymooney/chest-xray-pneumonia/versions/2/chest_xray/train/PNEUMONIA/person569_bacteria_2362.jpeg,1,VALID_MODALITY,train
D:\anti gravity\Radionova\datasets\generic_negatives\generic_0168.jpg,0,INVALID_MODALITY,train
C:/Users/Ankit/.cache/kagglehub/datasets/paultimothymooney/chest-xray-pneumonia/versions/2/chest_xray/train/PNEUMONIA/person357_bacteria_1640.jpeg,1,VALID_MODALITY,train
C:/Users/Ankit/.cache/kagglehub/datasets/paultimothymooney/chest-xray-pneumonia/versions/2/chest_xray/chest_xray/train/NORMAL/NORMAL2-IM-1006-0001.jpeg,1,VALID_MODALITY,train
C:/Users/Ankit/.cache/kagglehub/datasets/paultimothymooney/chest-xray-pneumonia/versions/2/chest_xray/chest_xray/train/NORMAL/NORMAL2-IM-0487-0001.jpeg,1,VALID_MODALITY,train
C:/Users/Ankit/.cache/kagglehub/datasets/paultimothymooney/chest-xray-pneumonia/versions/2/chest_xray/train/PNEUMONIA/person1164_virus_1957.jpeg,1,VALID_MODALITY,train
C:/Users/Ankit/.cache/kagglehub/datasets/devbatrax/fracture-detection-using-x-ray-images/versions/1/data/train/not fractured/62-rotated2-rotated3-rotated1.jpg,0,INVALID_MODALITY,train
C:/Users/Ankit/.cache/kagglehub/datasets/devbatrax/fracture-detection-using-x-ray-images/versions/1/data/train/fractured/64.jpg,0,INVALID_MODALITY,train
C:/Users/Ankit/.cache/kagglehub/datasets/masoudnickparvar/brain-tumor-mri-dataset/versions/2/Training/pituitary/Tr-pi_753.jpg,0,INVALID_MODALITY,test
C:/Users/Ankit/.cache/kagglehub/datasets/paultimothymooney/chest-xray-pneumonia/versions/2/chest_xray/chest_xray/train/PNEUMONIA/person1471_bacteria_3831.jpeg,1,VALID_MODALITY,train
C:/Users/Ankit/.cache/kagglehub/datasets/devbatrax/fracture-detection-using-x-ray-images/versions/1/data/train/fractured/104-rotated3-rotated2-rotated3.jpg,0,INVALID_MODALITY,train
C:/Users/Ankit/.cache/kagglehub/datasets/paultimothymooney/chest-xray-pneumonia/versions/2/chest_xray/chest_xray/test/PNEUMONIA/person121_bacteria_576.jpeg,1,VALID_MODALITY,train
C:/Users/Ankit/.cache/kagglehub/datasets/masoudnickparvar/brain-tumor-mri-dataset/versions/2/Testing/pituitary/Te-pi_50.jpg,0,INVALID_MODALITY,val
C:/Users/Ankit/.cache/kagglehub/datasets/devbatrax/fracture-detection-using-x-ray-images/versions/1/data/train/fractured/61-rotated2-rotated1-rotated1.jpg,0,INVALID_MODALITY,train
C:/Users/Ankit/.cache/kagglehub/datasets/paultimothymooney/chest-xray-pneumonia/versions/2/chest_xray/chest_xray/train/NORMAL/IM-0348-0001.jpeg,1,VALID_MODALITY,train
C:/Users/Ankit/.cache/kagglehub/datasets/masoudnickparvar/brain-tumor-mri-dataset/versions/2/Testing/glioma/Te-gl_130.jpg,0,INVALID_MODALITY,test
C:/Users/Ankit/.cache/kagglehub/datasets/masoudnickparvar/brain-tumor-mri-dataset/versions/2/Training/pituitary/Tr-pi_371.jpg,0,INVALID_MODALITY,val
C:/Users/Ankit/.cache/kagglehub/datasets/devbatrax/fracture-detection-using-x-ray-images/versions/1/data/train/fractured/66-rotated1-rotated3-rotated3.jpg,0,INVALID_MODALITY,train
C:/Users/Ankit/.cache/kagglehub/datasets/masoudnickparvar/brain-tumor-mri-dataset/versions/2/Training/pituitary/Tr-pi_1135.jpg,0,INVALID_MODALITY,train
C:/Users/Ankit/.cache/kagglehub/datasets/devbatrax/fracture-detection-using-x-ray-images/versions/1/data/train/fractured/52-rotated3-rotated2-rotated2.jpg,0,INVALID_MODALITY,train
C:/Users/Ankit/.cache/kagglehub/datasets/devbatrax/fracture-detection-using-x-ray-images/versions/1/data/train/not fractured/38-rotated2-rotated2-rotated1-rotated1.jpg,0,INVALID_MODALITY,train
C:/Users/Ankit/.cache/kagglehub/datasets/masoudnickparvar/brain-tumor-mri-dataset/versions/2/Training/glioma/Tr-gl_1121.jpg,0,INVALID_MODALITY,val
C:/Users/Ankit/.cache/kagglehub/datasets/devbatrax/fracture-detection-using-x-ray-images/versions/1/data/train/fractured/79-rotated3.jpg,0,INVALID_MODALITY,train
C:/Users/Ankit/.cache/kagglehub/datasets/paultimothymooney/chest-xray-pneumonia/versions/2/chest_xray/train/PNEUMONIA/person945_virus_1616.jpeg,1,VALID_MODALITY,train
C:/Users/Ankit/.cache/kagglehub/datasets/paultimothymooney/chest-xray-pneumonia/versions/2/chest_xray/train/PNEUMONIA/person1657_bacteria_4398.jpeg,1,VALID_MODALITY,train
C:/Users/Ankit/.cache/kagglehub/datasets/masoudnickparvar/brain-tumor-mri-dataset/versions/2/Training/glioma/Tr-gl_793.jpg,0,INVALID_MODALITY,train
C:/Users/Ankit/.cache/kagglehub/datasets/paultimothymooney/chest-xray-pneumonia/versions/2/chest_xray/chest_xray/train/NORMAL/IM-0682-0001.jpeg,1,VALID_MODALITY,val
C:/Users/Ankit/.cache/kagglehub/datasets/paultimothymooney/chest-xray-pneumonia/versions/2/chest_xray/chest_xray/train/PNEUMONIA/person43_bacteria_216.jpeg,1,VALID_MODALITY,val
C:/Users/Ankit/.cache/kagglehub/datasets/paultimothymooney/chest-xray-pneumonia/versions/2/chest_xray/chest_xray/train/PNEUMONIA/person382_bacteria_1741.jpeg,1,VALID_MODALITY,val
C:/Users/Ankit/.cache/kagglehub/datasets/devbatrax/fracture-detection-using-x-ray-images/versions/1/data/train/fractured/13-rotated2.jpg,0,INVALID_MODALITY,test
C:/Users/Ankit/.cache/kagglehub/datasets/paultimothymooney/chest-xray-pneumonia/versions/2/chest_xray/test/NORMAL/NORMAL2-IM-0311-0001.jpeg,1,VALID_MODALITY,train
C:/Users/Ankit/.cache/kagglehub/datasets/paultimothymooney/chest-xray-pneumonia/versions/2/chest_xray/chest_xray/train/PNEUMONIA/person1313_bacteria_3320.jpeg,1,VALID_MODALITY,train
C:/Users/Ankit/.cache/kagglehub/datasets/devbatrax/fracture-detection-using-x-ray-images/versions/1/data/train/not fractured/32-rotated3-rotated1-rotated3.jpg,0,INVALID_MODALITY,train
D:\anti gravity\Radionova\datasets\generic_negatives\generic_0286.jpg,0,INVALID_MODALITY,test
C:/Users/Ankit/.cache/kagglehub/datasets/masoudnickparvar/brain-tumor-mri-dataset/versions/2/Training/glioma/Tr-gl_543.jpg,0,INVALID_MODALITY,train
C:/Users/Ankit/.cache/kagglehub/datasets/paultimothymooney/chest-xray-pneumonia/versions/2/chest_xray/chest_xray/train/PNEUMONIA/person892_bacteria_2817.jpeg,1,VALID_MODALITY,train
C:/Users/Ankit/.cache/kagglehub/datasets/devbatrax/fracture-detection-using-x-ray-images/versions/1/data/train/fractured/105-rotated1-rotated2-rotated1.jpg,0,INVALID_MODALITY,val
C:/Users/Ankit/.cache/kagglehub/datasets/masoudnickparvar/brain-tumor-mri-dataset/versions/2/Training/pituitary/Tr-pi_1377.jpg,0,INVALID_MODALITY,train
C:/Users/Ankit/.cache/kagglehub/datasets/masoudnickparvar/brain-tumor-mri-dataset/versions/2/Training/glioma/Tr-gl_428.jpg,0,INVALID_MODALITY,val
C:/Users/Ankit/.cache/kagglehub/datasets/paultimothymooney/chest-xray-pneumonia/versions/2/chest_xray/train/PNEUMONIA/person278_virus_574.jpeg,1,VALID_MODALITY,test
D:\anti gravity\Radionova\datasets\generic_negatives\generic_0037.jpg,0,INVALID_MODALITY,train
C:/Users/Ankit/.cache/kagglehub/datasets/paultimothymooney/chest-xray-pneumonia/versions/2/chest_xray/train/PNEUMONIA/person30_bacteria_150.jpeg,1,VALID_MODALITY,test
C:/Users/Ankit/.cache/kagglehub/datasets/paultimothymooney/chest-xray-pneumonia/versions/2/chest_xray/chest_xray/train/PNEUMONIA/person1482_virus_2571.jpeg,1,VALID_MODALITY,val
C:/Users/Ankit/.cache/kagglehub/datasets/paultimothymooney/chest-xray-pneumonia/versions/2/chest_xray/chest_xray/train/PNEUMONIA/person37_bacteria_189.jpeg,1,VALID_MODALITY,train
C:/Users/Ankit/.cache/kagglehub/datasets/paultimothymooney/chest-xray-pneumonia/versions/2/chest_xray/train/PNEUMONIA/person1530_bacteria_4000.jpeg,1,VALID_MODALITY,train
C:/Users/Ankit/.cache/kagglehub/datasets/paultimothymooney/chest-xray-pneumonia/versions/2/chest_xray/train/PNEUMONIA/person351_bacteria_1617.jpeg,1,VALID_MODALITY,train
C:/Users/Ankit/.cache/kagglehub/datasets/paultimothymooney/chest-xray-pneumonia/versions/2/chest_xray/test/PNEUMONIA/person114_bacteria_545.jpeg,1,VALID_MODALITY,train
C:/Users/Ankit/.cache/kagglehub/datasets/devbatrax/fracture-detection-using-x-ray-images/versions/1/data/train/not fractured/17-rotated1-rotated3.jpg,0,INVALID_MODALITY,train
C:/Users/Ankit/.cache/kagglehub/datasets/masoudnickparvar/brain-tumor-mri-dataset/versions/2/Testing/pituitary/Te-pi_243.jpg,0,INVALID_MODALITY,train
C:/Users/Ankit/.cache/kagglehub/datasets/paultimothymooney/chest-xray-pneumonia/versions/2/chest_xray/train/NORMAL/IM-0705-0001.jpeg,1,VALID_MODALITY,val
D:\anti gravity\Radionova\datasets\generic_negatives\generic_0144.jpg,0,INVALID_MODALITY,val
C:/Users/Ankit/.cache/kagglehub/datasets/devbatrax/fracture-detection-using-x-ray-images/versions/1/data/train/not fractured/48-rotated3.jpg,0,INVALID_MODALITY,train
C:/Users/Ankit/.cache/kagglehub/datasets/paultimothymooney/chest-xray-pneumonia/versions/2/chest_xray/chest_xray/train/NORMAL/NORMAL2-IM-1254-0001.jpeg,1,VALID_MODALITY,train
D:\anti gravity\Radionova\datasets\generic_negatives\generic_0016.jpg,0,INVALID_MODALITY,train
C:/Users/Ankit/.cache/kagglehub/datasets/paultimothymooney/chest-xray-pneumonia/versions/2/chest_xray/chest_xray/train/PNEUMONIA/person931_bacteria_2856.jpeg,1,VALID_MODALITY,test
C:/Users/Ankit/.cache/kagglehub/datasets/paultimothymooney/chest-xray-pneumonia/versions/2/chest_xray/train/PNEUMONIA/person362_bacteria_1652.jpeg,1,VALID_MODALITY,train
C:/Users/Ankit/.cache/kagglehub/datasets/paultimothymooney/chest-xray-pneumonia/versions/2/chest_xray/chest_xray/train/PNEUMONIA/person1019_bacteria_2950.jpeg,1,VALID_MODALITY,train
C:/Users/Ankit/.cache/kagglehub/datasets/devbatrax/fracture-detection-using-x-ray-images/versions/1/data/train/fractured/56-rotated2-rotated1-rotated1.jpg,0,INVALID_MODALITY,train
C:/Users/Ankit/.cache/kagglehub/datasets/masoudnickparvar/brain-tumor-mri-dataset/versions/2/Training/meningioma/Tr-me_1221.jpg,0,INVALID_MODALITY,train
D:\anti gravity\Radionova\datasets\generic_negatives\generic_0048.jpg,0,INVALID_MODALITY,train
C:/Users/Ankit/.cache/kagglehub/datasets/devbatrax/fracture-detection-using-x-ray-images/versions/1/data/train/fractured/67-rotated1-rotated2-rotated1.jpg,0,INVALID_MODALITY,train
C:/Users/Ankit/.cache/kagglehub/datasets/paultimothymooney/chest-xray-pneumonia/versions/2/chest_xray/train/NORMAL/NORMAL2-IM-1270-0001.jpeg,1,VALID_MODALITY,train
C:/Users/Ankit/.cache/kagglehub/datasets/devbatrax/fracture-detection-using-x-ray-images/versions/1/data/train/not fractured/58-rotated2-rotated1.jpg,0,INVALID_MODALITY,train
C:/Users/Ankit/.cache/kagglehub/datasets/paultimothymooney/chest-xray-pneumonia/versions/2/chest_xray/train/PNEUMONIA/person917_bacteria_2842.jpeg,1,VALID_MODALITY,train
C:/Users/Ankit/.cache/kagglehub/datasets/masoudnickparvar/brain-tumor-mri-dataset/versions/2/Training/pituitary/Tr-pi_1330.jpg,0,INVALID_MODALITY,test
C:/Users/Ankit/.cache/kagglehub/datasets/masoudnickparvar/brain-tumor-mri-dataset/versions/2/Training/pituitary/Tr-pi_263.jpg,0,INVALID_MODALITY,train
C:/Users/Ankit/.cache/kagglehub/datasets/devbatrax/fracture-detection-using-x-ray-images/versions/1/data/train/fractured/54.jpg,0,INVALID_MODALITY,train
C:/Users/Ankit/.cache/kagglehub/datasets/devbatrax/fracture-detection-using-x-ray-images/versions/1/data/train/fractured/72-rotated2-rotated3-rotated3.jpg,0,INVALID_MODALITY,train
C:/Users/Ankit/.cache/kagglehub/datasets/paultimothymooney/chest-xray-pneumonia/versions/2/chest_xray/chest_xray/train/NORMAL/IM-0381-0001.jpeg,1,VALID_MODALITY,train
C:/Users/Ankit/.cache/kagglehub/datasets/masoudnickparvar/brain-tumor-mri-dataset/versions/2/Testing/pituitary/Te-pi_389.jpg,0,INVALID_MODALITY,test
C:/Users/Ankit/.cache/kagglehub/datasets/paultimothymooney/chest-xray-pneumonia/versions/2/chest_xray/train/PNEUMONIA/person1_bacteria_2.jpeg,1,VALID_MODALITY,train
C:/Users/Ankit/.cache/kagglehub/datasets/devbatrax/fracture-detection-using-x-ray-images/versions/1/data/train/not fractured/5-rotated2-rotated2-rotated1-rotated1.jpg,0,INVALID_MODALITY,val
C:/Users/Ankit/.cache/kagglehub/datasets/paultimothymooney/chest-xray-pneumonia/versions/2/chest_xray/train/NORMAL/NORMAL2-IM-0466-0001.jpeg,1,VALID_MODALITY,test
C:/Users/Ankit/.cache/kagglehub/datasets/devbatrax/fracture-detection-using-x-ray-images/versions/1/data/train/not fractured/58-rotated3-rotated1-rotated2.jpg,0,INVALID_MODALITY,train
C:/Users/Ankit/.cache/kagglehub/datasets/paultimothymooney/chest-xray-pneumonia/versions/2/chest_xray/train/PNEUMONIA/person1381_bacteria_3516.jpeg,1,VALID_MODALITY,val
C:/Users/Ankit/.cache/kagglehub/datasets/masoudnickparvar/brain-tumor-mri-dataset/versions/2/Testing/meningioma/Te-me_35.jpg,0,INVALID_MODALITY,train
C:/Users/Ankit/.cache/kagglehub/datasets/paultimothymooney/chest-xray-pneumonia/versions/2/chest_xray/chest_xray/train/PNEUMONIA/person1160_bacteria_3105.jpeg,1,VALID_MODALITY,train
C:/Users/Ankit/.cache/kagglehub/datasets/paultimothymooney/chest-xray-pneumonia/versions/2/chest_xray/train/PNEUMONIA/person647_virus_1228.jpeg,1,VALID_MODALITY,train
D:\anti gravity\Radionova\datasets\generic_negatives\generic_0080.jpg,0,INVALID_MODALITY,train
C:/Users/Ankit/.cache/kagglehub/datasets/paultimothymooney/chest-xray-pneumonia/versions/2/chest_xray/train/PNEUMONIA/person1320_bacteria_3351.jpeg,1,VALID_MODALITY,test
C:/Users/Ankit/.cache/kagglehub/datasets/paultimothymooney/chest-xray-pneumonia/versions/2/chest_xray/train/PNEUMONIA/person1054_bacteria_2988.jpeg,1,VALID_MODALITY,train
D:\anti gravity\Radionova\datasets\generic_negatives\generic_0070.jpg,0,INVALID_MODALITY,train
C:/Users/Ankit/.cache/kagglehub/datasets/paultimothymooney/chest-xray-pneumonia/versions/2/chest_xray/chest_xray/test/PNEUMONIA/person133_bacteria_635.jpeg,1,VALID_MODALITY,train
C:/Users/Ankit/.cache/kagglehub/datasets/masoudnickparvar/brain-tumor-mri-dataset/versions/2/Testing/glioma/Te-gl_106.jpg,0,INVALID_MODALITY,train
C:/Users/Ankit/.cache/kagglehub/datasets/paultimothymooney/chest-xray-pneumonia/versions/2/chest_xray/train/PNEUMONIA/person422_virus_868.jpeg,1,VALID_MODALITY,train
D:\anti gravity\Radionova\datasets\generic_negatives\generic_0343.jpg,0,INVALID_MODALITY,train
C:/Users/Ankit/.cache/kagglehub/datasets/paultimothymooney/chest-xray-pneumonia/versions/2/chest_xray/train/NORMAL/NORMAL2-IM-1037-0001.jpeg,1,VALID_MODALITY,train
C:/Users/Ankit/.cache/kagglehub/datasets/paultimothymooney/chest-xray-pneumonia/versions/2/chest_xray/train/PNEUMONIA/person1312_bacteria_3319.jpeg,1,VALID_MODALITY,train
C:/Users/Ankit/.cache/kagglehub/datasets/paultimothymooney/chest-xray-pneumonia/versions/2/chest_xray/train/NORMAL/NORMAL2-IM-0765-0001.jpeg,1,VALID_MODALITY,train
C:/Users/Ankit/.cache/kagglehub/datasets/devbatrax/fracture-detection-using-x-ray-images/versions/1/data/train/not fractured/64-rotated1-rotated1-rotated2.jpg,0,INVALID_MODALITY,train
C:/Users/Ankit/.cache/kagglehub/datasets/paultimothymooney/chest-xray-pneumonia/versions/2/chest_xray/chest_xray/train/PNEUMONIA/person116_virus_221.jpeg,1,VALID_MODALITY,train
C:/Users/Ankit/.cache/kagglehub/datasets/devbatrax/fracture-detection-using-x-ray-images/versions/1/data/train/not fractured/7-rotated3-rotated1-rotated3-rotated1.jpg,0,INVALID_MODALITY,train
C:/Users/Ankit/.cache/kagglehub/datasets/paultimothymooney/chest-xray-pneumonia/versions/2/chest_xray/chest_xray/test/PNEUMONIA/person117_bacteria_553.jpeg,1,VALID_MODALITY,train
C:/Users/Ankit/.cache/kagglehub/datasets/paultimothymooney/chest-xray-pneumonia/versions/2/chest_xray/chest_xray/train/NORMAL/NORMAL2-IM-0829-0001.jpeg,1,VALID_MODALITY,train
C:/Users/Ankit/.cache/kagglehub/datasets/devbatrax/fracture-detection-using-x-ray-images/versions/1/data/train/not fractured/5-rotated1-rotated2-rotated2.jpg,0,INVALID_MODALITY,train
C:/Users/Ankit/.cache/kagglehub/datasets/paultimothymooney/chest-xray-pneumonia/versions/2/chest_xray/train/PNEUMONIA/person1449_virus_2476.jpeg,1,VALID_MODALITY,train
C:/Users/Ankit/.cache/kagglehub/datasets/paultimothymooney/chest-xray-pneumonia/versions/2/chest_xray/train/PNEUMONIA/person1082_virus_1794.jpeg,1,VALID_MODALITY,train
C:/Users/Ankit/.cache/kagglehub/datasets/paultimothymooney/chest-xray-pneumonia/versions/2/chest_xray/train/PNEUMONIA/person757_bacteria_2661.jpeg,1,VALID_MODALITY,train
C:/Users/Ankit/.cache/kagglehub/datasets/devbatrax/fracture-detection-using-x-ray-images/versions/1/data/train/fractured/103-rotated3-rotated3-rotated3.jpg,0,INVALID_MODALITY,test
C:/Users/Ankit/.cache/kagglehub/datasets/paultimothymooney/chest-xray-pneumonia/versions/2/chest_xray/chest_xray/train/PNEUMONIA/person491_bacteria_2073.jpeg,1,VALID_MODALITY,train
C:/Users/Ankit/.cache/kagglehub/datasets/paultimothymooney/chest-xray-pneumonia/versions/2/chest_xray/train/PNEUMONIA/person501_virus_1010.jpeg,1,VALID_MODALITY,test
C:/Users/Ankit/.cache/kagglehub/datasets/masoudnickparvar/brain-tumor-mri-dataset/versions/2/Training/pituitary/Tr-pi_966.jpg,0,INVALID_MODALITY,train
C:/Users/Ankit/.cache/kagglehub/datasets/paultimothymooney/chest-xray-pneumonia/versions/2/chest_xray/chest_xray/train/PNEUMONIA/person1067_bacteria_3001.jpeg,1,VALID_MODALITY,train
C:/Users/Ankit/.cache/kagglehub/datasets/paultimothymooney/chest-xray-pneumonia/versions/2/chest_xray/chest_xray/train/PNEUMONIA/person1528_bacteria_3996.jpeg,1,VALID_MODALITY,train
C:/Users/Ankit/.cache/kagglehub/datasets/paultimothymooney/chest-xray-pneumonia/versions/2/chest_xray/chest_xray/train/NORMAL/IM-0685-0001.jpeg,1,VALID_MODALITY,train
C:/Users/Ankit/.cache/kagglehub/datasets/paultimothymooney/chest-xray-pneumonia/versions/2/chest_xray/train/PNEUMONIA/person563_bacteria_2335.jpeg,1,VALID_MODALITY,train
C:/Users/Ankit/.cache/kagglehub/datasets/paultimothymooney/chest-xray-pneumonia/versions/2/chest_xray/chest_xray/train/PNEUMONIA/person402_bacteria_1811.jpeg,1,VALID_MODALITY,test
C:/Users/Ankit/.cache/kagglehub/datasets/masoudnickparvar/brain-tumor-mri-dataset/versions/2/Training/meningioma/Tr-me_725.jpg,0,INVALID_MODALITY,test
C:/Users/Ankit/.cache/kagglehub/datasets/paultimothymooney/chest-xray-pneumonia/versions/2/chest_xray/train/PNEUMONIA/person1740_bacteria_4579.jpeg,1,VALID_MODALITY,val
C:/Users/Ankit/.cache/kagglehub/datasets/masoudnickparvar/brain-tumor-mri-dataset/versions/2/Testing/pituitary/Te-pi_326.jpg,0,INVALID_MODALITY,train
D:\anti gravity\Radionova\datasets\generic_negatives\generic_0267.jpg,0,INVALID_MODALITY,test
C:/Users/Ankit/.cache/kagglehub/datasets/paultimothymooney/chest-xray-pneumonia/versions/2/chest_xray/chest_xray/train/PNEUMONIA/person1118_bacteria_3059.jpeg,1,VALID_MODALITY,train
C:/Users/Ankit/.cache/kagglehub/datasets/paultimothymooney/chest-xray-pneumonia/versions/2/chest_xray/train/PNEUMONIA/person274_bacteria_1288.jpeg,1,VALID_MODALITY,val
C:/Users/Ankit/.cache/kagglehub/datasets/paultimothymooney/chest-xray-pneumonia/versions/2/chest_xray/train/NORMAL/NORMAL2-IM-0404-0001.jpeg,1,VALID_MODALITY,train
C:/Users/Ankit/.cache/kagglehub/datasets/masoudnickparvar/brain-tumor-mri-dataset/versions/2/Testing/glioma/Te-gl_314.jpg,0,INVALID_MODALITY,test
C:/Users/Ankit/.cache/kagglehub/datasets/masoudnickparvar/brain-tumor-mri-dataset/versions/2/Training/meningioma/Tr-me_508.jpg,0,INVALID_MODALITY,train
C:/Users/Ankit/.cache/kagglehub/datasets/devbatrax/fracture-detection-using-x-ray-images/versions/1/data/train/not fractured/39-rotated1-rotated3-rotated2.jpg,0,INVALID_MODALITY,train
C:/Users/Ankit/.cache/kagglehub/datasets/paultimothymooney/chest-xray-pneumonia/versions/2/chest_xray/chest_xray/train/PNEUMONIA/person677_bacteria_2571.jpeg,1,VALID_MODALITY,train
C:/Users/Ankit/.cache/kagglehub/datasets/paultimothymooney/chest-xray-pneumonia/versions/2/chest_xray/train/PNEUMONIA/person1240_bacteria_3196.jpeg,1,VALID_MODALITY,train
C:/Users/Ankit/.cache/kagglehub/datasets/devbatrax/fracture-detection-using-x-ray-images/versions/1/data/train/fractured/89-rotated3-rotated2.jpg,0,INVALID_MODALITY,test
C:/Users/Ankit/.cache/kagglehub/datasets/paultimothymooney/chest-xray-pneumonia/versions/2/chest_xray/train/PNEUMONIA/person799_virus_1431.jpeg,1,VALID_MODALITY,train
D:\anti gravity\Radionova\datasets\generic_negatives\generic_0339.jpg,0,INVALID_MODALITY,train
C:/Users/Ankit/.cache/kagglehub/datasets/masoudnickparvar/brain-tumor-mri-dataset/versions/2/Testing/pituitary/Te-pi_361.jpg,0,INVALID_MODALITY,train
C:/Users/Ankit/.cache/kagglehub/datasets/paultimothymooney/chest-xray-pneumonia/versions/2/chest_xray/test/NORMAL/NORMAL2-IM-0105-0001.jpeg,1,VALID_MODALITY,test
C:/Users/Ankit/.cache/kagglehub/datasets/devbatrax/fracture-detection-using-x-ray-images/versions/1/data/train/not fractured/48-rotated1-rotated2-rotated2-rotated1.jpg,0,INVALID_MODALITY,test
C:/Users/Ankit/.cache/kagglehub/datasets/devbatrax/fracture-detection-using-x-ray-images/versions/1/data/train/not fractured/38-rotated1-rotated2-rotated3-rotated1.jpg,0,INVALID_MODALITY,test
C:/Users/Ankit/.cache/kagglehub/datasets/devbatrax/fracture-detection-using-x-ray-images/versions/1/data/train/fractured/39-rotated1.jpg,0,INVALID_MODALITY,train
C:/Users/Ankit/.cache/kagglehub/datasets/paultimothymooney/chest-xray-pneumonia/versions/2/chest_xray/chest_xray/test/NORMAL/NORMAL2-IM-0317-0001.jpeg,1,VALID_MODALITY,train
C:/Users/Ankit/.cache/kagglehub/datasets/masoudnickparvar/brain-tumor-mri-dataset/versions/2/Training/meningioma/Tr-me_136.jpg,0,INVALID_MODALITY,train
C:/Users/Ankit/.cache/kagglehub/datasets/devbatrax/fracture-detection-using-x-ray-images/versions/1/data/train/fractured/17-rotated1-rotated3-rotated3.jpg,0,INVALID_MODALITY,val
C:/Users/Ankit/.cache/kagglehub/datasets/paultimothymooney/chest-xray-pneumonia/versions/2/chest_xray/train/PNEUMONIA/person1314_virus_2268.jpeg,1,VALID_MODALITY,train
C:/Users/Ankit/.cache/kagglehub/datasets/paultimothymooney/chest-xray-pneumonia/versions/2/chest_xray/train/NORMAL/IM-0580-0001.jpeg,1,VALID_MODALITY,test
C:/Users/Ankit/.cache/kagglehub/datasets/devbatrax/fracture-detection-using-x-ray-images/versions/1/data/train/fractured/97-rotated2-rotated1-rotated2.jpg,0,INVALID_MODALITY,train
C:/Users/Ankit/.cache/kagglehub/datasets/paultimothymooney/chest-xray-pneumonia/versions/2/chest_xray/test/PNEUMONIA/person1675_virus_2891.jpeg,1,VALID_MODALITY,train
C:/Users/Ankit/.cache/kagglehub/datasets/masoudnickparvar/brain-tumor-mri-dataset/versions/2/Testing/meningioma/Te-me_182.jpg,0,INVALID_MODALITY,train
C:/Users/Ankit/.cache/kagglehub/datasets/devbatrax/fracture-detection-using-x-ray-images/versions/1/data/train/not fractured/52-rotated1-rotated1-rotated2-rotated1.jpg,0,INVALID_MODALITY,val
C:/Users/Ankit/.cache/kagglehub/datasets/paultimothymooney/chest-xray-pneumonia/versions/2/chest_xray/train/NORMAL/NORMAL2-IM-0661-0001.jpeg,1,VALID_MODALITY,test
C:/Users/Ankit/.cache/kagglehub/datasets/devbatrax/fracture-detection-using-x-ray-images/versions/1/data/train/fractured/56-rotated3-rotated2-rotated2.jpg,0,INVALID_MODALITY,train
C:/Users/Ankit/.cache/kagglehub/datasets/paultimothymooney/chest-xray-pneumonia/versions/2/chest_xray/train/PNEUMONIA/person1039_bacteria_2973.jpeg,1,VALID_MODALITY,train
C:/Users/Ankit/.cache/kagglehub/datasets/masoudnickparvar/brain-tumor-mri-dataset/versions/2/Testing/meningioma/Te-aug-me_71.jpg,0,INVALID_MODALITY,train
C:/Users/Ankit/.cache/kagglehub/datasets/paultimothymooney/chest-xray-pneumonia/versions/2/chest_xray/chest_xray/train/NORMAL/NORMAL2-IM-1422-0001.jpeg,1,VALID_MODALITY,train
C:/Users/Ankit/.cache/kagglehub/datasets/devbatrax/fracture-detection-using-x-ray-images/versions/1/data/train/not fractured/54-rotated3-rotated2.jpg,0,INVALID_MODALITY,train
C:/Users/Ankit/.cache/kagglehub/datasets/masoudnickparvar/brain-tumor-mri-dataset/versions/2/Training/pituitary/Tr-pi_536.jpg,0,INVALID_MODALITY,train
C:/Users/Ankit/.cache/kagglehub/datasets/devbatrax/fracture-detection-using-x-ray-images/versions/1/data/train/not fractured/37-rotated1-rotated1-rotated2.jpg,0,INVALID_MODALITY,train
C:/Users/Ankit/.cache/kagglehub/datasets/paultimothymooney/chest-xray-pneumonia/versions/2/chest_xray/chest_xray/test/PNEUMONIA/person92_bacteria_450.jpeg,1,VALID_MODALITY,val
C:/Users/Ankit/.cache/kagglehub/datasets/paultimothymooney/chest-xray-pneumonia/versions/2/chest_xray/train/PNEUMONIA/person1298_virus_2226.jpeg,1,VALID_MODALITY,train
C:/Users/Ankit/.cache/kagglehub/datasets/masoudnickparvar/brain-tumor-mri-dataset/versions/2/Testing/meningioma/Te-me_177.jpg,0,INVALID_MODALITY,train
C:/Users/Ankit/.cache/kagglehub/datasets/paultimothymooney/chest-xray-pneumonia/versions/2/chest_xray/train/PNEUMONIA/person281_bacteria_1329.jpeg,1,VALID_MODALITY,train
C:/Users/Ankit/.cache/kagglehub/datasets/paultimothymooney/chest-xray-pneumonia/versions/2/chest_xray/train/NORMAL/IM-0544-0001.jpeg,1,VALID_MODALITY,val
C:/Users/Ankit/.cache/kagglehub/datasets/masoudnickparvar/brain-tumor-mri-dataset/versions/2/Testing/pituitary/Te-pi_278.jpg,0,INVALID_MODALITY,val
C:/Users/Ankit/.cache/kagglehub/datasets/devbatrax/fracture-detection-using-x-ray-images/versions/1/data/train/fractured/29-rotated1-rotated1-rotated1.jpg,0,INVALID_MODALITY,train
C:/Users/Ankit/.cache/kagglehub/datasets/devbatrax/fracture-detection-using-x-ray-images/versions/1/data/train/fractured/60-rotated1-rotated1-rotated2.jpg,0,INVALID_MODALITY,train
C:/Users/Ankit/.cache/kagglehub/datasets/paultimothymooney/chest-xray-pneumonia/versions/2/chest_xray/train/PNEUMONIA/person1595_virus_2771.jpeg,1,VALID_MODALITY,train
C:/Users/Ankit/.cache/kagglehub/datasets/masoudnickparvar/brain-tumor-mri-dataset/versions/2/Training/meningioma/Tr-me_755.jpg,0,INVALID_MODALITY,train
C:/Users/Ankit/.cache/kagglehub/datasets/paultimothymooney/chest-xray-pneumonia/versions/2/chest_xray/chest_xray/train/PNEUMONIA/person1102_virus_1822.jpeg,1,VALID_MODALITY,train
C:/Users/Ankit/.cache/kagglehub/datasets/devbatrax/fracture-detection-using-x-ray-images/versions/1/data/train/not fractured/7-rotated2.jpg,0,INVALID_MODALITY,train
C:/Users/Ankit/.cache/kagglehub/datasets/masoudnickparvar/brain-tumor-mri-dataset/versions/2/Training/meningioma/Tr-me_498.jpg,0,INVALID_MODALITY,train
C:/Users/Ankit/.cache/kagglehub/datasets/devbatrax/fracture-detection-using-x-ray-images/versions/1/data/train/not fractured/68-rotated3-rotated1-rotated2-rotated1.jpg,0,INVALID_MODALITY,train
C:/Users/Ankit/.cache/kagglehub/datasets/masoudnickparvar/brain-tumor-mri-dataset/versions/2/Training/glioma/Tr-gl_727.jpg,0,INVALID_MODALITY,train
C:/Users/Ankit/.cache/kagglehub/datasets/paultimothymooney/chest-xray-pneumonia/versions/2/chest_xray/train/PNEUMONIA/person1223_bacteria_3178.jpeg,1,VALID_MODALITY,train
C:/Users/Ankit/.cache/kagglehub/datasets/paultimothymooney/chest-xray-pneumonia/versions/2/chest_xray/chest_xray/train/PNEUMONIA/person491_bacteria_2071.jpeg,1,VALID_MODALITY,train
D:\anti gravity\Radionova\datasets\generic_negatives\generic_0234.jpg,0,INVALID_MODALITY,train
C:/Users/Ankit/.cache/kagglehub/datasets/masoudnickparvar/brain-tumor-mri-dataset/versions/2/Training/glioma/Tr-gl_631.jpg,0,INVALID_MODALITY,train
C:/Users/Ankit/.cache/kagglehub/datasets/masoudnickparvar/brain-tumor-mri-dataset/versions/2/Training/pituitary/Tr-pi_901.jpg,0,INVALID_MODALITY,train
C:/Users/Ankit/.cache/kagglehub/datasets/devbatrax/fracture-detection-using-x-ray-images/versions/1/data/train/not fractured/46-rotated2-rotated2-rotated2.jpg,0,INVALID_MODALITY,train
D:\anti gravity\Radionova\datasets\generic_negatives\generic_0232.jpg,0,INVALID_MODALITY,train
D:\anti gravity\Radionova\datasets\generic_negatives\generic_0054.jpg,0,INVALID_MODALITY,train
C:/Users/Ankit/.cache/kagglehub/datasets/paultimothymooney/chest-xray-pneumonia/versions/2/chest_xray/chest_xray/train/PNEUMONIA/person38_bacteria_193.jpeg,1,VALID_MODALITY,train
C:/Users/Ankit/.cache/kagglehub/datasets/paultimothymooney/chest-xray-pneumonia/versions/2/chest_xray/train/NORMAL/IM-0270-0001.jpeg,1,VALID_MODALITY,train
C:/Users/Ankit/.cache/kagglehub/datasets/paultimothymooney/chest-xray-pneumonia/versions/2/chest_xray/chest_xray/test/PNEUMONIA/person86_bacteria_428.jpeg,1,VALID_MODALITY,val
C:/Users/Ankit/.cache/kagglehub/datasets/devbatrax/fracture-detection-using-x-ray-images/versions/1/data/train/not fractured/39-rotated3-rotated3-rotated1.jpg,0,INVALID_MODALITY,train
C:/Users/Ankit/.cache/kagglehub/datasets/paultimothymooney/chest-xray-pneumonia/versions/2/chest_xray/train/PNEUMONIA/person661_bacteria_2553.jpeg,1,VALID_MODALITY,train
D:\anti gravity\Radionova\datasets\generic_negatives\generic_0388.jpg,0,INVALID_MODALITY,train
C:/Users/Ankit/.cache/kagglehub/datasets/devbatrax/fracture-detection-using-x-ray-images/versions/1/data/train/fractured/108-rotated3-rotated2-rotated2.jpg,0,INVALID_MODALITY,train
C:/Users/Ankit/.cache/kagglehub/datasets/paultimothymooney/chest-xray-pneumonia/versions/2/chest_xray/chest_xray/train/PNEUMONIA/person1270_virus_2163.jpeg,1,VALID_MODALITY,train
C:/Users/Ankit/.cache/kagglehub/datasets/devbatrax/fracture-detection-using-x-ray-images/versions/1/data/train/not fractured/70-rotated2-rotated1-rotated3-rotated1.jpg,0,INVALID_MODALITY,train
C:/Users/Ankit/.cache/kagglehub/datasets/masoudnickparvar/brain-tumor-mri-dataset/versions/2/Training/pituitary/Tr-pi_982.jpg,0,INVALID_MODALITY,train
C:/Users/Ankit/.cache/kagglehub/datasets/masoudnickparvar/brain-tumor-mri-dataset/versions/2/Testing/glioma/Te-gl_67.jpg,0,INVALID_MODALITY,train
C:/Users/Ankit/.cache/kagglehub/datasets/paultimothymooney/chest-xray-pneumonia/versions/2/chest_xray/train/PNEUMONIA/person309_virus_631.jpeg,1,VALID_MODALITY,train
D:\anti gravity\Radionova\datasets\generic_negatives\generic_0199.jpg,0,INVALID_MODALITY,train
C:/Users/Ankit/.cache/kagglehub/datasets/paultimothymooney/chest-xray-pneumonia/versions/2/chest_xray/chest_xray/train/PNEUMONIA/person573_bacteria_2369.jpeg,1,VALID_MODALITY,train
C:/Users/Ankit/.cache/kagglehub/datasets/devbatrax/fracture-detection-using-x-ray-images/versions/1/data/train/fractured/59-rotated3-rotated1-rotated2.jpg,0,INVALID_MODALITY,val
C:/Users/Ankit/.cache/kagglehub/datasets/devbatrax/fracture-detection-using-x-ray-images/versions/1/data/train/fractured/83.jpg,0,INVALID_MODALITY,train
C:/Users/Ankit/.cache/kagglehub/datasets/devbatrax/fracture-detection-using-x-ray-images/versions/1/data/train/fractured/107-rotated2-rotated1.jpg,0,INVALID_MODALITY,train
C:/Users/Ankit/.cache/kagglehub/datasets/paultimothymooney/chest-xray-pneumonia/versions/2/chest_xray/train/PNEUMONIA/person1194_bacteria_3143.jpeg,1,VALID_MODALITY,train
C:/Users/Ankit/.cache/kagglehub/datasets/paultimothymooney/chest-xray-pneumonia/versions/2/chest_xray/chest_xray/test/NORMAL/IM-0017-0001.jpeg,1,VALID_MODALITY,train
C:/Users/Ankit/.cache/kagglehub/datasets/devbatrax/fracture-detection-using-x-ray-images/versions/1/data/train/fractured/17-rotated2-rotated1-rotated2.jpg,0,INVALID_MODALITY,train
C:/Users/Ankit/.cache/kagglehub/datasets/masoudnickparvar/brain-tumor-mri-dataset/versions/2/Training/meningioma/Tr-me_299.jpg,0,INVALID_MODALITY,train
C:/Users/Ankit/.cache/kagglehub/datasets/paultimothymooney/chest-xray-pneumonia/versions/2/chest_xray/train/NORMAL/NORMAL2-IM-0757-0001.jpeg,1,VALID_MODALITY,train
C:/Users/Ankit/.cache/kagglehub/datasets/devbatrax/fracture-detection-using-x-ray-images/versions/1/data/train/fractured/89-rotated2-rotated1-rotated3.jpg,0,INVALID_MODALITY,train
C:/Users/Ankit/.cache/kagglehub/datasets/devbatrax/fracture-detection-using-x-ray-images/versions/1/data/train/not fractured/65-rotated2-rotated2-rotated3-rotated1.jpg,0,INVALID_MODALITY,test
C:/Users/Ankit/.cache/kagglehub/datasets/devbatrax/fracture-detection-using-x-ray-images/versions/1/data/train/not fractured/39-rotated3-rotated1-rotated3.jpg,0,INVALID_MODALITY,train
C:/Users/Ankit/.cache/kagglehub/datasets/paultimothymooney/chest-xray-pneumonia/versions/2/chest_xray/train/PNEUMONIA/person807_virus_1441.jpeg,1,VALID_MODALITY,test
C:/Users/Ankit/.cache/kagglehub/datasets/devbatrax/fracture-detection-using-x-ray-images/versions/1/data/train/fractured/55-rotated1-rotated1-rotated3.jpg,0,INVALID_MODALITY,val
C:/Users/Ankit/.cache/kagglehub/datasets/masoudnickparvar/brain-tumor-mri-dataset/versions/2/Training/meningioma/Tr-me_862.jpg,0,INVALID_MODALITY,train
C:/Users/Ankit/.cache/kagglehub/datasets/paultimothymooney/chest-xray-pneumonia/versions/2/chest_xray/test/PNEUMONIA/person127_bacteria_603.jpeg,1,VALID_MODALITY,train
C:/Users/Ankit/.cache/kagglehub/datasets/paultimothymooney/chest-xray-pneumonia/versions/2/chest_xray/chest_xray/test/NORMAL/IM-0077-0001.jpeg,1,VALID_MODALITY,test
C:/Users/Ankit/.cache/kagglehub/datasets/paultimothymooney/chest-xray-pneumonia/versions/2/chest_xray/train/NORMAL/IM-0614-0001.jpeg,1,VALID_MODALITY,train
C:/Users/Ankit/.cache/kagglehub/datasets/devbatrax/fracture-detection-using-x-ray-images/versions/1/data/train/not fractured/41-rotated3-rotated1-rotated1-rotated1.jpg,0,INVALID_MODALITY,train
C:/Users/Ankit/.cache/kagglehub/datasets/masoudnickparvar/brain-tumor-mri-dataset/versions/2/Training/glioma/Tr-gl_1128.jpg,0,INVALID_MODALITY,val
C:/Users/Ankit/.cache/kagglehub/datasets/paultimothymooney/chest-xray-pneumonia/versions/2/chest_xray/chest_xray/train/PNEUMONIA/person665_bacteria_2557.jpeg,1,VALID_MODALITY,train
C:/Users/Ankit/.cache/kagglehub/datasets/devbatrax/fracture-detection-using-x-ray-images/versions/1/data/train/not fractured/51-rotated1-rotated3-rotated3.jpg,0,INVALID_MODALITY,train
C:/Users/Ankit/.cache/kagglehub/datasets/devbatrax/fracture-detection-using-x-ray-images/versions/1/data/train/not fractured/45-rotated3-rotated3-rotated1-rotated1.jpg,0,INVALID_MODALITY,train
C:/Users/Ankit/.cache/kagglehub/datasets/devbatrax/fracture-detection-using-x-ray-images/versions/1/data/train/not fractured/60-rotated3-rotated3-rotated1-rotated1.jpg,0,INVALID_MODALITY,test
C:/Users/Ankit/.cache/kagglehub/datasets/devbatrax/fracture-detection-using-x-ray-images/versions/1/data/train/fractured/90-rotated3-rotated3-rotated3.jpg,0,INVALID_MODALITY,train
C:/Users/Ankit/.cache/kagglehub/datasets/devbatrax/fracture-detection-using-x-ray-images/versions/1/data/train/not fractured/6-rotated2-rotated2.jpg,0,INVALID_MODALITY,train
C:/Users/Ankit/.cache/kagglehub/datasets/paultimothymooney/chest-xray-pneumonia/versions/2/chest_xray/train/NORMAL/NORMAL2-IM-1131-0001.jpeg,1,VALID_MODALITY,train
C:/Users/Ankit/.cache/kagglehub/datasets/paultimothymooney/chest-xray-pneumonia/versions/2/chest_xray/train/PNEUMONIA/person333_virus_688.jpeg,1,VALID_MODALITY,train
C:/Users/Ankit/.cache/kagglehub/datasets/paultimothymooney/chest-xray-pneumonia/versions/2/chest_xray/train/PNEUMONIA/person316_bacteria_1469.jpeg,1,VALID_MODALITY,test
C:/Users/Ankit/.cache/kagglehub/datasets/devbatrax/fracture-detection-using-x-ray-images/versions/1/data/train/fractured/78-rotated1-rotated1-rotated2.jpg,0,INVALID_MODALITY,test
C:/Users/Ankit/.cache/kagglehub/datasets/paultimothymooney/chest-xray-pneumonia/versions/2/chest_xray/train/PNEUMONIA/person592_bacteria_2434.jpeg,1,VALID_MODALITY,val
C:/Users/Ankit/.cache/kagglehub/datasets/paultimothymooney/chest-xray-pneumonia/versions/2/chest_xray/chest_xray/train/PNEUMONIA/person1641_bacteria_4350.jpeg,1,VALID_MODALITY,train
C:/Users/Ankit/.cache/kagglehub/datasets/devbatrax/fracture-detection-using-x-ray-images/versions/1/data/train/fractured/53-rotated2-rotated3-rotated2.jpg,0,INVALID_MODALITY,train
C:/Users/Ankit/.cache/kagglehub/datasets/devbatrax/fracture-detection-using-x-ray-images/versions/1/data/train/not fractured/47-rotated3-rotated3-rotated1.jpg,0,INVALID_MODALITY,test
C:/Users/Ankit/.cache/kagglehub/datasets/devbatrax/fracture-detection-using-x-ray-images/versions/1/data/train/fractured/71-rotated1-rotated1.jpg,0,INVALID_MODALITY,train
C:/Users/Ankit/.cache/kagglehub/datasets/devbatrax/fracture-detection-using-x-ray-images/versions/1/data/train/not fractured/53-rotated3-rotated2-rotated1-rotated1.jpg,0,INVALID_MODALITY,train
C:/Users/Ankit/.cache/kagglehub/datasets/paultimothymooney/chest-xray-pneumonia/versions/2/chest_xray/train/NORMAL/NORMAL2-IM-0944-0001.jpeg,1,VALID_MODALITY,train
C:/Users/Ankit/.cache/kagglehub/datasets/masoudnickparvar/brain-tumor-mri-dataset/versions/2/Training/pituitary/Tr-pi_1048.jpg,0,INVALID_MODALITY,train
C:/Users/Ankit/.cache/kagglehub/datasets/paultimothymooney/chest-xray-pneumonia/versions/2/chest_xray/train/NORMAL/IM-0521-0001.jpeg,1,VALID_MODALITY,train
C:/Users/Ankit/.cache/kagglehub/datasets/masoudnickparvar/brain-tumor-mri-dataset/versions/2/Testing/pituitary/Te-pi_314.jpg,0,INVALID_MODALITY,train
C:/Users/Ankit/.cache/kagglehub/datasets/masoudnickparvar/brain-tumor-mri-dataset/versions/2/Training/meningioma/Tr-me_1066.jpg,0,INVALID_MODALITY,train
C:/Users/Ankit/.cache/kagglehub/datasets/paultimothymooney/chest-xray-pneumonia/versions/2/chest_xray/chest_xray/train/PNEUMONIA/person1048_bacteria_2982.jpeg,1,VALID_MODALITY,test
C:/Users/Ankit/.cache/kagglehub/datasets/paultimothymooney/chest-xray-pneumonia/versions/2/chest_xray/chest_xray/train/PNEUMONIA/person579_bacteria_2381.jpeg,1,VALID_MODALITY,val
C:/Users/Ankit/.cache/kagglehub/datasets/masoudnickparvar/brain-tumor-mri-dataset/versions/2/Training/meningioma/Tr-me_327.jpg,0,INVALID_MODALITY,train
C:/Users/Ankit/.cache/kagglehub/datasets/devbatrax/fracture-detection-using-x-ray-images/versions/1/data/train/fractured/85-rotated1-rotated1-rotated1.jpg,0,INVALID_MODALITY,train
C:/Users/Ankit/.cache/kagglehub/datasets/masoudnickparvar/brain-tumor-mri-dataset/versions/2/Training/pituitary/Tr-pi_1371.jpg,0,INVALID_MODALITY,val
C:/Users/Ankit/.cache/kagglehub/datasets/devbatrax/fracture-detection-using-x-ray-images/versions/1/data/train/fractured/98-rotated2-rotated2-rotated2.jpg,0,INVALID_MODALITY,train
C:/Users/Ankit/.cache/kagglehub/datasets/devbatrax/fracture-detection-using-x-ray-images/versions/1/data/train/not fractured/37-rotated1-rotated3-rotated2-rotated1.jpg,0,INVALID_MODALITY,test
C:/Users/Ankit/.cache/kagglehub/datasets/devbatrax/fracture-detection-using-x-ray-images/versions/1/data/train/not fractured/45-rotated1-rotated3-rotated2.jpg,0,INVALID_MODALITY,train
D:\anti gravity\Radionova\datasets\generic_negatives\generic_0148.jpg,0,INVALID_MODALITY,train
C:/Users/Ankit/.cache/kagglehub/datasets/paultimothymooney/chest-xray-pneumonia/versions/2/chest_xray/chest_xray/train/NORMAL/NORMAL2-IM-1113-0001.jpeg,1,VALID_MODALITY,test
C:/Users/Ankit/.cache/kagglehub/datasets/paultimothymooney/chest-xray-pneumonia/versions/2/chest_xray/train/PNEUMONIA/person475_virus_972.jpeg,1,VALID_MODALITY,val
C:/Users/Ankit/.cache/kagglehub/datasets/paultimothymooney/chest-xray-pneumonia/versions/2/chest_xray/chest_xray/train/PNEUMONIA/person510_bacteria_2149.jpeg,1,VALID_MODALITY,test
C:/Users/Ankit/.cache/kagglehub/datasets/paultimothymooney/chest-xray-pneumonia/versions/2/chest_xray/chest_xray/train/NORMAL/NORMAL2-IM-1270-0001.jpeg,1,VALID_MODALITY,train
C:/Users/Ankit/.cache/kagglehub/datasets/devbatrax/fracture-detection-using-x-ray-images/versions/1/data/train/not fractured/69-rotated2-rotated2-rotated2.jpg,0,INVALID_MODALITY,train
C:/Users/Ankit/.cache/kagglehub/datasets/paultimothymooney/chest-xray-pneumonia/versions/2/chest_xray/chest_xray/train/PNEUMONIA/person35_bacteria_178.jpeg,1,VALID_MODALITY,val
D:\anti gravity\Radionova\datasets\generic_negatives\generic_0171.jpg,0,INVALID_MODALITY,train
C:/Users/Ankit/.cache/kagglehub/datasets/devbatrax/fracture-detection-using-x-ray-images/versions/1/data/train/not fractured/5-rotated3-rotated2-rotated3.jpg,0,INVALID_MODALITY,train
C:/Users/Ankit/.cache/kagglehub/datasets/devbatrax/fracture-detection-using-x-ray-images/versions/1/data/train/not fractured/22-rotated1-rotated3-rotated3.jpg,0,INVALID_MODALITY,train
C:/Users/Ankit/.cache/kagglehub/datasets/paultimothymooney/chest-xray-pneumonia/versions/2/chest_xray/chest_xray/train/PNEUMONIA/person1541_virus_2681.jpeg,1,VALID_MODALITY,val
C:/Users/Ankit/.cache/kagglehub/datasets/paultimothymooney/chest-xray-pneumonia/versions/2/chest_xray/chest_xray/train/PNEUMONIA/person1412_bacteria_3612.jpeg,1,VALID_MODALITY,train
C:/Users/Ankit/.cache/kagglehub/datasets/paultimothymooney/chest-xray-pneumonia/versions/2/chest_xray/chest_xray/train/PNEUMONIA/person316_virus_641.jpeg,1,VALID_MODALITY,train
C:/Users/Ankit/.cache/kagglehub/datasets/devbatrax/fracture-detection-using-x-ray-images/versions/1/data/train/fractured/71-rotated2-rotated3.jpg,0,INVALID_MODALITY,train
C:/Users/Ankit/.cache/kagglehub/datasets/paultimothymooney/chest-xray-pneumonia/versions/2/chest_xray/chest_xray/train/NORMAL/NORMAL2-IM-0869-0001.jpeg,1,VALID_MODALITY,val
C:/Users/Ankit/.cache/kagglehub/datasets/devbatrax/fracture-detection-using-x-ray-images/versions/1/data/train/fractured/90-rotated1-rotated1-rotated3.jpg,0,INVALID_MODALITY,train
C:/Users/Ankit/.cache/kagglehub/datasets/paultimothymooney/chest-xray-pneumonia/versions/2/chest_xray/train/NORMAL/NORMAL2-IM-0493-0001.jpeg,1,VALID_MODALITY,test
C:/Users/Ankit/.cache/kagglehub/datasets/paultimothymooney/chest-xray-pneumonia/versions/2/chest_xray/chest_xray/train/PNEUMONIA/person992_virus_1670.jpeg,1,VALID_MODALITY,train
C:/Users/Ankit/.cache/kagglehub/datasets/paultimothymooney/chest-xray-pneumonia/versions/2/chest_xray/chest_xray/train/PNEUMONIA/person71_bacteria_348.jpeg,1,VALID_MODALITY,test
C:/Users/Ankit/.cache/kagglehub/datasets/paultimothymooney/chest-xray-pneumonia/versions/2/chest_xray/chest_xray/test/PNEUMONIA/person1667_virus_2881.jpeg,1,VALID_MODALITY,train
C:/Users/Ankit/.cache/kagglehub/datasets/devbatrax/fracture-detection-using-x-ray-images/versions/1/data/train/fractured/106-rotated3-rotated1-rotated3.jpg,0,INVALID_MODALITY,train
C:/Users/Ankit/.cache/kagglehub/datasets/devbatrax/fracture-detection-using-x-ray-images/versions/1/data/train/fractured/33-rotated3-rotated1-rotated2.jpg,0,INVALID_MODALITY,train
C:/Users/Ankit/.cache/kagglehub/datasets/devbatrax/fracture-detection-using-x-ray-images/versions/1/data/train/not fractured/66-rotated3-rotated2-rotated3-rotated1.jpg,0,INVALID_MODALITY,train
C:/Users/Ankit/.cache/kagglehub/datasets/paultimothymooney/chest-xray-pneumonia/versions/2/chest_xray/train/PNEUMONIA/person55_bacteria_265.jpeg,1,VALID_MODALITY,train
C:/Users/Ankit/.cache/kagglehub/datasets/devbatrax/fracture-detection-using-x-ray-images/versions/1/data/train/fractured/30-rotated1-rotated3-rotated3.jpg,0,INVALID_MODALITY,test
C:/Users/Ankit/.cache/kagglehub/datasets/devbatrax/fracture-detection-using-x-ray-images/versions/1/data/train/not fractured/13-rotated2-rotated3-rotated3.jpg,0,INVALID_MODALITY,train
C:/Users/Ankit/.cache/kagglehub/datasets/paultimothymooney/chest-xray-pneumonia/versions/2/chest_xray/train/PNEUMONIA/person1630_bacteria_4303.jpeg,1,VALID_MODALITY,test
C:/Users/Ankit/.cache/kagglehub/datasets/paultimothymooney/chest-xray-pneumonia/versions/2/chest_xray/chest_xray/train/PNEUMONIA/person985_bacteria_2912.jpeg,1,VALID_MODALITY,train
C:/Users/Ankit/.cache/kagglehub/datasets/paultimothymooney/chest-xray-pneumonia/versions/2/chest_xray/train/NORMAL/NORMAL2-IM-0516-0001.jpeg,1,VALID_MODALITY,train
C:/Users/Ankit/.cache/kagglehub/datasets/paultimothymooney/chest-xray-pneumonia/versions/2/chest_xray/train/NORMAL/NORMAL2-IM-0649-0001.jpeg,1,VALID_MODALITY,train
C:/Users/Ankit/.cache/kagglehub/datasets/paultimothymooney/chest-xray-pneumonia/versions/2/chest_xray/chest_xray/train/PNEUMONIA/person591_bacteria_2429.jpeg,1,VALID_MODALITY,train
C:/Users/Ankit/.cache/kagglehub/datasets/paultimothymooney/chest-xray-pneumonia/versions/2/chest_xray/train/PNEUMONIA/person530_virus_1052.jpeg,1,VALID_MODALITY,val
D:\anti gravity\Radionova\datasets\generic_negatives\generic_0099.jpg,0,INVALID_MODALITY,train
C:/Users/Ankit/.cache/kagglehub/datasets/paultimothymooney/chest-xray-pneumonia/versions/2/chest_xray/train/PNEUMONIA/person413_bacteria_1831.jpeg,1,VALID_MODALITY,train
C:/Users/Ankit/.cache/kagglehub/datasets/masoudnickparvar/brain-tumor-mri-dataset/versions/2/Training/meningioma/Tr-aug-me_94.jpg,0,INVALID_MODALITY,val
D:\anti gravity\Radionova\datasets\generic_negatives\generic_0066.jpg,0,INVALID_MODALITY,train
C:/Users/Ankit/.cache/kagglehub/datasets/devbatrax/fracture-detection-using-x-ray-images/versions/1/data/train/fractured/121-rotated2-rotated3.jpg,0,INVALID_MODALITY,train
C:/Users/Ankit/.cache/kagglehub/datasets/paultimothymooney/chest-xray-pneumonia/versions/2/chest_xray/chest_xray/train/NORMAL/NORMAL2-IM-0995-0001.jpeg,1,VALID_MODALITY,train
C:/Users/Ankit/.cache/kagglehub/datasets/devbatrax/fracture-detection-using-x-ray-images/versions/1/data/train/not fractured/44-rotated2-rotated2-rotated2-rotated1.jpg,0,INVALID_MODALITY,train
C:/Users/Ankit/.cache/kagglehub/datasets/paultimothymooney/chest-xray-pneumonia/versions/2/chest_xray/chest_xray/train/PNEUMONIA/person539_virus_1069.jpeg,1,VALID_MODALITY,train
C:/Users/Ankit/.cache/kagglehub/datasets/masoudnickparvar/brain-tumor-mri-dataset/versions/2/Training/meningioma/Tr-me_630.jpg,0,INVALID_MODALITY,train
C:/Users/Ankit/.cache/kagglehub/datasets/masoudnickparvar/brain-tumor-mri-dataset/versions/2/Training/glioma/Tr-gl_503.jpg,0,INVALID_MODALITY,train
C:/Users/Ankit/.cache/kagglehub/datasets/paultimothymooney/chest-xray-pneumonia/versions/2/chest_xray/chest_xray/train/NORMAL/IM-0545-0001-0001.jpeg,1,VALID_MODALITY,train
C:/Users/Ankit/.cache/kagglehub/datasets/devbatrax/fracture-detection-using-x-ray-images/versions/1/data/train/not fractured/46-rotated1-rotated1-rotated2-rotated1.jpg,0,INVALID_MODALITY,test
C:/Users/Ankit/.cache/kagglehub/datasets/paultimothymooney/chest-xray-pneumonia/versions/2/chest_xray/chest_xray/test/PNEUMONIA/person175_bacteria_834.jpeg,1,VALID_MODALITY,val
C:/Users/Ankit/.cache/kagglehub/datasets/devbatrax/fracture-detection-using-x-ray-images/versions/1/data/train/fractured/78-rotated3-rotated1.jpg,0,INVALID_MODALITY,train
C:/Users/Ankit/.cache/kagglehub/datasets/paultimothymooney/chest-xray-pneumonia/versions/2/chest_xray/chest_xray/train/PNEUMONIA/person1290_virus_2216.jpeg,1,VALID_MODALITY,test
C:/Users/Ankit/.cache/kagglehub/datasets/devbatrax/fracture-detection-using-x-ray-images/versions/1/data/train/not fractured/67-rotated1-rotated1-rotated3-rotated1.jpg,0,INVALID_MODALITY,train
C:/Users/Ankit/.cache/kagglehub/datasets/paultimothymooney/chest-xray-pneumonia/versions/2/chest_xray/chest_xray/train/NORMAL/IM-0383-0001.jpeg,1,VALID_MODALITY,train
C:/Users/Ankit/.cache/kagglehub/datasets/paultimothymooney/chest-xray-pneumonia/versions/2/chest_xray/train/NORMAL/NORMAL2-IM-1242-0001.jpeg,1,VALID_MODALITY,val
D:\anti gravity\Radionova\datasets\generic_negatives\generic_0326.jpg,0,INVALID_MODALITY,test
C:/Users/Ankit/.cache/kagglehub/datasets/devbatrax/fracture-detection-using-x-ray-images/versions/1/data/val/not fractured/4-rotated1-rotated2-rotated1.jpg,0,INVALID_MODALITY,train
C:/Users/Ankit/.cache/kagglehub/datasets/paultimothymooney/chest-xray-pneumonia/versions/2/chest_xray/train/NORMAL/NORMAL2-IM-0478-0001.jpeg,1,VALID_MODALITY,train
C:/Users/Ankit/.cache/kagglehub/datasets/paultimothymooney/chest-xray-pneumonia/versions/2/chest_xray/train/PNEUMONIA/person266_bacteria_1237.jpeg,1,VALID_MODALITY,test
C:/Users/Ankit/.cache/kagglehub/datasets/devbatrax/fracture-detection-using-x-ray-images/versions/1/data/train/not fractured/62-rotated3-rotated1-rotated1.jpg,0,INVALID_MODALITY,train
C:/Users/Ankit/.cache/kagglehub/datasets/paultimothymooney/chest-xray-pneumonia/versions/2/chest_xray/chest_xray/train/NORMAL/IM-0612-0001-0001.jpeg,1,VALID_MODALITY,train
C:/Users/Ankit/.cache/kagglehub/datasets/paultimothymooney/chest-xray-pneumonia/versions/2/chest_xray/train/NORMAL/NORMAL2-IM-0995-0001.jpeg,1,VALID_MODALITY,test
D:\anti gravity\Radionova\datasets\generic_negatives\generic_0112.jpg,0,INVALID_MODALITY,val
C:/Users/Ankit/.cache/kagglehub/datasets/paultimothymooney/chest-xray-pneumonia/versions/2/chest_xray/chest_xray/train/PNEUMONIA/person481_bacteria_2042.jpeg,1,VALID_MODALITY,train
C:/Users/Ankit/.cache/kagglehub/datasets/paultimothymooney/chest-xray-pneumonia/versions/2/chest_xray/train/PNEUMONIA/person259_bacteria_1219.jpeg,1,VALID_MODALITY,val
C:/Users/Ankit/.cache/kagglehub/datasets/masoudnickparvar/brain-tumor-mri-dataset/versions/2/Testing/meningioma/Te-me_205.jpg,0,INVALID_MODALITY,train
C:/Users/Ankit/.cache/kagglehub/datasets/devbatrax/fracture-detection-using-x-ray-images/versions/1/data/train/fractured/38-rotated3-rotated2-rotated2.jpg,0,INVALID_MODALITY,train
C:/Users/Ankit/.cache/kagglehub/datasets/devbatrax/fracture-detection-using-x-ray-images/versions/1/data/train/fractured/62-rotated1-rotated3.jpg,0,INVALID_MODALITY,train
C:/Users/Ankit/.cache/kagglehub/datasets/devbatrax/fracture-detection-using-x-ray-images/versions/1/data/train/not fractured/13-rotated2-rotated2-rotated3-rotated1.jpg,0,INVALID_MODALITY,train
C:/Users/Ankit/.cache/kagglehub/datasets/masoudnickparvar/brain-tumor-mri-dataset/versions/2/Testing/meningioma/Te-me_180.jpg,0,INVALID_MODALITY,train
C:/Users/Ankit/.cache/kagglehub/datasets/paultimothymooney/chest-xray-pneumonia/versions/2/chest_xray/train/PNEUMONIA/person1537_bacteria_4020.jpeg,1,VALID_MODALITY,train
C:/Users/Ankit/.cache/kagglehub/datasets/paultimothymooney/chest-xray-pneumonia/versions/2/chest_xray/chest_xray/train/PNEUMONIA/person442_virus_903.jpeg,1,VALID_MODALITY,train
C:/Users/Ankit/.cache/kagglehub/datasets/paultimothymooney/chest-xray-pneumonia/versions/2/chest_xray/train/PNEUMONIA/person1597_bacteria_4188.jpeg,1,VALID_MODALITY,val
C:/Users/Ankit/.cache/kagglehub/datasets/paultimothymooney/chest-xray-pneumonia/versions/2/chest_xray/train/PNEUMONIA/person661_virus_1245.jpeg,1,VALID_MODALITY,test
C:/Users/Ankit/.cache/kagglehub/datasets/devbatrax/fracture-detection-using-x-ray-images/versions/1/data/val/not fractured/2-rotated3-rotated1-rotated1.jpg,0,INVALID_MODALITY,train
C:/Users/Ankit/.cache/kagglehub/datasets/paultimothymooney/chest-xray-pneumonia/versions/2/chest_xray/train/PNEUMONIA/person279_bacteria_1316.jpeg,1,VALID_MODALITY,test
C:/Users/Ankit/.cache/kagglehub/datasets/paultimothymooney/chest-xray-pneumonia/versions/2/chest_xray/chest_xray/test/NORMAL/NORMAL2-IM-0210-0001.jpeg,1,VALID_MODALITY,train
C:/Users/Ankit/.cache/kagglehub/datasets/paultimothymooney/chest-xray-pneumonia/versions/2/chest_xray/train/PNEUMONIA/person437_bacteria_1885.jpeg,1,VALID_MODALITY,train
C:/Users/Ankit/.cache/kagglehub/datasets/devbatrax/fracture-detection-using-x-ray-images/versions/1/data/train/not fractured/47-rotated3-rotated1-rotated1.jpg,0,INVALID_MODALITY,test
C:/Users/Ankit/.cache/kagglehub/datasets/paultimothymooney/chest-xray-pneumonia/versions/2/chest_xray/train/PNEUMONIA/person1592_bacteria_4178.jpeg,1,VALID_MODALITY,train
C:/Users/Ankit/.cache/kagglehub/datasets/devbatrax/fracture-detection-using-x-ray-images/versions/1/data/train/fractured/118-rotated3-rotated2.jpg,0,INVALID_MODALITY,train
D:\anti gravity\Radionova\datasets\generic_negatives\generic_0246.jpg,0,INVALID_MODALITY,train
C:/Users/Ankit/.cache/kagglehub/datasets/paultimothymooney/chest-xray-pneumonia/versions/2/chest_xray/chest_xray/train/NORMAL/IM-0456-0001.jpeg,1,VALID_MODALITY,train
C:/Users/Ankit/.cache/kagglehub/datasets/devbatrax/fracture-detection-using-x-ray-images/versions/1/data/train/fractured/16-rotated1-rotated1.jpg,0,INVALID_MODALITY,train
C:/Users/Ankit/.cache/kagglehub/datasets/devbatrax/fracture-detection-using-x-ray-images/versions/1/data/train/fractured/15-rotated1-rotated2.jpg,0,INVALID_MODALITY,train
C:/Users/Ankit/.cache/kagglehub/datasets/paultimothymooney/chest-xray-pneumonia/versions/2/chest_xray/chest_xray/test/PNEUMONIA/person1682_virus_2899.jpeg,1,VALID_MODALITY,val
C:/Users/Ankit/.cache/kagglehub/datasets/masoudnickparvar/brain-tumor-mri-dataset/versions/2/Training/glioma/Tr-gl_964.jpg,0,INVALID_MODALITY,val
C:/Users/Ankit/.cache/kagglehub/datasets/paultimothymooney/chest-xray-pneumonia/versions/2/chest_xray/chest_xray/train/PNEUMONIA/person307_bacteria_1441.jpeg,1,VALID_MODALITY,train
C:/Users/Ankit/.cache/kagglehub/datasets/paultimothymooney/chest-xray-pneumonia/versions/2/chest_xray/train/PNEUMONIA/person1158_bacteria_3103.jpeg,1,VALID_MODALITY,train
C:/Users/Ankit/.cache/kagglehub/datasets/masoudnickparvar/brain-tumor-mri-dataset/versions/2/Testing/glioma/Te-gl_308.jpg,0,INVALID_MODALITY,train
C:/Users/Ankit/.cache/kagglehub/datasets/paultimothymooney/chest-xray-pneumonia/versions/2/chest_xray/chest_xray/train/NORMAL/IM-0325-0001.jpeg,1,VALID_MODALITY,val
C:/Users/Ankit/.cache/kagglehub/datasets/paultimothymooney/chest-xray-pneumonia/versions/2/chest_xray/train/PNEUMONIA/person1368_virus_2352.jpeg,1,VALID_MODALITY,test
C:/Users/Ankit/.cache/kagglehub/datasets/devbatrax/fracture-detection-using-x-ray-images/versions/1/data/train/fractured/111-rotated1-rotated3-rotated3.jpg,0,INVALID_MODALITY,test
C:/Users/Ankit/.cache/kagglehub/datasets/paultimothymooney/chest-xray-pneumonia/versions/2/chest_xray/train/PNEUMONIA/person1374_virus_2365.jpeg,1,VALID_MODALITY,train
C:/Users/Ankit/.cache/kagglehub/datasets/masoudnickparvar/brain-tumor-mri-dataset/versions/2/Testing/meningioma/Te-me_112.jpg,0,INVALID_MODALITY,train
C:/Users/Ankit/.cache/kagglehub/datasets/masoudnickparvar/brain-tumor-mri-dataset/versions/2/Training/pituitary/Tr-pi_844.jpg,0,INVALID_MODALITY,train
C:/Users/Ankit/.cache/kagglehub/datasets/paultimothymooney/chest-xray-pneumonia/versions/2/chest_xray/chest_xray/train/PNEUMONIA/person1265_virus_2156.jpeg,1,VALID_MODALITY,train
C:/Users/Ankit/.cache/kagglehub/datasets/paultimothymooney/chest-xray-pneumonia/versions/2/chest_xray/chest_xray/train/PNEUMONIA/person1531_bacteria_4003.jpeg,1,VALID_MODALITY,val
C:/Users/Ankit/.cache/kagglehub/datasets/masoudnickparvar/brain-tumor-mri-dataset/versions/2/Training/meningioma/Tr-aug-me_3.jpg,0,INVALID_MODALITY,test
C:/Users/Ankit/.cache/kagglehub/datasets/masoudnickparvar/brain-tumor-mri-dataset/versions/2/Training/pituitary/Tr-pi_1101.jpg,0,INVALID_MODALITY,train
C:/Users/Ankit/.cache/kagglehub/datasets/masoudnickparvar/brain-tumor-mri-dataset/versions/2/Testing/meningioma/Te-me_71.jpg,0,INVALID_MODALITY,train
C:/Users/Ankit/.cache/kagglehub/datasets/paultimothymooney/chest-xray-pneumonia/versions/2/chest_xray/train/PNEUMONIA/person594_bacteria_2436.jpeg,1,VALID_MODALITY,train
C:/Users/Ankit/.cache/kagglehub/datasets/masoudnickparvar/brain-tumor-mri-dataset/versions/2/Training/meningioma/Tr-me_152.jpg,0,INVALID_MODALITY,train
C:/Users/Ankit/.cache/kagglehub/datasets/devbatrax/fracture-detection-using-x-ray-images/versions/1/data/train/fractured/49-rotated2-rotated2-rotated1.jpg,0,INVALID_MODALITY,test
C:/Users/Ankit/.cache/kagglehub/datasets/devbatrax/fracture-detection-using-x-ray-images/versions/1/data/val/fractured/7-rotated3-rotated1-rotated3.jpg,0,INVALID_MODALITY,train
C:/Users/Ankit/.cache/kagglehub/datasets/devbatrax/fracture-detection-using-x-ray-images/versions/1/data/train/fractured/102-rotated1-rotated1-rotated2.jpg,0,INVALID_MODALITY,train
C:/Users/Ankit/.cache/kagglehub/datasets/devbatrax/fracture-detection-using-x-ray-images/versions/1/data/train/fractured/119-rotated3-rotated2.jpg,0,INVALID_MODALITY,train
C:/Users/Ankit/.cache/kagglehub/datasets/paultimothymooney/chest-xray-pneumonia/versions/2/chest_xray/chest_xray/train/PNEUMONIA/person17_bacteria_56.jpeg,1,VALID_MODALITY,train
C:/Users/Ankit/.cache/kagglehub/datasets/paultimothymooney/chest-xray-pneumonia/versions/2/chest_xray/train/PNEUMONIA/person663_virus_1247.jpeg,1,VALID_MODALITY,val
C:/Users/Ankit/.cache/kagglehub/datasets/paultimothymooney/chest-xray-pneumonia/versions/2/chest_xray/train/PNEUMONIA/person1666_bacteria_4416.jpeg,1,VALID_MODALITY,train
C:/Users/Ankit/.cache/kagglehub/datasets/devbatrax/fracture-detection-using-x-ray-images/versions/1/data/train/fractured/86-rotated3-rotated1-rotated3.jpg,0,INVALID_MODALITY,train
C:/Users/Ankit/.cache/kagglehub/datasets/devbatrax/fracture-detection-using-x-ray-images/versions/1/data/train/fractured/69-rotated2-rotated3-rotated3.jpg,0,INVALID_MODALITY,val
C:/Users/Ankit/.cache/kagglehub/datasets/paultimothymooney/chest-xray-pneumonia/versions/2/chest_xray/train/PNEUMONIA/person1242_virus_2109.jpeg,1,VALID_MODALITY,test
C:/Users/Ankit/.cache/kagglehub/datasets/paultimothymooney/chest-xray-pneumonia/versions/2/chest_xray/chest_xray/test/PNEUMONIA/person120_bacteria_572.jpeg,1,VALID_MODALITY,train
C:/Users/Ankit/.cache/kagglehub/datasets/devbatrax/fracture-detection-using-x-ray-images/versions/1/data/train/not fractured/6-rotated1-rotated1-rotated3.jpg,0,INVALID_MODALITY,train
C:/Users/Ankit/.cache/kagglehub/datasets/paultimothymooney/chest-xray-pneumonia/versions/2/chest_xray/train/PNEUMONIA/person1409_bacteria_3583.jpeg,1,VALID_MODALITY,train
C:/Users/Ankit/.cache/kagglehub/datasets/devbatrax/fracture-detection-using-x-ray-images/versions/1/data/train/fractured/31-rotated1-rotated2.jpg,0,INVALID_MODALITY,train
C:/Users/Ankit/.cache/kagglehub/datasets/devbatrax/fracture-detection-using-x-ray-images/versions/1/data/train/not fractured/33-rotated1-rotated1-rotated1.jpg,0,INVALID_MODALITY,train
C:/Users/Ankit/.cache/kagglehub/datasets/devbatrax/fracture-detection-using-x-ray-images/versions/1/data/train/not fractured/4-rotated3-rotated3.jpg,0,INVALID_MODALITY,test
C:/Users/Ankit/.cache/kagglehub/datasets/devbatrax/fracture-detection-using-x-ray-images/versions/1/data/train/not fractured/55-rotated3-rotated3-rotated1.jpg,0,INVALID_MODALITY,train
C:/Users/Ankit/.cache/kagglehub/datasets/paultimothymooney/chest-xray-pneumonia/versions/2/chest_xray/chest_xray/train/PNEUMONIA/person614_bacteria_2483.jpeg,1,VALID_MODALITY,val
C:/Users/Ankit/.cache/kagglehub/datasets/devbatrax/fracture-detection-using-x-ray-images/versions/1/data/train/not fractured/39-rotated3-rotated3-rotated2.jpg,0,INVALID_MODALITY,train
C:/Users/Ankit/.cache/kagglehub/datasets/paultimothymooney/chest-xray-pneumonia/versions/2/chest_xray/chest_xray/train/PNEUMONIA/person1885_bacteria_4772.jpeg,1,VALID_MODALITY,val
C:/Users/Ankit/.cache/kagglehub/datasets/devbatrax/fracture-detection-using-x-ray-images/versions/1/data/train/fractured/25-rotated1-rotated1-rotated2.jpg,0,INVALID_MODALITY,test
C:/Users/Ankit/.cache/kagglehub/datasets/devbatrax/fracture-detection-using-x-ray-images/versions/1/data/train/fractured/76-rotated1-rotated2-rotated1.jpg,0,INVALID_MODALITY,train
C:/Users/Ankit/.cache/kagglehub/datasets/paultimothymooney/chest-xray-pneumonia/versions/2/chest_xray/chest_xray/train/PNEUMONIA/person716_virus_1314.jpeg,1,VALID_MODALITY,test
C:/Users/Ankit/.cache/kagglehub/datasets/devbatrax/fracture-detection-using-x-ray-images/versions/1/data/train/fractured/50-rotated1-rotated1-rotated3.jpg,0,INVALID_MODALITY,test
C:/Users/Ankit/.cache/kagglehub/datasets/paultimothymooney/chest-xray-pneumonia/versions/2/chest_xray/chest_xray/train/PNEUMONIA/person1571_bacteria_4110.jpeg,1,VALID_MODALITY,train
C:/Users/Ankit/.cache/kagglehub/datasets/paultimothymooney/chest-xray-pneumonia/versions/2/chest_xray/chest_xray/train/PNEUMONIA/person1038_virus_1733.jpeg,1,VALID_MODALITY,train
C:/Users/Ankit/.cache/kagglehub/datasets/paultimothymooney/chest-xray-pneumonia/versions/2/chest_xray/chest_xray/train/NORMAL/IM-0652-0001.jpeg,1,VALID_MODALITY,train
C:/Users/Ankit/.cache/kagglehub/datasets/devbatrax/fracture-detection-using-x-ray-images/versions/1/data/train/fractured/119-rotated1.jpg,0,INVALID_MODALITY,train
C:/Users/Ankit/.cache/kagglehub/datasets/devbatrax/fracture-detection-using-x-ray-images/versions/1/data/val/fractured/9-rotated1-rotated2.jpg,0,INVALID_MODALITY,val
C:/Users/Ankit/.cache/kagglehub/datasets/paultimothymooney/chest-xray-pneumonia/versions/2/chest_xray/chest_xray/train/PNEUMONIA/person670_virus_1256.jpeg,1,VALID_MODALITY,val
C:/Users/Ankit/.cache/kagglehub/datasets/devbatrax/fracture-detection-using-x-ray-images/versions/1/data/train/not fractured/6-rotated3-rotated3-rotated1.jpg,0,INVALID_MODALITY,train
C:/Users/Ankit/.cache/kagglehub/datasets/paultimothymooney/chest-xray-pneumonia/versions/2/chest_xray/chest_xray/train/NORMAL/NORMAL2-IM-1151-0001.jpeg,1,VALID_MODALITY,test
C:/Users/Ankit/.cache/kagglehub/datasets/paultimothymooney/chest-xray-pneumonia/versions/2/chest_xray/chest_xray/train/NORMAL/NORMAL2-IM-1197-0001.jpeg,1,VALID_MODALITY,train
C:/Users/Ankit/.cache/kagglehub/datasets/paultimothymooney/chest-xray-pneumonia/versions/2/chest_xray/chest_xray/train/PNEUMONIA/person596_bacteria_2449.jpeg,1,VALID_MODALITY,val
C:/Users/Ankit/.cache/kagglehub/datasets/paultimothymooney/chest-xray-pneumonia/versions/2/chest_xray/train/PNEUMONIA/person1548_bacteria_4048.jpeg,1,VALID_MODALITY,train
D:\anti gravity\Radionova\datasets\generic_negatives\generic_0052.jpg,0,INVALID_MODALITY,val
C:/Users/Ankit/.cache/kagglehub/datasets/paultimothymooney/chest-xray-pneumonia/versions/2/chest_xray/train/PNEUMONIA/person321_bacteria_1485.jpeg,1,VALID_MODALITY,val
C:/Users/Ankit/.cache/kagglehub/datasets/paultimothymooney/chest-xray-pneumonia/versions/2/chest_xray/chest_xray/train/NORMAL/NORMAL2-IM-1189-0001.jpeg,1,VALID_MODALITY,train
C:/Users/Ankit/.cache/kagglehub/datasets/paultimothymooney/chest-xray-pneumonia/versions/2/chest_xray/train/NORMAL/IM-0511-0001-0002.jpeg,1,VALID_MODALITY,train
C:/Users/Ankit/.cache/kagglehub/datasets/masoudnickparvar/brain-tumor-mri-dataset/versions/2/Training/meningioma/Tr-me_1219.jpg,0,INVALID_MODALITY,train
C:/Users/Ankit/.cache/kagglehub/datasets/paultimothymooney/chest-xray-pneumonia/versions/2/chest_xray/train/PNEUMONIA/person1735_bacteria_4570.jpeg,1,VALID_MODALITY,test
C:/Users/Ankit/.cache/kagglehub/datasets/paultimothymooney/chest-xray-pneumonia/versions/2/chest_xray/chest_xray/train/PNEUMONIA/person138_virus_282.jpeg,1,VALID_MODALITY,val
C:/Users/Ankit/.cache/kagglehub/datasets/devbatrax/fracture-detection-using-x-ray-images/versions/1/data/train/fractured/22-rotated2-rotated3-rotated1.jpg,0,INVALID_MODALITY,train
D:\anti gravity\Radionova\datasets\generic_negatives\generic_0192.jpg,0,INVALID_MODALITY,train
D:\anti gravity\Radionova\datasets\generic_negatives\generic_0283.jpg,0,INVALID_MODALITY,test
C:/Users/Ankit/.cache/kagglehub/datasets/paultimothymooney/chest-xray-pneumonia/versions/2/chest_xray/train/NORMAL/IM-0326-0001.jpeg,1,VALID_MODALITY,train
C:/Users/Ankit/.cache/kagglehub/datasets/paultimothymooney/chest-xray-pneumonia/versions/2/chest_xray/chest_xray/test/NORMAL/NORMAL2-IM-0092-0001.jpeg,1,VALID_MODALITY,val
C:/Users/Ankit/.cache/kagglehub/datasets/paultimothymooney/chest-xray-pneumonia/versions/2/chest_xray/train/PNEUMONIA/person437_bacteria_1888.jpeg,1,VALID_MODALITY,val
C:/Users/Ankit/.cache/kagglehub/datasets/paultimothymooney/chest-xray-pneumonia/versions/2/chest_xray/chest_xray/train/PNEUMONIA/person1227_bacteria_3182.jpeg,1,VALID_MODALITY,train
C:/Users/Ankit/.cache/kagglehub/datasets/paultimothymooney/chest-xray-pneumonia/versions/2/chest_xray/chest_xray/test/PNEUMONIA/person1616_virus_2802.jpeg,1,VALID_MODALITY,train
C:/Users/Ankit/.cache/kagglehub/datasets/paultimothymooney/chest-xray-pneumonia/versions/2/chest_xray/chest_xray/train/PNEUMONIA/person296_bacteria_1397.jpeg,1,VALID_MODALITY,train
C:/Users/Ankit/.cache/kagglehub/datasets/paultimothymooney/chest-xray-pneumonia/versions/2/chest_xray/chest_xray/train/PNEUMONIA/person640_bacteria_2532.jpeg,1,VALID_MODALITY,test
D:\anti gravity\Radionova\datasets\generic_negatives\generic_0356.jpg,0,INVALID_MODALITY,val
C:/Users/Ankit/.cache/kagglehub/datasets/paultimothymooney/chest-xray-pneumonia/versions/2/chest_xray/train/NORMAL/NORMAL2-IM-1014-0001.jpeg,1,VALID_MODALITY,train
C:/Users/Ankit/.cache/kagglehub/datasets/paultimothymooney/chest-xray-pneumonia/versions/2/chest_xray/train/PNEUMONIA/person55_bacteria_261.jpeg,1,VALID_MODALITY,test
C:/Users/Ankit/.cache/kagglehub/datasets/paultimothymooney/chest-xray-pneumonia/versions/2/chest_xray/train/PNEUMONIA/person1311_bacteria_3312.jpeg,1,VALID_MODALITY,train
C:/Users/Ankit/.cache/kagglehub/datasets/paultimothymooney/chest-xray-pneumonia/versions/2/chest_xray/chest_xray/train/PNEUMONIA/person50_bacteria_238.jpeg,1,VALID_MODALITY,train
C:/Users/Ankit/.cache/kagglehub/datasets/paultimothymooney/chest-xray-pneumonia/versions/2/chest_xray/chest_xray/train/PNEUMONIA/person577_virus_1121.jpeg,1,VALID_MODALITY,train
C:/Users/Ankit/.cache/kagglehub/datasets/paultimothymooney/chest-xray-pneumonia/versions/2/chest_xray/train/PNEUMONIA/person397_virus_790.jpeg,1,VALID_MODALITY,train
C:/Users/Ankit/.cache/kagglehub/datasets/devbatrax/fracture-detection-using-x-ray-images/versions/1/data/train/fractured/103-rotated3-rotated2-rotated3.jpg,0,INVALID_MODALITY,val
C:/Users/Ankit/.cache/kagglehub/datasets/devbatrax/fracture-detection-using-x-ray-images/versions/1/data/train/not fractured/56-rotated1-rotated3-rotated3-rotated1.jpg,0,INVALID_MODALITY,train
C:/Users/Ankit/.cache/kagglehub/datasets/paultimothymooney/chest-xray-pneumonia/versions/2/chest_xray/train/PNEUMONIA/person320_virus_647.jpeg,1,VALID_MODALITY,train
C:/Users/Ankit/.cache/kagglehub/datasets/paultimothymooney/chest-xray-pneumonia/versions/2/chest_xray/train/PNEUMONIA/person724_virus_1343.jpeg,1,VALID_MODALITY,train
C:/Users/Ankit/.cache/kagglehub/datasets/paultimothymooney/chest-xray-pneumonia/versions/2/chest_xray/train/PNEUMONIA/person1112_virus_1837.jpeg,1,VALID_MODALITY,test
D:\anti gravity\Radionova\datasets\generic_negatives\generic_0086.jpg,0,INVALID_MODALITY,val
C:/Users/Ankit/.cache/kagglehub/datasets/devbatrax/fracture-detection-using-x-ray-images/versions/1/data/train/fractured/14-rotated3-rotated3-rotated3.jpg,0,INVALID_MODALITY,train
C:/Users/Ankit/.cache/kagglehub/datasets/paultimothymooney/chest-xray-pneumonia/versions/2/chest_xray/chest_xray/train/PNEUMONIA/person576_bacteria_2376.jpeg,1,VALID_MODALITY,test
C:/Users/Ankit/.cache/kagglehub/datasets/paultimothymooney/chest-xray-pneumonia/versions/2/chest_xray/chest_xray/train/PNEUMONIA/person813_bacteria_2724.jpeg,1,VALID_MODALITY,train
C:/Users/Ankit/.cache/kagglehub/datasets/devbatrax/fracture-detection-using-x-ray-images/versions/1/data/train/not fractured/25-rotated3-rotated1-rotated3.jpg,0,INVALID_MODALITY,train
C:/Users/Ankit/.cache/kagglehub/datasets/paultimothymooney/chest-xray-pneumonia/versions/2/chest_xray/chest_xray/train/PNEUMONIA/person1872_bacteria_4751.jpeg,1,VALID_MODALITY,train
C:/Users/Ankit/.cache/kagglehub/datasets/devbatrax/fracture-detection-using-x-ray-images/versions/1/data/train/fractured/105-rotated3-rotated3-rotated1.jpg,0,INVALID_MODALITY,train
C:/Users/Ankit/.cache/kagglehub/datasets/paultimothymooney/chest-xray-pneumonia/versions/2/chest_xray/train/PNEUMONIA/person71_bacteria_347.jpeg,1,VALID_MODALITY,train
C:/Users/Ankit/.cache/kagglehub/datasets/paultimothymooney/chest-xray-pneumonia/versions/2/chest_xray/chest_xray/train/PNEUMONIA/person327_bacteria_1508.jpeg,1,VALID_MODALITY,train
C:/Users/Ankit/.cache/kagglehub/datasets/paultimothymooney/chest-xray-pneumonia/versions/2/chest_xray/chest_xray/train/NORMAL/IM-0290-0001.jpeg,1,VALID_MODALITY,train
D:\anti gravity\Radionova\datasets\generic_negatives\generic_0128.jpg,0,INVALID_MODALITY,train
C:/Users/Ankit/.cache/kagglehub/datasets/paultimothymooney/chest-xray-pneumonia/versions/2/chest_xray/chest_xray/train/PNEUMONIA/person346_virus_709.jpeg,1,VALID_MODALITY,train
C:/Users/Ankit/.cache/kagglehub/datasets/paultimothymooney/chest-xray-pneumonia/versions/2/chest_xray/chest_xray/train/PNEUMONIA/person255_virus_531.jpeg,1,VALID_MODALITY,val
C:/Users/Ankit/.cache/kagglehub/datasets/devbatrax/fracture-detection-using-x-ray-images/versions/1/data/train/not fractured/39-rotated3-rotated2-rotated2.jpg,0,INVALID_MODALITY,train
C:/Users/Ankit/.cache/kagglehub/datasets/paultimothymooney/chest-xray-pneumonia/versions/2/chest_xray/train/PNEUMONIA/person468_bacteria_1990.jpeg,1,VALID_MODALITY,train
C:/Users/Ankit/.cache/kagglehub/datasets/devbatrax/fracture-detection-using-x-ray-images/versions/1/data/train/not fractured/9-rotated1-rotated3-rotated3.jpg,0,INVALID_MODALITY,train
C:/Users/Ankit/.cache/kagglehub/datasets/paultimothymooney/chest-xray-pneumonia/versions/2/chest_xray/train/PNEUMONIA/person1927_bacteria_4837.jpeg,1,VALID_MODALITY,train
C:/Users/Ankit/.cache/kagglehub/datasets/paultimothymooney/chest-xray-pneumonia/versions/2/chest_xray/train/PNEUMONIA/person889_bacteria_2813.jpeg,1,VALID_MODALITY,train
C:/Users/Ankit/.cache/kagglehub/datasets/paultimothymooney/chest-xray-pneumonia/versions/2/chest_xray/chest_xray/train/NORMAL/NORMAL2-IM-0971-0001-0001.jpeg,1,VALID_MODALITY,val
C:/Users/Ankit/.cache/kagglehub/datasets/paultimothymooney/chest-xray-pneumonia/versions/2/chest_xray/chest_xray/train/PNEUMONIA/person36_bacteria_182.jpeg,1,VALID_MODALITY,train
C:/Users/Ankit/.cache/kagglehub/datasets/paultimothymooney/chest-xray-pneumonia/versions/2/chest_xray/train/PNEUMONIA/person1393_virus_2396.jpeg,1,VALID_MODALITY,train
C:/Users/Ankit/.cache/kagglehub/datasets/paultimothymooney/chest-xray-pneumonia/versions/2/chest_xray/chest_xray/train/PNEUMONIA/person1195_bacteria_3144.jpeg,1,VALID_MODALITY,train
C:/Users/Ankit/.cache/kagglehub/datasets/paultimothymooney/chest-xray-pneumonia/versions/2/chest_xray/chest_xray/train/PNEUMONIA/person566_bacteria_2351.jpeg,1,VALID_MODALITY,train
C:/Users/Ankit/.cache/kagglehub/datasets/masoudnickparvar/brain-tumor-mri-dataset/versions/2/Training/glioma/Tr-gl_582.jpg,0,INVALID_MODALITY,train
C:/Users/Ankit/.cache/kagglehub/datasets/paultimothymooney/chest-xray-pneumonia/versions/2/chest_xray/chest_xray/train/PNEUMONIA/person73_bacteria_360.jpeg,1,VALID_MODALITY,train
C:/Users/Ankit/.cache/kagglehub/datasets/paultimothymooney/chest-xray-pneumonia/versions/2/chest_xray/chest_xray/train/NORMAL/IM-0656-0001-0002.jpeg,1,VALID_MODALITY,train
C:/Users/Ankit/.cache/kagglehub/datasets/paultimothymooney/chest-xray-pneumonia/versions/2/chest_xray/train/PNEUMONIA/person671_bacteria_2564.jpeg,1,VALID_MODALITY,train
D:\anti gravity\Radionova\datasets\generic_negatives\generic_0087.jpg,0,INVALID_MODALITY,train
C:/Users/Ankit/.cache/kagglehub/datasets/paultimothymooney/chest-xray-pneumonia/versions/2/chest_xray/train/NORMAL/IM-0369-0001.jpeg,1,VALID_MODALITY,train
C:/Users/Ankit/.cache/kagglehub/datasets/paultimothymooney/chest-xray-pneumonia/versions/2/chest_xray/chest_xray/train/NORMAL/NORMAL2-IM-0397-0001.jpeg,1,VALID_MODALITY,train
C:/Users/Ankit/.cache/kagglehub/datasets/devbatrax/fracture-detection-using-x-ray-images/versions/1/data/train/not fractured/48-rotated1-rotated1.jpg,0,INVALID_MODALITY,train
C:/Users/Ankit/.cache/kagglehub/datasets/paultimothymooney/chest-xray-pneumonia/versions/2/chest_xray/train/PNEUMONIA/person544_virus_1075.jpeg,1,VALID_MODALITY,train
C:/Users/Ankit/.cache/kagglehub/datasets/masoudnickparvar/brain-tumor-mri-dataset/versions/2/Training/pituitary/Tr-pi_1214.jpg,0,INVALID_MODALITY,train
C:/Users/Ankit/.cache/kagglehub/datasets/paultimothymooney/chest-xray-pneumonia/versions/2/chest_xray/train/PNEUMONIA/person563_bacteria_2340.jpeg,1,VALID_MODALITY,train
C:/Users/Ankit/.cache/kagglehub/datasets/paultimothymooney/chest-xray-pneumonia/versions/2/chest_xray/chest_xray/train/PNEUMONIA/person1228_virus_2079.jpeg,1,VALID_MODALITY,train
C:/Users/Ankit/.cache/kagglehub/datasets/devbatrax/fracture-detection-using-x-ray-images/versions/1/data/val/not fractured/1-rotated1.jpg,0,INVALID_MODALITY,train
C:/Users/Ankit/.cache/kagglehub/datasets/devbatrax/fracture-detection-using-x-ray-images/versions/1/data/train/fractured/88-rotated3-rotated3-rotated2.jpg,0,INVALID_MODALITY,train
C:/Users/Ankit/.cache/kagglehub/datasets/paultimothymooney/chest-xray-pneumonia/versions/2/chest_xray/train/PNEUMONIA/person294_bacteria_1385.jpeg,1,VALID_MODALITY,train
C:/Users/Ankit/.cache/kagglehub/datasets/paultimothymooney/chest-xray-pneumonia/versions/2/chest_xray/chest_xray/train/PNEUMONIA/person96_virus_179.jpeg,1,VALID_MODALITY,test
C:/Users/Ankit/.cache/kagglehub/datasets/devbatrax/fracture-detection-using-x-ray-images/versions/1/data/train/not fractured/33-rotated1-rotated1-rotated3.jpg,0,INVALID_MODALITY,train
C:/Users/Ankit/.cache/kagglehub/datasets/devbatrax/fracture-detection-using-x-ray-images/versions/1/data/train/fractured/78-rotated3-rotated1-rotated3.jpg,0,INVALID_MODALITY,train
C:/Users/Ankit/.cache/kagglehub/datasets/masoudnickparvar/brain-tumor-mri-dataset/versions/2/Training/meningioma/Tr-me_1101.jpg,0,INVALID_MODALITY,train
C:/Users/Ankit/.cache/kagglehub/datasets/devbatrax/fracture-detection-using-x-ray-images/versions/1/data/train/not fractured/38-rotated2-rotated3-rotated3.jpg,0,INVALID_MODALITY,train
C:/Users/Ankit/.cache/kagglehub/datasets/masoudnickparvar/brain-tumor-mri-dataset/versions/2/Training/pituitary/Tr-pi_239.jpg,0,INVALID_MODALITY,train
C:/Users/Ankit/.cache/kagglehub/datasets/paultimothymooney/chest-xray-pneumonia/versions/2/chest_xray/chest_xray/train/PNEUMONIA/person605_virus_1166.jpeg,1,VALID_MODALITY,train
C:/Users/Ankit/.cache/kagglehub/datasets/devbatrax/fracture-detection-using-x-ray-images/versions/1/data/train/fractured/15-rotated2-rotated1-rotated3.jpg,0,INVALID_MODALITY,test
C:/Users/Ankit/.cache/kagglehub/datasets/paultimothymooney/chest-xray-pneumonia/versions/2/chest_xray/train/PNEUMONIA/person371_bacteria_1700.jpeg,1,VALID_MODALITY,test
C:/Users/Ankit/.cache/kagglehub/datasets/masoudnickparvar/brain-tumor-mri-dataset/versions/2/Testing/glioma/Te-gl_158.jpg,0,INVALID_MODALITY,train
C:/Users/Ankit/.cache/kagglehub/datasets/devbatrax/fracture-detection-using-x-ray-images/versions/1/data/train/fractured/85-rotated1-rotated1.jpg,0,INVALID_MODALITY,val
C:/Users/Ankit/.cache/kagglehub/datasets/paultimothymooney/chest-xray-pneumonia/versions/2/chest_xray/chest_xray/train/PNEUMONIA/person441_bacteria_1915.jpeg,1,VALID_MODALITY,train
C:/Users/Ankit/.cache/kagglehub/datasets/devbatrax/fracture-detection-using-x-ray-images/versions/1/data/train/fractured/95-rotated1-rotated2-rotated1.jpg,0,INVALID_MODALITY,train
C:/Users/Ankit/.cache/kagglehub/datasets/devbatrax/fracture-detection-using-x-ray-images/versions/1/data/train/fractured/69-rotated2-rotated1-rotated2.jpg,0,INVALID_MODALITY,train
C:/Users/Ankit/.cache/kagglehub/datasets/devbatrax/fracture-detection-using-x-ray-images/versions/1/data/train/not fractured/43-rotated1-rotated2-rotated2-rotated1.jpg,0,INVALID_MODALITY,val
C:/Users/Ankit/.cache/kagglehub/datasets/paultimothymooney/chest-xray-pneumonia/versions/2/chest_xray/chest_xray/test/NORMAL/NORMAL2-IM-0275-0001.jpeg,1,VALID_MODALITY,test
C:/Users/Ankit/.cache/kagglehub/datasets/paultimothymooney/chest-xray-pneumonia/versions/2/chest_xray/chest_xray/train/PNEUMONIA/person490_bacteria_2069.jpeg,1,VALID_MODALITY,val
D:\anti gravity\Radionova\datasets\generic_negatives\generic_0031.jpg,0,INVALID_MODALITY,train
C:/Users/Ankit/.cache/kagglehub/datasets/paultimothymooney/chest-xray-pneumonia/versions/2/chest_xray/chest_xray/train/PNEUMONIA/person23_bacteria_98.jpeg,1,VALID_MODALITY,train
C:/Users/Ankit/.cache/kagglehub/datasets/masoudnickparvar/brain-tumor-mri-dataset/versions/2/Training/glioma/Tr-gl_248.jpg,0,INVALID_MODALITY,train
D:\anti gravity\Radionova\datasets\generic_negatives\generic_0351.jpg,0,INVALID_MODALITY,val
D:\anti gravity\Radionova\datasets\generic_negatives\generic_0233.jpg,0,INVALID_MODALITY,train
C:/Users/Ankit/.cache/kagglehub/datasets/masoudnickparvar/brain-tumor-mri-dataset/versions/2/Training/meningioma/Tr-me_1182.jpg,0,INVALID_MODALITY,train
C:/Users/Ankit/.cache/kagglehub/datasets/paultimothymooney/chest-xray-pneumonia/versions/2/chest_xray/test/NORMAL/NORMAL2-IM-0345-0001.jpeg,1,VALID_MODALITY,train
C:/Users/Ankit/.cache/kagglehub/datasets/paultimothymooney/chest-xray-pneumonia/versions/2/chest_xray/chest_xray/train/PNEUMONIA/person518_bacteria_2199.jpeg,1,VALID_MODALITY,test
C:/Users/Ankit/.cache/kagglehub/datasets/paultimothymooney/chest-xray-pneumonia/versions/2/chest_xray/train/PNEUMONIA/person1263_bacteria_3221.jpeg,1,VALID_MODALITY,train
C:/Users/Ankit/.cache/kagglehub/datasets/devbatrax/fracture-detection-using-x-ray-images/versions/1/data/train/fractured/41-rotated1-rotated1-rotated3.jpg,0,INVALID_MODALITY,test
C:/Users/Ankit/.cache/kagglehub/datasets/paultimothymooney/chest-xray-pneumonia/versions/2/chest_xray/train/NORMAL/NORMAL2-IM-0796-0001.jpeg,1,VALID_MODALITY,train
C:/Users/Ankit/.cache/kagglehub/datasets/paultimothymooney/chest-xray-pneumonia/versions/2/chest_xray/chest_xray/train/NORMAL/IM-0515-0001.jpeg,1,VALID_MODALITY,train
C:/Users/Ankit/.cache/kagglehub/datasets/paultimothymooney/chest-xray-pneumonia/versions/2/chest_xray/chest_xray/train/PNEUMONIA/person1080_bacteria_3020.jpeg,1,VALID_MODALITY,train
C:/Users/Ankit/.cache/kagglehub/datasets/devbatrax/fracture-detection-using-x-ray-images/versions/1/data/train/fractured/93-rotated2-rotated1-rotated2.jpg,0,INVALID_MODALITY,train
D:\anti gravity\Radionova\datasets\generic_negatives\generic_0039.jpg,0,INVALID_MODALITY,train
C:/Users/Ankit/.cache/kagglehub/datasets/paultimothymooney/chest-xray-pneumonia/versions/2/chest_xray/train/PNEUMONIA/person1723_bacteria_4548.jpeg,1,VALID_MODALITY,train
C:/Users/Ankit/.cache/kagglehub/datasets/paultimothymooney/chest-xray-pneumonia/versions/2/chest_xray/train/PNEUMONIA/person527_virus_1048.jpeg,1,VALID_MODALITY,train
C:/Users/Ankit/.cache/kagglehub/datasets/paultimothymooney/chest-xray-pneumonia/versions/2/chest_xray/train/PNEUMONIA/person564_bacteria_2346.jpeg,1,VALID_MODALITY,val
C:/Users/Ankit/.cache/kagglehub/datasets/masoudnickparvar/brain-tumor-mri-dataset/versions/2/Training/pituitary/Tr-pi_543.jpg,0,INVALID_MODALITY,val
C:/Users/Ankit/.cache/kagglehub/datasets/devbatrax/fracture-detection-using-x-ray-images/versions/1/data/train/not fractured/37-rotated3-rotated2.jpg,0,INVALID_MODALITY,val
C:/Users/Ankit/.cache/kagglehub/datasets/paultimothymooney/chest-xray-pneumonia/versions/2/chest_xray/chest_xray/train/PNEUMONIA/person1158_bacteria_3103.jpeg,1,VALID_MODALITY,val
D:\anti gravity\Radionova\datasets\generic_negatives\generic_0160.jpg,0,INVALID_MODALITY,train
C:/Users/Ankit/.cache/kagglehub/datasets/masoudnickparvar/brain-tumor-mri-dataset/versions/2/Training/pituitary/Tr-pi_170.jpg,0,INVALID_MODALITY,val
C:/Users/Ankit/.cache/kagglehub/datasets/devbatrax/fracture-detection-using-x-ray-images/versions/1/data/train/not fractured/51-rotated1-rotated3-rotated1.jpg,0,INVALID_MODALITY,train
D:\anti gravity\Radionova\datasets\generic_negatives\generic_0015.jpg,0,INVALID_MODALITY,val
C:/Users/Ankit/.cache/kagglehub/datasets/devbatrax/fracture-detection-using-x-ray-images/versions/1/data/train/fractured/77-rotated1-rotated2-rotated2.jpg,0,INVALID_MODALITY,train
C:/Users/Ankit/.cache/kagglehub/datasets/paultimothymooney/chest-xray-pneumonia/versions/2/chest_xray/chest_xray/train/PNEUMONIA/person1932_bacteria_4843.jpeg,1,VALID_MODALITY,train
C:/Users/Ankit/.cache/kagglehub/datasets/paultimothymooney/chest-xray-pneumonia/versions/2/chest_xray/train/PNEUMONIA/person1348_virus_2324.jpeg,1,VALID_MODALITY,train
C:/Users/Ankit/.cache/kagglehub/datasets/paultimothymooney/chest-xray-pneumonia/versions/2/chest_xray/chest_xray/train/NORMAL/IM-0410-0001.jpeg,1,VALID_MODALITY,train
C:/Users/Ankit/.cache/kagglehub/datasets/masoudnickparvar/brain-tumor-mri-dataset/versions/2/Training/glioma/Tr-gl_921.jpg,0,INVALID_MODALITY,train
C:/Users/Ankit/.cache/kagglehub/datasets/paultimothymooney/chest-xray-pneumonia/versions/2/chest_xray/chest_xray/train/PNEUMONIA/person992_bacteria_2920.jpeg,1,VALID_MODALITY,test
C:/Users/Ankit/.cache/kagglehub/datasets/devbatrax/fracture-detection-using-x-ray-images/versions/1/data/train/fractured/118-rotated1.jpg,0,INVALID_MODALITY,train
C:/Users/Ankit/.cache/kagglehub/datasets/paultimothymooney/chest-xray-pneumonia/versions/2/chest_xray/chest_xray/train/PNEUMONIA/person395_virus_788.jpeg,1,VALID_MODALITY,train
C:/Users/Ankit/.cache/kagglehub/datasets/paultimothymooney/chest-xray-pneumonia/versions/2/chest_xray/train/PNEUMONIA/person596_bacteria_2441.jpeg,1,VALID_MODALITY,train
C:/Users/Ankit/.cache/kagglehub/datasets/paultimothymooney/chest-xray-pneumonia/versions/2/chest_xray/chest_xray/train/PNEUMONIA/person893_bacteria_2818.jpeg,1,VALID_MODALITY,train
C:/Users/Ankit/.cache/kagglehub/datasets/paultimothymooney/chest-xray-pneumonia/versions/2/chest_xray/chest_xray/train/PNEUMONIA/person1194_bacteria_3143.jpeg,1,VALID_MODALITY,train
C:/Users/Ankit/.cache/kagglehub/datasets/devbatrax/fracture-detection-using-x-ray-images/versions/1/data/train/not fractured/59-rotated2-rotated2-rotated1-rotated1.jpg,0,INVALID_MODALITY,train
C:/Users/Ankit/.cache/kagglehub/datasets/paultimothymooney/chest-xray-pneumonia/versions/2/chest_xray/train/NORMAL/IM-0750-0001.jpeg,1,VALID_MODALITY,train
C:/Users/Ankit/.cache/kagglehub/datasets/paultimothymooney/chest-xray-pneumonia/versions/2/chest_xray/chest_xray/test/NORMAL/NORMAL2-IM-0305-0001.jpeg,1,VALID_MODALITY,val
C:/Users/Ankit/.cache/kagglehub/datasets/devbatrax/fracture-detection-using-x-ray-images/versions/1/data/train/not fractured/23-rotated1-rotated2-rotated3.jpg,0,INVALID_MODALITY,train
C:/Users/Ankit/.cache/kagglehub/datasets/masoudnickparvar/brain-tumor-mri-dataset/versions/2/Testing/pituitary/Te-pi_199.jpg,0,INVALID_MODALITY,train
C:/Users/Ankit/.cache/kagglehub/datasets/devbatrax/fracture-detection-using-x-ray-images/versions/1/data/train/fractured/66-rotated1-rotated2-rotated2.jpg,0,INVALID_MODALITY,train
C:/Users/Ankit/.cache/kagglehub/datasets/paultimothymooney/chest-xray-pneumonia/versions/2/chest_xray/train/PNEUMONIA/person1446_bacteria_3739.jpeg,1,VALID_MODALITY,test
C:/Users/Ankit/.cache/kagglehub/datasets/paultimothymooney/chest-xray-pneumonia/versions/2/chest_xray/train/PNEUMONIA/person610_virus_1177.jpeg,1,VALID_MODALITY,test
C:/Users/Ankit/.cache/kagglehub/datasets/paultimothymooney/chest-xray-pneumonia/versions/2/chest_xray/train/PNEUMONIA/person1488_bacteria_3887.jpeg,1,VALID_MODALITY,test
C:/Users/Ankit/.cache/kagglehub/datasets/paultimothymooney/chest-xray-pneumonia/versions/2/chest_xray/train/PNEUMONIA/person385_bacteria_1765.jpeg,1,VALID_MODALITY,train
C:/Users/Ankit/.cache/kagglehub/datasets/paultimothymooney/chest-xray-pneumonia/versions/2/chest_xray/chest_xray/train/PNEUMONIA/person319_bacteria_1477.jpeg,1,VALID_MODALITY,val
C:/Users/Ankit/.cache/kagglehub/datasets/devbatrax/fracture-detection-using-x-ray-images/versions/1/data/train/fractured/50-rotated1-rotated3.jpg,0,INVALID_MODALITY,train
C:/Users/Ankit/.cache/kagglehub/datasets/devbatrax/fracture-detection-using-x-ray-images/versions/1/data/train/fractured/96-rotated2-rotated1.jpg,0,INVALID_MODALITY,train
C:/Users/Ankit/.cache/kagglehub/datasets/paultimothymooney/chest-xray-pneumonia/versions/2/chest_xray/train/PNEUMONIA/person559_bacteria_2329.jpeg,1,VALID_MODALITY,test
C:/Users/Ankit/.cache/kagglehub/datasets/paultimothymooney/chest-xray-pneumonia/versions/2/chest_xray/train/PNEUMONIA/person549_bacteria_2304.jpeg,1,VALID_MODALITY,train
C:/Users/Ankit/.cache/kagglehub/datasets/devbatrax/fracture-detection-using-x-ray-images/versions/1/data/train/fractured/107-rotated1-rotated3.jpg,0,INVALID_MODALITY,train
D:\anti gravity\Radionova\datasets\generic_negatives\generic_0174.jpg,0,INVALID_MODALITY,train
C:/Users/Ankit/.cache/kagglehub/datasets/devbatrax/fracture-detection-using-x-ray-images/versions/1/data/train/not fractured/56-rotated3-rotated1-rotated2-rotated1.jpg,0,INVALID_MODALITY,train
C:/Users/Ankit/.cache/kagglehub/datasets/paultimothymooney/chest-xray-pneumonia/versions/2/chest_xray/train/NORMAL/IM-0117-0001.jpeg,1,VALID_MODALITY,val
C:/Users/Ankit/.cache/kagglehub/datasets/paultimothymooney/chest-xray-pneumonia/versions/2/chest_xray/train/NORMAL/IM-0717-0001.jpeg,1,VALID_MODALITY,train
C:/Users/Ankit/.cache/kagglehub/datasets/paultimothymooney/chest-xray-pneumonia/versions/2/chest_xray/train/PNEUMONIA/person1318_bacteria_3334.jpeg,1,VALID_MODALITY,train
C:/Users/Ankit/.cache/kagglehub/datasets/masoudnickparvar/brain-tumor-mri-dataset/versions/2/Training/glioma/Tr-gl_758.jpg,0,INVALID_MODALITY,train
C:/Users/Ankit/.cache/kagglehub/datasets/paultimothymooney/chest-xray-pneumonia/versions/2/chest_xray/train/PNEUMONIA/person644_virus_1225.jpeg,1,VALID_MODALITY,val
C:/Users/Ankit/.cache/kagglehub/datasets/masoudnickparvar/brain-tumor-mri-dataset/versions/2/Training/pituitary/Tr-pi_144.jpg,0,INVALID_MODALITY,train
C:/Users/Ankit/.cache/kagglehub/datasets/paultimothymooney/chest-xray-pneumonia/versions/2/chest_xray/chest_xray/train/PNEUMONIA/person1068_virus_1771.jpeg,1,VALID_MODALITY,train
C:/Users/Ankit/.cache/kagglehub/datasets/paultimothymooney/chest-xray-pneumonia/versions/2/chest_xray/train/NORMAL/IM-0667-0001.jpeg,1,VALID_MODALITY,train
C:/Users/Ankit/.cache/kagglehub/datasets/devbatrax/fracture-detection-using-x-ray-images/versions/1/data/train/not fractured/40-rotated3-rotated2-rotated1-rotated1.jpg,0,INVALID_MODALITY,train
C:/Users/Ankit/.cache/kagglehub/datasets/paultimothymooney/chest-xray-pneumonia/versions/2/chest_xray/chest_xray/train/PNEUMONIA/person482_virus_984.jpeg,1,VALID_MODALITY,train
D:\anti gravity\Radionova\datasets\generic_negatives\generic_0268.jpg,0,INVALID_MODALITY,test
C:/Users/Ankit/.cache/kagglehub/datasets/paultimothymooney/chest-xray-pneumonia/versions/2/chest_xray/chest_xray/train/NORMAL/NORMAL2-IM-1116-0001-0001.jpeg,1,VALID_MODALITY,train
C:/Users/Ankit/.cache/kagglehub/datasets/paultimothymooney/chest-xray-pneumonia/versions/2/chest_xray/chest_xray/train/PNEUMONIA/person364_bacteria_1658.jpeg,1,VALID_MODALITY,val
C:/Users/Ankit/.cache/kagglehub/datasets/devbatrax/fracture-detection-using-x-ray-images/versions/1/data/train/fractured/17-rotated3-rotated2-rotated1.jpg,0,INVALID_MODALITY,train
C:/Users/Ankit/.cache/kagglehub/datasets/devbatrax/fracture-detection-using-x-ray-images/versions/1/data/train/fractured/54-rotated3-rotated1-rotated1.jpg,0,INVALID_MODALITY,train
D:\anti gravity\Radionova\datasets\generic_negatives\generic_0004.jpg,0,INVALID_MODALITY,train
D:\anti gravity\Radionova\datasets\generic_negatives\generic_0006.jpg,0,INVALID_MODALITY,train
C:/Users/Ankit/.cache/kagglehub/datasets/devbatrax/fracture-detection-using-x-ray-images/versions/1/data/train/fractured/55-rotated3-rotated1-rotated3.jpg,0,INVALID_MODALITY,train
C:/Users/Ankit/.cache/kagglehub/datasets/devbatrax/fracture-detection-using-x-ray-images/versions/1/data/val/not fractured/2-rotated3-rotated3-rotated1.jpg,0,INVALID_MODALITY,train
C:/Users/Ankit/.cache/kagglehub/datasets/masoudnickparvar/brain-tumor-mri-dataset/versions/2/Training/pituitary/Tr-pi_1382.jpg,0,INVALID_MODALITY,train
C:/Users/Ankit/.cache/kagglehub/datasets/masoudnickparvar/brain-tumor-mri-dataset/versions/2/Training/meningioma/Tr-me_84.jpg,0,INVALID_MODALITY,train
C:/Users/Ankit/.cache/kagglehub/datasets/devbatrax/fracture-detection-using-x-ray-images/versions/1/data/train/fractured/116-rotated1-rotated3-rotated1.jpg,0,INVALID_MODALITY,train
C:/Users/Ankit/.cache/kagglehub/datasets/devbatrax/fracture-detection-using-x-ray-images/versions/1/data/train/fractured/77-rotated1-rotated3-rotated3.jpg,0,INVALID_MODALITY,train
C:/Users/Ankit/.cache/kagglehub/datasets/paultimothymooney/chest-xray-pneumonia/versions/2/chest_xray/train/PNEUMONIA/person111_virus_210.jpeg,1,VALID_MODALITY,train
C:/Users/Ankit/.cache/kagglehub/datasets/paultimothymooney/chest-xray-pneumonia/versions/2/chest_xray/train/PNEUMONIA/person26_bacteria_131.jpeg,1,VALID_MODALITY,test
C:/Users/Ankit/.cache/kagglehub/datasets/paultimothymooney/chest-xray-pneumonia/versions/2/chest_xray/train/PNEUMONIA/person1333_bacteria_3385.jpeg,1,VALID_MODALITY,test
C:/Users/Ankit/.cache/kagglehub/datasets/devbatrax/fracture-detection-using-x-ray-images/versions/1/data/train/fractured/101-rotated3-rotated1-rotated2.jpg,0,INVALID_MODALITY,train
C:/Users/Ankit/.cache/kagglehub/datasets/masoudnickparvar/brain-tumor-mri-dataset/versions/2/Training/glioma/Tr-gl_512.jpg,0,INVALID_MODALITY,train
C:/Users/Ankit/.cache/kagglehub/datasets/paultimothymooney/chest-xray-pneumonia/versions/2/chest_xray/train/NORMAL/IM-0681-0001.jpeg,1,VALID_MODALITY,train
C:/Users/Ankit/.cache/kagglehub/datasets/paultimothymooney/chest-xray-pneumonia/versions/2/chest_xray/chest_xray/train/PNEUMONIA/person518_bacteria_2198.jpeg,1,VALID_MODALITY,val
C:/Users/Ankit/.cache/kagglehub/datasets/devbatrax/fracture-detection-using-x-ray-images/versions/1/data/train/not fractured/30-rotated2-rotated1.jpg,0,INVALID_MODALITY,train
C:/Users/Ankit/.cache/kagglehub/datasets/paultimothymooney/chest-xray-pneumonia/versions/2/chest_xray/chest_xray/train/PNEUMONIA/person449_bacteria_1940.jpeg,1,VALID_MODALITY,train
C:/Users/Ankit/.cache/kagglehub/datasets/paultimothymooney/chest-xray-pneumonia/versions/2/chest_xray/chest_xray/train/NORMAL/IM-0681-0001.jpeg,1,VALID_MODALITY,train
C:/Users/Ankit/.cache/kagglehub/datasets/paultimothymooney/chest-xray-pneumonia/versions/2/chest_xray/train/NORMAL/NORMAL2-IM-0555-0001.jpeg,1,VALID_MODALITY,test
C:/Users/Ankit/.cache/kagglehub/datasets/paultimothymooney/chest-xray-pneumonia/versions/2/chest_xray/chest_xray/train/PNEUMONIA/person1426_bacteria_3668.jpeg,1,VALID_MODALITY,test
D:\anti gravity\Radionova\datasets\generic_negatives\generic_0081.jpg,0,INVALID_MODALITY,train
C:/Users/Ankit/.cache/kagglehub/datasets/paultimothymooney/chest-xray-pneumonia/versions/2/chest_xray/chest_xray/train/NORMAL/NORMAL2-IM-1204-0001.jpeg,1,VALID_MODALITY,train
C:/Users/Ankit/.cache/kagglehub/datasets/devbatrax/fracture-detection-using-x-ray-images/versions/1/data/train/fractured/28-rotated2.jpg,0,INVALID_MODALITY,train
C:/Users/Ankit/.cache/kagglehub/datasets/masoudnickparvar/brain-tumor-mri-dataset/versions/2/Training/glioma/Tr-gl_29.jpg,0,INVALID_MODALITY,train
C:/Users/Ankit/.cache/kagglehub/datasets/devbatrax/fracture-detection-using-x-ray-images/versions/1/data/train/not fractured/51-rotated2-rotated3-rotated3.jpg,0,INVALID_MODALITY,train
C:/Users/Ankit/.cache/kagglehub/datasets/paultimothymooney/chest-xray-pneumonia/versions/2/chest_xray/train/PNEUMONIA/person490_bacteria_2069.jpeg,1,VALID_MODALITY,val
C:/Users/Ankit/.cache/kagglehub/datasets/masoudnickparvar/brain-tumor-mri-dataset/versions/2/Testing/pituitary/Te-pi_275.jpg,0,INVALID_MODALITY,train
C:/Users/Ankit/.cache/kagglehub/datasets/paultimothymooney/chest-xray-pneumonia/versions/2/chest_xray/train/PNEUMONIA/person1472_virus_2550.jpeg,1,VALID_MODALITY,train
C:/Users/Ankit/.cache/kagglehub/datasets/paultimothymooney/chest-xray-pneumonia/versions/2/chest_xray/train/PNEUMONIA/person1343_bacteria_3417.jpeg,1,VALID_MODALITY,train
C:/Users/Ankit/.cache/kagglehub/datasets/paultimothymooney/chest-xray-pneumonia/versions/2/chest_xray/chest_xray/train/PNEUMONIA/person510_virus_1026.jpeg,1,VALID_MODALITY,train
C:/Users/Ankit/.cache/kagglehub/datasets/paultimothymooney/chest-xray-pneumonia/versions/2/chest_xray/test/PNEUMONIA/person1_virus_11.jpeg,1,VALID_MODALITY,val
D:\anti gravity\Radionova\datasets\generic_negatives\generic_0152.jpg,0,INVALID_MODALITY,train
C:/Users/Ankit/.cache/kagglehub/datasets/paultimothymooney/chest-xray-pneumonia/versions/2/chest_xray/chest_xray/train/PNEUMONIA/person1717_bacteria_4536.jpeg,1,VALID_MODALITY,train
C:/Users/Ankit/.cache/kagglehub/datasets/paultimothymooney/chest-xray-pneumonia/versions/2/chest_xray/chest_xray/train/PNEUMONIA/person789_virus_1420.jpeg,1,VALID_MODALITY,test
C:/Users/Ankit/.cache/kagglehub/datasets/paultimothymooney/chest-xray-pneumonia/versions/2/chest_xray/chest_xray/train/PNEUMONIA/person298_virus_617.jpeg,1,VALID_MODALITY,train
C:/Users/Ankit/.cache/kagglehub/datasets/paultimothymooney/chest-xray-pneumonia/versions/2/chest_xray/chest_xray/train/PNEUMONIA/person1540_bacteria_4023.jpeg,1,VALID_MODALITY,train
C:/Users/Ankit/.cache/kagglehub/datasets/paultimothymooney/chest-xray-pneumonia/versions/2/chest_xray/chest_xray/train/PNEUMONIA/person1343_bacteria_3411.jpeg,1,VALID_MODALITY,train
C:/Users/Ankit/.cache/kagglehub/datasets/devbatrax/fracture-detection-using-x-ray-images/versions/1/data/train/fractured/108-rotated2-rotated1-rotated2.jpg,0,INVALID_MODALITY,train
C:/Users/Ankit/.cache/kagglehub/datasets/paultimothymooney/chest-xray-pneumonia/versions/2/chest_xray/train/PNEUMONIA/person518_bacteria_2200.jpeg,1,VALID_MODALITY,val
C:/Users/Ankit/.cache/kagglehub/datasets/paultimothymooney/chest-xray-pneumonia/versions/2/chest_xray/train/NORMAL/NORMAL2-IM-1027-0001.jpeg,1,VALID_MODALITY,val
C:/Users/Ankit/.cache/kagglehub/datasets/paultimothymooney/chest-xray-pneumonia/versions/2/chest_xray/test/NORMAL/NORMAL2-IM-0373-0001.jpeg,1,VALID_MODALITY,train
C:/Users/Ankit/.cache/kagglehub/datasets/devbatrax/fracture-detection-using-x-ray-images/versions/1/data/train/not fractured/51-rotated3-rotated1.jpg,0,INVALID_MODALITY,val
C:/Users/Ankit/.cache/kagglehub/datasets/paultimothymooney/chest-xray-pneumonia/versions/2/chest_xray/train/PNEUMONIA/person656_bacteria_2548.jpeg,1,VALID_MODALITY,val
C:/Users/Ankit/.cache/kagglehub/datasets/devbatrax/fracture-detection-using-x-ray-images/versions/1/data/train/not fractured/68-rotated2-rotated1-rotated2.jpg,0,INVALID_MODALITY,train
D:\anti gravity\Radionova\datasets\generic_negatives\generic_0214.jpg,0,INVALID_MODALITY,train
D:\anti gravity\Radionova\datasets\generic_negatives\generic_0258.jpg,0,INVALID_MODALITY,val
C:/Users/Ankit/.cache/kagglehub/datasets/paultimothymooney/chest-xray-pneumonia/versions/2/chest_xray/chest_xray/train/PNEUMONIA/person371_bacteria_1699.jpeg,1,VALID_MODALITY,train
C:/Users/Ankit/.cache/kagglehub/datasets/paultimothymooney/chest-xray-pneumonia/versions/2/chest_xray/train/NORMAL/NORMAL2-IM-0407-0001.jpeg,1,VALID_MODALITY,train
C:/Users/Ankit/.cache/kagglehub/datasets/masoudnickparvar/brain-tumor-mri-dataset/versions/2/Testing/pituitary/Te-pi_41.jpg,0,INVALID_MODALITY,train
C:/Users/Ankit/.cache/kagglehub/datasets/paultimothymooney/chest-xray-pneumonia/versions/2/chest_xray/train/PNEUMONIA/person973_virus_1647.jpeg,1,VALID_MODALITY,val
C:/Users/Ankit/.cache/kagglehub/datasets/paultimothymooney/chest-xray-pneumonia/versions/2/chest_xray/chest_xray/train/PNEUMONIA/person33_bacteria_173.jpeg,1,VALID_MODALITY,train
C:/Users/Ankit/.cache/kagglehub/datasets/paultimothymooney/chest-xray-pneumonia/versions/2/chest_xray/chest_xray/train/PNEUMONIA/person1680_bacteria_4455.jpeg,1,VALID_MODALITY,train
C:/Users/Ankit/.cache/kagglehub/datasets/devbatrax/fracture-detection-using-x-ray-images/versions/1/data/train/not fractured/34-rotated3-rotated1-rotated2.jpg,0,INVALID_MODALITY,val
C:/Users/Ankit/.cache/kagglehub/datasets/paultimothymooney/chest-xray-pneumonia/versions/2/chest_xray/chest_xray/train/NORMAL/IM-0534-0001.jpeg,1,VALID_MODALITY,test
C:/Users/Ankit/.cache/kagglehub/datasets/paultimothymooney/chest-xray-pneumonia/versions/2/chest_xray/chest_xray/train/PNEUMONIA/person544_virus_1074.jpeg,1,VALID_MODALITY,train
C:/Users/Ankit/.cache/kagglehub/datasets/masoudnickparvar/brain-tumor-mri-dataset/versions/2/Training/meningioma/Tr-me_1135.jpg,0,INVALID_MODALITY,val
C:/Users/Ankit/.cache/kagglehub/datasets/devbatrax/fracture-detection-using-x-ray-images/versions/1/data/train/fractured/93-rotated3-rotated3.jpg,0,INVALID_MODALITY,train
C:/Users/Ankit/.cache/kagglehub/datasets/devbatrax/fracture-detection-using-x-ray-images/versions/1/data/train/fractured/30-rotated2-rotated1.jpg,0,INVALID_MODALITY,train
C:/Users/Ankit/.cache/kagglehub/datasets/paultimothymooney/chest-xray-pneumonia/versions/2/chest_xray/chest_xray/train/PNEUMONIA/person310_bacteria_1450.jpeg,1,VALID_MODALITY,train
C:/Users/Ankit/.cache/kagglehub/datasets/paultimothymooney/chest-xray-pneumonia/versions/2/chest_xray/train/NORMAL/IM-0460-0001.jpeg,1,VALID_MODALITY,test
C:/Users/Ankit/.cache/kagglehub/datasets/masoudnickparvar/brain-tumor-mri-dataset/versions/2/Testing/meningioma/Te-aug-me_4.jpg,0,INVALID_MODALITY,train
C:/Users/Ankit/.cache/kagglehub/datasets/paultimothymooney/chest-xray-pneumonia/versions/2/chest_xray/train/PNEUMONIA/person509_bacteria_2146.jpeg,1,VALID_MODALITY,val
C:/Users/Ankit/.cache/kagglehub/datasets/masoudnickparvar/brain-tumor-mri-dataset/versions/2/Training/glioma/Tr-gl_826.jpg,0,INVALID_MODALITY,val
C:/Users/Ankit/.cache/kagglehub/datasets/paultimothymooney/chest-xray-pneumonia/versions/2/chest_xray/chest_xray/train/PNEUMONIA/person502_bacteria_2119.jpeg,1,VALID_MODALITY,train
C:/Users/Ankit/.cache/kagglehub/datasets/devbatrax/fracture-detection-using-x-ray-images/versions/1/data/train/fractured/61-rotated3.jpg,0,INVALID_MODALITY,train
C:/Users/Ankit/.cache/kagglehub/datasets/paultimothymooney/chest-xray-pneumonia/versions/2/chest_xray/train/PNEUMONIA/person1038_bacteria_2972.jpeg,1,VALID_MODALITY,train
C:/Users/Ankit/.cache/kagglehub/datasets/paultimothymooney/chest-xray-pneumonia/versions/2/chest_xray/chest_xray/train/PNEUMONIA/person1454_virus_2486.jpeg,1,VALID_MODALITY,val
C:/Users/Ankit/.cache/kagglehub/datasets/paultimothymooney/chest-xray-pneumonia/versions/2/chest_xray/chest_xray/train/PNEUMONIA/person1142_bacteria_3086.jpeg,1,VALID_MODALITY,val
C:/Users/Ankit/.cache/kagglehub/datasets/paultimothymooney/chest-xray-pneumonia/versions/2/chest_xray/train/PNEUMONIA/person1427_virus_2441.jpeg,1,VALID_MODALITY,train
D:\anti gravity\Radionova\datasets\generic_negatives\generic_0115.jpg,0,INVALID_MODALITY,val
C:/Users/Ankit/.cache/kagglehub/datasets/paultimothymooney/chest-xray-pneumonia/versions/2/chest_xray/chest_xray/train/PNEUMONIA/person1499_virus_2609.jpeg,1,VALID_MODALITY,train
C:/Users/Ankit/.cache/kagglehub/datasets/devbatrax/fracture-detection-using-x-ray-images/versions/1/data/train/not fractured/64-rotated2-rotated3-rotated3.jpg,0,INVALID_MODALITY,train
C:/Users/Ankit/.cache/kagglehub/datasets/paultimothymooney/chest-xray-pneumonia/versions/2/chest_xray/chest_xray/test/PNEUMONIA/person127_bacteria_604.jpeg,1,VALID_MODALITY,train
C:/Users/Ankit/.cache/kagglehub/datasets/devbatrax/fracture-detection-using-x-ray-images/versions/1/data/val/fractured/3-rotated1-rotated1-rotated3.jpg,0,INVALID_MODALITY,val
C:/Users/Ankit/.cache/kagglehub/datasets/devbatrax/fracture-detection-using-x-ray-images/versions/1/data/train/fractured/116-rotated2-rotated1-rotated1.jpg,0,INVALID_MODALITY,train
C:/Users/Ankit/.cache/kagglehub/datasets/devbatrax/fracture-detection-using-x-ray-images/versions/1/data/train/fractured/89-rotated3-rotated3.jpg,0,INVALID_MODALITY,train
C:/Users/Ankit/.cache/kagglehub/datasets/devbatrax/fracture-detection-using-x-ray-images/versions/1/data/train/not fractured/15-rotated2-rotated1-rotated2.jpg,0,INVALID_MODALITY,train
C:/Users/Ankit/.cache/kagglehub/datasets/devbatrax/fracture-detection-using-x-ray-images/versions/1/data/train/fractured/25-rotated1-rotated1-rotated1.jpg,0,INVALID_MODALITY,train
C:/Users/Ankit/.cache/kagglehub/datasets/paultimothymooney/chest-xray-pneumonia/versions/2/chest_xray/chest_xray/train/PNEUMONIA/person428_bacteria_1869.jpeg,1,VALID_MODALITY,train
D:\anti gravity\Radionova\datasets\generic_negatives\generic_0000.jpg,0,INVALID_MODALITY,train
C:/Users/Ankit/.cache/kagglehub/datasets/devbatrax/fracture-detection-using-x-ray-images/versions/1/data/train/not fractured/14-rotated2-rotated2-rotated1.jpg,0,INVALID_MODALITY,val
C:/Users/Ankit/.cache/kagglehub/datasets/devbatrax/fracture-detection-using-x-ray-images/versions/1/data/train/fractured/29-rotated2-rotated1-rotated2.jpg,0,INVALID_MODALITY,val
C:/Users/Ankit/.cache/kagglehub/datasets/paultimothymooney/chest-xray-pneumonia/versions/2/chest_xray/chest_xray/train/NORMAL/IM-0353-0001.jpeg,1,VALID_MODALITY,train
C:/Users/Ankit/.cache/kagglehub/datasets/paultimothymooney/chest-xray-pneumonia/versions/2/chest_xray/chest_xray/test/NORMAL/NORMAL2-IM-0307-0001.jpeg,1,VALID_MODALITY,train
C:/Users/Ankit/.cache/kagglehub/datasets/devbatrax/fracture-detection-using-x-ray-images/versions/1/data/train/not fractured/37-rotated2-rotated2.jpg,0,INVALID_MODALITY,train
C:/Users/Ankit/.cache/kagglehub/datasets/paultimothymooney/chest-xray-pneumonia/versions/2/chest_xray/chest_xray/train/PNEUMONIA/person18_bacteria_57.jpeg,1,VALID_MODALITY,train
C:/Users/Ankit/.cache/kagglehub/datasets/devbatrax/fracture-detection-using-x-ray-images/versions/1/data/train/not fractured/52-rotated3-rotated2.jpg,0,INVALID_MODALITY,train
C:/Users/Ankit/.cache/kagglehub/datasets/devbatrax/fracture-detection-using-x-ray-images/versions/1/data/train/not fractured/15-rotated1-rotated2-rotated3.jpg,0,INVALID_MODALITY,train
C:/Users/Ankit/.cache/kagglehub/datasets/paultimothymooney/chest-xray-pneumonia/versions/2/chest_xray/train/PNEUMONIA/person625_bacteria_2499.jpeg,1,VALID_MODALITY,train
C:/Users/Ankit/.cache/kagglehub/datasets/paultimothymooney/chest-xray-pneumonia/versions/2/chest_xray/train/PNEUMONIA/person1316_bacteria_3326.jpeg,1,VALID_MODALITY,train
D:\anti gravity\Radionova\datasets\generic_negatives\generic_0329.jpg,0,INVALID_MODALITY,train
C:/Users/Ankit/.cache/kagglehub/datasets/devbatrax/fracture-detection-using-x-ray-images/versions/1/data/train/not fractured/27-rotated3-rotated2-rotated3.jpg,0,INVALID_MODALITY,train
C:/Users/Ankit/.cache/kagglehub/datasets/masoudnickparvar/brain-tumor-mri-dataset/versions/2/Training/meningioma/Tr-aug-me_90.jpg,0,INVALID_MODALITY,train
C:/Users/Ankit/.cache/kagglehub/datasets/paultimothymooney/chest-xray-pneumonia/versions/2/chest_xray/train/PNEUMONIA/person581_bacteria_2392.jpeg,1,VALID_MODALITY,train
C:/Users/Ankit/.cache/kagglehub/datasets/devbatrax/fracture-detection-using-x-ray-images/versions/1/data/train/not fractured/9-rotated3-rotated1-rotated2.jpg,0,INVALID_MODALITY,train
D:\anti gravity\Radionova\datasets\generic_negatives\generic_0201.jpg,0,INVALID_MODALITY,val
C:/Users/Ankit/.cache/kagglehub/datasets/devbatrax/fracture-detection-using-x-ray-images/versions/1/data/train/not fractured/56-rotated1-rotated1.jpg,0,INVALID_MODALITY,train
C:/Users/Ankit/.cache/kagglehub/datasets/paultimothymooney/chest-xray-pneumonia/versions/2/chest_xray/train/PNEUMONIA/person883_bacteria_2807.jpeg,1,VALID_MODALITY,train
C:/Users/Ankit/.cache/kagglehub/datasets/devbatrax/fracture-detection-using-x-ray-images/versions/1/data/train/fractured/68-rotated1-rotated1-rotated3.jpg,0,INVALID_MODALITY,train
C:/Users/Ankit/.cache/kagglehub/datasets/paultimothymooney/chest-xray-pneumonia/versions/2/chest_xray/train/NORMAL/IM-0315-0001.jpeg,1,VALID_MODALITY,train
C:/Users/Ankit/.cache/kagglehub/datasets/devbatrax/fracture-detection-using-x-ray-images/versions/1/data/train/fractured/75-rotated2-rotated1-rotated2.jpg,0,INVALID_MODALITY,test
C:/Users/Ankit/.cache/kagglehub/datasets/masoudnickparvar/brain-tumor-mri-dataset/versions/2/Training/pituitary/Tr-pi_664.jpg,0,INVALID_MODALITY,train
C:/Users/Ankit/.cache/kagglehub/datasets/devbatrax/fracture-detection-using-x-ray-images/versions/1/data/train/not fractured/28-rotated1.jpg,0,INVALID_MODALITY,train
C:/Users/Ankit/.cache/kagglehub/datasets/devbatrax/fracture-detection-using-x-ray-images/versions/1/data/train/fractured/34-rotated2-rotated2-rotated2.jpg,0,INVALID_MODALITY,train
C:/Users/Ankit/.cache/kagglehub/datasets/paultimothymooney/chest-xray-pneumonia/versions/2/chest_xray/train/PNEUMONIA/person310_virus_633.jpeg,1,VALID_MODALITY,val
D:\anti gravity\Radionova\datasets\generic_negatives\generic_0193.jpg,0,INVALID_MODALITY,test
C:/Users/Ankit/.cache/kagglehub/datasets/paultimothymooney/chest-xray-pneumonia/versions/2/chest_xray/train/PNEUMONIA/person1142_bacteria_3086.jpeg,1,VALID_MODALITY,test
C:/Users/Ankit/.cache/kagglehub/datasets/paultimothymooney/chest-xray-pneumonia/versions/2/chest_xray/chest_xray/test/PNEUMONIA/person112_bacteria_539.jpeg,1,VALID_MODALITY,train
C:/Users/Ankit/.cache/kagglehub/datasets/paultimothymooney/chest-xray-pneumonia/versions/2/chest_xray/chest_xray/train/PNEUMONIA/person347_bacteria_1599.jpeg,1,VALID_MODALITY,train
C:/Users/Ankit/.cache/kagglehub/datasets/paultimothymooney/chest-xray-pneumonia/versions/2/chest_xray/train/PNEUMONIA/person1538_bacteria_4021.jpeg,1,VALID_MODALITY,train
D:\anti gravity\Radionova\datasets\generic_negatives\generic_0399.jpg,0,INVALID_MODALITY,val
C:/Users/Ankit/.cache/kagglehub/datasets/paultimothymooney/chest-xray-pneumonia/versions/2/chest_xray/chest_xray/train/PNEUMONIA/person780_bacteria_2684.jpeg,1,VALID_MODALITY,train
C:/Users/Ankit/.cache/kagglehub/datasets/paultimothymooney/chest-xray-pneumonia/versions/2/chest_xray/train/PNEUMONIA/person472_bacteria_2014.jpeg,1,VALID_MODALITY,train
C:/Users/Ankit/.cache/kagglehub/datasets/paultimothymooney/chest-xray-pneumonia/versions/2/chest_xray/train/PNEUMONIA/person1308_bacteria_3285.jpeg,1,VALID_MODALITY,train
C:/Users/Ankit/.cache/kagglehub/datasets/masoudnickparvar/brain-tumor-mri-dataset/versions/2/Training/glioma/Tr-gl_728.jpg,0,INVALID_MODALITY,val
C:/Users/Ankit/.cache/kagglehub/datasets/paultimothymooney/chest-xray-pneumonia/versions/2/chest_xray/chest_xray/train/PNEUMONIA/person38_bacteria_190.jpeg,1,VALID_MODALITY,val
C:/Users/Ankit/.cache/kagglehub/datasets/devbatrax/fracture-detection-using-x-ray-images/versions/1/data/train/not fractured/34-rotated2-rotated3-rotated3.jpg,0,INVALID_MODALITY,train
C:/Users/Ankit/.cache/kagglehub/datasets/paultimothymooney/chest-xray-pneumonia/versions/2/chest_xray/train/NORMAL/NORMAL2-IM-1094-0001-0002.jpeg,1,VALID_MODALITY,val
C:/Users/Ankit/.cache/kagglehub/datasets/paultimothymooney/chest-xray-pneumonia/versions/2/chest_xray/chest_xray/train/PNEUMONIA/person300_virus_621.jpeg,1,VALID_MODALITY,train
C:/Users/Ankit/.cache/kagglehub/datasets/paultimothymooney/chest-xray-pneumonia/versions/2/chest_xray/train/PNEUMONIA/person26_bacteria_132.jpeg,1,VALID_MODALITY,train
C:/Users/Ankit/.cache/kagglehub/datasets/paultimothymooney/chest-xray-pneumonia/versions/2/chest_xray/train/PNEUMONIA/person353_virus_728.jpeg,1,VALID_MODALITY,train
C:/Users/Ankit/.cache/kagglehub/datasets/devbatrax/fracture-detection-using-x-ray-images/versions/1/data/train/fractured/65-rotated2-rotated2-rotated1.jpg,0,INVALID_MODALITY,val
C:/Users/Ankit/.cache/kagglehub/datasets/devbatrax/fracture-detection-using-x-ray-images/versions/1/data/train/fractured/96-rotated1-rotated1-rotated1.jpg,0,INVALID_MODALITY,train
C:/Users/Ankit/.cache/kagglehub/datasets/devbatrax/fracture-detection-using-x-ray-images/versions/1/data/train/not fractured/32-rotated2-rotated2-rotated2.jpg,0,INVALID_MODALITY,val
C:/Users/Ankit/.cache/kagglehub/datasets/devbatrax/fracture-detection-using-x-ray-images/versions/1/data/train/fractured/66-rotated1-rotated3.jpg,0,INVALID_MODALITY,val
C:/Users/Ankit/.cache/kagglehub/datasets/devbatrax/fracture-detection-using-x-ray-images/versions/1/data/train/not fractured/58-rotated1.jpg,0,INVALID_MODALITY,train
C:/Users/Ankit/.cache/kagglehub/datasets/devbatrax/fracture-detection-using-x-ray-images/versions/1/data/train/fractured/67-rotated2-rotated1-rotated3.jpg,0,INVALID_MODALITY,train
C:/Users/Ankit/.cache/kagglehub/datasets/devbatrax/fracture-detection-using-x-ray-images/versions/1/data/train/not fractured/7-rotated1-rotated1-rotated1-rotated1.jpg,0,INVALID_MODALITY,train
C:/Users/Ankit/.cache/kagglehub/datasets/paultimothymooney/chest-xray-pneumonia/versions/2/chest_xray/chest_xray/train/PNEUMONIA/person357_virus_735.jpeg,1,VALID_MODALITY,train
D:\anti gravity\Radionova\datasets\generic_negatives\generic_0203.jpg,0,INVALID_MODALITY,train
C:/Users/Ankit/.cache/kagglehub/datasets/paultimothymooney/chest-xray-pneumonia/versions/2/chest_xray/train/PNEUMONIA/person296_virus_613.jpeg,1,VALID_MODALITY,test
C:/Users/Ankit/.cache/kagglehub/datasets/masoudnickparvar/brain-tumor-mri-dataset/versions/2/Training/glioma/Tr-gl_593.jpg,0,INVALID_MODALITY,train
C:/Users/Ankit/.cache/kagglehub/datasets/paultimothymooney/chest-xray-pneumonia/versions/2/chest_xray/train/NORMAL/IM-0716-0001.jpeg,1,VALID_MODALITY,val
C:/Users/Ankit/.cache/kagglehub/datasets/devbatrax/fracture-detection-using-x-ray-images/versions/1/data/train/not fractured/46-rotated3-rotated3-rotated1.jpg,0,INVALID_MODALITY,train
C:/Users/Ankit/.cache/kagglehub/datasets/devbatrax/fracture-detection-using-x-ray-images/versions/1/data/train/not fractured/38-rotated3-rotated1-rotated3.jpg,0,INVALID_MODALITY,train
C:/Users/Ankit/.cache/kagglehub/datasets/paultimothymooney/chest-xray-pneumonia/versions/2/chest_xray/train/PNEUMONIA/person1306_bacteria_3276.jpeg,1,VALID_MODALITY,val
C:/Users/Ankit/.cache/kagglehub/datasets/paultimothymooney/chest-xray-pneumonia/versions/2/chest_xray/chest_xray/train/NORMAL/IM-0694-0001.jpeg,1,VALID_MODALITY,train
C:/Users/Ankit/.cache/kagglehub/datasets/paultimothymooney/chest-xray-pneumonia/versions/2/chest_xray/train/PNEUMONIA/person1507_bacteria_3944.jpeg,1,VALID_MODALITY,train
C:/Users/Ankit/.cache/kagglehub/datasets/devbatrax/fracture-detection-using-x-ray-images/versions/1/data/train/not fractured/58-rotated3-rotated3-rotated1-rotated1.jpg,0,INVALID_MODALITY,val
C:/Users/Ankit/.cache/kagglehub/datasets/paultimothymooney/chest-xray-pneumonia/versions/2/chest_xray/chest_xray/test/PNEUMONIA/person104_bacteria_491.jpeg,1,VALID_MODALITY,train
C:/Users/Ankit/.cache/kagglehub/datasets/paultimothymooney/chest-xray-pneumonia/versions/2/chest_xray/train/PNEUMONIA/person346_virus_709.jpeg,1,VALID_MODALITY,train
C:/Users/Ankit/.cache/kagglehub/datasets/paultimothymooney/chest-xray-pneumonia/versions/2/chest_xray/train/NORMAL/NORMAL2-IM-0678-0001.jpeg,1,VALID_MODALITY,train
C:/Users/Ankit/.cache/kagglehub/datasets/devbatrax/fracture-detection-using-x-ray-images/versions/1/data/train/fractured/61-rotated2.jpg,0,INVALID_MODALITY,val
C:/Users/Ankit/.cache/kagglehub/datasets/paultimothymooney/chest-xray-pneumonia/versions/2/chest_xray/chest_xray/train/NORMAL/NORMAL2-IM-1376-0001.jpeg,1,VALID_MODALITY,val
C:/Users/Ankit/.cache/kagglehub/datasets/paultimothymooney/chest-xray-pneumonia/versions/2/chest_xray/train/PNEUMONIA/person1134_bacteria_3076.jpeg,1,VALID_MODALITY,train
D:\anti gravity\Radionova\datasets\generic_negatives\generic_0159.jpg,0,INVALID_MODALITY,train
C:/Users/Ankit/.cache/kagglehub/datasets/paultimothymooney/chest-xray-pneumonia/versions/2/chest_xray/chest_xray/train/PNEUMONIA/person738_bacteria_2641.jpeg,1,VALID_MODALITY,test
C:/Users/Ankit/.cache/kagglehub/datasets/masoudnickparvar/brain-tumor-mri-dataset/versions/2/Testing/pituitary/Te-pi_159.jpg,0,INVALID_MODALITY,train
C:/Users/Ankit/.cache/kagglehub/datasets/paultimothymooney/chest-xray-pneumonia/versions/2/chest_xray/train/NORMAL/IM-0752-0001.jpeg,1,VALID_MODALITY,train
C:/Users/Ankit/.cache/kagglehub/datasets/paultimothymooney/chest-xray-pneumonia/versions/2/chest_xray/train/PNEUMONIA/person378_virus_761.jpeg,1,VALID_MODALITY,train
D:\anti gravity\Radionova\datasets\generic_negatives\generic_0289.jpg,0,INVALID_MODALITY,train
C:/Users/Ankit/.cache/kagglehub/datasets/devbatrax/fracture-detection-using-x-ray-images/versions/1/data/train/fractured/27-rotated3-rotated3-rotated3.jpg,0,INVALID_MODALITY,train
C:/Users/Ankit/.cache/kagglehub/datasets/paultimothymooney/chest-xray-pneumonia/versions/2/chest_xray/train/NORMAL/IM-0622-0001.jpeg,1,VALID_MODALITY,train
C:/Users/Ankit/.cache/kagglehub/datasets/paultimothymooney/chest-xray-pneumonia/versions/2/chest_xray/chest_xray/train/PNEUMONIA/person1390_bacteria_3534.jpeg,1,VALID_MODALITY,train
C:/Users/Ankit/.cache/kagglehub/datasets/devbatrax/fracture-detection-using-x-ray-images/versions/1/data/train/not fractured/27-rotated2-rotated3-rotated1-rotated1.jpg,0,INVALID_MODALITY,train
C:/Users/Ankit/.cache/kagglehub/datasets/masoudnickparvar/brain-tumor-mri-dataset/versions/2/Training/glioma/Tr-gl_735.jpg,0,INVALID_MODALITY,train
C:/Users/Ankit/.cache/kagglehub/datasets/devbatrax/fracture-detection-using-x-ray-images/versions/1/data/train/not fractured/39-rotated3-rotated2-rotated2-rotated1.jpg,0,INVALID_MODALITY,train
C:/Users/Ankit/.cache/kagglehub/datasets/paultimothymooney/chest-xray-pneumonia/versions/2/chest_xray/train/PNEUMONIA/person1158_virus_1938.jpeg,1,VALID_MODALITY,train
C:/Users/Ankit/.cache/kagglehub/datasets/devbatrax/fracture-detection-using-x-ray-images/versions/1/data/train/fractured/50-rotated1-rotated1.jpg,0,INVALID_MODALITY,val
C:/Users/Ankit/.cache/kagglehub/datasets/paultimothymooney/chest-xray-pneumonia/versions/2/chest_xray/chest_xray/train/NORMAL/NORMAL2-IM-0462-0001.jpeg,1,VALID_MODALITY,train
C:/Users/Ankit/.cache/kagglehub/datasets/paultimothymooney/chest-xray-pneumonia/versions/2/chest_xray/chest_xray/train/PNEUMONIA/person588_virus_1135.jpeg,1,VALID_MODALITY,train
C:/Users/Ankit/.cache/kagglehub/datasets/masoudnickparvar/brain-tumor-mri-dataset/versions/2/Training/meningioma/Tr-me_1053.jpg,0,INVALID_MODALITY,train
C:/Users/Ankit/.cache/kagglehub/datasets/devbatrax/fracture-detection-using-x-ray-images/versions/1/data/train/not fractured/33-rotated2-rotated3-rotated1-rotated1.jpg,0,INVALID_MODALITY,train
C:/Users/Ankit/.cache/kagglehub/datasets/paultimothymooney/chest-xray-pneumonia/versions/2/chest_xray/train/NORMAL/IM-0538-0001.jpeg,1,VALID_MODALITY,test
C:/Users/Ankit/.cache/kagglehub/datasets/paultimothymooney/chest-xray-pneumonia/versions/2/chest_xray/chest_xray/train/PNEUMONIA/person1723_bacteria_4548.jpeg,1,VALID_MODALITY,train
C:/Users/Ankit/.cache/kagglehub/datasets/devbatrax/fracture-detection-using-x-ray-images/versions/1/data/train/fractured/93-rotated3-rotated1-rotated2.jpg,0,INVALID_MODALITY,train
C:/Users/Ankit/.cache/kagglehub/datasets/paultimothymooney/chest-xray-pneumonia/versions/2/chest_xray/chest_xray/train/PNEUMONIA/person451_bacteria_1942.jpeg,1,VALID_MODALITY,train
C:/Users/Ankit/.cache/kagglehub/datasets/devbatrax/fracture-detection-using-x-ray-images/versions/1/data/train/fractured/81-rotated2.jpg,0,INVALID_MODALITY,train
C:/Users/Ankit/.cache/kagglehub/datasets/devbatrax/fracture-detection-using-x-ray-images/versions/1/data/val/not fractured/3-rotated1-rotated2-rotated1.jpg,0,INVALID_MODALITY,train
C:/Users/Ankit/.cache/kagglehub/datasets/devbatrax/fracture-detection-using-x-ray-images/versions/1/data/train/fractured/83-rotated2-rotated3-rotated2.jpg,0,INVALID_MODALITY,train
C:/Users/Ankit/.cache/kagglehub/datasets/devbatrax/fracture-detection-using-x-ray-images/versions/1/data/train/fractured/16-rotated1-rotated2-rotated2.jpg,0,INVALID_MODALITY,train
C:/Users/Ankit/.cache/kagglehub/datasets/paultimothymooney/chest-xray-pneumonia/versions/2/chest_xray/train/PNEUMONIA/person1343_bacteria_3414.jpeg,1,VALID_MODALITY,train
C:/Users/Ankit/.cache/kagglehub/datasets/devbatrax/fracture-detection-using-x-ray-images/versions/1/data/train/not fractured/21-rotated1-rotated2-rotated3-rotated1.jpg,0,INVALID_MODALITY,train
C:/Users/Ankit/.cache/kagglehub/datasets/devbatrax/fracture-detection-using-x-ray-images/versions/1/data/train/not fractured/30-rotated3-rotated1-rotated2-rotated1.jpg,0,INVALID_MODALITY,train
C:/Users/Ankit/.cache/kagglehub/datasets/paultimothymooney/chest-xray-pneumonia/versions/2/chest_xray/chest_xray/train/PNEUMONIA/person441_bacteria_1905.jpeg,1,VALID_MODALITY,train
C:/Users/Ankit/.cache/kagglehub/datasets/paultimothymooney/chest-xray-pneumonia/versions/2/chest_xray/chest_xray/train/NORMAL/IM-0437-0001-0001.jpeg,1,VALID_MODALITY,val
C:/Users/Ankit/.cache/kagglehub/datasets/devbatrax/fracture-detection-using-x-ray-images/versions/1/data/val/not fractured/1-rotated1-rotated1-rotated1-rotated1.jpg,0,INVALID_MODALITY,train
C:/Users/Ankit/.cache/kagglehub/datasets/masoudnickparvar/brain-tumor-mri-dataset/versions/2/Training/pituitary/Tr-pi_1235.jpg,0,INVALID_MODALITY,train
C:/Users/Ankit/.cache/kagglehub/datasets/paultimothymooney/chest-xray-pneumonia/versions/2/chest_xray/test/PNEUMONIA/person1_virus_9.jpeg,1,VALID_MODALITY,train
C:/Users/Ankit/.cache/kagglehub/datasets/masoudnickparvar/brain-tumor-mri-dataset/versions/2/Training/pituitary/Tr-pi_1353.jpg,0,INVALID_MODALITY,test
C:/Users/Ankit/.cache/kagglehub/datasets/paultimothymooney/chest-xray-pneumonia/versions/2/chest_xray/train/PNEUMONIA/person61_bacteria_289.jpeg,1,VALID_MODALITY,train
D:\anti gravity\Radionova\datasets\generic_negatives\generic_0222.jpg,0,INVALID_MODALITY,val
C:/Users/Ankit/.cache/kagglehub/datasets/paultimothymooney/chest-xray-pneumonia/versions/2/chest_xray/train/NORMAL/IM-0383-0001.jpeg,1,VALID_MODALITY,train
C:/Users/Ankit/.cache/kagglehub/datasets/devbatrax/fracture-detection-using-x-ray-images/versions/1/data/train/fractured/11-rotated3-rotated3-rotated1.jpg,0,INVALID_MODALITY,train
D:\anti gravity\Radionova\datasets\generic_negatives\generic_0386.jpg,0,INVALID_MODALITY,train
C:/Users/Ankit/.cache/kagglehub/datasets/paultimothymooney/chest-xray-pneumonia/versions/2/chest_xray/train/PNEUMONIA/person1648_bacteria_4376.jpeg,1,VALID_MODALITY,test
D:\anti gravity\Radionova\datasets\generic_negatives\generic_0392.jpg,0,INVALID_MODALITY,train
C:/Users/Ankit/.cache/kagglehub/datasets/masoudnickparvar/brain-tumor-mri-dataset/versions/2/Training/glioma/Tr-gl_128.jpg,0,INVALID_MODALITY,train
C:/Users/Ankit/.cache/kagglehub/datasets/devbatrax/fracture-detection-using-x-ray-images/versions/1/data/train/fractured/31-rotated2-rotated2-rotated2.jpg,0,INVALID_MODALITY,train
C:/Users/Ankit/.cache/kagglehub/datasets/masoudnickparvar/brain-tumor-mri-dataset/versions/2/Training/pituitary/Tr-pi_405.jpg,0,INVALID_MODALITY,train
D:\anti gravity\Radionova\datasets\generic_negatives\generic_0056.jpg,0,INVALID_MODALITY,test
C:/Users/Ankit/.cache/kagglehub/datasets/paultimothymooney/chest-xray-pneumonia/versions/2/chest_xray/test/PNEUMONIA/person171_bacteria_826.jpeg,1,VALID_MODALITY,test
C:/Users/Ankit/.cache/kagglehub/datasets/paultimothymooney/chest-xray-pneumonia/versions/2/chest_xray/train/PNEUMONIA/person1432_bacteria_3699.jpeg,1,VALID_MODALITY,train
C:/Users/Ankit/.cache/kagglehub/datasets/devbatrax/fracture-detection-using-x-ray-images/versions/1/data/train/fractured/109-rotated2-rotated1-rotated1.jpg,0,INVALID_MODALITY,train
C:/Users/Ankit/.cache/kagglehub/datasets/paultimothymooney/chest-xray-pneumonia/versions/2/chest_xray/chest_xray/train/NORMAL/NORMAL2-IM-1062-0001.jpeg,1,VALID_MODALITY,train
C:/Users/Ankit/.cache/kagglehub/datasets/devbatrax/fracture-detection-using-x-ray-images/versions/1/data/train/not fractured/61-rotated3-rotated3-rotated2.jpg,0,INVALID_MODALITY,train
C:/Users/Ankit/.cache/kagglehub/datasets/masoudnickparvar/brain-tumor-mri-dataset/versions/2/Training/glioma/Tr-gl_626.jpg,0,INVALID_MODALITY,train
C:/Users/Ankit/.cache/kagglehub/datasets/devbatrax/fracture-detection-using-x-ray-images/versions/1/data/train/not fractured/20-rotated2.jpg,0,INVALID_MODALITY,train
C:/Users/Ankit/.cache/kagglehub/datasets/masoudnickparvar/brain-tumor-mri-dataset/versions/2/Testing/meningioma/Te-me_60.jpg,0,INVALID_MODALITY,train
C:/Users/Ankit/.cache/kagglehub/datasets/paultimothymooney/chest-xray-pneumonia/versions/2/chest_xray/chest_xray/train/NORMAL/NORMAL2-IM-1128-0001-0001.jpeg,1,VALID_MODALITY,train
C:/Users/Ankit/.cache/kagglehub/datasets/devbatrax/fracture-detection-using-x-ray-images/versions/1/data/train/not fractured/54-rotated1-rotated2.jpg,0,INVALID_MODALITY,train
C:/Users/Ankit/.cache/kagglehub/datasets/devbatrax/fracture-detection-using-x-ray-images/versions/1/data/val/not fractured/1-rotated1-rotated1-rotated3-rotated1.jpg,0,INVALID_MODALITY,train
C:/Users/Ankit/.cache/kagglehub/datasets/paultimothymooney/chest-xray-pneumonia/versions/2/chest_xray/chest_xray/train/PNEUMONIA/person1326_bacteria_3372.jpeg,1,VALID_MODALITY,train
C:/Users/Ankit/.cache/kagglehub/datasets/paultimothymooney/chest-xray-pneumonia/versions/2/chest_xray/chest_xray/train/PNEUMONIA/person1529_virus_2663.jpeg,1,VALID_MODALITY,train
C:/Users/Ankit/.cache/kagglehub/datasets/masoudnickparvar/brain-tumor-mri-dataset/versions/2/Training/glioma/Tr-gl_982.jpg,0,INVALID_MODALITY,train
C:/Users/Ankit/.cache/kagglehub/datasets/paultimothymooney/chest-xray-pneumonia/versions/2/chest_xray/train/NORMAL/IM-0483-0001.jpeg,1,VALID_MODALITY,train
C:/Users/Ankit/.cache/kagglehub/datasets/paultimothymooney/chest-xray-pneumonia/versions/2/chest_xray/train/PNEUMONIA/person1372_bacteria_3501.jpeg,1,VALID_MODALITY,train
D:\anti gravity\Radionova\datasets\generic_negatives\generic_0266.jpg,0,INVALID_MODALITY,train
C:/Users/Ankit/.cache/kagglehub/datasets/masoudnickparvar/brain-tumor-mri-dataset/versions/2/Training/pituitary/Tr-pi_359.jpg,0,INVALID_MODALITY,train
C:/Users/Ankit/.cache/kagglehub/datasets/paultimothymooney/chest-xray-pneumonia/versions/2/chest_xray/train/PNEUMONIA/person69_bacteria_338.jpeg,1,VALID_MODALITY,train
C:/Users/Ankit/.cache/kagglehub/datasets/paultimothymooney/chest-xray-pneumonia/versions/2/chest_xray/train/PNEUMONIA/person295_virus_612.jpeg,1,VALID_MODALITY,train
C:/Users/Ankit/.cache/kagglehub/datasets/paultimothymooney/chest-xray-pneumonia/versions/2/chest_xray/chest_xray/train/PNEUMONIA/person989_virus_1667.jpeg,1,VALID_MODALITY,train
C:/Users/Ankit/.cache/kagglehub/datasets/masoudnickparvar/brain-tumor-mri-dataset/versions/2/Training/meningioma/Tr-me_687.jpg,0,INVALID_MODALITY,train
C:/Users/Ankit/.cache/kagglehub/datasets/paultimothymooney/chest-xray-pneumonia/versions/2/chest_xray/train/PNEUMONIA/person333_bacteria_1539.jpeg,1,VALID_MODALITY,train
C:/Users/Ankit/.cache/kagglehub/datasets/devbatrax/fracture-detection-using-x-ray-images/versions/1/data/train/fractured/28-rotated3-rotated3-rotated1.jpg,0,INVALID_MODALITY,test
C:/Users/Ankit/.cache/kagglehub/datasets/devbatrax/fracture-detection-using-x-ray-images/versions/1/data/train/fractured/114-rotated1-rotated2.jpg,0,INVALID_MODALITY,train
D:\anti gravity\Radionova\datasets\generic_negatives\generic_0371.jpg,0,INVALID_MODALITY,train
C:/Users/Ankit/.cache/kagglehub/datasets/devbatrax/fracture-detection-using-x-ray-images/versions/1/data/train/fractured/17-rotated1-rotated2-rotated1.jpg,0,INVALID_MODALITY,val
C:/Users/Ankit/.cache/kagglehub/datasets/paultimothymooney/chest-xray-pneumonia/versions/2/chest_xray/chest_xray/train/NORMAL/NORMAL2-IM-1168-0001.jpeg,1,VALID_MODALITY,val
C:/Users/Ankit/.cache/kagglehub/datasets/paultimothymooney/chest-xray-pneumonia/versions/2/chest_xray/train/PNEUMONIA/person833_virus_1469.jpeg,1,VALID_MODALITY,train
C:/Users/Ankit/.cache/kagglehub/datasets/masoudnickparvar/brain-tumor-mri-dataset/versions/2/Testing/pituitary/Te-pi_2.jpg,0,INVALID_MODALITY,train
C:/Users/Ankit/.cache/kagglehub/datasets/devbatrax/fracture-detection-using-x-ray-images/versions/1/data/train/not fractured/5-rotated2-rotated3-rotated2.jpg,0,INVALID_MODALITY,train
C:/Users/Ankit/.cache/kagglehub/datasets/masoudnickparvar/brain-tumor-mri-dataset/versions/2/Testing/glioma/Te-gl_363.jpg,0,INVALID_MODALITY,train
C:/Users/Ankit/.cache/kagglehub/datasets/devbatrax/fracture-detection-using-x-ray-images/versions/1/data/train/fractured/91-rotated1-rotated3-rotated3.jpg,0,INVALID_MODALITY,train
C:/Users/Ankit/.cache/kagglehub/datasets/devbatrax/fracture-detection-using-x-ray-images/versions/1/data/train/fractured/10-rotated1-rotated3-rotated2.jpg,0,INVALID_MODALITY,train
C:/Users/Ankit/.cache/kagglehub/datasets/devbatrax/fracture-detection-using-x-ray-images/versions/1/data/train/fractured/41-rotated1-rotated2-rotated1.jpg,0,INVALID_MODALITY,val
C:/Users/Ankit/.cache/kagglehub/datasets/paultimothymooney/chest-xray-pneumonia/versions/2/chest_xray/train/NORMAL/NORMAL2-IM-1271-0001.jpeg,1,VALID_MODALITY,train
D:\anti gravity\Radionova\datasets\generic_negatives\generic_0135.jpg,0,INVALID_MODALITY,train
C:/Users/Ankit/.cache/kagglehub/datasets/masoudnickparvar/brain-tumor-mri-dataset/versions/2/Training/meningioma/Tr-me_1194.jpg,0,INVALID_MODALITY,train
C:/Users/Ankit/.cache/kagglehub/datasets/devbatrax/fracture-detection-using-x-ray-images/versions/1/data/train/not fractured/55-rotated2-rotated1-rotated3.jpg,0,INVALID_MODALITY,train
C:/Users/Ankit/.cache/kagglehub/datasets/devbatrax/fracture-detection-using-x-ray-images/versions/1/data/train/not fractured/27-rotated1-rotated3-rotated2-rotated1.jpg,0,INVALID_MODALITY,train
C:/Users/Ankit/.cache/kagglehub/datasets/paultimothymooney/chest-xray-pneumonia/versions/2/chest_xray/train/PNEUMONIA/person1355_bacteria_3452.jpeg,1,VALID_MODALITY,train
C:/Users/Ankit/.cache/kagglehub/datasets/devbatrax/fracture-detection-using-x-ray-images/versions/1/data/train/fractured/112-rotated2-rotated2-rotated2.jpg,0,INVALID_MODALITY,train
C:/Users/Ankit/.cache/kagglehub/datasets/masoudnickparvar/brain-tumor-mri-dataset/versions/2/Training/pituitary/Tr-pi_1161.jpg,0,INVALID_MODALITY,train
C:/Users/Ankit/.cache/kagglehub/datasets/devbatrax/fracture-detection-using-x-ray-images/versions/1/data/train/fractured/81-rotated1-rotated1-rotated3.jpg,0,INVALID_MODALITY,val
C:/Users/Ankit/.cache/kagglehub/datasets/paultimothymooney/chest-xray-pneumonia/versions/2/chest_xray/chest_xray/train/PNEUMONIA/person931_virus_1592.jpeg,1,VALID_MODALITY,train
C:/Users/Ankit/.cache/kagglehub/datasets/paultimothymooney/chest-xray-pneumonia/versions/2/chest_xray/train/PNEUMONIA/person1496_virus_2606.jpeg,1,VALID_MODALITY,train
C:/Users/Ankit/.cache/kagglehub/datasets/devbatrax/fracture-detection-using-x-ray-images/versions/1/data/train/not fractured/31-rotated2-rotated3-rotated2.jpg,0,INVALID_MODALITY,train
C:/Users/Ankit/.cache/kagglehub/datasets/paultimothymooney/chest-xray-pneumonia/versions/2/chest_xray/train/NORMAL/NORMAL2-IM-0561-0001.jpeg,1,VALID_MODALITY,train
C:/Users/Ankit/.cache/kagglehub/datasets/paultimothymooney/chest-xray-pneumonia/versions/2/chest_xray/train/PNEUMONIA/person294_virus_610.jpeg,1,VALID_MODALITY,train
C:/Users/Ankit/.cache/kagglehub/datasets/devbatrax/fracture-detection-using-x-ray-images/versions/1/data/train/fractured/37-rotated1-rotated2-rotated2.jpg,0,INVALID_MODALITY,train
C:/Users/Ankit/.cache/kagglehub/datasets/devbatrax/fracture-detection-using-x-ray-images/versions/1/data/train/fractured/39-rotated2-rotated1.jpg,0,INVALID_MODALITY,train
C:/Users/Ankit/.cache/kagglehub/datasets/paultimothymooney/chest-xray-pneumonia/versions/2/chest_xray/train/NORMAL/NORMAL2-IM-0914-0001.jpeg,1,VALID_MODALITY,train
C:/Users/Ankit/.cache/kagglehub/datasets/paultimothymooney/chest-xray-pneumonia/versions/2/chest_xray/chest_xray/train/NORMAL/IM-0505-0001.jpeg,1,VALID_MODALITY,train
C:/Users/Ankit/.cache/kagglehub/datasets/devbatrax/fracture-detection-using-x-ray-images/versions/1/data/train/fractured/75-rotated3-rotated1-rotated1.jpg,0,INVALID_MODALITY,train
C:/Users/Ankit/.cache/kagglehub/datasets/paultimothymooney/chest-xray-pneumonia/versions/2/chest_xray/chest_xray/train/PNEUMONIA/person1430_bacteria_3695.jpeg,1,VALID_MODALITY,train
C:/Users/Ankit/.cache/kagglehub/datasets/devbatrax/fracture-detection-using-x-ray-images/versions/1/data/val/fractured/2-rotated3-rotated2-rotated3.jpg,0,INVALID_MODALITY,train
C:/Users/Ankit/.cache/kagglehub/datasets/masoudnickparvar/brain-tumor-mri-dataset/versions/2/Training/meningioma/Tr-me_70.jpg,0,INVALID_MODALITY,train
C:/Users/Ankit/.cache/kagglehub/datasets/devbatrax/fracture-detection-using-x-ray-images/versions/1/data/train/fractured/41-rotated1-rotated2-rotated2.jpg,0,INVALID_MODALITY,train
C:/Users/Ankit/.cache/kagglehub/datasets/devbatrax/fracture-detection-using-x-ray-images/versions/1/data/train/not fractured/54-rotated2-rotated3-rotated1-rotated1.jpg,0,INVALID_MODALITY,val
C:/Users/Ankit/.cache/kagglehub/datasets/paultimothymooney/chest-xray-pneumonia/versions/2/chest_xray/train/PNEUMONIA/person1045_bacteria_2979.jpeg,1,VALID_MODALITY,val
C:/Users/Ankit/.cache/kagglehub/datasets/devbatrax/fracture-detection-using-x-ray-images/versions/1/data/train/fractured/33-rotated3-rotated1-rotated1.jpg,0,INVALID_MODALITY,test
C:/Users/Ankit/.cache/kagglehub/datasets/paultimothymooney/chest-xray-pneumonia/versions/2/chest_xray/chest_xray/train/NORMAL/NORMAL2-IM-1187-0001.jpeg,1,VALID_MODALITY,train
C:/Users/Ankit/.cache/kagglehub/datasets/masoudnickparvar/brain-tumor-mri-dataset/versions/2/Training/pituitary/Tr-pi_1212.jpg,0,INVALID_MODALITY,train
C:/Users/Ankit/.cache/kagglehub/datasets/paultimothymooney/chest-xray-pneumonia/versions/2/chest_xray/train/PNEUMONIA/person472_bacteria_2010.jpeg,1,VALID_MODALITY,test
C:/Users/Ankit/.cache/kagglehub/datasets/devbatrax/fracture-detection-using-x-ray-images/versions/1/data/val/fractured/9-rotated1-rotated3-rotated1.jpg,0,INVALID_MODALITY,train
D:\anti gravity\Radionova\datasets\generic_negatives\generic_0019.jpg,0,INVALID_MODALITY,train
C:/Users/Ankit/.cache/kagglehub/datasets/paultimothymooney/chest-xray-pneumonia/versions/2/chest_xray/chest_xray/train/PNEUMONIA/person1055_bacteria_2989.jpeg,1,VALID_MODALITY,test
C:/Users/Ankit/.cache/kagglehub/datasets/devbatrax/fracture-detection-using-x-ray-images/versions/1/data/val/fractured/6-rotated3-rotated2-rotated2.jpg,0,INVALID_MODALITY,train
C:/Users/Ankit/.cache/kagglehub/datasets/masoudnickparvar/brain-tumor-mri-dataset/versions/2/Testing/glioma/Te-gl_97.jpg,0,INVALID_MODALITY,test
C:/Users/Ankit/.cache/kagglehub/datasets/devbatrax/fracture-detection-using-x-ray-images/versions/1/data/train/not fractured/37-rotated3-rotated3-rotated1-rotated1.jpg,0,INVALID_MODALITY,train
C:/Users/Ankit/.cache/kagglehub/datasets/masoudnickparvar/brain-tumor-mri-dataset/versions/2/Testing/meningioma/Te-me_3.jpg,0,INVALID_MODALITY,train
C:/Users/Ankit/.cache/kagglehub/datasets/devbatrax/fracture-detection-using-x-ray-images/versions/1/data/train/not fractured/29-rotated3-rotated3-rotated2.jpg,0,INVALID_MODALITY,train
C:/Users/Ankit/.cache/kagglehub/datasets/masoudnickparvar/brain-tumor-mri-dataset/versions/2/Training/pituitary/Tr-pi_1037.jpg,0,INVALID_MODALITY,train
C:/Users/Ankit/.cache/kagglehub/datasets/paultimothymooney/chest-xray-pneumonia/versions/2/chest_xray/chest_xray/train/PNEUMONIA/person974_virus_1649.jpeg,1,VALID_MODALITY,train
C:/Users/Ankit/.cache/kagglehub/datasets/masoudnickparvar/brain-tumor-mri-dataset/versions/2/Training/meningioma/Tr-me_990.jpg,0,INVALID_MODALITY,val
C:/Users/Ankit/.cache/kagglehub/datasets/devbatrax/fracture-detection-using-x-ray-images/versions/1/data/train/fractured/109-rotated2-rotated1-rotated3.jpg,0,INVALID_MODALITY,train
C:/Users/Ankit/.cache/kagglehub/datasets/paultimothymooney/chest-xray-pneumonia/versions/2/chest_xray/train/PNEUMONIA/person260_bacteria_1223.jpeg,1,VALID_MODALITY,test
C:/Users/Ankit/.cache/kagglehub/datasets/paultimothymooney/chest-xray-pneumonia/versions/2/chest_xray/chest_xray/train/NORMAL/IM-0513-0001.jpeg,1,VALID_MODALITY,train
C:/Users/Ankit/.cache/kagglehub/datasets/paultimothymooney/chest-xray-pneumonia/versions/2/chest_xray/train/PNEUMONIA/person23_bacteria_104.jpeg,1,VALID_MODALITY,train
C:/Users/Ankit/.cache/kagglehub/datasets/masoudnickparvar/brain-tumor-mri-dataset/versions/2/Training/glioma/Tr-gl_14.jpg,0,INVALID_MODALITY,train
C:/Users/Ankit/.cache/kagglehub/datasets/devbatrax/fracture-detection-using-x-ray-images/versions/1/data/train/fractured/85-rotated3-rotated2-rotated2.jpg,0,INVALID_MODALITY,train
C:/Users/Ankit/.cache/kagglehub/datasets/devbatrax/fracture-detection-using-x-ray-images/versions/1/data/train/not fractured/36-rotated3-rotated2-rotated2.jpg,0,INVALID_MODALITY,train
C:/Users/Ankit/.cache/kagglehub/datasets/paultimothymooney/chest-xray-pneumonia/versions/2/chest_xray/chest_xray/train/PNEUMONIA/person707_bacteria_2606.jpeg,1,VALID_MODALITY,train
C:/Users/Ankit/.cache/kagglehub/datasets/devbatrax/fracture-detection-using-x-ray-images/versions/1/data/train/fractured/39-rotated3-rotated2-rotated1.jpg,0,INVALID_MODALITY,train
C:/Users/Ankit/.cache/kagglehub/datasets/paultimothymooney/chest-xray-pneumonia/versions/2/chest_xray/train/NORMAL/IM-0693-0001.jpeg,1,VALID_MODALITY,train
C:/Users/Ankit/.cache/kagglehub/datasets/paultimothymooney/chest-xray-pneumonia/versions/2/chest_xray/test/NORMAL/NORMAL2-IM-0135-0001.jpeg,1,VALID_MODALITY,train
C:/Users/Ankit/.cache/kagglehub/datasets/paultimothymooney/chest-xray-pneumonia/versions/2/chest_xray/chest_xray/train/PNEUMONIA/person1730_bacteria_4559.jpeg,1,VALID_MODALITY,train
C:/Users/Ankit/.cache/kagglehub/datasets/paultimothymooney/chest-xray-pneumonia/versions/2/chest_xray/chest_xray/train/PNEUMONIA/person1353_virus_2333.jpeg,1,VALID_MODALITY,train
C:/Users/Ankit/.cache/kagglehub/datasets/paultimothymooney/chest-xray-pneumonia/versions/2/chest_xray/train/NORMAL/NORMAL2-IM-1356-0001.jpeg,1,VALID_MODALITY,val
C:/Users/Ankit/.cache/kagglehub/datasets/paultimothymooney/chest-xray-pneumonia/versions/2/chest_xray/train/NORMAL/NORMAL2-IM-0604-0001.jpeg,1,VALID_MODALITY,train
C:/Users/Ankit/.cache/kagglehub/datasets/masoudnickparvar/brain-tumor-mri-dataset/versions/2/Training/pituitary/Tr-pi_718.jpg,0,INVALID_MODALITY,train
C:/Users/Ankit/.cache/kagglehub/datasets/paultimothymooney/chest-xray-pneumonia/versions/2/chest_xray/chest_xray/train/PNEUMONIA/person1155_bacteria_3100.jpeg,1,VALID_MODALITY,train
C:/Users/Ankit/.cache/kagglehub/datasets/paultimothymooney/chest-xray-pneumonia/versions/2/chest_xray/train/PNEUMONIA/person1641_bacteria_4350.jpeg,1,VALID_MODALITY,train
C:/Users/Ankit/.cache/kagglehub/datasets/devbatrax/fracture-detection-using-x-ray-images/versions/1/data/val/fractured/2-rotated3-rotated3-rotated3.jpg,0,INVALID_MODALITY,test
C:/Users/Ankit/.cache/kagglehub/datasets/devbatrax/fracture-detection-using-x-ray-images/versions/1/data/train/not fractured/20-rotated3-rotated3-rotated2-rotated1.jpg,0,INVALID_MODALITY,train
C:/Users/Ankit/.cache/kagglehub/datasets/paultimothymooney/chest-xray-pneumonia/versions/2/chest_xray/chest_xray/train/PNEUMONIA/person40_bacteria_202.jpeg,1,VALID_MODALITY,train
C:/Users/Ankit/.cache/kagglehub/datasets/paultimothymooney/chest-xray-pneumonia/versions/2/chest_xray/chest_xray/train/PNEUMONIA/person54_bacteria_258.jpeg,1,VALID_MODALITY,train
C:/Users/Ankit/.cache/kagglehub/datasets/devbatrax/fracture-detection-using-x-ray-images/versions/1/data/train/fractured/33-rotated1-rotated1-rotated1.jpg,0,INVALID_MODALITY,test
C:/Users/Ankit/.cache/kagglehub/datasets/masoudnickparvar/brain-tumor-mri-dataset/versions/2/Testing/meningioma/Te-me_203.jpg,0,INVALID_MODALITY,test
C:/Users/Ankit/.cache/kagglehub/datasets/paultimothymooney/chest-xray-pneumonia/versions/2/chest_xray/chest_xray/test/PNEUMONIA/person53_virus_108.jpeg,1,VALID_MODALITY,train
C:/Users/Ankit/.cache/kagglehub/datasets/devbatrax/fracture-detection-using-x-ray-images/versions/1/data/train/fractured/110.jpg,0,INVALID_MODALITY,val
C:/Users/Ankit/.cache/kagglehub/datasets/masoudnickparvar/brain-tumor-mri-dataset/versions/2/Training/glioma/Tr-gl_196.jpg,0,INVALID_MODALITY,val
C:/Users/Ankit/.cache/kagglehub/datasets/devbatrax/fracture-detection-using-x-ray-images/versions/1/data/train/not fractured/45-rotated1-rotated3-rotated1-rotated1.jpg,0,INVALID_MODALITY,train
C:/Users/Ankit/.cache/kagglehub/datasets/paultimothymooney/chest-xray-pneumonia/versions/2/chest_xray/chest_xray/train/NORMAL/NORMAL2-IM-1110-0001.jpeg,1,VALID_MODALITY,train
C:/Users/Ankit/.cache/kagglehub/datasets/paultimothymooney/chest-xray-pneumonia/versions/2/chest_xray/train/PNEUMONIA/person1356_virus_2337.jpeg,1,VALID_MODALITY,train
C:/Users/Ankit/.cache/kagglehub/datasets/paultimothymooney/chest-xray-pneumonia/versions/2/chest_xray/train/PNEUMONIA/person1463_virus_2516.jpeg,1,VALID_MODALITY,train
C:/Users/Ankit/.cache/kagglehub/datasets/masoudnickparvar/brain-tumor-mri-dataset/versions/2/Training/pituitary/Tr-pi_1246.jpg,0,INVALID_MODALITY,train
C:/Users/Ankit/.cache/kagglehub/datasets/devbatrax/fracture-detection-using-x-ray-images/versions/1/data/train/fractured/51-rotated2.jpg,0,INVALID_MODALITY,train
C:/Users/Ankit/.cache/kagglehub/datasets/devbatrax/fracture-detection-using-x-ray-images/versions/1/data/val/fractured/4-rotated1-rotated1-rotated3.jpg,0,INVALID_MODALITY,train
C:/Users/Ankit/.cache/kagglehub/datasets/masoudnickparvar/brain-tumor-mri-dataset/versions/2/Training/pituitary/Tr-pi_118.jpg,0,INVALID_MODALITY,train
C:/Users/Ankit/.cache/kagglehub/datasets/masoudnickparvar/brain-tumor-mri-dataset/versions/2/Training/meningioma/Tr-me_283.jpg,0,INVALID_MODALITY,train
C:/Users/Ankit/.cache/kagglehub/datasets/paultimothymooney/chest-xray-pneumonia/versions/2/chest_xray/test/PNEUMONIA/person118_bacteria_560.jpeg,1,VALID_MODALITY,train
C:/Users/Ankit/.cache/kagglehub/datasets/paultimothymooney/chest-xray-pneumonia/versions/2/chest_xray/train/PNEUMONIA/person1524_bacteria_3983.jpeg,1,VALID_MODALITY,train
C:/Users/Ankit/.cache/kagglehub/datasets/devbatrax/fracture-detection-using-x-ray-images/versions/1/data/train/fractured/35-rotated3-rotated1.jpg,0,INVALID_MODALITY,train
C:/Users/Ankit/.cache/kagglehub/datasets/paultimothymooney/chest-xray-pneumonia/versions/2/chest_xray/chest_xray/train/NORMAL/IM-0375-0001.jpeg,1,VALID_MODALITY,train
C:/Users/Ankit/.cache/kagglehub/datasets/devbatrax/fracture-detection-using-x-ray-images/versions/1/data/train/not fractured/48-rotated1-rotated2-rotated1.jpg,0,INVALID_MODALITY,train
C:/Users/Ankit/.cache/kagglehub/datasets/devbatrax/fracture-detection-using-x-ray-images/versions/1/data/train/not fractured/39-rotated2-rotated1.jpg,0,INVALID_MODALITY,train
D:\anti gravity\Radionova\datasets\generic_negatives\generic_0110.jpg,0,INVALID_MODALITY,train
C:/Users/Ankit/.cache/kagglehub/datasets/paultimothymooney/chest-xray-pneumonia/versions/2/chest_xray/train/PNEUMONIA/person290_bacteria_1372.jpeg,1,VALID_MODALITY,train
C:/Users/Ankit/.cache/kagglehub/datasets/paultimothymooney/chest-xray-pneumonia/versions/2/chest_xray/train/PNEUMONIA/person664_virus_1249.jpeg,1,VALID_MODALITY,val
C:/Users/Ankit/.cache/kagglehub/datasets/devbatrax/fracture-detection-using-x-ray-images/versions/1/data/train/not fractured/5-rotated2-rotated3-rotated2-rotated1.jpg,0,INVALID_MODALITY,train
C:/Users/Ankit/.cache/kagglehub/datasets/paultimothymooney/chest-xray-pneumonia/versions/2/chest_xray/chest_xray/train/PNEUMONIA/person1001_bacteria_2932.jpeg,1,VALID_MODALITY,train
C:/Users/Ankit/.cache/kagglehub/datasets/paultimothymooney/chest-xray-pneumonia/versions/2/chest_xray/train/PNEUMONIA/person366_bacteria_1664.jpeg,1,VALID_MODALITY,train
D:\anti gravity\Radionova\datasets\generic_negatives\generic_0106.jpg,0,INVALID_MODALITY,train
C:/Users/Ankit/.cache/kagglehub/datasets/masoudnickparvar/brain-tumor-mri-dataset/versions/2/Training/meningioma/Tr-me_505.jpg,0,INVALID_MODALITY,train
C:/Users/Ankit/.cache/kagglehub/datasets/paultimothymooney/chest-xray-pneumonia/versions/2/chest_xray/train/NORMAL/IM-0343-0001.jpeg,1,VALID_MODALITY,test
C:/Users/Ankit/.cache/kagglehub/datasets/masoudnickparvar/brain-tumor-mri-dataset/versions/2/Training/pituitary/Tr-pi_1392.jpg,0,INVALID_MODALITY,train
C:/Users/Ankit/.cache/kagglehub/datasets/devbatrax/fracture-detection-using-x-ray-images/versions/1/data/train/fractured/77-rotated3.jpg,0,INVALID_MODALITY,train
C:/Users/Ankit/.cache/kagglehub/datasets/masoudnickparvar/brain-tumor-mri-dataset/versions/2/Training/glioma/Tr-gl_286.jpg,0,INVALID_MODALITY,train
C:/Users/Ankit/.cache/kagglehub/datasets/paultimothymooney/chest-xray-pneumonia/versions/2/chest_xray/train/PNEUMONIA/person315_bacteria_1465.jpeg,1,VALID_MODALITY,train
C:/Users/Ankit/.cache/kagglehub/datasets/devbatrax/fracture-detection-using-x-ray-images/versions/1/data/train/not fractured/31-rotated3-rotated2-rotated3.jpg,0,INVALID_MODALITY,train
C:/Users/Ankit/.cache/kagglehub/datasets/paultimothymooney/chest-xray-pneumonia/versions/2/chest_xray/train/PNEUMONIA/person1097_bacteria_3038.jpeg,1,VALID_MODALITY,val
C:/Users/Ankit/.cache/kagglehub/datasets/paultimothymooney/chest-xray-pneumonia/versions/2/chest_xray/chest_xray/train/PNEUMONIA/person52_bacteria_251.jpeg,1,VALID_MODALITY,train
C:/Users/Ankit/.cache/kagglehub/datasets/devbatrax/fracture-detection-using-x-ray-images/versions/1/data/val/not fractured/2-rotated1-rotated1-rotated3-rotated1.jpg,0,INVALID_MODALITY,train
C:/Users/Ankit/.cache/kagglehub/datasets/masoudnickparvar/brain-tumor-mri-dataset/versions/2/Training/glioma/Tr-gl_1236.jpg,0,INVALID_MODALITY,val
C:/Users/Ankit/.cache/kagglehub/datasets/masoudnickparvar/brain-tumor-mri-dataset/versions/2/Testing/pituitary/Te-pi_125.jpg,0,INVALID_MODALITY,train
C:/Users/Ankit/.cache/kagglehub/datasets/paultimothymooney/chest-xray-pneumonia/versions/2/chest_xray/train/NORMAL/IM-0467-0001-0002.jpeg,1,VALID_MODALITY,train
C:/Users/Ankit/.cache/kagglehub/datasets/devbatrax/fracture-detection-using-x-ray-images/versions/1/data/train/fractured/98-rotated3-rotated1.jpg,0,INVALID_MODALITY,train
C:/Users/Ankit/.cache/kagglehub/datasets/paultimothymooney/chest-xray-pneumonia/versions/2/chest_xray/chest_xray/train/PNEUMONIA/person387_bacteria_1772.jpeg,1,VALID_MODALITY,train
C:/Users/Ankit/.cache/kagglehub/datasets/devbatrax/fracture-detection-using-x-ray-images/versions/1/data/train/not fractured/27-rotated2-rotated1-rotated2.jpg,0,INVALID_MODALITY,train
C:/Users/Ankit/.cache/kagglehub/datasets/paultimothymooney/chest-xray-pneumonia/versions/2/chest_xray/train/NORMAL/IM-0425-0001.jpeg,1,VALID_MODALITY,train
D:\anti gravity\Radionova\datasets\generic_negatives\generic_0288.jpg,0,INVALID_MODALITY,train
C:/Users/Ankit/.cache/kagglehub/datasets/paultimothymooney/chest-xray-pneumonia/versions/2/chest_xray/train/PNEUMONIA/person667_virus_1253.jpeg,1,VALID_MODALITY,train
C:/Users/Ankit/.cache/kagglehub/datasets/masoudnickparvar/brain-tumor-mri-dataset/versions/2/Training/pituitary/Tr-pi_519.jpg,0,INVALID_MODALITY,train
C:/Users/Ankit/.cache/kagglehub/datasets/devbatrax/fracture-detection-using-x-ray-images/versions/1/data/train/fractured/96-rotated2-rotated1-rotated1.jpg,0,INVALID_MODALITY,test
C:/Users/Ankit/.cache/kagglehub/datasets/devbatrax/fracture-detection-using-x-ray-images/versions/1/data/train/fractured/108-rotated2-rotated3-rotated2.jpg,0,INVALID_MODALITY,train
C:/Users/Ankit/.cache/kagglehub/datasets/devbatrax/fracture-detection-using-x-ray-images/versions/1/data/train/fractured/17-rotated3-rotated2.jpg,0,INVALID_MODALITY,train
C:/Users/Ankit/.cache/kagglehub/datasets/paultimothymooney/chest-xray-pneumonia/versions/2/chest_xray/chest_xray/train/PNEUMONIA/person88_virus_167.jpeg,1,VALID_MODALITY,val
C:/Users/Ankit/.cache/kagglehub/datasets/paultimothymooney/chest-xray-pneumonia/versions/2/chest_xray/chest_xray/train/PNEUMONIA/person755_bacteria_2659.jpeg,1,VALID_MODALITY,train
C:/Users/Ankit/.cache/kagglehub/datasets/paultimothymooney/chest-xray-pneumonia/versions/2/chest_xray/chest_xray/train/PNEUMONIA/person368_bacteria_1668.jpeg,1,VALID_MODALITY,val
C:/Users/Ankit/.cache/kagglehub/datasets/paultimothymooney/chest-xray-pneumonia/versions/2/chest_xray/chest_xray/train/PNEUMONIA/person1602_bacteria_4218.jpeg,1,VALID_MODALITY,val
C:/Users/Ankit/.cache/kagglehub/datasets/paultimothymooney/chest-xray-pneumonia/versions/2/chest_xray/train/PNEUMONIA/person808_bacteria_2716.jpeg,1,VALID_MODALITY,train
C:/Users/Ankit/.cache/kagglehub/datasets/masoudnickparvar/brain-tumor-mri-dataset/versions/2/Training/pituitary/Tr-pi_595.jpg,0,INVALID_MODALITY,train
C:/Users/Ankit/.cache/kagglehub/datasets/devbatrax/fracture-detection-using-x-ray-images/versions/1/data/train/fractured/50-rotated2-rotated1-rotated3.jpg,0,INVALID_MODALITY,train
D:\anti gravity\Radionova\datasets\generic_negatives\generic_0057.jpg,0,INVALID_MODALITY,test
C:/Users/Ankit/.cache/kagglehub/datasets/devbatrax/fracture-detection-using-x-ray-images/versions/1/data/train/fractured/105-rotated2.jpg,0,INVALID_MODALITY,train
C:/Users/Ankit/.cache/kagglehub/datasets/paultimothymooney/chest-xray-pneumonia/versions/2/chest_xray/train/PNEUMONIA/person1376_virus_2367.jpeg,1,VALID_MODALITY,train
C:/Users/Ankit/.cache/kagglehub/datasets/paultimothymooney/chest-xray-pneumonia/versions/2/chest_xray/test/NORMAL/NORMAL2-IM-0347-0001.jpeg,1,VALID_MODALITY,test
C:/Users/Ankit/.cache/kagglehub/datasets/paultimothymooney/chest-xray-pneumonia/versions/2/chest_xray/chest_xray/train/PNEUMONIA/person38_bacteria_192.jpeg,1,VALID_MODALITY,train
C:/Users/Ankit/.cache/kagglehub/datasets/paultimothymooney/chest-xray-pneumonia/versions/2/chest_xray/chest_xray/train/NORMAL/IM-0355-0001.jpeg,1,VALID_MODALITY,train
C:/Users/Ankit/.cache/kagglehub/datasets/paultimothymooney/chest-xray-pneumonia/versions/2/chest_xray/train/NORMAL/IM-0359-0001.jpeg,1,VALID_MODALITY,train
C:/Users/Ankit/.cache/kagglehub/datasets/devbatrax/fracture-detection-using-x-ray-images/versions/1/data/train/not fractured/36-rotated1-rotated3-rotated3.jpg,0,INVALID_MODALITY,test
C:/Users/Ankit/.cache/kagglehub/datasets/paultimothymooney/chest-xray-pneumonia/versions/2/chest_xray/chest_xray/train/NORMAL/NORMAL2-IM-0999-0001.jpeg,1,VALID_MODALITY,train
C:/Users/Ankit/.cache/kagglehub/datasets/masoudnickparvar/brain-tumor-mri-dataset/versions/2/Testing/meningioma/Te-me_221.jpg,0,INVALID_MODALITY,val
C:/Users/Ankit/.cache/kagglehub/datasets/paultimothymooney/chest-xray-pneumonia/versions/2/chest_xray/chest_xray/train/PNEUMONIA/person30_bacteria_155.jpeg,1,VALID_MODALITY,train
C:/Users/Ankit/.cache/kagglehub/datasets/masoudnickparvar/brain-tumor-mri-dataset/versions/2/Testing/meningioma/Te-me_273.jpg,0,INVALID_MODALITY,train
C:/Users/Ankit/.cache/kagglehub/datasets/devbatrax/fracture-detection-using-x-ray-images/versions/1/data/train/not fractured/19-rotated1-rotated3-rotated3.jpg,0,INVALID_MODALITY,test
C:/Users/Ankit/.cache/kagglehub/datasets/paultimothymooney/chest-xray-pneumonia/versions/2/chest_xray/train/PNEUMONIA/person1451_virus_2479.jpeg,1,VALID_MODALITY,train
C:/Users/Ankit/.cache/kagglehub/datasets/masoudnickparvar/brain-tumor-mri-dataset/versions/2/Training/meningioma/Tr-me_679.jpg,0,INVALID_MODALITY,train
C:/Users/Ankit/.cache/kagglehub/datasets/devbatrax/fracture-detection-using-x-ray-images/versions/1/data/val/fractured/9-rotated3.jpg,0,INVALID_MODALITY,test
C:/Users/Ankit/.cache/kagglehub/datasets/paultimothymooney/chest-xray-pneumonia/versions/2/chest_xray/train/PNEUMONIA/person618_virus_1189.jpeg,1,VALID_MODALITY,train
C:/Users/Ankit/.cache/kagglehub/datasets/devbatrax/fracture-detection-using-x-ray-images/versions/1/data/train/fractured/44-rotated3-rotated3-rotated2.jpg,0,INVALID_MODALITY,train
C:/Users/Ankit/.cache/kagglehub/datasets/paultimothymooney/chest-xray-pneumonia/versions/2/chest_xray/train/PNEUMONIA/person56_bacteria_268.jpeg,1,VALID_MODALITY,test
C:/Users/Ankit/.cache/kagglehub/datasets/paultimothymooney/chest-xray-pneumonia/versions/2/chest_xray/chest_xray/train/PNEUMONIA/person1087_virus_1799.jpeg,1,VALID_MODALITY,train
C:/Users/Ankit/.cache/kagglehub/datasets/paultimothymooney/chest-xray-pneumonia/versions/2/chest_xray/train/PNEUMONIA/person372_virus_755.jpeg,1,VALID_MODALITY,train
D:\anti gravity\Radionova\datasets\generic_negatives\generic_0175.jpg,0,INVALID_MODALITY,train
C:/Users/Ankit/.cache/kagglehub/datasets/paultimothymooney/chest-xray-pneumonia/versions/2/chest_xray/train/PNEUMONIA/person1268_bacteria_3228.jpeg,1,VALID_MODALITY,train
C:/Users/Ankit/.cache/kagglehub/datasets/devbatrax/fracture-detection-using-x-ray-images/versions/1/data/train/not fractured/25-rotated2-rotated1-rotated1.jpg,0,INVALID_MODALITY,train
C:/Users/Ankit/.cache/kagglehub/datasets/paultimothymooney/chest-xray-pneumonia/versions/2/chest_xray/train/NORMAL/NORMAL2-IM-0453-0001.jpeg,1,VALID_MODALITY,train
C:/Users/Ankit/.cache/kagglehub/datasets/paultimothymooney/chest-xray-pneumonia/versions/2/chest_xray/chest_xray/train/PNEUMONIA/person1408_bacteria_3581.jpeg,1,VALID_MODALITY,train
C:/Users/Ankit/.cache/kagglehub/datasets/devbatrax/fracture-detection-using-x-ray-images/versions/1/data/train/fractured/39-rotated1-rotated2-rotated3.jpg,0,INVALID_MODALITY,train
D:\anti gravity\Radionova\datasets\generic_negatives\generic_0162.jpg,0,INVALID_MODALITY,train
C:/Users/Ankit/.cache/kagglehub/datasets/paultimothymooney/chest-xray-pneumonia/versions/2/chest_xray/chest_xray/train/PNEUMONIA/person151_virus_302.jpeg,1,VALID_MODALITY,train
C:/Users/Ankit/.cache/kagglehub/datasets/devbatrax/fracture-detection-using-x-ray-images/versions/1/data/train/fractured/38-rotated1-rotated2-rotated3.jpg,0,INVALID_MODALITY,train
C:/Users/Ankit/.cache/kagglehub/datasets/paultimothymooney/chest-xray-pneumonia/versions/2/chest_xray/train/PNEUMONIA/person428_bacteria_1869.jpeg,1,VALID_MODALITY,train
C:/Users/Ankit/.cache/kagglehub/datasets/paultimothymooney/chest-xray-pneumonia/versions/2/chest_xray/chest_xray/train/NORMAL/IM-0160-0001.jpeg,1,VALID_MODALITY,train
C:/Users/Ankit/.cache/kagglehub/datasets/masoudnickparvar/brain-tumor-mri-dataset/versions/2/Training/meningioma/Tr-me_1299.jpg,0,INVALID_MODALITY,train
C:/Users/Ankit/.cache/kagglehub/datasets/paultimothymooney/chest-xray-pneumonia/versions/2/chest_xray/test/PNEUMONIA/person36_virus_81.jpeg,1,VALID_MODALITY,train
C:/Users/Ankit/.cache/kagglehub/datasets/masoudnickparvar/brain-tumor-mri-dataset/versions/2/Training/pituitary/Tr-pi_509.jpg,0,INVALID_MODALITY,test
C:/Users/Ankit/.cache/kagglehub/datasets/masoudnickparvar/brain-tumor-mri-dataset/versions/2/Training/glioma/Tr-gl_996.jpg,0,INVALID_MODALITY,train
C:/Users/Ankit/.cache/kagglehub/datasets/devbatrax/fracture-detection-using-x-ray-images/versions/1/data/train/fractured/46-rotated1-rotated2.jpg,0,INVALID_MODALITY,test
C:/Users/Ankit/.cache/kagglehub/datasets/devbatrax/fracture-detection-using-x-ray-images/versions/1/data/train/not fractured/59-rotated3-rotated1-rotated1.jpg,0,INVALID_MODALITY,test
C:/Users/Ankit/.cache/kagglehub/datasets/paultimothymooney/chest-xray-pneumonia/versions/2/chest_xray/train/PNEUMONIA/person287_bacteria_1355.jpeg,1,VALID_MODALITY,train
C:/Users/Ankit/.cache/kagglehub/datasets/paultimothymooney/chest-xray-pneumonia/versions/2/chest_xray/train/PNEUMONIA/person985_bacteria_2912.jpeg,1,VALID_MODALITY,train
C:/Users/Ankit/.cache/kagglehub/datasets/masoudnickparvar/brain-tumor-mri-dataset/versions/2/Training/pituitary/Tr-pi_863.jpg,0,INVALID_MODALITY,train
C:/Users/Ankit/.cache/kagglehub/datasets/paultimothymooney/chest-xray-pneumonia/versions/2/chest_xray/train/PNEUMONIA/person10_bacteria_43.jpeg,1,VALID_MODALITY,train
C:/Users/Ankit/.cache/kagglehub/datasets/devbatrax/fracture-detection-using-x-ray-images/versions/1/data/train/not fractured/10-rotated2-rotated1-rotated2-rotated1.jpg,0,INVALID_MODALITY,test
C:/Users/Ankit/.cache/kagglehub/datasets/paultimothymooney/chest-xray-pneumonia/versions/2/chest_xray/chest_xray/train/PNEUMONIA/person1383_bacteria_3521.jpeg,1,VALID_MODALITY,train
C:/Users/Ankit/.cache/kagglehub/datasets/devbatrax/fracture-detection-using-x-ray-images/versions/1/data/train/not fractured/38-rotated2-rotated1-rotated3-rotated1.jpg,0,INVALID_MODALITY,train
C:/Users/Ankit/.cache/kagglehub/datasets/paultimothymooney/chest-xray-pneumonia/versions/2/chest_xray/train/NORMAL/NORMAL2-IM-1018-0001.jpeg,1,VALID_MODALITY,train
C:/Users/Ankit/.cache/kagglehub/datasets/masoudnickparvar/brain-tumor-mri-dataset/versions/2/Training/glioma/Tr-gl_15.jpg,0,INVALID_MODALITY,train
C:/Users/Ankit/.cache/kagglehub/datasets/devbatrax/fracture-detection-using-x-ray-images/versions/1/data/train/fractured/112-rotated2-rotated3.jpg,0,INVALID_MODALITY,train
C:/Users/Ankit/.cache/kagglehub/datasets/devbatrax/fracture-detection-using-x-ray-images/versions/1/data/train/fractured/46-rotated1-rotated2-rotated2.jpg,0,INVALID_MODALITY,train
C:/Users/Ankit/.cache/kagglehub/datasets/devbatrax/fracture-detection-using-x-ray-images/versions/1/data/train/fractured/74-rotated2-rotated3-rotated1.jpg,0,INVALID_MODALITY,train
C:/Users/Ankit/.cache/kagglehub/datasets/devbatrax/fracture-detection-using-x-ray-images/versions/1/data/train/not fractured/10-rotated3-rotated2-rotated1.jpg,0,INVALID_MODALITY,val
D:\anti gravity\Radionova\datasets\generic_negatives\generic_0322.jpg,0,INVALID_MODALITY,train
C:/Users/Ankit/.cache/kagglehub/datasets/paultimothymooney/chest-xray-pneumonia/versions/2/chest_xray/chest_xray/train/PNEUMONIA/person1374_bacteria_3507.jpeg,1,VALID_MODALITY,test
C:/Users/Ankit/.cache/kagglehub/datasets/paultimothymooney/chest-xray-pneumonia/versions/2/chest_xray/train/PNEUMONIA/person1551_virus_2692.jpeg,1,VALID_MODALITY,train
C:/Users/Ankit/.cache/kagglehub/datasets/devbatrax/fracture-detection-using-x-ray-images/versions/1/data/train/fractured/52-rotated1-rotated3-rotated3.jpg,0,INVALID_MODALITY,train
C:/Users/Ankit/.cache/kagglehub/datasets/masoudnickparvar/brain-tumor-mri-dataset/versions/2/Testing/pituitary/Te-pi_164.jpg,0,INVALID_MODALITY,train
C:/Users/Ankit/.cache/kagglehub/datasets/paultimothymooney/chest-xray-pneumonia/versions/2/chest_xray/chest_xray/train/NORMAL/IM-0439-0001.jpeg,1,VALID_MODALITY,train
C:/Users/Ankit/.cache/kagglehub/datasets/masoudnickparvar/brain-tumor-mri-dataset/versions/2/Training/pituitary/Tr-pi_528.jpg,0,INVALID_MODALITY,train
C:/Users/Ankit/.cache/kagglehub/datasets/devbatrax/fracture-detection-using-x-ray-images/versions/1/data/train/fractured/49-rotated1-rotated2.jpg,0,INVALID_MODALITY,train
C:/Users/Ankit/.cache/kagglehub/datasets/paultimothymooney/chest-xray-pneumonia/versions/2/chest_xray/chest_xray/train/PNEUMONIA/person1398_bacteria_3548.jpeg,1,VALID_MODALITY,train
C:/Users/Ankit/.cache/kagglehub/datasets/paultimothymooney/chest-xray-pneumonia/versions/2/chest_xray/train/PNEUMONIA/person1447_bacteria_3741.jpeg,1,VALID_MODALITY,train
C:/Users/Ankit/.cache/kagglehub/datasets/devbatrax/fracture-detection-using-x-ray-images/versions/1/data/train/fractured/24-rotated1.jpg,0,INVALID_MODALITY,train
C:/Users/Ankit/.cache/kagglehub/datasets/paultimothymooney/chest-xray-pneumonia/versions/2/chest_xray/chest_xray/train/PNEUMONIA/person40_bacteria_204.jpeg,1,VALID_MODALITY,train
C:/Users/Ankit/.cache/kagglehub/datasets/devbatrax/fracture-detection-using-x-ray-images/versions/1/data/val/fractured/7-rotated1-rotated3-rotated2.jpg,0,INVALID_MODALITY,train
C:/Users/Ankit/.cache/kagglehub/datasets/masoudnickparvar/brain-tumor-mri-dataset/versions/2/Training/pituitary/Tr-pi_206.jpg,0,INVALID_MODALITY,val
C:/Users/Ankit/.cache/kagglehub/datasets/paultimothymooney/chest-xray-pneumonia/versions/2/chest_xray/train/PNEUMONIA/person1620_bacteria_4272.jpeg,1,VALID_MODALITY,train
C:/Users/Ankit/.cache/kagglehub/datasets/paultimothymooney/chest-xray-pneumonia/versions/2/chest_xray/train/PNEUMONIA/person154_virus_305.jpeg,1,VALID_MODALITY,test
C:/Users/Ankit/.cache/kagglehub/datasets/paultimothymooney/chest-xray-pneumonia/versions/2/chest_xray/chest_xray/train/PNEUMONIA/person383_bacteria_1754.jpeg,1,VALID_MODALITY,train
C:/Users/Ankit/.cache/kagglehub/datasets/devbatrax/fracture-detection-using-x-ray-images/versions/1/data/train/not fractured/32-rotated2-rotated3-rotated1.jpg,0,INVALID_MODALITY,train
C:/Users/Ankit/.cache/kagglehub/datasets/paultimothymooney/chest-xray-pneumonia/versions/2/chest_xray/train/PNEUMONIA/person840_bacteria_2758.jpeg,1,VALID_MODALITY,val
C:/Users/Ankit/.cache/kagglehub/datasets/masoudnickparvar/brain-tumor-mri-dataset/versions/2/Training/pituitary/Tr-pi_117.jpg,0,INVALID_MODALITY,train
C:/Users/Ankit/.cache/kagglehub/datasets/masoudnickparvar/brain-tumor-mri-dataset/versions/2/Testing/meningioma/Te-aug-me_30.jpg,0,INVALID_MODALITY,train
D:\anti gravity\Radionova\datasets\generic_negatives\generic_0146.jpg,0,INVALID_MODALITY,test
C:/Users/Ankit/.cache/kagglehub/datasets/devbatrax/fracture-detection-using-x-ray-images/versions/1/data/train/fractured/111-rotated3-rotated1-rotated3.jpg,0,INVALID_MODALITY,train
C:/Users/Ankit/.cache/kagglehub/datasets/paultimothymooney/chest-xray-pneumonia/versions/2/chest_xray/chest_xray/train/PNEUMONIA/person1896_bacteria_4788.jpeg,1,VALID_MODALITY,val
C:/Users/Ankit/.cache/kagglehub/datasets/masoudnickparvar/brain-tumor-mri-dataset/versions/2/Testing/glioma/Te-gl_248.jpg,0,INVALID_MODALITY,train
C:/Users/Ankit/.cache/kagglehub/datasets/masoudnickparvar/brain-tumor-mri-dataset/versions/2/Training/pituitary/Tr-pi_76.jpg,0,INVALID_MODALITY,test
C:/Users/Ankit/.cache/kagglehub/datasets/paultimothymooney/chest-xray-pneumonia/versions/2/chest_xray/chest_xray/train/PNEUMONIA/person448_bacteria_1933.jpeg,1,VALID_MODALITY,train
C:/Users/Ankit/.cache/kagglehub/datasets/paultimothymooney/chest-xray-pneumonia/versions/2/chest_xray/train/PNEUMONIA/person1590_bacteria_4175.jpeg,1,VALID_MODALITY,train
C:/Users/Ankit/.cache/kagglehub/datasets/devbatrax/fracture-detection-using-x-ray-images/versions/1/data/train/not fractured/8-rotated2-rotated1-rotated3.jpg,0,INVALID_MODALITY,train
C:/Users/Ankit/.cache/kagglehub/datasets/devbatrax/fracture-detection-using-x-ray-images/versions/1/data/val/not fractured/4-rotated1-rotated3.jpg,0,INVALID_MODALITY,train
C:/Users/Ankit/.cache/kagglehub/datasets/paultimothymooney/chest-xray-pneumonia/versions/2/chest_xray/train/PNEUMONIA/person298_virus_618.jpeg,1,VALID_MODALITY,val
C:/Users/Ankit/.cache/kagglehub/datasets/masoudnickparvar/brain-tumor-mri-dataset/versions/2/Training/glioma/Tr-gl_102.jpg,0,INVALID_MODALITY,test
C:/Users/Ankit/.cache/kagglehub/datasets/paultimothymooney/chest-xray-pneumonia/versions/2/chest_xray/chest_xray/train/PNEUMONIA/person294_bacteria_1385.jpeg,1,VALID_MODALITY,test
C:/Users/Ankit/.cache/kagglehub/datasets/paultimothymooney/chest-xray-pneumonia/versions/2/chest_xray/train/PNEUMONIA/person853_virus_1498.jpeg,1,VALID_MODALITY,val
C:/Users/Ankit/.cache/kagglehub/datasets/masoudnickparvar/brain-tumor-mri-dataset/versions/2/Training/pituitary/Tr-pi_1095.jpg,0,INVALID_MODALITY,train
C:/Users/Ankit/.cache/kagglehub/datasets/paultimothymooney/chest-xray-pneumonia/versions/2/chest_xray/train/PNEUMONIA/person445_bacteria_1930.jpeg,1,VALID_MODALITY,train
C:/Users/Ankit/.cache/kagglehub/datasets/paultimothymooney/chest-xray-pneumonia/versions/2/chest_xray/train/NORMAL/NORMAL2-IM-0618-0001.jpeg,1,VALID_MODALITY,val
C:/Users/Ankit/.cache/kagglehub/datasets/paultimothymooney/chest-xray-pneumonia/versions/2/chest_xray/chest_xray/train/PNEUMONIA/person53_bacteria_253.jpeg,1,VALID_MODALITY,train
C:/Users/Ankit/.cache/kagglehub/datasets/devbatrax/fracture-detection-using-x-ray-images/versions/1/data/train/not fractured/67-rotated3-rotated3-rotated1-rotated1.jpg,0,INVALID_MODALITY,train
C:/Users/Ankit/.cache/kagglehub/datasets/devbatrax/fracture-detection-using-x-ray-images/versions/1/data/train/fractured/50-rotated1-rotated3-rotated2.jpg,0,INVALID_MODALITY,train
C:/Users/Ankit/.cache/kagglehub/datasets/paultimothymooney/chest-xray-pneumonia/versions/2/chest_xray/chest_xray/train/PNEUMONIA/person331_bacteria_1526.jpeg,1,VALID_MODALITY,train
C:/Users/Ankit/.cache/kagglehub/datasets/paultimothymooney/chest-xray-pneumonia/versions/2/chest_xray/chest_xray/test/NORMAL/NORMAL2-IM-0287-0001.jpeg,1,VALID_MODALITY,val
C:/Users/Ankit/.cache/kagglehub/datasets/paultimothymooney/chest-xray-pneumonia/versions/2/chest_xray/chest_xray/train/NORMAL/NORMAL2-IM-1049-0001.jpeg,1,VALID_MODALITY,train
C:/Users/Ankit/.cache/kagglehub/datasets/devbatrax/fracture-detection-using-x-ray-images/versions/1/data/train/fractured/69-rotated3-rotated3-rotated2.jpg,0,INVALID_MODALITY,train
C:/Users/Ankit/.cache/kagglehub/datasets/paultimothymooney/chest-xray-pneumonia/versions/2/chest_xray/chest_xray/train/NORMAL/NORMAL2-IM-1094-0001.jpeg,1,VALID_MODALITY,train
C:/Users/Ankit/.cache/kagglehub/datasets/paultimothymooney/chest-xray-pneumonia/versions/2/chest_xray/test/NORMAL/NORMAL2-IM-0381-0001.jpeg,1,VALID_MODALITY,train
D:\anti gravity\Radionova\datasets\generic_negatives\generic_0134.jpg,0,INVALID_MODALITY,train
C:/Users/Ankit/.cache/kagglehub/datasets/masoudnickparvar/brain-tumor-mri-dataset/versions/2/Training/meningioma/Tr-me_1137.jpg,0,INVALID_MODALITY,train
C:/Users/Ankit/.cache/kagglehub/datasets/masoudnickparvar/brain-tumor-mri-dataset/versions/2/Training/pituitary/Tr-pi_104.jpg,0,INVALID_MODALITY,val
C:/Users/Ankit/.cache/kagglehub/datasets/paultimothymooney/chest-xray-pneumonia/versions/2/chest_xray/test/PNEUMONIA/person161_bacteria_762.jpeg,1,VALID_MODALITY,train
C:/Users/Ankit/.cache/kagglehub/datasets/masoudnickparvar/brain-tumor-mri-dataset/versions/2/Training/meningioma/Tr-me_1138.jpg,0,INVALID_MODALITY,train
C:/Users/Ankit/.cache/kagglehub/datasets/paultimothymooney/chest-xray-pneumonia/versions/2/chest_xray/train/PNEUMONIA/person1585_bacteria_4151.jpeg,1,VALID_MODALITY,train
C:/Users/Ankit/.cache/kagglehub/datasets/devbatrax/fracture-detection-using-x-ray-images/versions/1/data/train/not fractured/63-rotated3-rotated3-rotated3-rotated1.jpg,0,INVALID_MODALITY,train
C:/Users/Ankit/.cache/kagglehub/datasets/paultimothymooney/chest-xray-pneumonia/versions/2/chest_xray/chest_xray/train/PNEUMONIA/person1308_bacteria_3285.jpeg,1,VALID_MODALITY,val
C:/Users/Ankit/.cache/kagglehub/datasets/paultimothymooney/chest-xray-pneumonia/versions/2/chest_xray/chest_xray/test/PNEUMONIA/person175_bacteria_833.jpeg,1,VALID_MODALITY,train
D:\anti gravity\Radionova\datasets\generic_negatives\generic_0212.jpg,0,INVALID_MODALITY,train
C:/Users/Ankit/.cache/kagglehub/datasets/paultimothymooney/chest-xray-pneumonia/versions/2/chest_xray/chest_xray/train/PNEUMONIA/person557_virus_1097.jpeg,1,VALID_MODALITY,test
C:/Users/Ankit/.cache/kagglehub/datasets/devbatrax/fracture-detection-using-x-ray-images/versions/1/data/train/not fractured/59-rotated3-rotated2-rotated3-rotated1.jpg,0,INVALID_MODALITY,val
C:/Users/Ankit/.cache/kagglehub/datasets/paultimothymooney/chest-xray-pneumonia/versions/2/chest_xray/train/NORMAL/NORMAL2-IM-0503-0001.jpeg,1,VALID_MODALITY,train
D:\anti gravity\Radionova\datasets\generic_negatives\generic_0020.jpg,0,INVALID_MODALITY,val
D:\anti gravity\Radionova\datasets\generic_negatives\generic_0050.jpg,0,INVALID_MODALITY,val
C:/Users/Ankit/.cache/kagglehub/datasets/devbatrax/fracture-detection-using-x-ray-images/versions/1/data/train/not fractured/9-rotated2-rotated2-rotated1.jpg,0,INVALID_MODALITY,train
C:/Users/Ankit/.cache/kagglehub/datasets/paultimothymooney/chest-xray-pneumonia/versions/2/chest_xray/chest_xray/train/PNEUMONIA/person1933_bacteria_4844.jpeg,1,VALID_MODALITY,train
C:/Users/Ankit/.cache/kagglehub/datasets/devbatrax/fracture-detection-using-x-ray-images/versions/1/data/train/fractured/53-rotated1-rotated2-rotated3.jpg,0,INVALID_MODALITY,train
C:/Users/Ankit/.cache/kagglehub/datasets/paultimothymooney/chest-xray-pneumonia/versions/2/chest_xray/chest_xray/train/PNEUMONIA/person359_bacteria_1643.jpeg,1,VALID_MODALITY,train
C:/Users/Ankit/.cache/kagglehub/datasets/devbatrax/fracture-detection-using-x-ray-images/versions/1/data/train/fractured/43-rotated1-rotated1-rotated1.jpg,0,INVALID_MODALITY,train
C:/Users/Ankit/.cache/kagglehub/datasets/paultimothymooney/chest-xray-pneumonia/versions/2/chest_xray/train/PNEUMONIA/person565_bacteria_2348.jpeg,1,VALID_MODALITY,train
C:/Users/Ankit/.cache/kagglehub/datasets/devbatrax/fracture-detection-using-x-ray-images/versions/1/data/train/fractured/115-rotated3-rotated3-rotated2.jpg,0,INVALID_MODALITY,train
C:/Users/Ankit/.cache/kagglehub/datasets/paultimothymooney/chest-xray-pneumonia/versions/2/chest_xray/chest_xray/train/PNEUMONIA/person928_virus_1586.jpeg,1,VALID_MODALITY,train
C:/Users/Ankit/.cache/kagglehub/datasets/devbatrax/fracture-detection-using-x-ray-images/versions/1/data/train/fractured/79-rotated2-rotated1-rotated3.jpg,0,INVALID_MODALITY,train
C:/Users/Ankit/.cache/kagglehub/datasets/paultimothymooney/chest-xray-pneumonia/versions/2/chest_xray/chest_xray/train/PNEUMONIA/person607_virus_1173.jpeg,1,VALID_MODALITY,test
C:/Users/Ankit/.cache/kagglehub/datasets/paultimothymooney/chest-xray-pneumonia/versions/2/chest_xray/chest_xray/train/PNEUMONIA/person399_bacteria_1805.jpeg,1,VALID_MODALITY,train
C:/Users/Ankit/.cache/kagglehub/datasets/devbatrax/fracture-detection-using-x-ray-images/versions/1/data/train/not fractured/21-rotated3-rotated1-rotated1-rotated1.jpg,0,INVALID_MODALITY,test
C:/Users/Ankit/.cache/kagglehub/datasets/devbatrax/fracture-detection-using-x-ray-images/versions/1/data/train/fractured/28-rotated2-rotated2.jpg,0,INVALID_MODALITY,train
C:/Users/Ankit/.cache/kagglehub/datasets/masoudnickparvar/brain-tumor-mri-dataset/versions/2/Training/meningioma/Tr-me_289.jpg,0,INVALID_MODALITY,train
C:/Users/Ankit/.cache/kagglehub/datasets/paultimothymooney/chest-xray-pneumonia/versions/2/chest_xray/test/PNEUMONIA/person81_bacteria_396.jpeg,1,VALID_MODALITY,train
C:/Users/Ankit/.cache/kagglehub/datasets/devbatrax/fracture-detection-using-x-ray-images/versions/1/data/train/fractured/33-rotated2.jpg,0,INVALID_MODALITY,train
D:\anti gravity\Radionova\datasets\generic_negatives\generic_0385.jpg,0,INVALID_MODALITY,train
C:/Users/Ankit/.cache/kagglehub/datasets/paultimothymooney/chest-xray-pneumonia/versions/2/chest_xray/train/PNEUMONIA/person1291_virus_2217.jpeg,1,VALID_MODALITY,train
C:/Users/Ankit/.cache/kagglehub/datasets/paultimothymooney/chest-xray-pneumonia/versions/2/chest_xray/train/PNEUMONIA/person407_virus_811.jpeg,1,VALID_MODALITY,val
C:/Users/Ankit/.cache/kagglehub/datasets/devbatrax/fracture-detection-using-x-ray-images/versions/1/data/train/not fractured/70-rotated2-rotated3-rotated2-rotated1.jpg,0,INVALID_MODALITY,train
C:/Users/Ankit/.cache/kagglehub/datasets/devbatrax/fracture-detection-using-x-ray-images/versions/1/data/train/fractured/75-rotated3-rotated3.jpg,0,INVALID_MODALITY,train
C:/Users/Ankit/.cache/kagglehub/datasets/devbatrax/fracture-detection-using-x-ray-images/versions/1/data/train/not fractured/43-rotated3-rotated3.jpg,0,INVALID_MODALITY,test
D:\anti gravity\Radionova\datasets\generic_negatives\generic_0272.jpg,0,INVALID_MODALITY,train
D:\anti gravity\Radionova\datasets\generic_negatives\generic_0164.jpg,0,INVALID_MODALITY,train
C:/Users/Ankit/.cache/kagglehub/datasets/paultimothymooney/chest-xray-pneumonia/versions/2/chest_xray/test/PNEUMONIA/person85_bacteria_421.jpeg,1,VALID_MODALITY,val
C:/Users/Ankit/.cache/kagglehub/datasets/paultimothymooney/chest-xray-pneumonia/versions/2/chest_xray/chest_xray/train/PNEUMONIA/person1241_bacteria_3197.jpeg,1,VALID_MODALITY,train
C:/Users/Ankit/.cache/kagglehub/datasets/masoudnickparvar/brain-tumor-mri-dataset/versions/2/Training/pituitary/Tr-pi_220.jpg,0,INVALID_MODALITY,train
C:/Users/Ankit/.cache/kagglehub/datasets/devbatrax/fracture-detection-using-x-ray-images/versions/1/data/train/fractured/106-rotated3-rotated2-rotated3.jpg,0,INVALID_MODALITY,val
C:/Users/Ankit/.cache/kagglehub/datasets/paultimothymooney/chest-xray-pneumonia/versions/2/chest_xray/chest_xray/train/PNEUMONIA/person120_virus_226.jpeg,1,VALID_MODALITY,train
C:/Users/Ankit/.cache/kagglehub/datasets/paultimothymooney/chest-xray-pneumonia/versions/2/chest_xray/chest_xray/test/NORMAL/IM-0033-0001-0001.jpeg,1,VALID_MODALITY,train
C:/Users/Ankit/.cache/kagglehub/datasets/devbatrax/fracture-detection-using-x-ray-images/versions/1/data/train/not fractured/39-rotated2-rotated3-rotated2.jpg,0,INVALID_MODALITY,train
C:/Users/Ankit/.cache/kagglehub/datasets/devbatrax/fracture-detection-using-x-ray-images/versions/1/data/train/fractured/28-rotated1-rotated1-rotated3.jpg,0,INVALID_MODALITY,train
C:/Users/Ankit/.cache/kagglehub/datasets/paultimothymooney/chest-xray-pneumonia/versions/2/chest_xray/train/PNEUMONIA/person1702_bacteria_4506.jpeg,1,VALID_MODALITY,train
C:/Users/Ankit/.cache/kagglehub/datasets/paultimothymooney/chest-xray-pneumonia/versions/2/chest_xray/train/PNEUMONIA/person1092_virus_1811.jpeg,1,VALID_MODALITY,test
D:\anti gravity\Radionova\datasets\generic_negatives\generic_0280.jpg,0,INVALID_MODALITY,train
C:/Users/Ankit/.cache/kagglehub/datasets/paultimothymooney/chest-xray-pneumonia/versions/2/chest_xray/train/PNEUMONIA/person478_bacteria_2035.jpeg,1,VALID_MODALITY,val
C:/Users/Ankit/.cache/kagglehub/datasets/paultimothymooney/chest-xray-pneumonia/versions/2/chest_xray/chest_xray/train/PNEUMONIA/person544_virus_1078.jpeg,1,VALID_MODALITY,train
C:/Users/Ankit/.cache/kagglehub/datasets/paultimothymooney/chest-xray-pneumonia/versions/2/chest_xray/train/PNEUMONIA/person819_bacteria_2730.jpeg,1,VALID_MODALITY,train
C:/Users/Ankit/.cache/kagglehub/datasets/masoudnickparvar/brain-tumor-mri-dataset/versions/2/Training/meningioma/Tr-me_361.jpg,0,INVALID_MODALITY,test
C:/Users/Ankit/.cache/kagglehub/datasets/devbatrax/fracture-detection-using-x-ray-images/versions/1/data/train/fractured/21-rotated2-rotated1-rotated1.jpg,0,INVALID_MODALITY,test
C:/Users/Ankit/.cache/kagglehub/datasets/devbatrax/fracture-detection-using-x-ray-images/versions/1/data/val/fractured/7-rotated2-rotated3-rotated1.jpg,0,INVALID_MODALITY,train
D:\anti gravity\Radionova\datasets\generic_negatives\generic_0334.jpg,0,INVALID_MODALITY,train
C:/Users/Ankit/.cache/kagglehub/datasets/devbatrax/fracture-detection-using-x-ray-images/versions/1/data/train/fractured/51-rotated1-rotated1.jpg,0,INVALID_MODALITY,train
C:/Users/Ankit/.cache/kagglehub/datasets/paultimothymooney/chest-xray-pneumonia/versions/2/chest_xray/chest_xray/train/PNEUMONIA/person51_bacteria_244.jpeg,1,VALID_MODALITY,train
C:/Users/Ankit/.cache/kagglehub/datasets/devbatrax/fracture-detection-using-x-ray-images/versions/1/data/train/not fractured/29-rotated3.jpg,0,INVALID_MODALITY,train
C:/Users/Ankit/.cache/kagglehub/datasets/devbatrax/fracture-detection-using-x-ray-images/versions/1/data/train/fractured/10-rotated1-rotated1-rotated3.jpg,0,INVALID_MODALITY,train
C:/Users/Ankit/.cache/kagglehub/datasets/devbatrax/fracture-detection-using-x-ray-images/versions/1/data/val/not fractured/3-rotated2.jpg,0,INVALID_MODALITY,train
C:/Users/Ankit/.cache/kagglehub/datasets/devbatrax/fracture-detection-using-x-ray-images/versions/1/data/train/fractured/90-rotated1-rotated3-rotated2.jpg,0,INVALID_MODALITY,train
C:/Users/Ankit/.cache/kagglehub/datasets/paultimothymooney/chest-xray-pneumonia/versions/2/chest_xray/test/PNEUMONIA/person135_bacteria_646.jpeg,1,VALID_MODALITY,train
C:/Users/Ankit/.cache/kagglehub/datasets/paultimothymooney/chest-xray-pneumonia/versions/2/chest_xray/chest_xray/train/PNEUMONIA/person1480_bacteria_3858.jpeg,1,VALID_MODALITY,train
C:/Users/Ankit/.cache/kagglehub/datasets/devbatrax/fracture-detection-using-x-ray-images/versions/1/data/train/fractured/52-rotated2-rotated1-rotated1.jpg,0,INVALID_MODALITY,test
C:/Users/Ankit/.cache/kagglehub/datasets/masoudnickparvar/brain-tumor-mri-dataset/versions/2/Training/pituitary/Tr-pi_1132.jpg,0,INVALID_MODALITY,train
C:/Users/Ankit/.cache/kagglehub/datasets/paultimothymooney/chest-xray-pneumonia/versions/2/chest_xray/train/NORMAL/IM-0435-0001.jpeg,1,VALID_MODALITY,train
C:/Users/Ankit/.cache/kagglehub/datasets/paultimothymooney/chest-xray-pneumonia/versions/2/chest_xray/chest_xray/train/NORMAL/NORMAL2-IM-0851-0001-0001.jpeg,1,VALID_MODALITY,train
C:/Users/Ankit/.cache/kagglehub/datasets/devbatrax/fracture-detection-using-x-ray-images/versions/1/data/train/fractured/47-rotated3-rotated3-rotated3.jpg,0,INVALID_MODALITY,train
C:/Users/Ankit/.cache/kagglehub/datasets/paultimothymooney/chest-xray-pneumonia/versions/2/chest_xray/chest_xray/train/PNEUMONIA/person441_virus_895.jpeg,1,VALID_MODALITY,train
C:/Users/Ankit/.cache/kagglehub/datasets/devbatrax/fracture-detection-using-x-ray-images/versions/1/data/val/fractured/9-rotated2-rotated2-rotated2.jpg,0,INVALID_MODALITY,train
C:/Users/Ankit/.cache/kagglehub/datasets/paultimothymooney/chest-xray-pneumonia/versions/2/chest_xray/train/PNEUMONIA/person103_virus_190.jpeg,1,VALID_MODALITY,train
C:/Users/Ankit/.cache/kagglehub/datasets/paultimothymooney/chest-xray-pneumonia/versions/2/chest_xray/test/PNEUMONIA/person78_bacteria_381.jpeg,1,VALID_MODALITY,train
C:/Users/Ankit/.cache/kagglehub/datasets/paultimothymooney/chest-xray-pneumonia/versions/2/chest_xray/train/PNEUMONIA/person768_bacteria_2672.jpeg,1,VALID_MODALITY,train
C:/Users/Ankit/.cache/kagglehub/datasets/devbatrax/fracture-detection-using-x-ray-images/versions/1/data/train/fractured/67-rotated1-rotated2-rotated3.jpg,0,INVALID_MODALITY,val
C:/Users/Ankit/.cache/kagglehub/datasets/paultimothymooney/chest-xray-pneumonia/versions/2/chest_xray/train/PNEUMONIA/person947_bacteria_2872.jpeg,1,VALID_MODALITY,train
C:/Users/Ankit/.cache/kagglehub/datasets/devbatrax/fracture-detection-using-x-ray-images/versions/1/data/train/not fractured/33-rotated2-rotated2-rotated3.jpg,0,INVALID_MODALITY,val
C:/Users/Ankit/.cache/kagglehub/datasets/paultimothymooney/chest-xray-pneumonia/versions/2/chest_xray/chest_xray/train/PNEUMONIA/person294_bacteria_1384.jpeg,1,VALID_MODALITY,train
C:/Users/Ankit/.cache/kagglehub/datasets/paultimothymooney/chest-xray-pneumonia/versions/2/chest_xray/chest_xray/test/NORMAL/NORMAL2-IM-0351-0001.jpeg,1,VALID_MODALITY,train
C:/Users/Ankit/.cache/kagglehub/datasets/devbatrax/fracture-detection-using-x-ray-images/versions/1/data/train/not fractured/57-rotated2-rotated3-rotated2-rotated1.jpg,0,INVALID_MODALITY,train
C:/Users/Ankit/.cache/kagglehub/datasets/masoudnickparvar/brain-tumor-mri-dataset/versions/2/Training/pituitary/Tr-pi_1225.jpg,0,INVALID_MODALITY,train
C:/Users/Ankit/.cache/kagglehub/datasets/paultimothymooney/chest-xray-pneumonia/versions/2/chest_xray/train/PNEUMONIA/person1433_bacteria_3704.jpeg,1,VALID_MODALITY,train
C:/Users/Ankit/.cache/kagglehub/datasets/devbatrax/fracture-detection-using-x-ray-images/versions/1/data/train/not fractured/9-rotated3-rotated2-rotated2.jpg,0,INVALID_MODALITY,train
C:/Users/Ankit/.cache/kagglehub/datasets/devbatrax/fracture-detection-using-x-ray-images/versions/1/data/train/fractured/120-rotated3-rotated3-rotated3.jpg,0,INVALID_MODALITY,train
C:/Users/Ankit/.cache/kagglehub/datasets/paultimothymooney/chest-xray-pneumonia/versions/2/chest_xray/train/PNEUMONIA/person259_bacteria_1217.jpeg,1,VALID_MODALITY,train
C:/Users/Ankit/.cache/kagglehub/datasets/devbatrax/fracture-detection-using-x-ray-images/versions/1/data/train/not fractured/64-rotated1-rotated2-rotated2-rotated1.jpg,0,INVALID_MODALITY,train
C:/Users/Ankit/.cache/kagglehub/datasets/devbatrax/fracture-detection-using-x-ray-images/versions/1/data/train/fractured/58-rotated3-rotated1-rotated3.jpg,0,INVALID_MODALITY,train
C:/Users/Ankit/.cache/kagglehub/datasets/masoudnickparvar/brain-tumor-mri-dataset/versions/2/Training/meningioma/Tr-me_146.jpg,0,INVALID_MODALITY,test
C:/Users/Ankit/.cache/kagglehub/datasets/devbatrax/fracture-detection-using-x-ray-images/versions/1/data/train/fractured/94-rotated1-rotated2-rotated1.jpg,0,INVALID_MODALITY,train
C:/Users/Ankit/.cache/kagglehub/datasets/paultimothymooney/chest-xray-pneumonia/versions/2/chest_xray/test/NORMAL/IM-0093-0001.jpeg,1,VALID_MODALITY,train
C:/Users/Ankit/.cache/kagglehub/datasets/masoudnickparvar/brain-tumor-mri-dataset/versions/2/Testing/meningioma/Te-me_61.jpg,0,INVALID_MODALITY,train
C:/Users/Ankit/.cache/kagglehub/datasets/paultimothymooney/chest-xray-pneumonia/versions/2/chest_xray/train/NORMAL/IM-0678-0001.jpeg,1,VALID_MODALITY,test
D:\anti gravity\Radionova\datasets\generic_negatives\generic_0010.jpg,0,INVALID_MODALITY,train
D:\anti gravity\Radionova\datasets\generic_negatives\generic_0358.jpg,0,INVALID_MODALITY,val
C:/Users/Ankit/.cache/kagglehub/datasets/devbatrax/fracture-detection-using-x-ray-images/versions/1/data/train/fractured/54-rotated1-rotated3-rotated1.jpg,0,INVALID_MODALITY,test
C:/Users/Ankit/.cache/kagglehub/datasets/paultimothymooney/chest-xray-pneumonia/versions/2/chest_xray/train/NORMAL/NORMAL2-IM-1294-0001.jpeg,1,VALID_MODALITY,train
C:/Users/Ankit/.cache/kagglehub/datasets/paultimothymooney/chest-xray-pneumonia/versions/2/chest_xray/chest_xray/train/PNEUMONIA/person1536_virus_2673.jpeg,1,VALID_MODALITY,train
C:/Users/Ankit/.cache/kagglehub/datasets/devbatrax/fracture-detection-using-x-ray-images/versions/1/data/train/fractured/71-rotated2-rotated1-rotated1.jpg,0,INVALID_MODALITY,train
C:/Users/Ankit/.cache/kagglehub/datasets/paultimothymooney/chest-xray-pneumonia/versions/2/chest_xray/train/PNEUMONIA/person54_bacteria_258.jpeg,1,VALID_MODALITY,val
D:\anti gravity\Radionova\datasets\generic_negatives\generic_0374.jpg,0,INVALID_MODALITY,train
C:/Users/Ankit/.cache/kagglehub/datasets/paultimothymooney/chest-xray-pneumonia/versions/2/chest_xray/train/PNEUMONIA/person493_bacteria_2087.jpeg,1,VALID_MODALITY,train
C:/Users/Ankit/.cache/kagglehub/datasets/devbatrax/fracture-detection-using-x-ray-images/versions/1/data/train/fractured/17-rotated3-rotated1-rotated1.jpg,0,INVALID_MODALITY,train
C:/Users/Ankit/.cache/kagglehub/datasets/paultimothymooney/chest-xray-pneumonia/versions/2/chest_xray/chest_xray/train/PNEUMONIA/person442_virus_901.jpeg,1,VALID_MODALITY,val
C:/Users/Ankit/.cache/kagglehub/datasets/paultimothymooney/chest-xray-pneumonia/versions/2/chest_xray/train/NORMAL/NORMAL2-IM-0915-0001.jpeg,1,VALID_MODALITY,train
C:/Users/Ankit/.cache/kagglehub/datasets/paultimothymooney/chest-xray-pneumonia/versions/2/chest_xray/test/PNEUMONIA/person118_bacteria_559.jpeg,1,VALID_MODALITY,train
C:/Users/Ankit/.cache/kagglehub/datasets/devbatrax/fracture-detection-using-x-ray-images/versions/1/data/train/fractured/75-rotated1-rotated1-rotated1.jpg,0,INVALID_MODALITY,train
C:/Users/Ankit/.cache/kagglehub/datasets/paultimothymooney/chest-xray-pneumonia/versions/2/chest_xray/test/PNEUMONIA/person1640_virus_2839.jpeg,1,VALID_MODALITY,train
C:/Users/Ankit/.cache/kagglehub/datasets/paultimothymooney/chest-xray-pneumonia/versions/2/chest_xray/train/NORMAL/IM-0452-0001.jpeg,1,VALID_MODALITY,train
C:/Users/Ankit/.cache/kagglehub/datasets/paultimothymooney/chest-xray-pneumonia/versions/2/chest_xray/train/PNEUMONIA/person581_bacteria_2400.jpeg,1,VALID_MODALITY,train
C:/Users/Ankit/.cache/kagglehub/datasets/paultimothymooney/chest-xray-pneumonia/versions/2/chest_xray/train/PNEUMONIA/person405_bacteria_1817.jpeg,1,VALID_MODALITY,train
C:/Users/Ankit/.cache/kagglehub/datasets/paultimothymooney/chest-xray-pneumonia/versions/2/chest_xray/chest_xray/train/PNEUMONIA/person1129_virus_1857.jpeg,1,VALID_MODALITY,train
C:/Users/Ankit/.cache/kagglehub/datasets/devbatrax/fracture-detection-using-x-ray-images/versions/1/data/train/fractured/55-rotated2.jpg,0,INVALID_MODALITY,train
C:/Users/Ankit/.cache/kagglehub/datasets/devbatrax/fracture-detection-using-x-ray-images/versions/1/data/train/not fractured/5-rotated3-rotated1-rotated1.jpg,0,INVALID_MODALITY,test
C:/Users/Ankit/.cache/kagglehub/datasets/devbatrax/fracture-detection-using-x-ray-images/versions/1/data/train/not fractured/26-rotated3-rotated1-rotated3.jpg,0,INVALID_MODALITY,train
C:/Users/Ankit/.cache/kagglehub/datasets/paultimothymooney/chest-xray-pneumonia/versions/2/chest_xray/train/PNEUMONIA/person861_virus_1506.jpeg,1,VALID_MODALITY,train
C:/Users/Ankit/.cache/kagglehub/datasets/paultimothymooney/chest-xray-pneumonia/versions/2/chest_xray/test/PNEUMONIA/person130_bacteria_628.jpeg,1,VALID_MODALITY,val
D:\anti gravity\Radionova\datasets\generic_negatives\generic_0118.jpg,0,INVALID_MODALITY,val
C:/Users/Ankit/.cache/kagglehub/datasets/paultimothymooney/chest-xray-pneumonia/versions/2/chest_xray/chest_xray/train/PNEUMONIA/person569_bacteria_2363.jpeg,1,VALID_MODALITY,train
C:/Users/Ankit/.cache/kagglehub/datasets/paultimothymooney/chest-xray-pneumonia/versions/2/chest_xray/train/PNEUMONIA/person1598_bacteria_4198.jpeg,1,VALID_MODALITY,train
C:/Users/Ankit/.cache/kagglehub/datasets/masoudnickparvar/brain-tumor-mri-dataset/versions/2/Training/glioma/Tr-gl_97.jpg,0,INVALID_MODALITY,train
C:/Users/Ankit/.cache/kagglehub/datasets/devbatrax/fracture-detection-using-x-ray-images/versions/1/data/train/fractured/14-rotated1-rotated1-rotated2.jpg,0,INVALID_MODALITY,train
C:/Users/Ankit/.cache/kagglehub/datasets/devbatrax/fracture-detection-using-x-ray-images/versions/1/data/train/fractured/120-rotated2.jpg,0,INVALID_MODALITY,train
C:/Users/Ankit/.cache/kagglehub/datasets/paultimothymooney/chest-xray-pneumonia/versions/2/chest_xray/train/PNEUMONIA/person504_bacteria_2132.jpeg,1,VALID_MODALITY,train
D:\anti gravity\Radionova\datasets\generic_negatives\generic_0023.jpg,0,INVALID_MODALITY,train
C:/Users/Ankit/.cache/kagglehub/datasets/devbatrax/fracture-detection-using-x-ray-images/versions/1/data/train/not fractured/43-rotated2-rotated3-rotated2.jpg,0,INVALID_MODALITY,train
C:/Users/Ankit/.cache/kagglehub/datasets/paultimothymooney/chest-xray-pneumonia/versions/2/chest_xray/chest_xray/train/PNEUMONIA/person1576_bacteria_4124.jpeg,1,VALID_MODALITY,train
C:/Users/Ankit/.cache/kagglehub/datasets/paultimothymooney/chest-xray-pneumonia/versions/2/chest_xray/train/PNEUMONIA/person1177_virus_2002.jpeg,1,VALID_MODALITY,val
C:/Users/Ankit/.cache/kagglehub/datasets/masoudnickparvar/brain-tumor-mri-dataset/versions/2/Training/glioma/Tr-gl_372.jpg,0,INVALID_MODALITY,train
C:/Users/Ankit/.cache/kagglehub/datasets/paultimothymooney/chest-xray-pneumonia/versions/2/chest_xray/chest_xray/train/PNEUMONIA/person1234_bacteria_3190.jpeg,1,VALID_MODALITY,train
C:/Users/Ankit/.cache/kagglehub/datasets/devbatrax/fracture-detection-using-x-ray-images/versions/1/data/train/fractured/38-rotated3-rotated2-rotated3.jpg,0,INVALID_MODALITY,train
C:/Users/Ankit/.cache/kagglehub/datasets/paultimothymooney/chest-xray-pneumonia/versions/2/chest_xray/train/PNEUMONIA/person1799_bacteria_4647.jpeg,1,VALID_MODALITY,train
C:/Users/Ankit/.cache/kagglehub/datasets/masoudnickparvar/brain-tumor-mri-dataset/versions/2/Training/glioma/Tr-gl_7.jpg,0,INVALID_MODALITY,train
C:/Users/Ankit/.cache/kagglehub/datasets/paultimothymooney/chest-xray-pneumonia/versions/2/chest_xray/chest_xray/train/NORMAL/NORMAL2-IM-0790-0001.jpeg,1,VALID_MODALITY,train
C:/Users/Ankit/.cache/kagglehub/datasets/paultimothymooney/chest-xray-pneumonia/versions/2/chest_xray/train/NORMAL/IM-0497-0001.jpeg,1,VALID_MODALITY,train
C:/Users/Ankit/.cache/kagglehub/datasets/masoudnickparvar/brain-tumor-mri-dataset/versions/2/Training/glioma/Tr-gl_1176.jpg,0,INVALID_MODALITY,train
C:/Users/Ankit/.cache/kagglehub/datasets/devbatrax/fracture-detection-using-x-ray-images/versions/1/data/train/fractured/100-rotated2-rotated1-rotated1.jpg,0,INVALID_MODALITY,train
C:/Users/Ankit/.cache/kagglehub/datasets/paultimothymooney/chest-xray-pneumonia/versions/2/chest_xray/val/NORMAL/NORMAL2-IM-1431-0001.jpeg,1,VALID_MODALITY,val
C:/Users/Ankit/.cache/kagglehub/datasets/paultimothymooney/chest-xray-pneumonia/versions/2/chest_xray/chest_xray/train/PNEUMONIA/person1639_bacteria_4344.jpeg,1,VALID_MODALITY,train
C:/Users/Ankit/.cache/kagglehub/datasets/paultimothymooney/chest-xray-pneumonia/versions/2/chest_xray/chest_xray/train/PNEUMONIA/person1671_bacteria_4432.jpeg,1,VALID_MODALITY,val
C:/Users/Ankit/.cache/kagglehub/datasets/paultimothymooney/chest-xray-pneumonia/versions/2/chest_xray/train/PNEUMONIA/person604_bacteria_2462.jpeg,1,VALID_MODALITY,test
C:/Users/Ankit/.cache/kagglehub/datasets/paultimothymooney/chest-xray-pneumonia/versions/2/chest_xray/train/PNEUMONIA/person626_virus_1202.jpeg,1,VALID_MODALITY,train
C:/Users/Ankit/.cache/kagglehub/datasets/masoudnickparvar/brain-tumor-mri-dataset/versions/2/Training/pituitary/Tr-pi_658.jpg,0,INVALID_MODALITY,train
C:/Users/Ankit/.cache/kagglehub/datasets/devbatrax/fracture-detection-using-x-ray-images/versions/1/data/train/fractured/55-rotated2-rotated1-rotated2.jpg,0,INVALID_MODALITY,train
C:/Users/Ankit/.cache/kagglehub/datasets/paultimothymooney/chest-xray-pneumonia/versions/2/chest_xray/chest_xray/train/NORMAL/IM-0608-0001.jpeg,1,VALID_MODALITY,train
C:/Users/Ankit/.cache/kagglehub/datasets/devbatrax/fracture-detection-using-x-ray-images/versions/1/data/train/not fractured/35-rotated3-rotated3.jpg,0,INVALID_MODALITY,train
C:/Users/Ankit/.cache/kagglehub/datasets/devbatrax/fracture-detection-using-x-ray-images/versions/1/data/train/not fractured/44-rotated1-rotated1-rotated2-rotated1.jpg,0,INVALID_MODALITY,train
C:/Users/Ankit/.cache/kagglehub/datasets/masoudnickparvar/brain-tumor-mri-dataset/versions/2/Training/meningioma/Tr-me_765.jpg,0,INVALID_MODALITY,train
C:/Users/Ankit/.cache/kagglehub/datasets/paultimothymooney/chest-xray-pneumonia/versions/2/chest_xray/train/NORMAL/NORMAL2-IM-0499-0001.jpeg,1,VALID_MODALITY,train
C:/Users/Ankit/.cache/kagglehub/datasets/paultimothymooney/chest-xray-pneumonia/versions/2/chest_xray/train/PNEUMONIA/person1455_virus_2487.jpeg,1,VALID_MODALITY,train
C:/Users/Ankit/.cache/kagglehub/datasets/paultimothymooney/chest-xray-pneumonia/versions/2/chest_xray/train/NORMAL/NORMAL2-IM-1125-0001.jpeg,1,VALID_MODALITY,val
C:/Users/Ankit/.cache/kagglehub/datasets/masoudnickparvar/brain-tumor-mri-dataset/versions/2/Training/meningioma/Tr-me_1058.jpg,0,INVALID_MODALITY,test
C:/Users/Ankit/.cache/kagglehub/datasets/masoudnickparvar/brain-tumor-mri-dataset/versions/2/Training/pituitary/Tr-pi_767.jpg,0,INVALID_MODALITY,train
C:/Users/Ankit/.cache/kagglehub/datasets/devbatrax/fracture-detection-using-x-ray-images/versions/1/data/val/not fractured/4-rotated1-rotated1.jpg,0,INVALID_MODALITY,train
C:/Users/Ankit/.cache/kagglehub/datasets/paultimothymooney/chest-xray-pneumonia/versions/2/chest_xray/chest_xray/train/PNEUMONIA/person383_bacteria_1751.jpeg,1,VALID_MODALITY,train
C:/Users/Ankit/.cache/kagglehub/datasets/paultimothymooney/chest-xray-pneumonia/versions/2/chest_xray/train/PNEUMONIA/person12_bacteria_47.jpeg,1,VALID_MODALITY,val
C:/Users/Ankit/.cache/kagglehub/datasets/paultimothymooney/chest-xray-pneumonia/versions/2/chest_xray/chest_xray/train/NORMAL/IM-0218-0001.jpeg,1,VALID_MODALITY,train
C:/Users/Ankit/.cache/kagglehub/datasets/devbatrax/fracture-detection-using-x-ray-images/versions/1/data/train/not fractured/34-rotated1-rotated3.jpg,0,INVALID_MODALITY,train
C:/Users/Ankit/.cache/kagglehub/datasets/paultimothymooney/chest-xray-pneumonia/versions/2/chest_xray/train/NORMAL/NORMAL2-IM-0772-0001.jpeg,1,VALID_MODALITY,val
C:/Users/Ankit/.cache/kagglehub/datasets/devbatrax/fracture-detection-using-x-ray-images/versions/1/data/train/fractured/28-rotated3-rotated1.jpg,0,INVALID_MODALITY,train
C:/Users/Ankit/.cache/kagglehub/datasets/paultimothymooney/chest-xray-pneumonia/versions/2/chest_xray/train/PNEUMONIA/person325_bacteria_1502.jpeg,1,VALID_MODALITY,train
C:/Users/Ankit/.cache/kagglehub/datasets/paultimothymooney/chest-xray-pneumonia/versions/2/chest_xray/train/PNEUMONIA/person1062_bacteria_2996.jpeg,1,VALID_MODALITY,train
C:/Users/Ankit/.cache/kagglehub/datasets/devbatrax/fracture-detection-using-x-ray-images/versions/1/data/train/fractured/27-rotated3-rotated1-rotated3.jpg,0,INVALID_MODALITY,train
C:/Users/Ankit/.cache/kagglehub/datasets/masoudnickparvar/brain-tumor-mri-dataset/versions/2/Training/pituitary/Tr-pi_197.jpg,0,INVALID_MODALITY,train
C:/Users/Ankit/.cache/kagglehub/datasets/masoudnickparvar/brain-tumor-mri-dataset/versions/2/Testing/pituitary/Te-pi_91.jpg,0,INVALID_MODALITY,train
C:/Users/Ankit/.cache/kagglehub/datasets/masoudnickparvar/brain-tumor-mri-dataset/versions/2/Testing/meningioma/Te-aug-me_21.jpg,0,INVALID_MODALITY,test
C:/Users/Ankit/.cache/kagglehub/datasets/paultimothymooney/chest-xray-pneumonia/versions/2/chest_xray/chest_xray/train/PNEUMONIA/person1333_bacteria_3385.jpeg,1,VALID_MODALITY,train
C:/Users/Ankit/.cache/kagglehub/datasets/masoudnickparvar/brain-tumor-mri-dataset/versions/2/Testing/pituitary/Te-pi_189.jpg,0,INVALID_MODALITY,train
C:/Users/Ankit/.cache/kagglehub/datasets/paultimothymooney/chest-xray-pneumonia/versions/2/chest_xray/chest_xray/train/PNEUMONIA/person413_bacteria_1830.jpeg,1,VALID_MODALITY,test
C:/Users/Ankit/.cache/kagglehub/datasets/paultimothymooney/chest-xray-pneumonia/versions/2/chest_xray/train/PNEUMONIA/person629_bacteria_2508.jpeg,1,VALID_MODALITY,train
C:/Users/Ankit/.cache/kagglehub/datasets/paultimothymooney/chest-xray-pneumonia/versions/2/chest_xray/chest_xray/test/PNEUMONIA/person93_bacteria_454.jpeg,1,VALID_MODALITY,train
C:/Users/Ankit/.cache/kagglehub/datasets/paultimothymooney/chest-xray-pneumonia/versions/2/chest_xray/chest_xray/train/PNEUMONIA/person61_bacteria_291.jpeg,1,VALID_MODALITY,train
C:/Users/Ankit/.cache/kagglehub/datasets/devbatrax/fracture-detection-using-x-ray-images/versions/1/data/train/fractured/67-rotated2-rotated1.jpg,0,INVALID_MODALITY,train
C:/Users/Ankit/.cache/kagglehub/datasets/devbatrax/fracture-detection-using-x-ray-images/versions/1/data/train/not fractured/64-rotated2-rotated1-rotated2-rotated1.jpg,0,INVALID_MODALITY,train
C:/Users/Ankit/.cache/kagglehub/datasets/devbatrax/fracture-detection-using-x-ray-images/versions/1/data/train/fractured/48-rotated1-rotated1-rotated2.jpg,0,INVALID_MODALITY,train
C:/Users/Ankit/.cache/kagglehub/datasets/devbatrax/fracture-detection-using-x-ray-images/versions/1/data/train/not fractured/47-rotated3-rotated1-rotated2-rotated1.jpg,0,INVALID_MODALITY,val
C:/Users/Ankit/.cache/kagglehub/datasets/paultimothymooney/chest-xray-pneumonia/versions/2/chest_xray/train/PNEUMONIA/person1713_bacteria_4530.jpeg,1,VALID_MODALITY,train
C:/Users/Ankit/.cache/kagglehub/datasets/masoudnickparvar/brain-tumor-mri-dataset/versions/2/Training/pituitary/Tr-pi_807.jpg,0,INVALID_MODALITY,train
C:/Users/Ankit/.cache/kagglehub/datasets/masoudnickparvar/brain-tumor-mri-dataset/versions/2/Testing/glioma/Te-gl_358.jpg,0,INVALID_MODALITY,train
C:/Users/Ankit/.cache/kagglehub/datasets/paultimothymooney/chest-xray-pneumonia/versions/2/chest_xray/train/PNEUMONIA/person738_bacteria_2641.jpeg,1,VALID_MODALITY,train
