filepath,label,split
C:/Users/Ankit/.cache/kagglehub/datasets/masoudnickparvar/brain-tumor-mri-dataset/versions/2/Training/pituitary/Tr-pi_500.jpg,TUMOR,train
C:/Users/Ankit/.cache/kagglehub/datasets/masoudnickparvar/brain-tumor-mri-dataset/versions/2/Testing/meningioma/Te-me_297.jpg,TUMOR,train
C:/Users/Ankit/.cache/kagglehub/datasets/masoudnickparvar/brain-tumor-mri-dataset/versions/2/Training/glioma/Tr-gl_13.jpg,TUMOR,train
C:/Users/Ankit/.cache/kagglehub/datasets/masoudnickparvar/brain-tumor-mri-dataset/versions/2/Training/meningioma/Tr-me_771.jpg,TUMOR,train
C:/Users/Ankit/.cache/kagglehub/datasets/masoudnickparvar/brain-tumor-mri-dataset/versions/2/Training/pituitary/Tr-pi_298.jpg,TUMOR,train
C:/Users/Ankit/.cache/kagglehub/datasets/masoudnickparvar/brain-tumor-mri-dataset/versions/2/Training/meningioma/Tr-me_883.jpg,TUMOR,train
C:/Users/Ankit/.cache/kagglehub/datasets/masoudnickparvar/brain-tumor-mri-dataset/versions/2/Training/meningioma/Tr-me_990.jpg,TUMOR,train
C:/Users/Ankit/.cache/kagglehub/datasets/masoudnickparvar/brain-tumor-mri-dataset/versions/2/Training/meningioma/Tr-me_373.jpg,TUMOR,train
C:/Users/Ankit/.cache/kagglehub/datasets/masoudnickparvar/brain-tumor-mri-dataset/versions/2/Training/pituitary/Tr-pi_1235.jpg,TUMOR,train
C:/Users/Ankit/.cache/kagglehub/datasets/masoudnickparvar/brain-tumor-mri-dataset/versions/2/Training/glioma/Tr-gl_29.jpg,TUMOR,train
C:/Users/Ankit/.cache/kagglehub/datasets/masoudnickparvar/brain-tumor-mri-dataset/versions/2/Testing/pituitary/Te-pi_199.jpg,TUMOR,train
C:/Users/Ankit/.cache/kagglehub/datasets/masoudnickparvar/brain-tumor-mri-dataset/versions/2/Training/pituitary/Tr-pi_543.jpg,TUMOR,train
C:/Users/Ankit/.cache/kagglehub/datasets/masoudnickparvar/brain-tumor-mri-dataset/versions/2/Training/pituitary/Tr-pi_411.jpg,TUMOR,train
C:/Users/Ankit/.cache/kagglehub/datasets/masoudnickparvar/brain-tumor-mri-dataset/versions/2/Testing/pituitary/Te-pi_41.jpg,TUMOR,train
C:/Users/Ankit/.cache/kagglehub/datasets/masoudnickparvar/brain-tumor-mri-dataset/versions/2/Training/meningioma/Tr-me_1182.jpg,TUMOR,train
C:/Users/Ankit/.cache/kagglehub/datasets/masoudnickparvar/brain-tumor-mri-dataset/versions/2/Training/glioma/Tr-gl_307.jpg,TUMOR,train
C:/Users/Ankit/.cache/kagglehub/datasets/masoudnickparvar/brain-tumor-mri-dataset/versions/2/Testing/meningioma/Te-aug-me_11.jpg,TUMOR,train
C:/Users/Ankit/.cache/kagglehub/datasets/masoudnickparvar/brain-tumor-mri-dataset/versions/2/Training/meningioma/Tr-me_361.jpg,TUMOR,train
C:/Users/Ankit/.cache/kagglehub/datasets/masoudnickparvar/brain-tumor-mri-dataset/versions/2/Testing/pituitary/Te-pi_314.jpg,TUMOR,train
C:/Users/Ankit/.cache/kagglehub/datasets/masoudnickparvar/brain-tumor-mri-dataset/versions/2/Training/pituitary/Tr-pi_664.jpg,TUMOR,train
C:/Users/Ankit/.cache/kagglehub/datasets/masoudnickparvar/brain-tumor-mri-dataset/versions/2/Training/meningioma/Tr-me_701.jpg,TUMOR,train
C:/Users/Ankit/.cache/kagglehub/datasets/masoudnickparvar/brain-tumor-mri-dataset/versions/2/Training/meningioma/Tr-me_152.jpg,TUMOR,train
C:/Users/Ankit/.cache/kagglehub/datasets/masoudnickparvar/brain-tumor-mri-dataset/versions/2/Training/pituitary/Tr-pi_901.jpg,TUMOR,train
C:/Users/Ankit/.cache/kagglehub/datasets/masoudnickparvar/brain-tumor-mri-dataset/versions/2/Training/pituitary/Tr-pi_860.jpg,TUMOR,train
C:/Users/Ankit/.cache/kagglehub/datasets/masoudnickparvar/brain-tumor-mri-dataset/versions/2/Training/glioma/Tr-gl_1186.jpg,TUMOR,train
C:/Users/Ankit/.cache/kagglehub/datasets/masoudnickparvar/brain-tumor-mri-dataset/versions/2/Training/pituitary/Tr-pi_1162.jpg,TUMOR,train
C:/Users/Ankit/.cache/kagglehub/datasets/masoudnickparvar/brain-tumor-mri-dataset/versions/2/Training/glioma/Tr-gl_99.jpg,TUMOR,train
C:/Users/Ankit/.cache/kagglehub/datasets/masoudnickparvar/brain-tumor-mri-dataset/versions/2/Training/glioma/Tr-gl_1303.jpg,TUMOR,train
C:/Users/Ankit/.cache/kagglehub/datasets/masoudnickparvar/brain-tumor-mri-dataset/versions/2/Training/glioma/Tr-gl_1164.jpg,TUMOR,train
C:/Users/Ankit/.cache/kagglehub/datasets/masoudnickparvar/brain-tumor-mri-dataset/versions/2/Training/glioma/Tr-gl_1347.jpg,TUMOR,train
C:/Users/Ankit/.cache/kagglehub/datasets/masoudnickparvar/brain-tumor-mri-dataset/versions/2/Training/glioma/Tr-gl_414.jpg,TUMOR,train
C:/Users/Ankit/.cache/kagglehub/datasets/masoudnickparvar/brain-tumor-mri-dataset/versions/2/Training/pituitary/Tr-pi_960.jpg,TUMOR,train
C:/Users/Ankit/.cache/kagglehub/datasets/masoudnickparvar/brain-tumor-mri-dataset/versions/2/Testing/meningioma/Te-me_255.jpg,TUMOR,train
C:/Users/Ankit/.cache/kagglehub/datasets/masoudnickparvar/brain-tumor-mri-dataset/versions/2/Training/pituitary/Tr-pi_386.jpg,TUMOR,train
C:/Users/Ankit/.cache/kagglehub/datasets/masoudnickparvar/brain-tumor-mri-dataset/versions/2/Testing/meningioma/Te-me_60.jpg,TUMOR,train
C:/Users/Ankit/.cache/kagglehub/datasets/masoudnickparvar/brain-tumor-mri-dataset/versions/2/Testing/glioma/Te-gl_274.jpg,TUMOR,train
C:/Users/Ankit/.cache/kagglehub/datasets/masoudnickparvar/brain-tumor-mri-dataset/versions/2/Testing/glioma/Te-gl_126.jpg,TUMOR,train
C:/Users/Ankit/.cache/kagglehub/datasets/masoudnickparvar/brain-tumor-mri-dataset/versions/2/Training/pituitary/Tr-pi_819.jpg,TUMOR,train
C:/Users/Ankit/.cache/kagglehub/datasets/masoudnickparvar/brain-tumor-mri-dataset/versions/2/Training/pituitary/Tr-pi_946.jpg,TUMOR,train
C:/Users/Ankit/.cache/kagglehub/datasets/masoudnickparvar/brain-tumor-mri-dataset/versions/2/Training/glioma/Tr-gl_107.jpg,TUMOR,train
C:/Users/Ankit/.cache/kagglehub/datasets/masoudnickparvar/brain-tumor-mri-dataset/versions/2/Training/glioma/Tr-gl_996.jpg,TUMOR,train
C:/Users/Ankit/.cache/kagglehub/datasets/masoudnickparvar/brain-tumor-mri-dataset/versions/2/Training/glioma/Tr-gl_349.jpg,TUMOR,train
C:/Users/Ankit/.cache/kagglehub/datasets/masoudnickparvar/brain-tumor-mri-dataset/versions/2/Training/meningioma/Tr-aug-me_3.jpg,TUMOR,train
C:/Users/Ankit/.cache/kagglehub/datasets/masoudnickparvar/brain-tumor-mri-dataset/versions/2/Training/meningioma/Tr-me_180.jpg,TUMOR,train
C:/Users/Ankit/.cache/kagglehub/datasets/masoudnickparvar/brain-tumor-mri-dataset/versions/2/Training/meningioma/Tr-me_124.jpg,TUMOR,train
C:/Users/Ankit/.cache/kagglehub/datasets/masoudnickparvar/brain-tumor-mri-dataset/versions/2/Training/meningioma/Tr-me_508.jpg,TUMOR,train
C:/Users/Ankit/.cache/kagglehub/datasets/masoudnickparvar/brain-tumor-mri-dataset/versions/2/Training/meningioma/Tr-me_638.jpg,TUMOR,train
C:/Users/Ankit/.cache/kagglehub/datasets/masoudnickparvar/brain-tumor-mri-dataset/versions/2/Training/pituitary/Tr-pi_1191.jpg,TUMOR,train
C:/Users/Ankit/.cache/kagglehub/datasets/masoudnickparvar/brain-tumor-mri-dataset/versions/2/Training/glioma/Tr-gl_704.jpg,TUMOR,train
C:/Users/Ankit/.cache/kagglehub/datasets/masoudnickparvar/brain-tumor-mri-dataset/versions/2/Training/glioma/Tr-gl_1359.jpg,TUMOR,train
C:/Users/Ankit/.cache/kagglehub/datasets/masoudnickparvar/brain-tumor-mri-dataset/versions/2/Training/glioma/Tr-gl_156.jpg,TUMOR,train
C:/Users/Ankit/.cache/kagglehub/datasets/masoudnickparvar/brain-tumor-mri-dataset/versions/2/Training/glioma/Tr-gl_582.jpg,TUMOR,train
C:/Users/Ankit/.cache/kagglehub/datasets/masoudnickparvar/brain-tumor-mri-dataset/versions/2/Training/glioma/Tr-gl_982.jpg,TUMOR,train
C:/Users/Ankit/.cache/kagglehub/datasets/masoudnickparvar/brain-tumor-mri-dataset/versions/2/Training/glioma/Tr-gl_1065.jpg,TUMOR,train
C:/Users/Ankit/.cache/kagglehub/datasets/masoudnickparvar/brain-tumor-mri-dataset/versions/2/Testing/pituitary/Te-pi_219.jpg,TUMOR,train
C:/Users/Ankit/.cache/kagglehub/datasets/masoudnickparvar/brain-tumor-mri-dataset/versions/2/Testing/glioma/Te-gl_231.jpg,TUMOR,train
C:/Users/Ankit/.cache/kagglehub/datasets/masoudnickparvar/brain-tumor-mri-dataset/versions/2/Training/glioma/Tr-gl_599.jpg,TUMOR,train
C:/Users/Ankit/.cache/kagglehub/datasets/masoudnickparvar/brain-tumor-mri-dataset/versions/2/Training/pituitary/Tr-pi_1076.jpg,TUMOR,train
C:/Users/Ankit/.cache/kagglehub/datasets/masoudnickparvar/brain-tumor-mri-dataset/versions/2/Training/pituitary/Tr-pi_982.jpg,TUMOR,train
C:/Users/Ankit/.cache/kagglehub/datasets/masoudnickparvar/brain-tumor-mri-dataset/versions/2/Training/pituitary/Tr-pi_1246.jpg,TUMOR,train
C:/Users/Ankit/.cache/kagglehub/datasets/masoudnickparvar/brain-tumor-mri-dataset/versions/2/Training/pituitary/Tr-pi_157.jpg,TUMOR,train
C:/Users/Ankit/.cache/kagglehub/datasets/masoudnickparvar/brain-tumor-mri-dataset/versions/2/Training/pituitary/Tr-pi_1301.jpg,TUMOR,train
C:/Users/Ankit/.cache/kagglehub/datasets/masoudnickparvar/brain-tumor-mri-dataset/versions/2/Training/pituitary/Tr-pi_118.jpg,TUMOR,train
C:/Users/Ankit/.cache/kagglehub/datasets/masoudnickparvar/brain-tumor-mri-dataset/versions/2/Training/meningioma/Tr-me_923.jpg,TUMOR,train
C:/Users/Ankit/.cache/kagglehub/datasets/masoudnickparvar/brain-tumor-mri-dataset/versions/2/Training/glioma/Tr-gl_531.jpg,TUMOR,train
C:/Users/Ankit/.cache/kagglehub/datasets/masoudnickparvar/brain-tumor-mri-dataset/versions/2/Training/pituitary/Tr-pi_90.jpg,TUMOR,train
C:/Users/Ankit/.cache/kagglehub/datasets/masoudnickparvar/brain-tumor-mri-dataset/versions/2/Training/meningioma/Tr-me_929.jpg,TUMOR,train
C:/Users/Ankit/.cache/kagglehub/datasets/masoudnickparvar/brain-tumor-mri-dataset/versions/2/Training/meningioma/Tr-me_755.jpg,TUMOR,train
C:/Users/Ankit/.cache/kagglehub/datasets/masoudnickparvar/brain-tumor-mri-dataset/versions/2/Training/glioma/Tr-gl_1392.jpg,TUMOR,train
C:/Users/Ankit/.cache/kagglehub/datasets/masoudnickparvar/brain-tumor-mri-dataset/versions/2/Training/pituitary/Tr-pi_220.jpg,TUMOR,train
C:/Users/Ankit/.cache/kagglehub/datasets/masoudnickparvar/brain-tumor-mri-dataset/versions/2/Training/glioma/Tr-gl_647.jpg,TUMOR,train
C:/Users/Ankit/.cache/kagglehub/datasets/masoudnickparvar/brain-tumor-mri-dataset/versions/2/Training/glioma/Tr-gl_128.jpg,TUMOR,train
C:/Users/Ankit/.cache/kagglehub/datasets/masoudnickparvar/brain-tumor-mri-dataset/versions/2/Training/meningioma/Tr-me_1152.jpg,TUMOR,train
C:/Users/Ankit/.cache/kagglehub/datasets/masoudnickparvar/brain-tumor-mri-dataset/versions/2/Testing/glioma/Te-gl_67.jpg,TUMOR,train
C:/Users/Ankit/.cache/kagglehub/datasets/masoudnickparvar/brain-tumor-mri-dataset/versions/2/Training/glioma/Tr-gl_385.jpg,TUMOR,train
C:/Users/Ankit/.cache/kagglehub/datasets/masoudnickparvar/brain-tumor-mri-dataset/versions/2/Testing/glioma/Te-gl_79.jpg,TUMOR,train
C:/Users/Ankit/.cache/kagglehub/datasets/masoudnickparvar/brain-tumor-mri-dataset/versions/2/Testing/pituitary/Te-pi_159.jpg,TUMOR,train
C:/Users/Ankit/.cache/kagglehub/datasets/masoudnickparvar/brain-tumor-mri-dataset/versions/2/Training/pituitary/Tr-pi_1194.jpg,TUMOR,train
C:/Users/Ankit/.cache/kagglehub/datasets/masoudnickparvar/brain-tumor-mri-dataset/versions/2/Testing/glioma/Te-gl_204.jpg,TUMOR,train
C:/Users/Ankit/.cache/kagglehub/datasets/masoudnickparvar/brain-tumor-mri-dataset/versions/2/Training/pituitary/Tr-pi_947.jpg,TUMOR,train
C:/Users/Ankit/.cache/kagglehub/datasets/masoudnickparvar/brain-tumor-mri-dataset/versions/2/Training/pituitary/Tr-pi_1365.jpg,TUMOR,train
C:/Users/Ankit/.cache/kagglehub/datasets/masoudnickparvar/brain-tumor-mri-dataset/versions/2/Training/glioma/Tr-gl_428.jpg,TUMOR,train
C:/Users/Ankit/.cache/kagglehub/datasets/masoudnickparvar/brain-tumor-mri-dataset/versions/2/Training/glioma/Tr-gl_93.jpg,TUMOR,train
C:/Users/Ankit/.cache/kagglehub/datasets/masoudnickparvar/brain-tumor-mri-dataset/versions/2/Testing/meningioma/Te-me_133.jpg,TUMOR,train
C:/Users/Ankit/.cache/kagglehub/datasets/masoudnickparvar/brain-tumor-mri-dataset/versions/2/Training/meningioma/Tr-me_475.jpg,TUMOR,train
C:/Users/Ankit/.cache/kagglehub/datasets/masoudnickparvar/brain-tumor-mri-dataset/versions/2/Testing/pituitary/Te-pi_347.jpg,TUMOR,train
C:/Users/Ankit/.cache/kagglehub/datasets/masoudnickparvar/brain-tumor-mri-dataset/versions/2/Training/glioma/Tr-gl_655.jpg,TUMOR,train
C:/Users/Ankit/.cache/kagglehub/datasets/masoudnickparvar/brain-tumor-mri-dataset/versions/2/Training/glioma/Tr-gl_1112.jpg,TUMOR,train
C:/Users/Ankit/.cache/kagglehub/datasets/masoudnickparvar/brain-tumor-mri-dataset/versions/2/Testing/meningioma/Te-me_290.jpg,TUMOR,train
C:/Users/Ankit/.cache/kagglehub/datasets/masoudnickparvar/brain-tumor-mri-dataset/versions/2/Training/meningioma/Tr-aug-me_12.jpg,TUMOR,train
C:/Users/Ankit/.cache/kagglehub/datasets/masoudnickparvar/brain-tumor-mri-dataset/versions/2/Testing/pituitary/Te-pi_160.jpg,TUMOR,train
C:/Users/Ankit/.cache/kagglehub/datasets/masoudnickparvar/brain-tumor-mri-dataset/versions/2/Testing/meningioma/Te-aug-me_60.jpg,TUMOR,train
C:/Users/Ankit/.cache/kagglehub/datasets/masoudnickparvar/brain-tumor-mri-dataset/versions/2/Testing/meningioma/Te-me_149.jpg,TUMOR,train
C:/Users/Ankit/.cache/kagglehub/datasets/masoudnickparvar/brain-tumor-mri-dataset/versions/2/Training/pituitary/Tr-pi_327.jpg,TUMOR,train
C:/Users/Ankit/.cache/kagglehub/datasets/masoudnickparvar/brain-tumor-mri-dataset/versions/2/Training/glioma/Tr-gl_1220.jpg,TUMOR,train
C:/Users/Ankit/.cache/kagglehub/datasets/masoudnickparvar/brain-tumor-mri-dataset/versions/2/Training/glioma/Tr-gl_395.jpg,TUMOR,train
C:/Users/Ankit/.cache/kagglehub/datasets/masoudnickparvar/brain-tumor-mri-dataset/versions/2/Training/meningioma/Tr-me_70.jpg,TUMOR,train
C:/Users/Ankit/.cache/kagglehub/datasets/masoudnickparvar/brain-tumor-mri-dataset/versions/2/Training/glioma/Tr-gl_1123.jpg,TUMOR,train
C:/Users/Ankit/.cache/kagglehub/datasets/masoudnickparvar/brain-tumor-mri-dataset/versions/2/Testing/glioma/Te-gl_167.jpg,TUMOR,train
C:/Users/Ankit/.cache/kagglehub/datasets/masoudnickparvar/brain-tumor-mri-dataset/versions/2/Training/glioma/Tr-gl_695.jpg,TUMOR,train
C:/Users/Ankit/.cache/kagglehub/datasets/masoudnickparvar/brain-tumor-mri-dataset/versions/2/Training/glioma/Tr-gl_305.jpg,TUMOR,train
C:/Users/Ankit/.cache/kagglehub/datasets/masoudnickparvar/brain-tumor-mri-dataset/versions/2/Training/pituitary/Tr-pi_943.jpg,TUMOR,train
C:/Users/Ankit/.cache/kagglehub/datasets/masoudnickparvar/brain-tumor-mri-dataset/versions/2/Training/pituitary/Tr-pi_189.jpg,TUMOR,train
C:/Users/Ankit/.cache/kagglehub/datasets/masoudnickparvar/brain-tumor-mri-dataset/versions/2/Training/meningioma/Tr-me_110.jpg,TUMOR,train
C:/Users/Ankit/.cache/kagglehub/datasets/masoudnickparvar/brain-tumor-mri-dataset/versions/2/Testing/pituitary/Te-pi_323.jpg,TUMOR,train
C:/Users/Ankit/.cache/kagglehub/datasets/masoudnickparvar/brain-tumor-mri-dataset/versions/2/Testing/meningioma/Te-aug-me_57.jpg,TUMOR,train
C:/Users/Ankit/.cache/kagglehub/datasets/masoudnickparvar/brain-tumor-mri-dataset/versions/2/Testing/glioma/Te-gl_261.jpg,TUMOR,train
C:/Users/Ankit/.cache/kagglehub/datasets/masoudnickparvar/brain-tumor-mri-dataset/versions/2/Testing/pituitary/Te-pi_2.jpg,TUMOR,train
C:/Users/Ankit/.cache/kagglehub/datasets/masoudnickparvar/brain-tumor-mri-dataset/versions/2/Testing/meningioma/Te-aug-me_4.jpg,TUMOR,train
C:/Users/Ankit/.cache/kagglehub/datasets/masoudnickparvar/brain-tumor-mri-dataset/versions/2/Training/glioma/Tr-gl_37.jpg,TUMOR,train
C:/Users/Ankit/.cache/kagglehub/datasets/masoudnickparvar/brain-tumor-mri-dataset/versions/2/Training/meningioma/Tr-aug-me_99.jpg,TUMOR,train
C:/Users/Ankit/.cache/kagglehub/datasets/masoudnickparvar/brain-tumor-mri-dataset/versions/2/Training/glioma/Tr-gl_177.jpg,TUMOR,train
C:/Users/Ankit/.cache/kagglehub/datasets/masoudnickparvar/brain-tumor-mri-dataset/versions/2/Training/pituitary/Tr-pi_263.jpg,TUMOR,train
C:/Users/Ankit/.cache/kagglehub/datasets/masoudnickparvar/brain-tumor-mri-dataset/versions/2/Training/meningioma/Tr-me_140.jpg,TUMOR,train
C:/Users/Ankit/.cache/kagglehub/datasets/masoudnickparvar/brain-tumor-mri-dataset/versions/2/Training/pituitary/Tr-pi_306.jpg,TUMOR,train
C:/Users/Ankit/.cache/kagglehub/datasets/masoudnickparvar/brain-tumor-mri-dataset/versions/2/Testing/pituitary/Te-pi_315.jpg,TUMOR,train
C:/Users/Ankit/.cache/kagglehub/datasets/masoudnickparvar/brain-tumor-mri-dataset/versions/2/Training/pituitary/Tr-pi_944.jpg,TUMOR,train
C:/Users/Ankit/.cache/kagglehub/datasets/masoudnickparvar/brain-tumor-mri-dataset/versions/2/Testing/glioma/Te-gl_27.jpg,TUMOR,train
C:/Users/Ankit/.cache/kagglehub/datasets/masoudnickparvar/brain-tumor-mri-dataset/versions/2/Training/pituitary/Tr-pi_40.jpg,TUMOR,train
C:/Users/Ankit/.cache/kagglehub/datasets/masoudnickparvar/brain-tumor-mri-dataset/versions/2/Training/glioma/Tr-gl_935.jpg,TUMOR,train
C:/Users/Ankit/.cache/kagglehub/datasets/masoudnickparvar/brain-tumor-mri-dataset/versions/2/Training/meningioma/Tr-me_1299.jpg,TUMOR,train
C:/Users/Ankit/.cache/kagglehub/datasets/masoudnickparvar/brain-tumor-mri-dataset/versions/2/Testing/pituitary/Te-pi_29.jpg,TUMOR,train
C:/Users/Ankit/.cache/kagglehub/datasets/masoudnickparvar/brain-tumor-mri-dataset/versions/2/Training/meningioma/Tr-me_1137.jpg,TUMOR,train
C:/Users/Ankit/.cache/kagglehub/datasets/masoudnickparvar/brain-tumor-mri-dataset/versions/2/Testing/pituitary/Te-pi_361.jpg,TUMOR,train
C:/Users/Ankit/.cache/kagglehub/datasets/masoudnickparvar/brain-tumor-mri-dataset/versions/2/Testing/meningioma/Te-me_47.jpg,TUMOR,train
C:/Users/Ankit/.cache/kagglehub/datasets/masoudnickparvar/brain-tumor-mri-dataset/versions/2/Training/pituitary/Tr-pi_329.jpg,TUMOR,train
C:/Users/Ankit/.cache/kagglehub/datasets/masoudnickparvar/brain-tumor-mri-dataset/versions/2/Training/pituitary/Tr-pi_1223.jpg,TUMOR,train
C:/Users/Ankit/.cache/kagglehub/datasets/masoudnickparvar/brain-tumor-mri-dataset/versions/2/Training/pituitary/Tr-pi_850.jpg,TUMOR,train
C:/Users/Ankit/.cache/kagglehub/datasets/masoudnickparvar/brain-tumor-mri-dataset/versions/2/Training/pituitary/Tr-pi_1212.jpg,TUMOR,train
C:/Users/Ankit/.cache/kagglehub/datasets/masoudnickparvar/brain-tumor-mri-dataset/versions/2/Training/pituitary/Tr-pi_862.jpg,TUMOR,train
C:/Users/Ankit/.cache/kagglehub/datasets/masoudnickparvar/brain-tumor-mri-dataset/versions/2/Testing/pituitary/Te-pi_6.jpg,TUMOR,train
C:/Users/Ankit/.cache/kagglehub/datasets/masoudnickparvar/brain-tumor-mri-dataset/versions/2/Training/pituitary/Tr-pi_413.jpg,TUMOR,train
C:/Users/Ankit/.cache/kagglehub/datasets/masoudnickparvar/brain-tumor-mri-dataset/versions/2/Testing/pituitary/Te-pi_125.jpg,TUMOR,train
C:/Users/Ankit/.cache/kagglehub/datasets/masoudnickparvar/brain-tumor-mri-dataset/versions/2/Testing/meningioma/Te-me_254.jpg,TUMOR,train
C:/Users/Ankit/.cache/kagglehub/datasets/masoudnickparvar/brain-tumor-mri-dataset/versions/2/Training/pituitary/Tr-pi_934.jpg,TUMOR,train
C:/Users/Ankit/.cache/kagglehub/datasets/masoudnickparvar/brain-tumor-mri-dataset/versions/2/Training/glioma/Tr-gl_85.jpg,TUMOR,train
C:/Users/Ankit/.cache/kagglehub/datasets/masoudnickparvar/brain-tumor-mri-dataset/versions/2/Training/pituitary/Tr-pi_405.jpg,TUMOR,train
C:/Users/Ankit/.cache/kagglehub/datasets/masoudnickparvar/brain-tumor-mri-dataset/versions/2/Testing/pituitary/Te-pi_209.jpg,TUMOR,train
C:/Users/Ankit/.cache/kagglehub/datasets/masoudnickparvar/brain-tumor-mri-dataset/versions/2/Training/glioma/Tr-gl_1397.jpg,TUMOR,train
C:/Users/Ankit/.cache/kagglehub/datasets/masoudnickparvar/brain-tumor-mri-dataset/versions/2/Training/pituitary/Tr-pi_422.jpg,TUMOR,train
C:/Users/Ankit/.cache/kagglehub/datasets/masoudnickparvar/brain-tumor-mri-dataset/versions/2/Testing/glioma/Te-gl_81.jpg,TUMOR,train
C:/Users/Ankit/.cache/kagglehub/datasets/masoudnickparvar/brain-tumor-mri-dataset/versions/2/Testing/pituitary/Te-pi_27.jpg,TUMOR,train
C:/Users/Ankit/.cache/kagglehub/datasets/masoudnickparvar/brain-tumor-mri-dataset/versions/2/Training/meningioma/Tr-me_585.jpg,TUMOR,train
C:/Users/Ankit/.cache/kagglehub/datasets/masoudnickparvar/brain-tumor-mri-dataset/versions/2/Testing/glioma/Te-gl_186.jpg,TUMOR,train
C:/Users/Ankit/.cache/kagglehub/datasets/masoudnickparvar/brain-tumor-mri-dataset/versions/2/Training/meningioma/Tr-me_939.jpg,TUMOR,train
C:/Users/Ankit/.cache/kagglehub/datasets/masoudnickparvar/brain-tumor-mri-dataset/versions/2/Training/meningioma/Tr-me_1178.jpg,TUMOR,train
C:/Users/Ankit/.cache/kagglehub/datasets/masoudnickparvar/brain-tumor-mri-dataset/versions/2/Testing/pituitary/Te-pi_155.jpg,TUMOR,train
C:/Users/Ankit/.cache/kagglehub/datasets/masoudnickparvar/brain-tumor-mri-dataset/versions/2/Training/glioma/Tr-gl_228.jpg,TUMOR,train
C:/Users/Ankit/.cache/kagglehub/datasets/masoudnickparvar/brain-tumor-mri-dataset/versions/2/Training/pituitary/Tr-pi_70.jpg,TUMOR,train
C:/Users/Ankit/.cache/kagglehub/datasets/masoudnickparvar/brain-tumor-mri-dataset/versions/2/Testing/pituitary/Te-pi_107.jpg,TUMOR,train
C:/Users/Ankit/.cache/kagglehub/datasets/masoudnickparvar/brain-tumor-mri-dataset/versions/2/Training/glioma/Tr-gl_1050.jpg,TUMOR,train
C:/Users/Ankit/.cache/kagglehub/datasets/masoudnickparvar/brain-tumor-mri-dataset/versions/2/Training/pituitary/Tr-pi_45.jpg,TUMOR,train
C:/Users/Ankit/.cache/kagglehub/datasets/masoudnickparvar/brain-tumor-mri-dataset/versions/2/Testing/glioma/Te-gl_301.jpg,TUMOR,train
C:/Users/Ankit/.cache/kagglehub/datasets/masoudnickparvar/brain-tumor-mri-dataset/versions/2/Training/glioma/Tr-gl_915.jpg,TUMOR,train
C:/Users/Ankit/.cache/kagglehub/datasets/masoudnickparvar/brain-tumor-mri-dataset/versions/2/Training/glioma/Tr-gl_1051.jpg,TUMOR,train
C:/Users/Ankit/.cache/kagglehub/datasets/masoudnickparvar/brain-tumor-mri-dataset/versions/2/Training/meningioma/Tr-me_136.jpg,TUMOR,train
C:/Users/Ankit/.cache/kagglehub/datasets/masoudnickparvar/brain-tumor-mri-dataset/versions/2/Training/pituitary/Tr-pi_415.jpg,TUMOR,train
C:/Users/Ankit/.cache/kagglehub/datasets/masoudnickparvar/brain-tumor-mri-dataset/versions/2/Training/glioma/Tr-gl_921.jpg,TUMOR,train
C:/Users/Ankit/.cache/kagglehub/datasets/masoudnickparvar/brain-tumor-mri-dataset/versions/2/Training/pituitary/Tr-pi_658.jpg,TUMOR,train
C:/Users/Ankit/.cache/kagglehub/datasets/masoudnickparvar/brain-tumor-mri-dataset/versions/2/Training/meningioma/Tr-aug-me_1.jpg,TUMOR,train
C:/Users/Ankit/.cache/kagglehub/datasets/masoudnickparvar/brain-tumor-mri-dataset/versions/2/Training/glioma/Tr-gl_259.jpg,TUMOR,train
C:/Users/Ankit/.cache/kagglehub/datasets/masoudnickparvar/brain-tumor-mri-dataset/versions/2/Testing/glioma/Te-gl_314.jpg,TUMOR,train
C:/Users/Ankit/.cache/kagglehub/datasets/masoudnickparvar/brain-tumor-mri-dataset/versions/2/Training/glioma/Tr-gl_723.jpg,TUMOR,train
C:/Users/Ankit/.cache/kagglehub/datasets/masoudnickparvar/brain-tumor-mri-dataset/versions/2/Training/meningioma/Tr-me_1232.jpg,TUMOR,train
C:/Users/Ankit/.cache/kagglehub/datasets/masoudnickparvar/brain-tumor-mri-dataset/versions/2/Training/pituitary/Tr-pi_66.jpg,TUMOR,train
C:/Users/Ankit/.cache/kagglehub/datasets/masoudnickparvar/brain-tumor-mri-dataset/versions/2/Testing/pituitary/Te-pi_275.jpg,TUMOR,train
C:/Users/Ankit/.cache/kagglehub/datasets/masoudnickparvar/brain-tumor-mri-dataset/versions/2/Training/pituitary/Tr-pi_634.jpg,TUMOR,train
C:/Users/Ankit/.cache/kagglehub/datasets/masoudnickparvar/brain-tumor-mri-dataset/versions/2/Training/glioma/Tr-gl_523.jpg,TUMOR,train
C:/Users/Ankit/.cache/kagglehub/datasets/masoudnickparvar/brain-tumor-mri-dataset/versions/2/Training/glioma/Tr-gl_552.jpg,TUMOR,train
C:/Users/Ankit/.cache/kagglehub/datasets/masoudnickparvar/brain-tumor-mri-dataset/versions/2/Training/meningioma/Tr-me_1221.jpg,TUMOR,train
C:/Users/Ankit/.cache/kagglehub/datasets/masoudnickparvar/brain-tumor-mri-dataset/versions/2/Training/meningioma/Tr-me_870.jpg,TUMOR,train
C:/Users/Ankit/.cache/kagglehub/datasets/masoudnickparvar/brain-tumor-mri-dataset/versions/2/Testing/pituitary/Te-pi_341.jpg,TUMOR,train
C:/Users/Ankit/.cache/kagglehub/datasets/masoudnickparvar/brain-tumor-mri-dataset/versions/2/Training/pituitary/Tr-pi_1225.jpg,TUMOR,train
C:/Users/Ankit/.cache/kagglehub/datasets/masoudnickparvar/brain-tumor-mri-dataset/versions/2/Training/meningioma/Tr-me_914.jpg,TUMOR,train
C:/Users/Ankit/.cache/kagglehub/datasets/masoudnickparvar/brain-tumor-mri-dataset/versions/2/Training/meningioma/Tr-me_1194.jpg,TUMOR,train
C:/Users/Ankit/.cache/kagglehub/datasets/masoudnickparvar/brain-tumor-mri-dataset/versions/2/Training/pituitary/Tr-pi_519.jpg,TUMOR,train
C:/Users/Ankit/.cache/kagglehub/datasets/masoudnickparvar/brain-tumor-mri-dataset/versions/2/Training/meningioma/Tr-me_426.jpg,TUMOR,train
C:/Users/Ankit/.cache/kagglehub/datasets/masoudnickparvar/brain-tumor-mri-dataset/versions/2/Training/meningioma/Tr-me_993.jpg,TUMOR,train
C:/Users/Ankit/.cache/kagglehub/datasets/masoudnickparvar/brain-tumor-mri-dataset/versions/2/Testing/glioma/Te-gl_308.jpg,TUMOR,train
C:/Users/Ankit/.cache/kagglehub/datasets/masoudnickparvar/brain-tumor-mri-dataset/versions/2/Training/pituitary/Tr-pi_303.jpg,TUMOR,train
C:/Users/Ankit/.cache/kagglehub/datasets/masoudnickparvar/brain-tumor-mri-dataset/versions/2/Training/glioma/Tr-gl_913.jpg,TUMOR,train
C:/Users/Ankit/.cache/kagglehub/datasets/masoudnickparvar/brain-tumor-mri-dataset/versions/2/Training/glioma/Tr-gl_1063.jpg,TUMOR,train
C:/Users/Ankit/.cache/kagglehub/datasets/masoudnickparvar/brain-tumor-mri-dataset/versions/2/Training/pituitary/Tr-pi_359.jpg,TUMOR,train
C:/Users/Ankit/.cache/kagglehub/datasets/masoudnickparvar/brain-tumor-mri-dataset/versions/2/Training/pituitary/Tr-pi_509.jpg,TUMOR,train
C:/Users/Ankit/.cache/kagglehub/datasets/masoudnickparvar/brain-tumor-mri-dataset/versions/2/Testing/meningioma/Te-me_251.jpg,TUMOR,train
C:/Users/Ankit/.cache/kagglehub/datasets/masoudnickparvar/brain-tumor-mri-dataset/versions/2/Training/pituitary/Tr-pi_1273.jpg,TUMOR,train
C:/Users/Ankit/.cache/kagglehub/datasets/masoudnickparvar/brain-tumor-mri-dataset/versions/2/Training/meningioma/Tr-aug-me_92.jpg,TUMOR,train
C:/Users/Ankit/.cache/kagglehub/datasets/masoudnickparvar/brain-tumor-mri-dataset/versions/2/Training/meningioma/Tr-me_673.jpg,TUMOR,train
C:/Users/Ankit/.cache/kagglehub/datasets/masoudnickparvar/brain-tumor-mri-dataset/versions/2/Training/meningioma/Tr-me_327.jpg,TUMOR,train
C:/Users/Ankit/.cache/kagglehub/datasets/masoudnickparvar/brain-tumor-mri-dataset/versions/2/Training/pituitary/Tr-pi_1045.jpg,TUMOR,train
C:/Users/Ankit/.cache/kagglehub/datasets/masoudnickparvar/brain-tumor-mri-dataset/versions/2/Training/glioma/Tr-gl_109.jpg,TUMOR,train
C:/Users/Ankit/.cache/kagglehub/datasets/masoudnickparvar/brain-tumor-mri-dataset/versions/2/Training/pituitary/Tr-pi_615.jpg,TUMOR,train
C:/Users/Ankit/.cache/kagglehub/datasets/masoudnickparvar/brain-tumor-mri-dataset/versions/2/Training/pituitary/Tr-pi_1021.jpg,TUMOR,train
C:/Users/Ankit/.cache/kagglehub/datasets/masoudnickparvar/brain-tumor-mri-dataset/versions/2/Training/glioma/Tr-gl_1199.jpg,TUMOR,train
C:/Users/Ankit/.cache/kagglehub/datasets/masoudnickparvar/brain-tumor-mri-dataset/versions/2/Training/meningioma/Tr-me_808.jpg,TUMOR,train
C:/Users/Ankit/.cache/kagglehub/datasets/masoudnickparvar/brain-tumor-mri-dataset/versions/2/Training/pituitary/Tr-pi_1048.jpg,TUMOR,train
C:/Users/Ankit/.cache/kagglehub/datasets/masoudnickparvar/brain-tumor-mri-dataset/versions/2/Testing/meningioma/Te-aug-me_47.jpg,TUMOR,train
C:/Users/Ankit/.cache/kagglehub/datasets/masoudnickparvar/brain-tumor-mri-dataset/versions/2/Training/pituitary/Tr-pi_1353.jpg,TUMOR,train
C:/Users/Ankit/.cache/kagglehub/datasets/masoudnickparvar/brain-tumor-mri-dataset/versions/2/Training/pituitary/Tr-pi_1177.jpg,TUMOR,train
C:/Users/Ankit/.cache/kagglehub/datasets/masoudnickparvar/brain-tumor-mri-dataset/versions/2/Testing/pituitary/Te-pi_88.jpg,TUMOR,train
C:/Users/Ankit/.cache/kagglehub/datasets/masoudnickparvar/brain-tumor-mri-dataset/versions/2/Training/glioma/Tr-gl_372.jpg,TUMOR,train
C:/Users/Ankit/.cache/kagglehub/datasets/masoudnickparvar/brain-tumor-mri-dataset/versions/2/Testing/pituitary/Te-pi_189.jpg,TUMOR,train
C:/Users/Ankit/.cache/kagglehub/datasets/masoudnickparvar/brain-tumor-mri-dataset/versions/2/Training/meningioma/Tr-me_1238.jpg,TUMOR,train
C:/Users/Ankit/.cache/kagglehub/datasets/masoudnickparvar/brain-tumor-mri-dataset/versions/2/Training/glioma/Tr-gl_1089.jpg,TUMOR,train
C:/Users/Ankit/.cache/kagglehub/datasets/masoudnickparvar/brain-tumor-mri-dataset/versions/2/Testing/meningioma/Te-aug-me_21.jpg,TUMOR,train
C:/Users/Ankit/.cache/kagglehub/datasets/masoudnickparvar/brain-tumor-mri-dataset/versions/2/Training/meningioma/Tr-me_241.jpg,TUMOR,train
C:/Users/Ankit/.cache/kagglehub/datasets/masoudnickparvar/brain-tumor-mri-dataset/versions/2/Testing/glioma/Te-gl_224.jpg,TUMOR,train
C:/Users/Ankit/.cache/kagglehub/datasets/masoudnickparvar/brain-tumor-mri-dataset/versions/2/Training/pituitary/Tr-pi_117.jpg,TUMOR,train
C:/Users/Ankit/.cache/kagglehub/datasets/masoudnickparvar/brain-tumor-mri-dataset/versions/2/Testing/meningioma/Te-me_177.jpg,TUMOR,train
C:/Users/Ankit/.cache/kagglehub/datasets/masoudnickparvar/brain-tumor-mri-dataset/versions/2/Training/glioma/Tr-gl_451.jpg,TUMOR,train
C:/Users/Ankit/.cache/kagglehub/datasets/masoudnickparvar/brain-tumor-mri-dataset/versions/2/Training/pituitary/Tr-pi_453.jpg,TUMOR,train
C:/Users/Ankit/.cache/kagglehub/datasets/masoudnickparvar/brain-tumor-mri-dataset/versions/2/Training/pituitary/Tr-pi_1274.jpg,TUMOR,train
C:/Users/Ankit/.cache/kagglehub/datasets/masoudnickparvar/brain-tumor-mri-dataset/versions/2/Training/glioma/Tr-gl_216.jpg,TUMOR,train
C:/Users/Ankit/.cache/kagglehub/datasets/masoudnickparvar/brain-tumor-mri-dataset/versions/2/Training/glioma/Tr-gl_1047.jpg,TUMOR,train
C:/Users/Ankit/.cache/kagglehub/datasets/masoudnickparvar/brain-tumor-mri-dataset/versions/2/Training/glioma/Tr-gl_1179.jpg,TUMOR,train
C:/Users/Ankit/.cache/kagglehub/datasets/masoudnickparvar/brain-tumor-mri-dataset/versions/2/Testing/glioma/Te-gl_68.jpg,TUMOR,train
C:/Users/Ankit/.cache/kagglehub/datasets/masoudnickparvar/brain-tumor-mri-dataset/versions/2/Training/pituitary/Tr-pi_1382.jpg,TUMOR,train
C:/Users/Ankit/.cache/kagglehub/datasets/masoudnickparvar/brain-tumor-mri-dataset/versions/2/Training/glioma/Tr-gl_480.jpg,TUMOR,train
C:/Users/Ankit/.cache/kagglehub/datasets/masoudnickparvar/brain-tumor-mri-dataset/versions/2/Training/glioma/Tr-gl_622.jpg,TUMOR,train
C:/Users/Ankit/.cache/kagglehub/datasets/masoudnickparvar/brain-tumor-mri-dataset/versions/2/Training/pituitary/Tr-pi_1024.jpg,TUMOR,train
C:/Users/Ankit/.cache/kagglehub/datasets/masoudnickparvar/brain-tumor-mri-dataset/versions/2/Training/meningioma/Tr-me_394.jpg,TUMOR,train
C:/Users/Ankit/.cache/kagglehub/datasets/masoudnickparvar/brain-tumor-mri-dataset/versions/2/Testing/meningioma/Te-aug-me_38.jpg,TUMOR,train
C:/Users/Ankit/.cache/kagglehub/datasets/masoudnickparvar/brain-tumor-mri-dataset/versions/2/Training/pituitary/Tr-pi_54.jpg,TUMOR,train
C:/Users/Ankit/.cache/kagglehub/datasets/masoudnickparvar/brain-tumor-mri-dataset/versions/2/Training/pituitary/Tr-pi_1330.jpg,TUMOR,train
C:/Users/Ankit/.cache/kagglehub/datasets/masoudnickparvar/brain-tumor-mri-dataset/versions/2/Training/pituitary/Tr-pi_494.jpg,TUMOR,train
C:/Users/Ankit/.cache/kagglehub/datasets/masoudnickparvar/brain-tumor-mri-dataset/versions/2/Testing/meningioma/Te-me_71.jpg,TUMOR,train
C:/Users/Ankit/.cache/kagglehub/datasets/masoudnickparvar/brain-tumor-mri-dataset/versions/2/Training/pituitary/Tr-pi_182.jpg,TUMOR,train
C:/Users/Ankit/.cache/kagglehub/datasets/masoudnickparvar/brain-tumor-mri-dataset/versions/2/Training/pituitary/Tr-pi_1206.jpg,TUMOR,train
C:/Users/Ankit/.cache/kagglehub/datasets/masoudnickparvar/brain-tumor-mri-dataset/versions/2/Testing/pituitary/Te-pi_50.jpg,TUMOR,train
C:/Users/Ankit/.cache/kagglehub/datasets/masoudnickparvar/brain-tumor-mri-dataset/versions/2/Training/pituitary/Tr-pi_1295.jpg,TUMOR,train
C:/Users/Ankit/.cache/kagglehub/datasets/masoudnickparvar/brain-tumor-mri-dataset/versions/2/Training/glioma/Tr-gl_49.jpg,TUMOR,train
C:/Users/Ankit/.cache/kagglehub/datasets/masoudnickparvar/brain-tumor-mri-dataset/versions/2/Training/glioma/Tr-gl_41.jpg,TUMOR,train
C:/Users/Ankit/.cache/kagglehub/datasets/masoudnickparvar/brain-tumor-mri-dataset/versions/2/Training/meningioma/Tr-me_528.jpg,TUMOR,train
C:/Users/Ankit/.cache/kagglehub/datasets/masoudnickparvar/brain-tumor-mri-dataset/versions/2/Testing/meningioma/Te-me_109.jpg,TUMOR,train
C:/Users/Ankit/.cache/kagglehub/datasets/masoudnickparvar/brain-tumor-mri-dataset/versions/2/Testing/meningioma/Te-me_193.jpg,TUMOR,train
C:/Users/Ankit/.cache/kagglehub/datasets/masoudnickparvar/brain-tumor-mri-dataset/versions/2/Training/pituitary/Tr-pi_609.jpg,TUMOR,train
C:/Users/Ankit/.cache/kagglehub/datasets/masoudnickparvar/brain-tumor-mri-dataset/versions/2/Training/meningioma/Tr-me_848.jpg,TUMOR,train
C:/Users/Ankit/.cache/kagglehub/datasets/masoudnickparvar/brain-tumor-mri-dataset/versions/2/Training/pituitary/Tr-pi_170.jpg,TUMOR,train
C:/Users/Ankit/.cache/kagglehub/datasets/masoudnickparvar/brain-tumor-mri-dataset/versions/2/Testing/glioma/Te-gl_239.jpg,TUMOR,train
C:/Users/Ankit/.cache/kagglehub/datasets/masoudnickparvar/brain-tumor-mri-dataset/versions/2/Testing/meningioma/Te-me_224.jpg,TUMOR,train
C:/Users/Ankit/.cache/kagglehub/datasets/masoudnickparvar/brain-tumor-mri-dataset/versions/2/Training/glioma/Tr-gl_322.jpg,TUMOR,train
C:/Users/Ankit/.cache/kagglehub/datasets/masoudnickparvar/brain-tumor-mri-dataset/versions/2/Training/meningioma/Tr-me_55.jpg,TUMOR,train
C:/Users/Ankit/.cache/kagglehub/datasets/masoudnickparvar/brain-tumor-mri-dataset/versions/2/Training/glioma/Tr-gl_1082.jpg,TUMOR,train
C:/Users/Ankit/.cache/kagglehub/datasets/masoudnickparvar/brain-tumor-mri-dataset/versions/2/Training/glioma/Tr-gl_1161.jpg,TUMOR,train
C:/Users/Ankit/.cache/kagglehub/datasets/masoudnickparvar/brain-tumor-mri-dataset/versions/2/Training/pituitary/Tr-pi_323.jpg,TUMOR,train
C:/Users/Ankit/.cache/kagglehub/datasets/masoudnickparvar/brain-tumor-mri-dataset/versions/2/Testing/meningioma/Te-me_213.jpg,TUMOR,train
C:/Users/Ankit/.cache/kagglehub/datasets/masoudnickparvar/brain-tumor-mri-dataset/versions/2/Training/glioma/Tr-gl_512.jpg,TUMOR,train
C:/Users/Ankit/.cache/kagglehub/datasets/masoudnickparvar/brain-tumor-mri-dataset/versions/2/Training/glioma/Tr-gl_1268.jpg,TUMOR,train
C:/Users/Ankit/.cache/kagglehub/datasets/masoudnickparvar/brain-tumor-mri-dataset/versions/2/Testing/pituitary/Te-pi_126.jpg,TUMOR,train
C:/Users/Ankit/.cache/kagglehub/datasets/masoudnickparvar/brain-tumor-mri-dataset/versions/2/Training/pituitary/Tr-pi_336.jpg,TUMOR,train
C:/Users/Ankit/.cache/kagglehub/datasets/masoudnickparvar/brain-tumor-mri-dataset/versions/2/Testing/meningioma/Te-aug-me_72.jpg,TUMOR,train
C:/Users/Ankit/.cache/kagglehub/datasets/masoudnickparvar/brain-tumor-mri-dataset/versions/2/Testing/glioma/Te-gl_175.jpg,TUMOR,train
C:/Users/Ankit/.cache/kagglehub/datasets/masoudnickparvar/brain-tumor-mri-dataset/versions/2/Training/meningioma/Tr-me_630.jpg,TUMOR,train
C:/Users/Ankit/.cache/kagglehub/datasets/masoudnickparvar/brain-tumor-mri-dataset/versions/2/Training/glioma/Tr-gl_727.jpg,TUMOR,train
C:/Users/Ankit/.cache/kagglehub/datasets/masoudnickparvar/brain-tumor-mri-dataset/versions/2/Training/glioma/Tr-gl_140.jpg,TUMOR,train
C:/Users/Ankit/.cache/kagglehub/datasets/masoudnickparvar/brain-tumor-mri-dataset/versions/2/Training/glioma/Tr-gl_1002.jpg,TUMOR,train
C:/Users/Ankit/.cache/kagglehub/datasets/masoudnickparvar/brain-tumor-mri-dataset/versions/2/Training/pituitary/Tr-pi_840.jpg,TUMOR,train
C:/Users/Ankit/.cache/kagglehub/datasets/masoudnickparvar/brain-tumor-mri-dataset/versions/2/Training/meningioma/Tr-me_455.jpg,TUMOR,train
C:/Users/Ankit/.cache/kagglehub/datasets/masoudnickparvar/brain-tumor-mri-dataset/versions/2/Testing/glioma/Te-gl_366.jpg,TUMOR,train
C:/Users/Ankit/.cache/kagglehub/datasets/masoudnickparvar/brain-tumor-mri-dataset/versions/2/Training/glioma/Tr-gl_111.jpg,TUMOR,train
C:/Users/Ankit/.cache/kagglehub/datasets/masoudnickparvar/brain-tumor-mri-dataset/versions/2/Training/pituitary/Tr-pi_1132.jpg,TUMOR,train
C:/Users/Ankit/.cache/kagglehub/datasets/masoudnickparvar/brain-tumor-mri-dataset/versions/2/Training/glioma/Tr-gl_366.jpg,TUMOR,train
C:/Users/Ankit/.cache/kagglehub/datasets/masoudnickparvar/brain-tumor-mri-dataset/versions/2/Testing/glioma/Te-gl_177.jpg,TUMOR,train
C:/Users/Ankit/.cache/kagglehub/datasets/masoudnickparvar/brain-tumor-mri-dataset/versions/2/Training/meningioma/Tr-me_84.jpg,TUMOR,train
C:/Users/Ankit/.cache/kagglehub/datasets/masoudnickparvar/brain-tumor-mri-dataset/versions/2/Training/meningioma/Tr-aug-me_90.jpg,TUMOR,train
C:/Users/Ankit/.cache/kagglehub/datasets/masoudnickparvar/brain-tumor-mri-dataset/versions/2/Training/meningioma/Tr-me_572.jpg,TUMOR,train
C:/Users/Ankit/.cache/kagglehub/datasets/masoudnickparvar/brain-tumor-mri-dataset/versions/2/Testing/meningioma/Te-me_273.jpg,TUMOR,train
C:/Users/Ankit/.cache/kagglehub/datasets/masoudnickparvar/brain-tumor-mri-dataset/versions/2/Training/glioma/Tr-gl_930.jpg,TUMOR,train
C:/Users/Ankit/.cache/kagglehub/datasets/masoudnickparvar/brain-tumor-mri-dataset/versions/2/Training/pituitary/Tr-pi_468.jpg,TUMOR,train
C:/Users/Ankit/.cache/kagglehub/datasets/masoudnickparvar/brain-tumor-mri-dataset/versions/2/Testing/glioma/Te-gl_61.jpg,TUMOR,train
C:/Users/Ankit/.cache/kagglehub/datasets/masoudnickparvar/brain-tumor-mri-dataset/versions/2/Training/glioma/Tr-gl_136.jpg,TUMOR,train
C:/Users/Ankit/.cache/kagglehub/datasets/masoudnickparvar/brain-tumor-mri-dataset/versions/2/Training/meningioma/Tr-me_231.jpg,TUMOR,train
C:/Users/Ankit/.cache/kagglehub/datasets/masoudnickparvar/brain-tumor-mri-dataset/versions/2/Training/glioma/Tr-gl_415.jpg,TUMOR,train
C:/Users/Ankit/.cache/kagglehub/datasets/masoudnickparvar/brain-tumor-mri-dataset/versions/2/Testing/glioma/Te-gl_130.jpg,TUMOR,train
C:/Users/Ankit/.cache/kagglehub/datasets/masoudnickparvar/brain-tumor-mri-dataset/versions/2/Training/glioma/Tr-gl_801.jpg,TUMOR,train
C:/Users/Ankit/.cache/kagglehub/datasets/masoudnickparvar/brain-tumor-mri-dataset/versions/2/Training/pituitary/Tr-pi_643.jpg,TUMOR,train
C:/Users/Ankit/.cache/kagglehub/datasets/masoudnickparvar/brain-tumor-mri-dataset/versions/2/Training/meningioma/Tr-me_128.jpg,TUMOR,train
C:/Users/Ankit/.cache/kagglehub/datasets/masoudnickparvar/brain-tumor-mri-dataset/versions/2/Testing/glioma/Te-gl_158.jpg,TUMOR,train
C:/Users/Ankit/.cache/kagglehub/datasets/masoudnickparvar/brain-tumor-mri-dataset/versions/2/Training/glioma/Tr-gl_102.jpg,TUMOR,train
C:/Users/Ankit/.cache/kagglehub/datasets/masoudnickparvar/brain-tumor-mri-dataset/versions/2/Training/pituitary/Tr-pi_636.jpg,TUMOR,train
C:/Users/Ankit/.cache/kagglehub/datasets/masoudnickparvar/brain-tumor-mri-dataset/versions/2/Training/glioma/Tr-gl_1150.jpg,TUMOR,train
C:/Users/Ankit/.cache/kagglehub/datasets/masoudnickparvar/brain-tumor-mri-dataset/versions/2/Training/glioma/Tr-gl_330.jpg,TUMOR,train
C:/Users/Ankit/.cache/kagglehub/datasets/masoudnickparvar/brain-tumor-mri-dataset/versions/2/Training/glioma/Tr-gl_826.jpg,TUMOR,train
C:/Users/Ankit/.cache/kagglehub/datasets/masoudnickparvar/brain-tumor-mri-dataset/versions/2/Training/meningioma/Tr-me_857.jpg,TUMOR,train
C:/Users/Ankit/.cache/kagglehub/datasets/masoudnickparvar/brain-tumor-mri-dataset/versions/2/Training/meningioma/Tr-me_1066.jpg,TUMOR,train
C:/Users/Ankit/.cache/kagglehub/datasets/masoudnickparvar/brain-tumor-mri-dataset/versions/2/Training/pituitary/Tr-pi_300.jpg,TUMOR,train
C:/Users/Ankit/.cache/kagglehub/datasets/masoudnickparvar/brain-tumor-mri-dataset/versions/2/Training/pituitary/Tr-pi_333.jpg,TUMOR,train
C:/Users/Ankit/.cache/kagglehub/datasets/masoudnickparvar/brain-tumor-mri-dataset/versions/2/Training/glioma/Tr-gl_1128.jpg,TUMOR,train
C:/Users/Ankit/.cache/kagglehub/datasets/masoudnickparvar/brain-tumor-mri-dataset/versions/2/Testing/pituitary/Te-pi_103.jpg,TUMOR,train
C:/Users/Ankit/.cache/kagglehub/datasets/masoudnickparvar/brain-tumor-mri-dataset/versions/2/Training/pituitary/Tr-pi_504.jpg,TUMOR,train
C:/Users/Ankit/.cache/kagglehub/datasets/masoudnickparvar/brain-tumor-mri-dataset/versions/2/Testing/pituitary/Te-pi_335.jpg,TUMOR,train
C:/Users/Ankit/.cache/kagglehub/datasets/masoudnickparvar/brain-tumor-mri-dataset/versions/2/Training/pituitary/Tr-pi_1025.jpg,TUMOR,train
C:/Users/Ankit/.cache/kagglehub/datasets/masoudnickparvar/brain-tumor-mri-dataset/versions/2/Training/glioma/Tr-gl_1085.jpg,TUMOR,train
C:/Users/Ankit/.cache/kagglehub/datasets/masoudnickparvar/brain-tumor-mri-dataset/versions/2/Training/pituitary/Tr-pi_718.jpg,TUMOR,train
C:/Users/Ankit/.cache/kagglehub/datasets/masoudnickparvar/brain-tumor-mri-dataset/versions/2/Training/pituitary/Tr-pi_130.jpg,TUMOR,train
C:/Users/Ankit/.cache/kagglehub/datasets/masoudnickparvar/brain-tumor-mri-dataset/versions/2/Training/meningioma/Tr-me_359.jpg,TUMOR,train
C:/Users/Ankit/.cache/kagglehub/datasets/masoudnickparvar/brain-tumor-mri-dataset/versions/2/Training/meningioma/Tr-me_1012.jpg,TUMOR,train
C:/Users/Ankit/.cache/kagglehub/datasets/masoudnickparvar/brain-tumor-mri-dataset/versions/2/Training/meningioma/Tr-me_725.jpg,TUMOR,train
C:/Users/Ankit/.cache/kagglehub/datasets/masoudnickparvar/brain-tumor-mri-dataset/versions/2/Training/meningioma/Tr-me_422.jpg,TUMOR,train
C:/Users/Ankit/.cache/kagglehub/datasets/masoudnickparvar/brain-tumor-mri-dataset/versions/2/Training/meningioma/Tr-me_334.jpg,TUMOR,train
C:/Users/Ankit/.cache/kagglehub/datasets/masoudnickparvar/brain-tumor-mri-dataset/versions/2/Training/meningioma/Tr-me_146.jpg,TUMOR,train
C:/Users/Ankit/.cache/kagglehub/datasets/masoudnickparvar/brain-tumor-mri-dataset/versions/2/Training/glioma/Tr-gl_593.jpg,TUMOR,train
C:/Users/Ankit/.cache/kagglehub/datasets/masoudnickparvar/brain-tumor-mri-dataset/versions/2/Training/glioma/Tr-gl_1236.jpg,TUMOR,train
C:/Users/Ankit/.cache/kagglehub/datasets/masoudnickparvar/brain-tumor-mri-dataset/versions/2/Training/glioma/Tr-gl_231.jpg,TUMOR,train
C:/Users/Ankit/.cache/kagglehub/datasets/masoudnickparvar/brain-tumor-mri-dataset/versions/2/Testing/glioma/Te-gl_91.jpg,TUMOR,train
C:/Users/Ankit/.cache/kagglehub/datasets/masoudnickparvar/brain-tumor-mri-dataset/versions/2/Testing/pituitary/Te-pi_164.jpg,TUMOR,train
C:/Users/Ankit/.cache/kagglehub/datasets/masoudnickparvar/brain-tumor-mri-dataset/versions/2/Training/meningioma/Tr-me_19.jpg,TUMOR,train
C:/Users/Ankit/.cache/kagglehub/datasets/masoudnickparvar/brain-tumor-mri-dataset/versions/2/Training/meningioma/Tr-me_498.jpg,TUMOR,train
C:/Users/Ankit/.cache/kagglehub/datasets/masoudnickparvar/brain-tumor-mri-dataset/versions/2/Training/glioma/Tr-gl_1322.jpg,TUMOR,train
C:/Users/Ankit/.cache/kagglehub/datasets/masoudnickparvar/brain-tumor-mri-dataset/versions/2/Training/meningioma/Tr-me_309.jpg,TUMOR,train
C:/Users/Ankit/.cache/kagglehub/datasets/masoudnickparvar/brain-tumor-mri-dataset/versions/2/Testing/meningioma/Te-aug-me_81.jpg,TUMOR,train
C:/Users/Ankit/.cache/kagglehub/datasets/masoudnickparvar/brain-tumor-mri-dataset/versions/2/Testing/meningioma/Te-aug-me_71.jpg,TUMOR,train
C:/Users/Ankit/.cache/kagglehub/datasets/masoudnickparvar/brain-tumor-mri-dataset/versions/2/Testing/pituitary/Te-pi_162.jpg,TUMOR,train
C:/Users/Ankit/.cache/kagglehub/datasets/masoudnickparvar/brain-tumor-mri-dataset/versions/2/Training/meningioma/Tr-me_679.jpg,TUMOR,train
C:/Users/Ankit/.cache/kagglehub/datasets/masoudnickparvar/brain-tumor-mri-dataset/versions/2/Training/glioma/Tr-gl_389.jpg,TUMOR,train
C:/Users/Ankit/.cache/kagglehub/datasets/masoudnickparvar/brain-tumor-mri-dataset/versions/2/Testing/pituitary/Te-pi_334.jpg,TUMOR,train
C:/Users/Ankit/.cache/kagglehub/datasets/masoudnickparvar/brain-tumor-mri-dataset/versions/2/Training/pituitary/Tr-pi_975.jpg,TUMOR,train
C:/Users/Ankit/.cache/kagglehub/datasets/masoudnickparvar/brain-tumor-mri-dataset/versions/2/Training/meningioma/Tr-me_634.jpg,TUMOR,train
C:/Users/Ankit/.cache/kagglehub/datasets/masoudnickparvar/brain-tumor-mri-dataset/versions/2/Training/pituitary/Tr-pi_893.jpg,TUMOR,train
C:/Users/Ankit/.cache/kagglehub/datasets/masoudnickparvar/brain-tumor-mri-dataset/versions/2/Testing/pituitary/Te-pi_53.jpg,TUMOR,train
C:/Users/Ankit/.cache/kagglehub/datasets/masoudnickparvar/brain-tumor-mri-dataset/versions/2/Training/meningioma/Tr-me_1058.jpg,TUMOR,train
C:/Users/Ankit/.cache/kagglehub/datasets/masoudnickparvar/brain-tumor-mri-dataset/versions/2/Testing/glioma/Te-gl_165.jpg,TUMOR,train
C:/Users/Ankit/.cache/kagglehub/datasets/masoudnickparvar/brain-tumor-mri-dataset/versions/2/Training/glioma/Tr-gl_1355.jpg,TUMOR,train
C:/Users/Ankit/.cache/kagglehub/datasets/masoudnickparvar/brain-tumor-mri-dataset/versions/2/Training/pituitary/Tr-pi_1214.jpg,TUMOR,train
C:/Users/Ankit/.cache/kagglehub/datasets/masoudnickparvar/brain-tumor-mri-dataset/versions/2/Testing/meningioma/Te-me_205.jpg,TUMOR,train
C:/Users/Ankit/.cache/kagglehub/datasets/masoudnickparvar/brain-tumor-mri-dataset/versions/2/Testing/glioma/Te-gl_161.jpg,TUMOR,train
C:/Users/Ankit/.cache/kagglehub/datasets/masoudnickparvar/brain-tumor-mri-dataset/versions/2/Training/pituitary/Tr-pi_269.jpg,TUMOR,train
C:/Users/Ankit/.cache/kagglehub/datasets/masoudnickparvar/brain-tumor-mri-dataset/versions/2/Training/meningioma/Tr-me_1101.jpg,TUMOR,train
C:/Users/Ankit/.cache/kagglehub/datasets/masoudnickparvar/brain-tumor-mri-dataset/versions/2/Testing/meningioma/Te-me_259.jpg,TUMOR,train
C:/Users/Ankit/.cache/kagglehub/datasets/masoudnickparvar/brain-tumor-mri-dataset/versions/2/Training/meningioma/Tr-me_208.jpg,TUMOR,train
C:/Users/Ankit/.cache/kagglehub/datasets/masoudnickparvar/brain-tumor-mri-dataset/versions/2/Testing/pituitary/Te-pi_360.jpg,TUMOR,train
C:/Users/Ankit/.cache/kagglehub/datasets/masoudnickparvar/brain-tumor-mri-dataset/versions/2/Testing/glioma/Te-gl_281.jpg,TUMOR,train
C:/Users/Ankit/.cache/kagglehub/datasets/masoudnickparvar/brain-tumor-mri-dataset/versions/2/Training/meningioma/Tr-me_291.jpg,TUMOR,train
C:/Users/Ankit/.cache/kagglehub/datasets/masoudnickparvar/brain-tumor-mri-dataset/versions/2/Training/pituitary/Tr-pi_831.jpg,TUMOR,train
C:/Users/Ankit/.cache/kagglehub/datasets/masoudnickparvar/brain-tumor-mri-dataset/versions/2/Training/glioma/Tr-gl_15.jpg,TUMOR,train
C:/Users/Ankit/.cache/kagglehub/datasets/masoudnickparvar/brain-tumor-mri-dataset/versions/2/Training/meningioma/Tr-me_895.jpg,TUMOR,train
C:/Users/Ankit/.cache/kagglehub/datasets/masoudnickparvar/brain-tumor-mri-dataset/versions/2/Training/glioma/Tr-gl_466.jpg,TUMOR,train
C:/Users/Ankit/.cache/kagglehub/datasets/masoudnickparvar/brain-tumor-mri-dataset/versions/2/Training/pituitary/Tr-pi_57.jpg,TUMOR,train
C:/Users/Ankit/.cache/kagglehub/datasets/masoudnickparvar/brain-tumor-mri-dataset/versions/2/Training/pituitary/Tr-pi_1157.jpg,TUMOR,train
C:/Users/Ankit/.cache/kagglehub/datasets/masoudnickparvar/brain-tumor-mri-dataset/versions/2/Training/glioma/Tr-gl_654.jpg,TUMOR,train
C:/Users/Ankit/.cache/kagglehub/datasets/masoudnickparvar/brain-tumor-mri-dataset/versions/2/Training/pituitary/Tr-pi_449.jpg,TUMOR,train
C:/Users/Ankit/.cache/kagglehub/datasets/masoudnickparvar/brain-tumor-mri-dataset/versions/2/Training/meningioma/Tr-me_1028.jpg,TUMOR,train
C:/Users/Ankit/.cache/kagglehub/datasets/masoudnickparvar/brain-tumor-mri-dataset/versions/2/Training/meningioma/Tr-me_908.jpg,TUMOR,train
C:/Users/Ankit/.cache/kagglehub/datasets/masoudnickparvar/brain-tumor-mri-dataset/versions/2/Training/glioma/Tr-gl_1167.jpg,TUMOR,train
C:/Users/Ankit/.cache/kagglehub/datasets/masoudnickparvar/brain-tumor-mri-dataset/versions/2/Training/glioma/Tr-gl_431.jpg,TUMOR,train
C:/Users/Ankit/.cache/kagglehub/datasets/masoudnickparvar/brain-tumor-mri-dataset/versions/2/Testing/glioma/Te-gl_128.jpg,TUMOR,train
C:/Users/Ankit/.cache/kagglehub/datasets/masoudnickparvar/brain-tumor-mri-dataset/versions/2/Testing/meningioma/Te-aug-me_44.jpg,TUMOR,train
C:/Users/Ankit/.cache/kagglehub/datasets/masoudnickparvar/brain-tumor-mri-dataset/versions/2/Training/meningioma/Tr-me_862.jpg,TUMOR,train
C:/Users/Ankit/.cache/kagglehub/datasets/masoudnickparvar/brain-tumor-mri-dataset/versions/2/Training/meningioma/Tr-me_52.jpg,TUMOR,train
C:/Users/Ankit/.cache/kagglehub/datasets/masoudnickparvar/brain-tumor-mri-dataset/versions/2/Testing/glioma/Te-gl_97.jpg,TUMOR,train
C:/Users/Ankit/.cache/kagglehub/datasets/masoudnickparvar/brain-tumor-mri-dataset/versions/2/Testing/pituitary/Te-pi_389.jpg,TUMOR,train
C:/Users/Ankit/.cache/kagglehub/datasets/masoudnickparvar/brain-tumor-mri-dataset/versions/2/Training/meningioma/Tr-me_758.jpg,TUMOR,train
C:/Users/Ankit/.cache/kagglehub/datasets/masoudnickparvar/brain-tumor-mri-dataset/versions/2/Training/meningioma/Tr-me_1255.jpg,TUMOR,train
C:/Users/Ankit/.cache/kagglehub/datasets/masoudnickparvar/brain-tumor-mri-dataset/versions/2/Testing/glioma/Te-gl_106.jpg,TUMOR,train
C:/Users/Ankit/.cache/kagglehub/datasets/masoudnickparvar/brain-tumor-mri-dataset/versions/2/Training/meningioma/Tr-me_524.jpg,TUMOR,train
C:/Users/Ankit/.cache/kagglehub/datasets/masoudnickparvar/brain-tumor-mri-dataset/versions/2/Training/pituitary/Tr-pi_601.jpg,TUMOR,train
C:/Users/Ankit/.cache/kagglehub/datasets/masoudnickparvar/brain-tumor-mri-dataset/versions/2/Training/pituitary/Tr-pi_528.jpg,TUMOR,train
C:/Users/Ankit/.cache/kagglehub/datasets/masoudnickparvar/brain-tumor-mri-dataset/versions/2/Training/meningioma/Tr-me_818.jpg,TUMOR,train
C:/Users/Ankit/.cache/kagglehub/datasets/masoudnickparvar/brain-tumor-mri-dataset/versions/2/Testing/meningioma/Te-me_112.jpg,TUMOR,train
C:/Users/Ankit/.cache/kagglehub/datasets/masoudnickparvar/brain-tumor-mri-dataset/versions/2/Training/pituitary/Tr-pi_1135.jpg,TUMOR,train
C:/Users/Ankit/.cache/kagglehub/datasets/masoudnickparvar/brain-tumor-mri-dataset/versions/2/Training/glioma/Tr-gl_505.jpg,TUMOR,train
C:/Users/Ankit/.cache/kagglehub/datasets/masoudnickparvar/brain-tumor-mri-dataset/versions/2/Training/glioma/Tr-gl_1362.jpg,TUMOR,train
C:/Users/Ankit/.cache/kagglehub/datasets/masoudnickparvar/brain-tumor-mri-dataset/versions/2/Testing/meningioma/Te-me_221.jpg,TUMOR,train
C:/Users/Ankit/.cache/kagglehub/datasets/masoudnickparvar/brain-tumor-mri-dataset/versions/2/Testing/pituitary/Te-pi_36.jpg,TUMOR,train
C:/Users/Ankit/.cache/kagglehub/datasets/masoudnickparvar/brain-tumor-mri-dataset/versions/2/Training/pituitary/Tr-pi_863.jpg,TUMOR,train
C:/Users/Ankit/.cache/kagglehub/datasets/masoudnickparvar/brain-tumor-mri-dataset/versions/2/Testing/glioma/Te-gl_356.jpg,TUMOR,train
C:/Users/Ankit/.cache/kagglehub/datasets/masoudnickparvar/brain-tumor-mri-dataset/versions/2/Testing/glioma/Te-gl_214.jpg,TUMOR,train
C:/Users/Ankit/.cache/kagglehub/datasets/masoudnickparvar/brain-tumor-mri-dataset/versions/2/Training/glioma/Tr-gl_435.jpg,TUMOR,train
C:/Users/Ankit/.cache/kagglehub/datasets/masoudnickparvar/brain-tumor-mri-dataset/versions/2/Training/meningioma/Tr-me_943.jpg,TUMOR,train
C:/Users/Ankit/.cache/kagglehub/datasets/masoudnickparvar/brain-tumor-mri-dataset/versions/2/Testing/meningioma/Te-aug-me_69.jpg,TUMOR,train
C:/Users/Ankit/.cache/kagglehub/datasets/masoudnickparvar/brain-tumor-mri-dataset/versions/2/Training/glioma/Tr-gl_740.jpg,TUMOR,train
C:/Users/Ankit/.cache/kagglehub/datasets/masoudnickparvar/brain-tumor-mri-dataset/versions/2/Testing/pituitary/Te-pi_202.jpg,TUMOR,train
C:/Users/Ankit/.cache/kagglehub/datasets/masoudnickparvar/brain-tumor-mri-dataset/versions/2/Training/meningioma/Tr-me_301.jpg,TUMOR,train
C:/Users/Ankit/.cache/kagglehub/datasets/masoudnickparvar/brain-tumor-mri-dataset/versions/2/Testing/pituitary/Te-pi_216.jpg,TUMOR,train
C:/Users/Ankit/.cache/kagglehub/datasets/masoudnickparvar/brain-tumor-mri-dataset/versions/2/Training/pituitary/Tr-pi_357.jpg,TUMOR,train
C:/Users/Ankit/.cache/kagglehub/datasets/masoudnickparvar/brain-tumor-mri-dataset/versions/2/Training/meningioma/Tr-me_794.jpg,TUMOR,train
C:/Users/Ankit/.cache/kagglehub/datasets/masoudnickparvar/brain-tumor-mri-dataset/versions/2/Training/meningioma/Tr-me_289.jpg,TUMOR,train
C:/Users/Ankit/.cache/kagglehub/datasets/masoudnickparvar/brain-tumor-mri-dataset/versions/2/Testing/meningioma/Te-me_89.jpg,TUMOR,train
C:/Users/Ankit/.cache/kagglehub/datasets/masoudnickparvar/brain-tumor-mri-dataset/versions/2/Training/meningioma/Tr-me_405.jpg,TUMOR,train
C:/Users/Ankit/.cache/kagglehub/datasets/masoudnickparvar/brain-tumor-mri-dataset/versions/2/Testing/glioma/Te-gl_398.jpg,TUMOR,train
C:/Users/Ankit/.cache/kagglehub/datasets/masoudnickparvar/brain-tumor-mri-dataset/versions/2/Training/meningioma/Tr-me_845.jpg,TUMOR,train
C:/Users/Ankit/.cache/kagglehub/datasets/masoudnickparvar/brain-tumor-mri-dataset/versions/2/Testing/glioma/Te-gl_80.jpg,TUMOR,train
C:/Users/Ankit/.cache/kagglehub/datasets/masoudnickparvar/brain-tumor-mri-dataset/versions/2/Training/pituitary/Tr-pi_767.jpg,TUMOR,train
C:/Users/Ankit/.cache/kagglehub/datasets/masoudnickparvar/brain-tumor-mri-dataset/versions/2/Testing/meningioma/Te-aug-me_8.jpg,TUMOR,train
C:/Users/Ankit/.cache/kagglehub/datasets/masoudnickparvar/brain-tumor-mri-dataset/versions/2/Training/glioma/Tr-gl_890.jpg,TUMOR,train
C:/Users/Ankit/.cache/kagglehub/datasets/masoudnickparvar/brain-tumor-mri-dataset/versions/2/Training/glioma/Tr-gl_331.jpg,TUMOR,train
C:/Users/Ankit/.cache/kagglehub/datasets/masoudnickparvar/brain-tumor-mri-dataset/versions/2/Training/pituitary/Tr-pi_981.jpg,TUMOR,train
C:/Users/Ankit/.cache/kagglehub/datasets/masoudnickparvar/brain-tumor-mri-dataset/versions/2/Testing/meningioma/Te-me_75.jpg,TUMOR,train
C:/Users/Ankit/.cache/kagglehub/datasets/masoudnickparvar/brain-tumor-mri-dataset/versions/2/Training/pituitary/Tr-pi_999.jpg,TUMOR,train
C:/Users/Ankit/.cache/kagglehub/datasets/masoudnickparvar/brain-tumor-mri-dataset/versions/2/Training/pituitary/Tr-pi_239.jpg,TUMOR,train
C:/Users/Ankit/.cache/kagglehub/datasets/masoudnickparvar/brain-tumor-mri-dataset/versions/2/Training/meningioma/Tr-me_533.jpg,TUMOR,train
C:/Users/Ankit/.cache/kagglehub/datasets/masoudnickparvar/brain-tumor-mri-dataset/versions/2/Testing/pituitary/Te-pi_243.jpg,TUMOR,train
C:/Users/Ankit/.cache/kagglehub/datasets/masoudnickparvar/brain-tumor-mri-dataset/versions/2/Training/pituitary/Tr-pi_42.jpg,TUMOR,train
C:/Users/Ankit/.cache/kagglehub/datasets/masoudnickparvar/brain-tumor-mri-dataset/versions/2/Training/pituitary/Tr-pi_76.jpg,TUMOR,train
C:/Users/Ankit/.cache/kagglehub/datasets/masoudnickparvar/brain-tumor-mri-dataset/versions/2/Training/pituitary/Tr-pi_806.jpg,TUMOR,train
C:/Users/Ankit/.cache/kagglehub/datasets/masoudnickparvar/brain-tumor-mri-dataset/versions/2/Training/glioma/Tr-gl_308.jpg,TUMOR,train
C:/Users/Ankit/.cache/kagglehub/datasets/masoudnickparvar/brain-tumor-mri-dataset/versions/2/Training/glioma/Tr-gl_626.jpg,TUMOR,train
C:/Users/Ankit/.cache/kagglehub/datasets/masoudnickparvar/brain-tumor-mri-dataset/versions/2/Testing/glioma/Te-gl_95.jpg,TUMOR,train
C:/Users/Ankit/.cache/kagglehub/datasets/masoudnickparvar/brain-tumor-mri-dataset/versions/2/Training/pituitary/Tr-pi_1004.jpg,TUMOR,train
C:/Users/Ankit/.cache/kagglehub/datasets/masoudnickparvar/brain-tumor-mri-dataset/versions/2/Training/pituitary/Tr-pi_695.jpg,TUMOR,train
C:/Users/Ankit/.cache/kagglehub/datasets/masoudnickparvar/brain-tumor-mri-dataset/versions/2/Testing/glioma/Te-gl_137.jpg,TUMOR,train
C:/Users/Ankit/.cache/kagglehub/datasets/masoudnickparvar/brain-tumor-mri-dataset/versions/2/Training/glioma/Tr-gl_351.jpg,TUMOR,train
C:/Users/Ankit/.cache/kagglehub/datasets/masoudnickparvar/brain-tumor-mri-dataset/versions/2/Training/pituitary/Tr-pi_206.jpg,TUMOR,train
C:/Users/Ankit/.cache/kagglehub/datasets/masoudnickparvar/brain-tumor-mri-dataset/versions/2/Training/glioma/Tr-gl_735.jpg,TUMOR,train
C:/Users/Ankit/.cache/kagglehub/datasets/masoudnickparvar/brain-tumor-mri-dataset/versions/2/Training/glioma/Tr-gl_212.jpg,TUMOR,train
C:/Users/Ankit/.cache/kagglehub/datasets/masoudnickparvar/brain-tumor-mri-dataset/versions/2/Training/glioma/Tr-gl_1136.jpg,TUMOR,train
C:/Users/Ankit/.cache/kagglehub/datasets/masoudnickparvar/brain-tumor-mri-dataset/versions/2/Training/meningioma/Tr-me_698.jpg,TUMOR,train
C:/Users/Ankit/.cache/kagglehub/datasets/masoudnickparvar/brain-tumor-mri-dataset/versions/2/Training/meningioma/Tr-aug-me_96.jpg,TUMOR,train
C:/Users/Ankit/.cache/kagglehub/datasets/masoudnickparvar/brain-tumor-mri-dataset/versions/2/Training/pituitary/Tr-pi_106.jpg,TUMOR,train
C:/Users/Ankit/.cache/kagglehub/datasets/masoudnickparvar/brain-tumor-mri-dataset/versions/2/Training/glioma/Tr-gl_223.jpg,TUMOR,train
C:/Users/Ankit/.cache/kagglehub/datasets/masoudnickparvar/brain-tumor-mri-dataset/versions/2/Testing/meningioma/Te-me_101.jpg,TUMOR,train
C:/Users/Ankit/.cache/kagglehub/datasets/masoudnickparvar/brain-tumor-mri-dataset/versions/2/Testing/glioma/Te-gl_271.jpg,TUMOR,train
C:/Users/Ankit/.cache/kagglehub/datasets/masoudnickparvar/brain-tumor-mri-dataset/versions/2/Training/pituitary/Tr-pi_1101.jpg,TUMOR,train
C:/Users/Ankit/.cache/kagglehub/datasets/masoudnickparvar/brain-tumor-mri-dataset/versions/2/Testing/glioma/Te-gl_337.jpg,TUMOR,train
C:/Users/Ankit/.cache/kagglehub/datasets/masoudnickparvar/brain-tumor-mri-dataset/versions/2/Testing/meningioma/Te-me_35.jpg,TUMOR,train
C:/Users/Ankit/.cache/kagglehub/datasets/masoudnickparvar/brain-tumor-mri-dataset/versions/2/Testing/glioma/Te-gl_229.jpg,TUMOR,train
C:/Users/Ankit/.cache/kagglehub/datasets/masoudnickparvar/brain-tumor-mri-dataset/versions/2/Testing/pituitary/Te-pi_326.jpg,TUMOR,train
C:/Users/Ankit/.cache/kagglehub/datasets/masoudnickparvar/brain-tumor-mri-dataset/versions/2/Testing/pituitary/Te-pi_153.jpg,TUMOR,train
C:/Users/Ankit/.cache/kagglehub/datasets/masoudnickparvar/brain-tumor-mri-dataset/versions/2/Training/pituitary/Tr-pi_7.jpg,TUMOR,train
C:/Users/Ankit/.cache/kagglehub/datasets/masoudnickparvar/brain-tumor-mri-dataset/versions/2/Testing/glioma/Te-gl_277.jpg,TUMOR,train
C:/Users/Ankit/.cache/kagglehub/datasets/masoudnickparvar/brain-tumor-mri-dataset/versions/2/Training/meningioma/Tr-me_299.jpg,TUMOR,train
C:/Users/Ankit/.cache/kagglehub/datasets/masoudnickparvar/brain-tumor-mri-dataset/versions/2/Training/pituitary/Tr-pi_1258.jpg,TUMOR,train
C:/Users/Ankit/.cache/kagglehub/datasets/masoudnickparvar/brain-tumor-mri-dataset/versions/2/Training/glioma/Tr-gl_946.jpg,TUMOR,train
C:/Users/Ankit/.cache/kagglehub/datasets/masoudnickparvar/brain-tumor-mri-dataset/versions/2/Training/meningioma/Tr-me_1053.jpg,TUMOR,train
C:/Users/Ankit/.cache/kagglehub/datasets/masoudnickparvar/brain-tumor-mri-dataset/versions/2/Training/pituitary/Tr-pi_930.jpg,TUMOR,train
C:/Users/Ankit/.cache/kagglehub/datasets/masoudnickparvar/brain-tumor-mri-dataset/versions/2/Training/glioma/Tr-gl_1176.jpg,TUMOR,train
C:/Users/Ankit/.cache/kagglehub/datasets/masoudnickparvar/brain-tumor-mri-dataset/versions/2/Training/pituitary/Tr-pi_923.jpg,TUMOR,train
C:/Users/Ankit/.cache/kagglehub/datasets/masoudnickparvar/brain-tumor-mri-dataset/versions/2/Training/meningioma/Tr-me_95.jpg,TUMOR,train
C:/Users/Ankit/.cache/kagglehub/datasets/masoudnickparvar/brain-tumor-mri-dataset/versions/2/Training/pituitary/Tr-pi_1311.jpg,TUMOR,train
C:/Users/Ankit/.cache/kagglehub/datasets/masoudnickparvar/brain-tumor-mri-dataset/versions/2/Testing/meningioma/Te-me_284.jpg,TUMOR,train
C:/Users/Ankit/.cache/kagglehub/datasets/masoudnickparvar/brain-tumor-mri-dataset/versions/2/Testing/meningioma/Te-me_203.jpg,TUMOR,train
C:/Users/Ankit/.cache/kagglehub/datasets/masoudnickparvar/brain-tumor-mri-dataset/versions/2/Training/meningioma/Tr-me_657.jpg,TUMOR,train
C:/Users/Ankit/.cache/kagglehub/datasets/masoudnickparvar/brain-tumor-mri-dataset/versions/2/Testing/meningioma/Te-me_180.jpg,TUMOR,train
C:/Users/Ankit/.cache/kagglehub/datasets/masoudnickparvar/brain-tumor-mri-dataset/versions/2/Training/glioma/Tr-gl_437.jpg,TUMOR,train
C:/Users/Ankit/.cache/kagglehub/datasets/masoudnickparvar/brain-tumor-mri-dataset/versions/2/Training/pituitary/Tr-pi_808.jpg,TUMOR,train
C:/Users/Ankit/.cache/kagglehub/datasets/masoudnickparvar/brain-tumor-mri-dataset/versions/2/Training/pituitary/Tr-pi_1181.jpg,TUMOR,train
C:/Users/Ankit/.cache/kagglehub/datasets/masoudnickparvar/brain-tumor-mri-dataset/versions/2/Training/pituitary/Tr-pi_895.jpg,TUMOR,train
C:/Users/Ankit/.cache/kagglehub/datasets/masoudnickparvar/brain-tumor-mri-dataset/versions/2/Training/meningioma/Tr-me_687.jpg,TUMOR,train
C:/Users/Ankit/.cache/kagglehub/datasets/masoudnickparvar/brain-tumor-mri-dataset/versions/2/Testing/pituitary/Te-pi_145.jpg,TUMOR,train
C:/Users/Ankit/.cache/kagglehub/datasets/masoudnickparvar/brain-tumor-mri-dataset/versions/2/Testing/glioma/Te-gl_358.jpg,TUMOR,train
C:/Users/Ankit/.cache/kagglehub/datasets/masoudnickparvar/brain-tumor-mri-dataset/versions/2/Training/meningioma/Tr-me_983.jpg,TUMOR,train
C:/Users/Ankit/.cache/kagglehub/datasets/masoudnickparvar/brain-tumor-mri-dataset/versions/2/Testing/glioma/Te-gl_343.jpg,TUMOR,train
C:/Users/Ankit/.cache/kagglehub/datasets/masoudnickparvar/brain-tumor-mri-dataset/versions/2/Training/meningioma/Tr-me_798.jpg,TUMOR,train
C:/Users/Ankit/.cache/kagglehub/datasets/masoudnickparvar/brain-tumor-mri-dataset/versions/2/Training/glioma/Tr-gl_561.jpg,TUMOR,train
C:/Users/Ankit/.cache/kagglehub/datasets/masoudnickparvar/brain-tumor-mri-dataset/versions/2/Training/meningioma/Tr-me_1219.jpg,TUMOR,train
C:/Users/Ankit/.cache/kagglehub/datasets/masoudnickparvar/brain-tumor-mri-dataset/versions/2/Training/glioma/Tr-gl_793.jpg,TUMOR,train
C:/Users/Ankit/.cache/kagglehub/datasets/masoudnickparvar/brain-tumor-mri-dataset/versions/2/Training/meningioma/Tr-me_1135.jpg,TUMOR,train
C:/Users/Ankit/.cache/kagglehub/datasets/masoudnickparvar/brain-tumor-mri-dataset/versions/2/Training/glioma/Tr-gl_196.jpg,TUMOR,train
C:/Users/Ankit/.cache/kagglehub/datasets/masoudnickparvar/brain-tumor-mri-dataset/versions/2/Training/pituitary/Tr-pi_966.jpg,TUMOR,train
C:/Users/Ankit/.cache/kagglehub/datasets/masoudnickparvar/brain-tumor-mri-dataset/versions/2/Training/pituitary/Tr-pi_753.jpg,TUMOR,train
C:/Users/Ankit/.cache/kagglehub/datasets/masoudnickparvar/brain-tumor-mri-dataset/versions/2/Training/meningioma/Tr-me_583.jpg,TUMOR,train
C:/Users/Ankit/.cache/kagglehub/datasets/masoudnickparvar/brain-tumor-mri-dataset/versions/2/Training/meningioma/Tr-me_45.jpg,TUMOR,train
C:/Users/Ankit/.cache/kagglehub/datasets/masoudnickparvar/brain-tumor-mri-dataset/versions/2/Training/pituitary/Tr-pi_258.jpg,TUMOR,train
C:/Users/Ankit/.cache/kagglehub/datasets/masoudnickparvar/brain-tumor-mri-dataset/versions/2/Testing/pituitary/Te-pi_303.jpg,TUMOR,train
C:/Users/Ankit/.cache/kagglehub/datasets/masoudnickparvar/brain-tumor-mri-dataset/versions/2/Training/meningioma/Tr-aug-me_34.jpg,TUMOR,train
C:/Users/Ankit/.cache/kagglehub/datasets/masoudnickparvar/brain-tumor-mri-dataset/versions/2/Training/meningioma/Tr-me_28.jpg,TUMOR,train
C:/Users/Ankit/.cache/kagglehub/datasets/masoudnickparvar/brain-tumor-mri-dataset/versions/2/Training/meningioma/Tr-aug-me_94.jpg,TUMOR,train
C:/Users/Ankit/.cache/kagglehub/datasets/masoudnickparvar/brain-tumor-mri-dataset/versions/2/Testing/pituitary/Te-pi_336.jpg,TUMOR,train
C:/Users/Ankit/.cache/kagglehub/datasets/masoudnickparvar/brain-tumor-mri-dataset/versions/2/Training/meningioma/Tr-me_119.jpg,TUMOR,train
C:/Users/Ankit/.cache/kagglehub/datasets/masoudnickparvar/brain-tumor-mri-dataset/versions/2/Training/glioma/Tr-gl_11.jpg,TUMOR,train
C:/Users/Ankit/.cache/kagglehub/datasets/masoudnickparvar/brain-tumor-mri-dataset/versions/2/Training/pituitary/Tr-pi_1345.jpg,TUMOR,train
C:/Users/Ankit/.cache/kagglehub/datasets/masoudnickparvar/brain-tumor-mri-dataset/versions/2/Training/meningioma/Tr-me_505.jpg,TUMOR,train
C:/Users/Ankit/.cache/kagglehub/datasets/masoudnickparvar/brain-tumor-mri-dataset/versions/2/Testing/glioma/Te-gl_339.jpg,TUMOR,train
C:/Users/Ankit/.cache/kagglehub/datasets/masoudnickparvar/brain-tumor-mri-dataset/versions/2/Training/glioma/Tr-gl_24.jpg,TUMOR,train
C:/Users/Ankit/.cache/kagglehub/datasets/masoudnickparvar/brain-tumor-mri-dataset/versions/2/Training/meningioma/Tr-me_1100.jpg,TUMOR,train
C:/Users/Ankit/.cache/kagglehub/datasets/masoudnickparvar/brain-tumor-mri-dataset/versions/2/Training/meningioma/Tr-me_765.jpg,TUMOR,train
C:/Users/Ankit/.cache/kagglehub/datasets/masoudnickparvar/brain-tumor-mri-dataset/versions/2/Training/pituitary/Tr-pi_197.jpg,TUMOR,train
C:/Users/Ankit/.cache/kagglehub/datasets/masoudnickparvar/brain-tumor-mri-dataset/versions/2/Testing/glioma/Te-gl_65.jpg,TUMOR,train
C:/Users/Ankit/.cache/kagglehub/datasets/masoudnickparvar/brain-tumor-mri-dataset/versions/2/Training/pituitary/Tr-pi_1296.jpg,TUMOR,train
C:/Users/Ankit/.cache/kagglehub/datasets/masoudnickparvar/brain-tumor-mri-dataset/versions/2/Training/glioma/Tr-gl_964.jpg,TUMOR,train
C:/Users/Ankit/.cache/kagglehub/datasets/masoudnickparvar/brain-tumor-mri-dataset/versions/2/Training/glioma/Tr-gl_7.jpg,TUMOR,train
C:/Users/Ankit/.cache/kagglehub/datasets/masoudnickparvar/brain-tumor-mri-dataset/versions/2/Training/glioma/Tr-gl_776.jpg,TUMOR,train
C:/Users/Ankit/.cache/kagglehub/datasets/masoudnickparvar/brain-tumor-mri-dataset/versions/2/Training/pituitary/Tr-pi_970.jpg,TUMOR,train
C:/Users/Ankit/.cache/kagglehub/datasets/masoudnickparvar/brain-tumor-mri-dataset/versions/2/Training/pituitary/Tr-pi_976.jpg,TUMOR,train
C:/Users/Ankit/.cache/kagglehub/datasets/masoudnickparvar/brain-tumor-mri-dataset/versions/2/Training/pituitary/Tr-pi_1095.jpg,TUMOR,train
C:/Users/Ankit/.cache/kagglehub/datasets/masoudnickparvar/brain-tumor-mri-dataset/versions/2/Testing/pituitary/Te-pi_297.jpg,TUMOR,train
C:/Users/Ankit/.cache/kagglehub/datasets/masoudnickparvar/brain-tumor-mri-dataset/versions/2/Training/meningioma/Tr-me_354.jpg,TUMOR,train
C:/Users/Ankit/.cache/kagglehub/datasets/masoudnickparvar/brain-tumor-mri-dataset/versions/2/Training/glioma/Tr-gl_248.jpg,TUMOR,train
C:/Users/Ankit/.cache/kagglehub/datasets/masoudnickparvar/brain-tumor-mri-dataset/versions/2/Training/pituitary/Tr-pi_589.jpg,TUMOR,train
C:/Users/Ankit/.cache/kagglehub/datasets/masoudnickparvar/brain-tumor-mri-dataset/versions/2/Training/glioma/Tr-gl_1313.jpg,TUMOR,train
C:/Users/Ankit/.cache/kagglehub/datasets/masoudnickparvar/brain-tumor-mri-dataset/versions/2/Training/pituitary/Tr-pi_376.jpg,TUMOR,train
C:/Users/Ankit/.cache/kagglehub/datasets/masoudnickparvar/brain-tumor-mri-dataset/versions/2/Training/pituitary/Tr-pi_81.jpg,TUMOR,train
C:/Users/Ankit/.cache/kagglehub/datasets/masoudnickparvar/brain-tumor-mri-dataset/versions/2/Training/glioma/Tr-gl_97.jpg,TUMOR,train
C:/Users/Ankit/.cache/kagglehub/datasets/masoudnickparvar/brain-tumor-mri-dataset/versions/2/Testing/pituitary/Te-pi_221.jpg,TUMOR,train
C:/Users/Ankit/.cache/kagglehub/datasets/masoudnickparvar/brain-tumor-mri-dataset/versions/2/Testing/glioma/Te-gl_248.jpg,TUMOR,train
C:/Users/Ankit/.cache/kagglehub/datasets/masoudnickparvar/brain-tumor-mri-dataset/versions/2/Training/pituitary/Tr-pi_844.jpg,TUMOR,train
C:/Users/Ankit/.cache/kagglehub/datasets/masoudnickparvar/brain-tumor-mri-dataset/versions/2/Testing/glioma/Te-gl_17.jpg,TUMOR,train
C:/Users/Ankit/.cache/kagglehub/datasets/masoudnickparvar/brain-tumor-mri-dataset/versions/2/Training/pituitary/Tr-pi_837.jpg,TUMOR,train
C:/Users/Ankit/.cache/kagglehub/datasets/masoudnickparvar/brain-tumor-mri-dataset/versions/2/Testing/pituitary/Te-pi_91.jpg,TUMOR,train
C:/Users/Ankit/.cache/kagglehub/datasets/masoudnickparvar/brain-tumor-mri-dataset/versions/2/Training/pituitary/Tr-pi_371.jpg,TUMOR,train
C:/Users/Ankit/.cache/kagglehub/datasets/masoudnickparvar/brain-tumor-mri-dataset/versions/2/Training/glioma/Tr-gl_448.jpg,TUMOR,train
C:/Users/Ankit/.cache/kagglehub/datasets/masoudnickparvar/brain-tumor-mri-dataset/versions/2/Testing/glioma/Te-gl_313.jpg,TUMOR,train
C:/Users/Ankit/.cache/kagglehub/datasets/masoudnickparvar/brain-tumor-mri-dataset/versions/2/Training/pituitary/Tr-pi_1085.jpg,TUMOR,train
C:/Users/Ankit/.cache/kagglehub/datasets/masoudnickparvar/brain-tumor-mri-dataset/versions/2/Training/meningioma/Tr-me_938.jpg,TUMOR,train
C:/Users/Ankit/.cache/kagglehub/datasets/masoudnickparvar/brain-tumor-mri-dataset/versions/2/Training/meningioma/Tr-me_250.jpg,TUMOR,train
C:/Users/Ankit/.cache/kagglehub/datasets/masoudnickparvar/brain-tumor-mri-dataset/versions/2/Training/glioma/Tr-gl_1121.jpg,TUMOR,train
C:/Users/Ankit/.cache/kagglehub/datasets/masoudnickparvar/brain-tumor-mri-dataset/versions/2/Training/meningioma/Tr-me_1099.jpg,TUMOR,train
C:/Users/Ankit/.cache/kagglehub/datasets/masoudnickparvar/brain-tumor-mri-dataset/versions/2/Training/meningioma/Tr-me_631.jpg,TUMOR,train
C:/Users/Ankit/.cache/kagglehub/datasets/masoudnickparvar/brain-tumor-mri-dataset/versions/2/Testing/pituitary/Te-pi_224.jpg,TUMOR,train
C:/Users/Ankit/.cache/kagglehub/datasets/masoudnickparvar/brain-tumor-mri-dataset/versions/2/Training/glioma/Tr-gl_624.jpg,TUMOR,train
C:/Users/Ankit/.cache/kagglehub/datasets/masoudnickparvar/brain-tumor-mri-dataset/versions/2/Training/pituitary/Tr-pi_745.jpg,TUMOR,train
C:/Users/Ankit/.cache/kagglehub/datasets/masoudnickparvar/brain-tumor-mri-dataset/versions/2/Training/meningioma/Tr-me_493.jpg,TUMOR,train
C:/Users/Ankit/.cache/kagglehub/datasets/masoudnickparvar/brain-tumor-mri-dataset/versions/2/Training/glioma/Tr-gl_631.jpg,TUMOR,train
C:/Users/Ankit/.cache/kagglehub/datasets/masoudnickparvar/brain-tumor-mri-dataset/versions/2/Training/pituitary/Tr-pi_1166.jpg,TUMOR,train
C:/Users/Ankit/.cache/kagglehub/datasets/masoudnickparvar/brain-tumor-mri-dataset/versions/2/Training/meningioma/Tr-me_456.jpg,TUMOR,train
C:/Users/Ankit/.cache/kagglehub/datasets/masoudnickparvar/brain-tumor-mri-dataset/versions/2/Testing/glioma/Te-gl_154.jpg,TUMOR,train
C:/Users/Ankit/.cache/kagglehub/datasets/masoudnickparvar/brain-tumor-mri-dataset/versions/2/Training/glioma/Tr-gl_1340.jpg,TUMOR,train
C:/Users/Ankit/.cache/kagglehub/datasets/masoudnickparvar/brain-tumor-mri-dataset/versions/2/Training/meningioma/Tr-me_166.jpg,TUMOR,train
C:/Users/Ankit/.cache/kagglehub/datasets/masoudnickparvar/brain-tumor-mri-dataset/versions/2/Testing/glioma/Te-gl_179.jpg,TUMOR,train
C:/Users/Ankit/.cache/kagglehub/datasets/masoudnickparvar/brain-tumor-mri-dataset/versions/2/Training/glioma/Tr-gl_1067.jpg,TUMOR,train
C:/Users/Ankit/.cache/kagglehub/datasets/masoudnickparvar/brain-tumor-mri-dataset/versions/2/Testing/pituitary/Te-pi_244.jpg,TUMOR,train
C:/Users/Ankit/.cache/kagglehub/datasets/masoudnickparvar/brain-tumor-mri-dataset/versions/2/Training/meningioma/Tr-me_839.jpg,TUMOR,train
C:/Users/Ankit/.cache/kagglehub/datasets/masoudnickparvar/brain-tumor-mri-dataset/versions/2/Testing/meningioma/Te-me_182.jpg,TUMOR,train
C:/Users/Ankit/.cache/kagglehub/datasets/masoudnickparvar/brain-tumor-mri-dataset/versions/2/Training/glioma/Tr-gl_257.jpg,TUMOR,train
C:/Users/Ankit/.cache/kagglehub/datasets/masoudnickparvar/brain-tumor-mri-dataset/versions/2/Training/pituitary/Tr-pi_807.jpg,TUMOR,train
C:/Users/Ankit/.cache/kagglehub/datasets/masoudnickparvar/brain-tumor-mri-dataset/versions/2/Training/meningioma/Tr-me_1138.jpg,TUMOR,train
C:/Users/Ankit/.cache/kagglehub/datasets/masoudnickparvar/brain-tumor-mri-dataset/versions/2/Testing/pituitary/Te-pi_79.jpg,TUMOR,train
C:/Users/Ankit/.cache/kagglehub/datasets/masoudnickparvar/brain-tumor-mri-dataset/versions/2/Training/pituitary/Tr-pi_134.jpg,TUMOR,train
C:/Users/Ankit/.cache/kagglehub/datasets/masoudnickparvar/brain-tumor-mri-dataset/versions/2/Training/pituitary/Tr-pi_1392.jpg,TUMOR,train
C:/Users/Ankit/.cache/kagglehub/datasets/masoudnickparvar/brain-tumor-mri-dataset/versions/2/Training/meningioma/Tr-me_1189.jpg,TUMOR,train
C:/Users/Ankit/.cache/kagglehub/datasets/masoudnickparvar/brain-tumor-mri-dataset/versions/2/Training/glioma/Tr-gl_332.jpg,TUMOR,train
C:/Users/Ankit/.cache/kagglehub/datasets/masoudnickparvar/brain-tumor-mri-dataset/versions/2/Training/meningioma/Tr-me_651.jpg,TUMOR,train
C:/Users/Ankit/.cache/kagglehub/datasets/masoudnickparvar/brain-tumor-mri-dataset/versions/2/Training/glioma/Tr-gl_797.jpg,TUMOR,train
C:/Users/Ankit/.cache/kagglehub/datasets/masoudnickparvar/brain-tumor-mri-dataset/versions/2/Training/meningioma/Tr-me_287.jpg,TUMOR,train
C:/Users/Ankit/.cache/kagglehub/datasets/masoudnickparvar/brain-tumor-mri-dataset/versions/2/Training/glioma/Tr-gl_679.jpg,TUMOR,train
C:/Users/Ankit/.cache/kagglehub/datasets/masoudnickparvar/brain-tumor-mri-dataset/versions/2/Training/glioma/Tr-gl_286.jpg,TUMOR,train
C:/Users/Ankit/.cache/kagglehub/datasets/masoudnickparvar/brain-tumor-mri-dataset/versions/2/Training/pituitary/Tr-pi_1270.jpg,TUMOR,train
C:/Users/Ankit/.cache/kagglehub/datasets/masoudnickparvar/brain-tumor-mri-dataset/versions/2/Training/glioma/Tr-gl_579.jpg,TUMOR,train
C:/Users/Ankit/.cache/kagglehub/datasets/masoudnickparvar/brain-tumor-mri-dataset/versions/2/Training/pituitary/Tr-pi_633.jpg,TUMOR,train
C:/Users/Ankit/.cache/kagglehub/datasets/masoudnickparvar/brain-tumor-mri-dataset/versions/2/Training/glioma/Tr-gl_1257.jpg,TUMOR,train
C:/Users/Ankit/.cache/kagglehub/datasets/masoudnickparvar/brain-tumor-mri-dataset/versions/2/Testing/pituitary/Te-pi_42.jpg,TUMOR,train
C:/Users/Ankit/.cache/kagglehub/datasets/masoudnickparvar/brain-tumor-mri-dataset/versions/2/Training/pituitary/Tr-pi_595.jpg,TUMOR,train
C:/Users/Ankit/.cache/kagglehub/datasets/masoudnickparvar/brain-tumor-mri-dataset/versions/2/Training/glioma/Tr-gl_565.jpg,TUMOR,train
C:/Users/Ankit/.cache/kagglehub/datasets/masoudnickparvar/brain-tumor-mri-dataset/versions/2/Testing/meningioma/Te-me_3.jpg,TUMOR,train
C:/Users/Ankit/.cache/kagglehub/datasets/masoudnickparvar/brain-tumor-mri-dataset/versions/2/Testing/glioma/Te-gl_193.jpg,TUMOR,train
C:/Users/Ankit/.cache/kagglehub/datasets/masoudnickparvar/brain-tumor-mri-dataset/versions/2/Training/glioma/Tr-gl_713.jpg,TUMOR,train
C:/Users/Ankit/.cache/kagglehub/datasets/masoudnickparvar/brain-tumor-mri-dataset/versions/2/Training/pituitary/Tr-pi_1037.jpg,TUMOR,train
C:/Users/Ankit/.cache/kagglehub/datasets/masoudnickparvar/brain-tumor-mri-dataset/versions/2/Training/glioma/Tr-gl_503.jpg,TUMOR,train
C:/Users/Ankit/.cache/kagglehub/datasets/masoudnickparvar/brain-tumor-mri-dataset/versions/2/Training/pituitary/Tr-pi_1144.jpg,TUMOR,train
C:/Users/Ankit/.cache/kagglehub/datasets/masoudnickparvar/brain-tumor-mri-dataset/versions/2/Training/meningioma/Tr-me_1197.jpg,TUMOR,train
C:/Users/Ankit/.cache/kagglehub/datasets/masoudnickparvar/brain-tumor-mri-dataset/versions/2/Training/meningioma/Tr-me_283.jpg,TUMOR,train
C:/Users/Ankit/.cache/kagglehub/datasets/masoudnickparvar/brain-tumor-mri-dataset/versions/2/Training/pituitary/Tr-pi_536.jpg,TUMOR,train
C:/Users/Ankit/.cache/kagglehub/datasets/masoudnickparvar/brain-tumor-mri-dataset/versions/2/Training/pituitary/Tr-pi_150.jpg,TUMOR,train
C:/Users/Ankit/.cache/kagglehub/datasets/masoudnickparvar/brain-tumor-mri-dataset/versions/2/Testing/glioma/Te-gl_363.jpg,TUMOR,train
C:/Users/Ankit/.cache/kagglehub/datasets/masoudnickparvar/brain-tumor-mri-dataset/versions/2/Training/glioma/Tr-gl_14.jpg,TUMOR,train
C:/Users/Ankit/.cache/kagglehub/datasets/masoudnickparvar/brain-tumor-mri-dataset/versions/2/Training/meningioma/Tr-me_40.jpg,TUMOR,train
C:/Users/Ankit/.cache/kagglehub/datasets/masoudnickparvar/brain-tumor-mri-dataset/versions/2/Training/pituitary/Tr-pi_233.jpg,TUMOR,train
C:/Users/Ankit/.cache/kagglehub/datasets/masoudnickparvar/brain-tumor-mri-dataset/versions/2/Training/pituitary/Tr-pi_11.jpg,TUMOR,train
C:/Users/Ankit/.cache/kagglehub/datasets/masoudnickparvar/brain-tumor-mri-dataset/versions/2/Training/glioma/Tr-gl_432.jpg,TUMOR,train
C:/Users/Ankit/.cache/kagglehub/datasets/masoudnickparvar/brain-tumor-mri-dataset/versions/2/Training/glioma/Tr-gl_122.jpg,TUMOR,train
C:/Users/Ankit/.cache/kagglehub/datasets/masoudnickparvar/brain-tumor-mri-dataset/versions/2/Training/glioma/Tr-gl_576.jpg,TUMOR,train
C:/Users/Ankit/.cache/kagglehub/datasets/masoudnickparvar/brain-tumor-mri-dataset/versions/2/Training/pituitary/Tr-pi_646.jpg,TUMOR,train
C:/Users/Ankit/.cache/kagglehub/datasets/masoudnickparvar/brain-tumor-mri-dataset/versions/2/Training/glioma/Tr-gl_676.jpg,TUMOR,train
C:/Users/Ankit/.cache/kagglehub/datasets/masoudnickparvar/brain-tumor-mri-dataset/versions/2/Training/meningioma/Tr-me_856.jpg,TUMOR,train
C:/Users/Ankit/.cache/kagglehub/datasets/masoudnickparvar/brain-tumor-mri-dataset/versions/2/Training/meningioma/Tr-me_1171.jpg,TUMOR,train
C:/Users/Ankit/.cache/kagglehub/datasets/masoudnickparvar/brain-tumor-mri-dataset/versions/2/Testing/pituitary/Te-pi_69.jpg,TUMOR,train
C:/Users/Ankit/.cache/kagglehub/datasets/masoudnickparvar/brain-tumor-mri-dataset/versions/2/Training/glioma/Tr-gl_479.jpg,TUMOR,train
C:/Users/Ankit/.cache/kagglehub/datasets/masoudnickparvar/brain-tumor-mri-dataset/versions/2/Training/pituitary/Tr-pi_939.jpg,TUMOR,train
C:/Users/Ankit/.cache/kagglehub/datasets/masoudnickparvar/brain-tumor-mri-dataset/versions/2/Testing/meningioma/Te-aug-me_30.jpg,TUMOR,train
C:/Users/Ankit/.cache/kagglehub/datasets/masoudnickparvar/brain-tumor-mri-dataset/versions/2/Training/pituitary/Tr-pi_104.jpg,TUMOR,train
C:/Users/Ankit/.cache/kagglehub/datasets/masoudnickparvar/brain-tumor-mri-dataset/versions/2/Training/glioma/Tr-gl_1262.jpg,TUMOR,train
C:/Users/Ankit/.cache/kagglehub/datasets/masoudnickparvar/brain-tumor-mri-dataset/versions/2/Training/meningioma/Tr-me_195.jpg,TUMOR,train
C:/Users/Ankit/.cache/kagglehub/datasets/masoudnickparvar/brain-tumor-mri-dataset/versions/2/Training/meningioma/Tr-me_1132.jpg,TUMOR,train
C:/Users/Ankit/.cache/kagglehub/datasets/masoudnickparvar/brain-tumor-mri-dataset/versions/2/Training/glioma/Tr-gl_684.jpg,TUMOR,train
C:/Users/Ankit/.cache/kagglehub/datasets/masoudnickparvar/brain-tumor-mri-dataset/versions/2/Training/pituitary/Tr-pi_1268.jpg,TUMOR,train
C:/Users/Ankit/.cache/kagglehub/datasets/masoudnickparvar/brain-tumor-mri-dataset/versions/2/Training/meningioma/Tr-me_47.jpg,TUMOR,train
C:/Users/Ankit/.cache/kagglehub/datasets/masoudnickparvar/brain-tumor-mri-dataset/versions/2/Training/pituitary/Tr-pi_883.jpg,TUMOR,train
C:/Users/Ankit/.cache/kagglehub/datasets/masoudnickparvar/brain-tumor-mri-dataset/versions/2/Training/glioma/Tr-gl_534.jpg,TUMOR,train
C:/Users/Ankit/.cache/kagglehub/datasets/masoudnickparvar/brain-tumor-mri-dataset/versions/2/Training/pituitary/Tr-pi_290.jpg,TUMOR,train
C:/Users/Ankit/.cache/kagglehub/datasets/masoudnickparvar/brain-tumor-mri-dataset/versions/2/Training/glioma/Tr-gl_758.jpg,TUMOR,train
C:/Users/Ankit/.cache/kagglehub/datasets/masoudnickparvar/brain-tumor-mri-dataset/versions/2/Testing/pituitary/Te-pi_295.jpg,TUMOR,train
C:/Users/Ankit/.cache/kagglehub/datasets/masoudnickparvar/brain-tumor-mri-dataset/versions/2/Training/pituitary/Tr-pi_896.jpg,TUMOR,train
C:/Users/Ankit/.cache/kagglehub/datasets/masoudnickparvar/brain-tumor-mri-dataset/versions/2/Training/meningioma/Tr-me_377.jpg,TUMOR,train
C:/Users/Ankit/.cache/kagglehub/datasets/masoudnickparvar/brain-tumor-mri-dataset/versions/2/Training/glioma/Tr-gl_66.jpg,TUMOR,train
C:/Users/Ankit/.cache/kagglehub/datasets/masoudnickparvar/brain-tumor-mri-dataset/versions/2/Testing/pituitary/Te-pi_148.jpg,TUMOR,train
C:/Users/Ankit/.cache/kagglehub/datasets/masoudnickparvar/brain-tumor-mri-dataset/versions/2/Training/pituitary/Tr-pi_1160.jpg,TUMOR,train
C:/Users/Ankit/.cache/kagglehub/datasets/masoudnickparvar/brain-tumor-mri-dataset/versions/2/Training/pituitary/Tr-pi_815.jpg,TUMOR,train
C:/Users/Ankit/.cache/kagglehub/datasets/masoudnickparvar/brain-tumor-mri-dataset/versions/2/Testing/pituitary/Te-pi_351.jpg,TUMOR,train
C:/Users/Ankit/.cache/kagglehub/datasets/masoudnickparvar/brain-tumor-mri-dataset/versions/2/Testing/meningioma/Te-me_86.jpg,TUMOR,train
C:/Users/Ankit/.cache/kagglehub/datasets/masoudnickparvar/brain-tumor-mri-dataset/versions/2/Testing/glioma/Te-gl_221.jpg,TUMOR,train
C:/Users/Ankit/.cache/kagglehub/datasets/masoudnickparvar/brain-tumor-mri-dataset/versions/2/Testing/meningioma/Te-me_222.jpg,TUMOR,train
C:/Users/Ankit/.cache/kagglehub/datasets/masoudnickparvar/brain-tumor-mri-dataset/versions/2/Training/pituitary/Tr-pi_412.jpg,TUMOR,train
C:/Users/Ankit/.cache/kagglehub/datasets/masoudnickparvar/brain-tumor-mri-dataset/versions/2/Training/glioma/Tr-gl_728.jpg,TUMOR,train
C:/Users/Ankit/.cache/kagglehub/datasets/masoudnickparvar/brain-tumor-mri-dataset/versions/2/Training/pituitary/Tr-pi_1256.jpg,TUMOR,train
C:/Users/Ankit/.cache/kagglehub/datasets/masoudnickparvar/brain-tumor-mri-dataset/versions/2/Training/pituitary/Tr-pi_241.jpg,TUMOR,train
C:/Users/Ankit/.cache/kagglehub/datasets/masoudnickparvar/brain-tumor-mri-dataset/versions/2/Testing/meningioma/Te-me_61.jpg,TUMOR,train
C:/Users/Ankit/.cache/kagglehub/datasets/masoudnickparvar/brain-tumor-mri-dataset/versions/2/Training/pituitary/Tr-pi_1161.jpg,TUMOR,train
C:/Users/Ankit/.cache/kagglehub/datasets/masoudnickparvar/brain-tumor-mri-dataset/versions/2/Testing/glioma/Te-gl_93.jpg,TUMOR,train
C:/Users/Ankit/.cache/kagglehub/datasets/masoudnickparvar/brain-tumor-mri-dataset/versions/2/Training/pituitary/Tr-pi_1371.jpg,TUMOR,train
C:/Users/Ankit/.cache/kagglehub/datasets/masoudnickparvar/brain-tumor-mri-dataset/versions/2/Training/pituitary/Tr-pi_155.jpg,TUMOR,train
C:/Users/Ankit/.cache/kagglehub/datasets/masoudnickparvar/brain-tumor-mri-dataset/versions/2/Training/pituitary/Tr-pi_144.jpg,TUMOR,train
C:/Users/Ankit/.cache/kagglehub/datasets/masoudnickparvar/brain-tumor-mri-dataset/versions/2/Training/glioma/Tr-gl_675.jpg,TUMOR,train
C:/Users/Ankit/.cache/kagglehub/datasets/masoudnickparvar/brain-tumor-mri-dataset/versions/2/Training/meningioma/Tr-me_1145.jpg,TUMOR,train
C:/Users/Ankit/.cache/kagglehub/datasets/masoudnickparvar/brain-tumor-mri-dataset/versions/2/Training/glioma/Tr-gl_977.jpg,TUMOR,train
C:/Users/Ankit/.cache/kagglehub/datasets/masoudnickparvar/brain-tumor-mri-dataset/versions/2/Testing/meningioma/Te-me_18.jpg,TUMOR,train
C:/Users/Ankit/.cache/kagglehub/datasets/masoudnickparvar/brain-tumor-mri-dataset/versions/2/Testing/pituitary/Te-pi_278.jpg,TUMOR,train
C:/Users/Ankit/.cache/kagglehub/datasets/masoudnickparvar/brain-tumor-mri-dataset/versions/2/Testing/pituitary/Te-pi_186.jpg,TUMOR,train
C:/Users/Ankit/.cache/kagglehub/datasets/masoudnickparvar/brain-tumor-mri-dataset/versions/2/Training/pituitary/Tr-pi_1377.jpg,TUMOR,train
C:/Users/Ankit/.cache/kagglehub/datasets/masoudnickparvar/brain-tumor-mri-dataset/versions/2/Training/glioma/Tr-gl_543.jpg,TUMOR,train
C:/Users/Ankit/.cache/kagglehub/datasets/masoudnickparvar/brain-tumor-mri-dataset/versions/2/Training/meningioma/Tr-me_564.jpg,TUMOR,train
C:/Users/Ankit/.cache/kagglehub/datasets/masoudnickparvar/brain-tumor-mri-dataset/versions/2/Training/meningioma/Tr-me_1260.jpg,TUMOR,train
C:/Users/Ankit/.cache/kagglehub/datasets/masoudnickparvar/brain-tumor-mri-dataset/versions/2/Training/glioma/Tr-gl_514.jpg,TUMOR,train
C:/Users/Ankit/.cache/kagglehub/datasets/masoudnickparvar/brain-tumor-mri-dataset/versions/2/Training/glioma/Tr-gl_578.jpg,TUMOR,train
C:/Users/Ankit/.cache/kagglehub/datasets/masoudnickparvar/brain-tumor-mri-dataset/versions/2/Training/meningioma/Tr-me_374.jpg,TUMOR,train
C:/Users/Ankit/.cache/kagglehub/datasets/masoudnickparvar/brain-tumor-mri-dataset/versions/2/Training/glioma/Tr-gl_1394.jpg,TUMOR,train
C:/Users/Ankit/.cache/kagglehub/datasets/masoudnickparvar/brain-tumor-mri-dataset/versions/2/Training/glioma/Tr-gl_461.jpg,TUMOR,train
C:/Users/Ankit/.cache/kagglehub/datasets/masoudnickparvar/brain-tumor-mri-dataset/versions/2/Training/meningioma/Tr-me_1264.jpg,TUMOR,train
C:/Users/Ankit/.cache/kagglehub/datasets/masoudnickparvar/brain-tumor-mri-dataset/versions/2/Training/pituitary/Tr-pi_307.jpg,TUMOR,train
C:/Users/Ankit/.cache/kagglehub/datasets/masoudnickparvar/brain-tumor-mri-dataset/versions/2/Testing/pituitary/Te-pi_384.jpg,TUMOR,train
C:/Users/Ankit/.cache/kagglehub/datasets/masoudnickparvar/brain-tumor-mri-dataset/versions/2/Training/pituitary/Tr-pi_179.jpg,TUMOR,train
C:/Users/Ankit/.cache/kagglehub/datasets/masoudnickparvar/brain-tumor-mri-dataset/versions/2/Training/pituitary/Tr-pi_709.jpg,TUMOR,train
C:/Users/Ankit/.cache/kagglehub/datasets/masoudnickparvar/brain-tumor-mri-dataset/versions/2/Training/glioma/Tr-gl_836.jpg,TUMOR,train
C:/Users/Ankit/.cache/kagglehub/datasets/masoudnickparvar/brain-tumor-mri-dataset/versions/2/Training/pituitary/Tr-pi_868.jpg,TUMOR,train
C:/Users/Ankit/.cache/kagglehub/datasets/masoudnickparvar/brain-tumor-mri-dataset/versions/2/Training/pituitary/Tr-pi_941.jpg,TUMOR,train
C:/Users/Ankit/.cache/kagglehub/datasets/masoudnickparvar/brain-tumor-mri-dataset/versions/2/Testing/pituitary/Te-pi_191.jpg,TUMOR,train
C:/Users/Ankit/.cache/kagglehub/datasets/masoudnickparvar/brain-tumor-mri-dataset/versions/2/Training/pituitary/Tr-pi_1386.jpg,TUMOR,train
C:/Users/Ankit/.cache/kagglehub/datasets/masoudnickparvar/brain-tumor-mri-dataset/versions/2/Training/glioma/Tr-gl_1170.jpg,TUMOR,train
C:/Users/Ankit/.cache/kagglehub/datasets/masoudnickparvar/brain-tumor-mri-dataset/versions/2/Training/pituitary/Tr-pi_443.jpg,TUMOR,train
C:/Users/Ankit/.cache/kagglehub/datasets/masoudnickparvar/brain-tumor-mri-dataset/versions/2/Testing/meningioma/Te-aug-me_100.jpg,TUMOR,train
C:/Users/Ankit/.cache/kagglehub/datasets/masoudnickparvar/brain-tumor-mri-dataset/versions/2/Training/pituitary/Tr-pi_1251.jpg,TUMOR,train
C:/Users/Ankit/.cache/kagglehub/datasets/masoudnickparvar/brain-tumor-mri-dataset/versions/2/Training/meningioma/Tr-me_1127.jpg,TUMOR,train
C:/Users/Ankit/.cache/kagglehub/datasets/masoudnickparvar/brain-tumor-mri-dataset/versions/2/Training/pituitary/Tr-pi_88.jpg,TUMOR,train
C:/Users/Ankit/.cache/kagglehub/datasets/masoudnickparvar/brain-tumor-mri-dataset/versions/2/Training/pituitary/Tr-pi_793.jpg,TUMOR,train
C:/Users/Ankit/.cache/kagglehub/datasets/masoudnickparvar/brain-tumor-mri-dataset/versions/2/Training/pituitary/Tr-pi_1205.jpg,TUMOR,train
C:/Users/Ankit/.cache/kagglehub/datasets/masoudnickparvar/brain-tumor-mri-dataset/versions/2/Training/pituitary/Tr-pi_392.jpg,TUMOR,train
C:/Users/Ankit/.cache/kagglehub/datasets/masoudnickparvar/brain-tumor-mri-dataset/versions/2/Testing/glioma/Te-gl_228.jpg,TUMOR,train
C:/Users/Ankit/.cache/kagglehub/datasets/masoudnickparvar/brain-tumor-mri-dataset/versions/2/Testing/meningioma/Te-me_10.jpg,TUMOR,train
C:/Users/Ankit/.cache/kagglehub/datasets/masoudnickparvar/brain-tumor-mri-dataset/versions/2/Training/meningioma/Tr-me_423.jpg,TUMOR,train
C:/Users/Ankit/.cache/kagglehub/datasets/masoudnickparvar/brain-tumor-mri-dataset/versions/2/Training/pituitary/Tr-pi_404.jpg,TUMOR,train
C:/Users/Ankit/.cache/kagglehub/datasets/masoudnickparvar/brain-tumor-mri-dataset/versions/2/Training/pituitary/Tr-pi_1201.jpg,TUMOR,train
C:/Users/Ankit/.cache/kagglehub/datasets/masoudnickparvar/brain-tumor-mri-dataset/versions/2/Training/meningioma/Tr-me_699.jpg,TUMOR,train
C:/Users/Ankit/.cache/kagglehub/datasets/masoudnickparvar/brain-tumor-mri-dataset/versions/2/Training/glioma/Tr-gl_1237.jpg,TUMOR,train
C:/Users/Ankit/.cache/kagglehub/datasets/masoudnickparvar/brain-tumor-mri-dataset/versions/2/Training/pituitary/Tr-pi_574.jpg,TUMOR,train
C:/Users/Ankit/.cache/kagglehub/datasets/masoudnickparvar/brain-tumor-mri-dataset/versions/2/Training/meningioma/Tr-aug-me_49.jpg,TUMOR,train
C:/Users/Ankit/.cache/kagglehub/datasets/masoudnickparvar/brain-tumor-mri-dataset/versions/2/Training/glioma/Tr-gl_1021.jpg,TUMOR,train
C:/Users/Ankit/.cache/kagglehub/datasets/masoudnickparvar/brain-tumor-mri-dataset/versions/2/Training/glioma/Tr-gl_722.jpg,TUMOR,train
C:/Users/Ankit/.cache/kagglehub/datasets/masoudnickparvar/brain-tumor-mri-dataset/versions/2/Training/meningioma/Tr-me_589.jpg,TUMOR,train
C:/Users/Ankit/.cache/kagglehub/datasets/masoudnickparvar/brain-tumor-mri-dataset/versions/2/Training/meningioma/Tr-me_724.jpg,TUMOR,train
C:/Users/Ankit/.cache/kagglehub/datasets/masoudnickparvar/brain-tumor-mri-dataset/versions/2/Testing/glioma/Te-gl_189.jpg,TUMOR,train
C:/Users/Ankit/.cache/kagglehub/datasets/masoudnickparvar/brain-tumor-mri-dataset/versions/2/Training/pituitary/Tr-pi_350.jpg,TUMOR,train
C:/Users/Ankit/.cache/kagglehub/datasets/masoudnickparvar/brain-tumor-mri-dataset/versions/2/Training/glioma/Tr-gl_1069.jpg,TUMOR,train
C:/Users/Ankit/.cache/kagglehub/datasets/masoudnickparvar/brain-tumor-mri-dataset/versions/2/Training/meningioma/Tr-me_87.jpg,TUMOR,train
C:/Users/Ankit/.cache/kagglehub/datasets/masoudnickparvar/brain-tumor-mri-dataset/versions/2/Training/pituitary/Tr-pi_146.jpg,TUMOR,train
C:/Users/Ankit/.cache/kagglehub/datasets/masoudnickparvar/brain-tumor-mri-dataset/versions/2/Training/meningioma/Tr-me_858.jpg,TUMOR,train
C:/Users/Ankit/.cache/kagglehub/datasets/masoudnickparvar/brain-tumor-mri-dataset/versions/2/Training/pituitary/Tr-pi_480.jpg,TUMOR,train
C:/Users/Ankit/.cache/kagglehub/datasets/masoudnickparvar/brain-tumor-mri-dataset/versions/2/Training/pituitary/Tr-pi_774.jpg,TUMOR,train
C:/Users/Ankit/.cache/kagglehub/datasets/masoudnickparvar/brain-tumor-mri-dataset/versions/2/Testing/glioma/Te-gl_44.jpg,TUMOR,train
C:/Users/Ankit/.cache/kagglehub/datasets/masoudnickparvar/brain-tumor-mri-dataset/versions/2/Training/pituitary/Tr-pi_747.jpg,TUMOR,train
C:/Users/Ankit/.cache/kagglehub/datasets/masoudnickparvar/brain-tumor-mri-dataset/versions/2/Training/meningioma/Tr-me_1251.jpg,TUMOR,train
C:/Users/Ankit/.cache/kagglehub/datasets/masoudnickparvar/brain-tumor-mri-dataset/versions/2/Testing/pituitary/Te-pi_161.jpg,TUMOR,train
C:/Users/Ankit/.cache/kagglehub/datasets/masoudnickparvar/brain-tumor-mri-dataset/versions/2/Training/glioma/Tr-gl_1187.jpg,TUMOR,train
C:/Users/Ankit/.cache/kagglehub/datasets/masoudnickparvar/brain-tumor-mri-dataset/versions/2/Training/meningioma/Tr-me_310.jpg,TUMOR,train
C:/Users/Ankit/.cache/kagglehub/datasets/masoudnickparvar/brain-tumor-mri-dataset/versions/2/Training/glioma/Tr-gl_141.jpg,TUMOR,train
C:/Users/Ankit/.cache/kagglehub/datasets/masoudnickparvar/brain-tumor-mri-dataset/versions/2/Training/meningioma/Tr-aug-me_21.jpg,TUMOR,train
C:/Users/Ankit/.cache/kagglehub/datasets/masoudnickparvar/brain-tumor-mri-dataset/versions/2/Training/glioma/Tr-gl_1280.jpg,TUMOR,train
C:/Users/Ankit/.cache/kagglehub/datasets/masoudnickparvar/brain-tumor-mri-dataset/versions/2/Training/pituitary/Tr-pi_1180.jpg,TUMOR,train
C:/Users/Ankit/.cache/kagglehub/datasets/masoudnickparvar/brain-tumor-mri-dataset/versions/2/Training/glioma/Tr-gl_875.jpg,TUMOR,train
C:/Users/Ankit/.cache/kagglehub/datasets/masoudnickparvar/brain-tumor-mri-dataset/versions/2/Training/glioma/Tr-gl_934.jpg,TUMOR,train
C:/Users/Ankit/.cache/kagglehub/datasets/masoudnickparvar/brain-tumor-mri-dataset/versions/2/Testing/pituitary/Te-pi_395.jpg,TUMOR,train
C:/Users/Ankit/.cache/kagglehub/datasets/masoudnickparvar/brain-tumor-mri-dataset/versions/2/Training/glioma/Tr-gl_933.jpg,TUMOR,train
C:/Users/Ankit/.cache/kagglehub/datasets/masoudnickparvar/brain-tumor-mri-dataset/versions/2/Training/meningioma/Tr-me_1043.jpg,TUMOR,train
C:/Users/Ankit/.cache/kagglehub/datasets/masoudnickparvar/brain-tumor-mri-dataset/versions/2/Testing/glioma/Te-gl_1.jpg,TUMOR,train
C:/Users/Ankit/.cache/kagglehub/datasets/masoudnickparvar/brain-tumor-mri-dataset/versions/2/Training/meningioma/Tr-me_1247.jpg,TUMOR,train
C:/Users/Ankit/.cache/kagglehub/datasets/masoudnickparvar/brain-tumor-mri-dataset/versions/2/Training/glioma/Tr-gl_587.jpg,TUMOR,train
C:/Users/Ankit/.cache/kagglehub/datasets/masoudnickparvar/brain-tumor-mri-dataset/versions/2/Testing/glioma/Te-gl_131.jpg,TUMOR,train
C:/Users/Ankit/.cache/kagglehub/datasets/masoudnickparvar/brain-tumor-mri-dataset/versions/2/Training/pituitary/Tr-pi_171.jpg,TUMOR,train
C:/Users/Ankit/.cache/kagglehub/datasets/masoudnickparvar/brain-tumor-mri-dataset/versions/2/Training/pituitary/Tr-pi_681.jpg,TUMOR,train
C:/Users/Ankit/.cache/kagglehub/datasets/masoudnickparvar/brain-tumor-mri-dataset/versions/2/Training/pituitary/Tr-pi_674.jpg,TUMOR,train
C:/Users/Ankit/.cache/kagglehub/datasets/masoudnickparvar/brain-tumor-mri-dataset/versions/2/Testing/pituitary/Te-pi_240.jpg,TUMOR,train
C:/Users/Ankit/.cache/kagglehub/datasets/masoudnickparvar/brain-tumor-mri-dataset/versions/2/Training/pituitary/Tr-pi_1113.jpg,TUMOR,train
C:/Users/Ankit/.cache/kagglehub/datasets/masoudnickparvar/brain-tumor-mri-dataset/versions/2/Training/meningioma/Tr-me_1024.jpg,TUMOR,train
C:/Users/Ankit/.cache/kagglehub/datasets/masoudnickparvar/brain-tumor-mri-dataset/versions/2/Training/glioma/Tr-gl_1228.jpg,TUMOR,train
C:/Users/Ankit/.cache/kagglehub/datasets/masoudnickparvar/brain-tumor-mri-dataset/versions/2/Training/glioma/Tr-gl_189.jpg,TUMOR,train
C:/Users/Ankit/.cache/kagglehub/datasets/masoudnickparvar/brain-tumor-mri-dataset/versions/2/Testing/pituitary/Te-pi_316.jpg,TUMOR,train
C:/Users/Ankit/.cache/kagglehub/datasets/masoudnickparvar/brain-tumor-mri-dataset/versions/2/Testing/pituitary/Te-pi_51.jpg,TUMOR,train
C:/Users/Ankit/.cache/kagglehub/datasets/masoudnickparvar/brain-tumor-mri-dataset/versions/2/Training/meningioma/Tr-me_1195.jpg,TUMOR,train
C:/Users/Ankit/.cache/kagglehub/datasets/masoudnickparvar/brain-tumor-mri-dataset/versions/2/Testing/pituitary/Te-pi_374.jpg,TUMOR,train
C:/Users/Ankit/.cache/kagglehub/datasets/masoudnickparvar/brain-tumor-mri-dataset/versions/2/Training/glioma/Tr-gl_379.jpg,TUMOR,train
C:/Users/Ankit/.cache/kagglehub/datasets/masoudnickparvar/brain-tumor-mri-dataset/versions/2/Training/meningioma/Tr-me_523.jpg,TUMOR,train
C:/Users/Ankit/.cache/kagglehub/datasets/masoudnickparvar/brain-tumor-mri-dataset/versions/2/Testing/meningioma/Te-aug-me_7.jpg,TUMOR,train
C:/Users/Ankit/.cache/kagglehub/datasets/masoudnickparvar/brain-tumor-mri-dataset/versions/2/Testing/glioma/Te-gl_171.jpg,TUMOR,train
C:/Users/Ankit/.cache/kagglehub/datasets/masoudnickparvar/brain-tumor-mri-dataset/versions/2/Testing/pituitary/Te-pi_120.jpg,TUMOR,train
C:/Users/Ankit/.cache/kagglehub/datasets/masoudnickparvar/brain-tumor-mri-dataset/versions/2/Training/meningioma/Tr-me_1125.jpg,TUMOR,train
C:/Users/Ankit/.cache/kagglehub/datasets/masoudnickparvar/brain-tumor-mri-dataset/versions/2/Training/meningioma/Tr-me_853.jpg,TUMOR,train
C:/Users/Ankit/.cache/kagglehub/datasets/masoudnickparvar/brain-tumor-mri-dataset/versions/2/Testing/meningioma/Te-me_46.jpg,TUMOR,train
C:/Users/Ankit/.cache/kagglehub/datasets/masoudnickparvar/brain-tumor-mri-dataset/versions/2/Testing/pituitary/Te-pi_371.jpg,TUMOR,train
C:/Users/Ankit/.cache/kagglehub/datasets/masoudnickparvar/brain-tumor-mri-dataset/versions/2/Testing/glioma/Te-gl_304.jpg,TUMOR,train
C:/Users/Ankit/.cache/kagglehub/datasets/masoudnickparvar/brain-tumor-mri-dataset/versions/2/Training/meningioma/Tr-me_369.jpg,TUMOR,train
C:/Users/Ankit/.cache/kagglehub/datasets/masoudnickparvar/brain-tumor-mri-dataset/versions/2/Training/pituitary/Tr-pi_1293.jpg,TUMOR,train
C:/Users/Ankit/.cache/kagglehub/datasets/masoudnickparvar/brain-tumor-mri-dataset/versions/2/Testing/glioma/Te-gl_355.jpg,TUMOR,train
C:/Users/Ankit/.cache/kagglehub/datasets/masoudnickparvar/brain-tumor-mri-dataset/versions/2/Testing/pituitary/Te-pi_94.jpg,TUMOR,train
C:/Users/Ankit/.cache/kagglehub/datasets/masoudnickparvar/brain-tumor-mri-dataset/versions/2/Training/glioma/Tr-gl_796.jpg,TUMOR,train
C:/Users/Ankit/.cache/kagglehub/datasets/masoudnickparvar/brain-tumor-mri-dataset/versions/2/Training/pituitary/Tr-pi_429.jpg,TUMOR,train
C:/Users/Ankit/.cache/kagglehub/datasets/masoudnickparvar/brain-tumor-mri-dataset/versions/2/Training/glioma/Tr-gl_1314.jpg,TUMOR,train
C:/Users/Ankit/.cache/kagglehub/datasets/masoudnickparvar/brain-tumor-mri-dataset/versions/2/Training/meningioma/Tr-aug-me_15.jpg,TUMOR,train
C:/Users/Ankit/.cache/kagglehub/datasets/masoudnickparvar/brain-tumor-mri-dataset/versions/2/Training/pituitary/Tr-pi_21.jpg,TUMOR,train
C:/Users/Ankit/.cache/kagglehub/datasets/masoudnickparvar/brain-tumor-mri-dataset/versions/2/Training/meningioma/Tr-me_543.jpg,TUMOR,train
C:/Users/Ankit/.cache/kagglehub/datasets/masoudnickparvar/brain-tumor-mri-dataset/versions/2/Training/meningioma/Tr-me_953.jpg,TUMOR,train
C:/Users/Ankit/.cache/kagglehub/datasets/masoudnickparvar/brain-tumor-mri-dataset/versions/2/Training/pituitary/Tr-pi_1391.jpg,TUMOR,train
C:/Users/Ankit/.cache/kagglehub/datasets/masoudnickparvar/brain-tumor-mri-dataset/versions/2/Training/glioma/Tr-gl_1032.jpg,TUMOR,train
C:/Users/Ankit/.cache/kagglehub/datasets/masoudnickparvar/brain-tumor-mri-dataset/versions/2/Training/pituitary/Tr-pi_725.jpg,TUMOR,train
C:/Users/Ankit/.cache/kagglehub/datasets/masoudnickparvar/brain-tumor-mri-dataset/versions/2/Testing/glioma/Te-gl_109.jpg,TUMOR,train
C:/Users/Ankit/.cache/kagglehub/datasets/masoudnickparvar/brain-tumor-mri-dataset/versions/2/Training/pituitary/Tr-pi_497.jpg,TUMOR,train
C:/Users/Ankit/.cache/kagglehub/datasets/masoudnickparvar/brain-tumor-mri-dataset/versions/2/Training/pituitary/Tr-pi_388.jpg,TUMOR,train
C:/Users/Ankit/.cache/kagglehub/datasets/masoudnickparvar/brain-tumor-mri-dataset/versions/2/Training/pituitary/Tr-pi_1400.jpg,TUMOR,train
C:/Users/Ankit/.cache/kagglehub/datasets/masoudnickparvar/brain-tumor-mri-dataset/versions/2/Training/pituitary/Tr-pi_1381.jpg,TUMOR,train
C:/Users/Ankit/.cache/kagglehub/datasets/masoudnickparvar/brain-tumor-mri-dataset/versions/2/Testing/pituitary/Te-pi_359.jpg,TUMOR,train
C:/Users/Ankit/.cache/kagglehub/datasets/masoudnickparvar/brain-tumor-mri-dataset/versions/2/Training/meningioma/Tr-me_715.jpg,TUMOR,train
C:/Users/Ankit/.cache/kagglehub/datasets/masoudnickparvar/brain-tumor-mri-dataset/versions/2/Testing/pituitary/Te-pi_24.jpg,TUMOR,train
C:/Users/Ankit/.cache/kagglehub/datasets/masoudnickparvar/brain-tumor-mri-dataset/versions/2/Training/glioma/Tr-gl_1225.jpg,TUMOR,train
C:/Users/Ankit/.cache/kagglehub/datasets/masoudnickparvar/brain-tumor-mri-dataset/versions/2/Testing/pituitary/Te-pi_376.jpg,TUMOR,train
C:/Users/Ankit/.cache/kagglehub/datasets/masoudnickparvar/brain-tumor-mri-dataset/versions/2/Training/pituitary/Tr-pi_665.jpg,TUMOR,train
C:/Users/Ankit/.cache/kagglehub/datasets/masoudnickparvar/brain-tumor-mri-dataset/versions/2/Training/glioma/Tr-gl_1182.jpg,TUMOR,train
C:/Users/Ankit/.cache/kagglehub/datasets/masoudnickparvar/brain-tumor-mri-dataset/versions/2/Training/pituitary/Tr-pi_379.jpg,TUMOR,train
C:/Users/Ankit/.cache/kagglehub/datasets/masoudnickparvar/brain-tumor-mri-dataset/versions/2/Training/pituitary/Tr-pi_781.jpg,TUMOR,train
C:/Users/Ankit/.cache/kagglehub/datasets/masoudnickparvar/brain-tumor-mri-dataset/versions/2/Training/pituitary/Tr-pi_611.jpg,TUMOR,train
C:/Users/Ankit/.cache/kagglehub/datasets/masoudnickparvar/brain-tumor-mri-dataset/versions/2/Training/meningioma/Tr-me_1196.jpg,TUMOR,train
C:/Users/Ankit/.cache/kagglehub/datasets/masoudnickparvar/brain-tumor-mri-dataset/versions/2/Training/glioma/Tr-gl_1019.jpg,TUMOR,train
C:/Users/Ankit/.cache/kagglehub/datasets/masoudnickparvar/brain-tumor-mri-dataset/versions/2/Training/glioma/Tr-gl_32.jpg,TUMOR,train
C:/Users/Ankit/.cache/kagglehub/datasets/masoudnickparvar/brain-tumor-mri-dataset/versions/2/Training/pituitary/Tr-pi_814.jpg,TUMOR,train
C:/Users/Ankit/.cache/kagglehub/datasets/masoudnickparvar/brain-tumor-mri-dataset/versions/2/Training/pituitary/Tr-pi_398.jpg,TUMOR,train
C:/Users/Ankit/.cache/kagglehub/datasets/masoudnickparvar/brain-tumor-mri-dataset/versions/2/Training/meningioma/Tr-me_205.jpg,TUMOR,train
C:/Users/Ankit/.cache/kagglehub/datasets/masoudnickparvar/brain-tumor-mri-dataset/versions/2/Training/pituitary/Tr-pi_1334.jpg,TUMOR,train
C:/Users/Ankit/.cache/kagglehub/datasets/masoudnickparvar/brain-tumor-mri-dataset/versions/2/Training/meningioma/Tr-me_849.jpg,TUMOR,train
C:/Users/Ankit/.cache/kagglehub/datasets/masoudnickparvar/brain-tumor-mri-dataset/versions/2/Training/meningioma/Tr-me_174.jpg,TUMOR,train
C:/Users/Ankit/.cache/kagglehub/datasets/masoudnickparvar/brain-tumor-mri-dataset/versions/2/Training/glioma/Tr-gl_938.jpg,TUMOR,train
C:/Users/Ankit/.cache/kagglehub/datasets/masoudnickparvar/brain-tumor-mri-dataset/versions/2/Testing/meningioma/Te-me_13.jpg,TUMOR,train
C:/Users/Ankit/.cache/kagglehub/datasets/masoudnickparvar/brain-tumor-mri-dataset/versions/2/Training/pituitary/Tr-pi_921.jpg,TUMOR,train
C:/Users/Ankit/.cache/kagglehub/datasets/masoudnickparvar/brain-tumor-mri-dataset/versions/2/Training/pituitary/Tr-pi_187.jpg,TUMOR,train
C:/Users/Ankit/.cache/kagglehub/datasets/masoudnickparvar/brain-tumor-mri-dataset/versions/2/Training/meningioma/Tr-me_941.jpg,TUMOR,train
C:/Users/Ankit/.cache/kagglehub/datasets/masoudnickparvar/brain-tumor-mri-dataset/versions/2/Training/meningioma/Tr-me_1105.jpg,TUMOR,train
C:/Users/Ankit/.cache/kagglehub/datasets/masoudnickparvar/brain-tumor-mri-dataset/versions/2/Training/meningioma/Tr-me_605.jpg,TUMOR,train
C:/Users/Ankit/.cache/kagglehub/datasets/masoudnickparvar/brain-tumor-mri-dataset/versions/2/Training/meningioma/Tr-aug-me_28.jpg,TUMOR,train
C:/Users/Ankit/.cache/kagglehub/datasets/masoudnickparvar/brain-tumor-mri-dataset/versions/2/Training/glioma/Tr-gl_896.jpg,TUMOR,train
C:/Users/Ankit/.cache/kagglehub/datasets/masoudnickparvar/brain-tumor-mri-dataset/versions/2/Testing/glioma/Te-gl_141.jpg,TUMOR,train
C:/Users/Ankit/.cache/kagglehub/datasets/masoudnickparvar/brain-tumor-mri-dataset/versions/2/Testing/meningioma/Te-aug-me_52.jpg,TUMOR,train
C:/Users/Ankit/.cache/kagglehub/datasets/masoudnickparvar/brain-tumor-mri-dataset/versions/2/Training/pituitary/Tr-pi_1305.jpg,TUMOR,train
C:/Users/Ankit/.cache/kagglehub/datasets/masoudnickparvar/brain-tumor-mri-dataset/versions/2/Training/glioma/Tr-gl_640.jpg,TUMOR,train
C:/Users/Ankit/.cache/kagglehub/datasets/masoudnickparvar/brain-tumor-mri-dataset/versions/2/Training/glioma/Tr-gl_230.jpg,TUMOR,train
C:/Users/Ankit/.cache/kagglehub/datasets/masoudnickparvar/brain-tumor-mri-dataset/versions/2/Training/glioma/Tr-gl_153.jpg,TUMOR,train
C:/Users/Ankit/.cache/kagglehub/datasets/masoudnickparvar/brain-tumor-mri-dataset/versions/2/Training/meningioma/Tr-me_974.jpg,TUMOR,train
C:/Users/Ankit/.cache/kagglehub/datasets/masoudnickparvar/brain-tumor-mri-dataset/versions/2/Training/meningioma/Tr-aug-me_61.jpg,TUMOR,train
C:/Users/Ankit/.cache/kagglehub/datasets/masoudnickparvar/brain-tumor-mri-dataset/versions/2/Training/pituitary/Tr-pi_657.jpg,TUMOR,train
C:/Users/Ankit/.cache/kagglehub/datasets/masoudnickparvar/brain-tumor-mri-dataset/versions/2/Training/meningioma/Tr-me_376.jpg,TUMOR,train
C:/Users/Ankit/.cache/kagglehub/datasets/masoudnickparvar/brain-tumor-mri-dataset/versions/2/Training/meningioma/Tr-me_1283.jpg,TUMOR,train
C:/Users/Ankit/.cache/kagglehub/datasets/masoudnickparvar/brain-tumor-mri-dataset/versions/2/Training/pituitary/Tr-pi_254.jpg,TUMOR,train
C:/Users/Ankit/.cache/kagglehub/datasets/masoudnickparvar/brain-tumor-mri-dataset/versions/2/Testing/pituitary/Te-pi_372.jpg,TUMOR,train
C:/Users/Ankit/.cache/kagglehub/datasets/masoudnickparvar/brain-tumor-mri-dataset/versions/2/Training/meningioma/Tr-me_362.jpg,TUMOR,train
C:/Users/Ankit/.cache/kagglehub/datasets/masoudnickparvar/brain-tumor-mri-dataset/versions/2/Training/meningioma/Tr-me_297.jpg,TUMOR,train
C:/Users/Ankit/.cache/kagglehub/datasets/masoudnickparvar/brain-tumor-mri-dataset/versions/2/Training/glioma/Tr-gl_816.jpg,TUMOR,train
C:/Users/Ankit/.cache/kagglehub/datasets/masoudnickparvar/brain-tumor-mri-dataset/versions/2/Training/glioma/Tr-gl_564.jpg,TUMOR,train
C:/Users/Ankit/.cache/kagglehub/datasets/masoudnickparvar/brain-tumor-mri-dataset/versions/2/Testing/meningioma/Te-aug-me_91.jpg,TUMOR,train
C:/Users/Ankit/.cache/kagglehub/datasets/masoudnickparvar/brain-tumor-mri-dataset/versions/2/Training/glioma/Tr-gl_1312.jpg,TUMOR,train
C:/Users/Ankit/.cache/kagglehub/datasets/masoudnickparvar/brain-tumor-mri-dataset/versions/2/Testing/pituitary/Te-pi_171.jpg,TUMOR,train
C:/Users/Ankit/.cache/kagglehub/datasets/masoudnickparvar/brain-tumor-mri-dataset/versions/2/Training/meningioma/Tr-me_466.jpg,TUMOR,train
C:/Users/Ankit/.cache/kagglehub/datasets/masoudnickparvar/brain-tumor-mri-dataset/versions/2/Testing/glioma/Te-gl_246.jpg,TUMOR,train
C:/Users/Ankit/.cache/kagglehub/datasets/masoudnickparvar/brain-tumor-mri-dataset/versions/2/Training/meningioma/Tr-me_537.jpg,TUMOR,train
C:/Users/Ankit/.cache/kagglehub/datasets/masoudnickparvar/brain-tumor-mri-dataset/versions/2/Testing/meningioma/Te-me_48.jpg,TUMOR,train
C:/Users/Ankit/.cache/kagglehub/datasets/masoudnickparvar/brain-tumor-mri-dataset/versions/2/Training/pituitary/Tr-pi_990.jpg,TUMOR,train
C:/Users/Ankit/.cache/kagglehub/datasets/masoudnickparvar/brain-tumor-mri-dataset/versions/2/Training/meningioma/Tr-me_109.jpg,TUMOR,train
C:/Users/Ankit/.cache/kagglehub/datasets/masoudnickparvar/brain-tumor-mri-dataset/versions/2/Training/meningioma/Tr-me_258.jpg,TUMOR,train
C:/Users/Ankit/.cache/kagglehub/datasets/masoudnickparvar/brain-tumor-mri-dataset/versions/2/Training/meningioma/Tr-me_625.jpg,TUMOR,train
C:/Users/Ankit/.cache/kagglehub/datasets/masoudnickparvar/brain-tumor-mri-dataset/versions/2/Training/meningioma/Tr-me_837.jpg,TUMOR,train
C:/Users/Ankit/.cache/kagglehub/datasets/masoudnickparvar/brain-tumor-mri-dataset/versions/2/Testing/meningioma/Te-aug-me_34.jpg,TUMOR,train
C:/Users/Ankit/.cache/kagglehub/datasets/masoudnickparvar/brain-tumor-mri-dataset/versions/2/Testing/meningioma/Te-aug-me_87.jpg,TUMOR,train
C:/Users/Ankit/.cache/kagglehub/datasets/masoudnickparvar/brain-tumor-mri-dataset/versions/2/Training/pituitary/Tr-pi_1069.jpg,TUMOR,train
C:/Users/Ankit/.cache/kagglehub/datasets/masoudnickparvar/brain-tumor-mri-dataset/versions/2/Training/glioma/Tr-gl_195.jpg,TUMOR,train
C:/Users/Ankit/.cache/kagglehub/datasets/masoudnickparvar/brain-tumor-mri-dataset/versions/2/Training/pituitary/Tr-pi_1010.jpg,TUMOR,train
C:/Users/Ankit/.cache/kagglehub/datasets/masoudnickparvar/brain-tumor-mri-dataset/versions/2/Training/glioma/Tr-gl_780.jpg,TUMOR,train
C:/Users/Ankit/.cache/kagglehub/datasets/masoudnickparvar/brain-tumor-mri-dataset/versions/2/Testing/meningioma/Te-aug-me_14.jpg,TUMOR,train
C:/Users/Ankit/.cache/kagglehub/datasets/masoudnickparvar/brain-tumor-mri-dataset/versions/2/Training/glioma/Tr-gl_227.jpg,TUMOR,train
C:/Users/Ankit/.cache/kagglehub/datasets/masoudnickparvar/brain-tumor-mri-dataset/versions/2/Training/glioma/Tr-gl_1060.jpg,TUMOR,train
C:/Users/Ankit/.cache/kagglehub/datasets/masoudnickparvar/brain-tumor-mri-dataset/versions/2/Training/meningioma/Tr-aug-me_13.jpg,TUMOR,train
C:/Users/Ankit/.cache/kagglehub/datasets/masoudnickparvar/brain-tumor-mri-dataset/versions/2/Training/meningioma/Tr-me_6.jpg,TUMOR,train
C:/Users/Ankit/.cache/kagglehub/datasets/masoudnickparvar/brain-tumor-mri-dataset/versions/2/Training/glioma/Tr-gl_551.jpg,TUMOR,train
C:/Users/Ankit/.cache/kagglehub/datasets/masoudnickparvar/brain-tumor-mri-dataset/versions/2/Testing/glioma/Te-gl_185.jpg,TUMOR,train
C:/Users/Ankit/.cache/kagglehub/datasets/masoudnickparvar/brain-tumor-mri-dataset/versions/2/Training/pituitary/Tr-pi_1210.jpg,TUMOR,train
C:/Users/Ankit/.cache/kagglehub/datasets/masoudnickparvar/brain-tumor-mri-dataset/versions/2/Testing/glioma/Te-gl_346.jpg,TUMOR,train
C:/Users/Ankit/.cache/kagglehub/datasets/masoudnickparvar/brain-tumor-mri-dataset/versions/2/Training/glioma/Tr-gl_406.jpg,TUMOR,train
C:/Users/Ankit/.cache/kagglehub/datasets/masoudnickparvar/brain-tumor-mri-dataset/versions/2/Training/meningioma/Tr-me_502.jpg,TUMOR,train
C:/Users/Ankit/.cache/kagglehub/datasets/masoudnickparvar/brain-tumor-mri-dataset/versions/2/Testing/pituitary/Te-pi_131.jpg,TUMOR,train
C:/Users/Ankit/.cache/kagglehub/datasets/masoudnickparvar/brain-tumor-mri-dataset/versions/2/Training/glioma/Tr-gl_142.jpg,TUMOR,train
C:/Users/Ankit/.cache/kagglehub/datasets/masoudnickparvar/brain-tumor-mri-dataset/versions/2/Training/glioma/Tr-gl_908.jpg,TUMOR,train
C:/Users/Ankit/.cache/kagglehub/datasets/masoudnickparvar/brain-tumor-mri-dataset/versions/2/Training/glioma/Tr-gl_1379.jpg,TUMOR,train
C:/Users/Ankit/.cache/kagglehub/datasets/masoudnickparvar/brain-tumor-mri-dataset/versions/2/Training/meningioma/Tr-me_1097.jpg,TUMOR,train
C:/Users/Ankit/.cache/kagglehub/datasets/masoudnickparvar/brain-tumor-mri-dataset/versions/2/Training/pituitary/Tr-pi_797.jpg,TUMOR,train
C:/Users/Ankit/.cache/kagglehub/datasets/masoudnickparvar/brain-tumor-mri-dataset/versions/2/Training/glioma/Tr-gl_368.jpg,TUMOR,train
C:/Users/Ankit/.cache/kagglehub/datasets/masoudnickparvar/brain-tumor-mri-dataset/versions/2/Training/pituitary/Tr-pi_1150.jpg,TUMOR,train
C:/Users/Ankit/.cache/kagglehub/datasets/masoudnickparvar/brain-tumor-mri-dataset/versions/2/Testing/meningioma/Te-me_78.jpg,TUMOR,train
C:/Users/Ankit/.cache/kagglehub/datasets/masoudnickparvar/brain-tumor-mri-dataset/versions/2/Testing/glioma/Te-gl_187.jpg,TUMOR,train
C:/Users/Ankit/.cache/kagglehub/datasets/masoudnickparvar/brain-tumor-mri-dataset/versions/2/Training/meningioma/Tr-me_266.jpg,TUMOR,train
C:/Users/Ankit/.cache/kagglehub/datasets/masoudnickparvar/brain-tumor-mri-dataset/versions/2/Training/glioma/Tr-gl_468.jpg,TUMOR,train
C:/Users/Ankit/.cache/kagglehub/datasets/masoudnickparvar/brain-tumor-mri-dataset/versions/2/Training/meningioma/Tr-me_643.jpg,TUMOR,train
C:/Users/Ankit/.cache/kagglehub/datasets/masoudnickparvar/brain-tumor-mri-dataset/versions/2/Training/meningioma/Tr-me_836.jpg,TUMOR,train
C:/Users/Ankit/.cache/kagglehub/datasets/masoudnickparvar/brain-tumor-mri-dataset/versions/2/Training/glioma/Tr-gl_98.jpg,TUMOR,train
C:/Users/Ankit/.cache/kagglehub/datasets/masoudnickparvar/brain-tumor-mri-dataset/versions/2/Training/meningioma/Tr-aug-me_58.jpg,TUMOR,train
C:/Users/Ankit/.cache/kagglehub/datasets/masoudnickparvar/brain-tumor-mri-dataset/versions/2/Training/meningioma/Tr-me_363.jpg,TUMOR,train
C:/Users/Ankit/.cache/kagglehub/datasets/masoudnickparvar/brain-tumor-mri-dataset/versions/2/Testing/pituitary/Te-pi_204.jpg,TUMOR,train
C:/Users/Ankit/.cache/kagglehub/datasets/masoudnickparvar/brain-tumor-mri-dataset/versions/2/Training/pituitary/Tr-pi_823.jpg,TUMOR,train
C:/Users/Ankit/.cache/kagglehub/datasets/masoudnickparvar/brain-tumor-mri-dataset/versions/2/Testing/glioma/Te-gl_191.jpg,TUMOR,train
C:/Users/Ankit/.cache/kagglehub/datasets/masoudnickparvar/brain-tumor-mri-dataset/versions/2/Testing/glioma/Te-gl_145.jpg,TUMOR,train
C:/Users/Ankit/.cache/kagglehub/datasets/masoudnickparvar/brain-tumor-mri-dataset/versions/2/Training/meningioma/Tr-me_783.jpg,TUMOR,train
C:/Users/Ankit/.cache/kagglehub/datasets/masoudnickparvar/brain-tumor-mri-dataset/versions/2/Training/meningioma/Tr-me_571.jpg,TUMOR,train
C:/Users/Ankit/.cache/kagglehub/datasets/masoudnickparvar/brain-tumor-mri-dataset/versions/2/Training/glioma/Tr-gl_1010.jpg,TUMOR,train
C:/Users/Ankit/.cache/kagglehub/datasets/masoudnickparvar/brain-tumor-mri-dataset/versions/2/Training/meningioma/Tr-me_873.jpg,TUMOR,train
C:/Users/Ankit/.cache/kagglehub/datasets/masoudnickparvar/brain-tumor-mri-dataset/versions/2/Training/meningioma/Tr-me_1276.jpg,TUMOR,train
C:/Users/Ankit/.cache/kagglehub/datasets/masoudnickparvar/brain-tumor-mri-dataset/versions/2/Training/glioma/Tr-gl_256.jpg,TUMOR,train
C:/Users/Ankit/.cache/kagglehub/datasets/masoudnickparvar/brain-tumor-mri-dataset/versions/2/Training/meningioma/Tr-me_671.jpg,TUMOR,train
C:/Users/Ankit/.cache/kagglehub/datasets/masoudnickparvar/brain-tumor-mri-dataset/versions/2/Training/pituitary/Tr-pi_605.jpg,TUMOR,train
C:/Users/Ankit/.cache/kagglehub/datasets/masoudnickparvar/brain-tumor-mri-dataset/versions/2/Testing/pituitary/Te-pi_90.jpg,TUMOR,train
C:/Users/Ankit/.cache/kagglehub/datasets/masoudnickparvar/brain-tumor-mri-dataset/versions/2/Training/meningioma/Tr-me_777.jpg,TUMOR,train
C:/Users/Ankit/.cache/kagglehub/datasets/masoudnickparvar/brain-tumor-mri-dataset/versions/2/Training/glioma/Tr-gl_146.jpg,TUMOR,train
C:/Users/Ankit/.cache/kagglehub/datasets/masoudnickparvar/brain-tumor-mri-dataset/versions/2/Training/glioma/Tr-gl_254.jpg,TUMOR,train
C:/Users/Ankit/.cache/kagglehub/datasets/masoudnickparvar/brain-tumor-mri-dataset/versions/2/Training/glioma/Tr-gl_1148.jpg,TUMOR,train
C:/Users/Ankit/.cache/kagglehub/datasets/masoudnickparvar/brain-tumor-mri-dataset/versions/2/Training/glioma/Tr-gl_865.jpg,TUMOR,train
C:/Users/Ankit/.cache/kagglehub/datasets/masoudnickparvar/brain-tumor-mri-dataset/versions/2/Training/glioma/Tr-gl_150.jpg,TUMOR,train
C:/Users/Ankit/.cache/kagglehub/datasets/masoudnickparvar/brain-tumor-mri-dataset/versions/2/Testing/meningioma/Te-me_100.jpg,TUMOR,train
C:/Users/Ankit/.cache/kagglehub/datasets/masoudnickparvar/brain-tumor-mri-dataset/versions/2/Training/pituitary/Tr-pi_538.jpg,TUMOR,train
C:/Users/Ankit/.cache/kagglehub/datasets/masoudnickparvar/brain-tumor-mri-dataset/versions/2/Testing/meningioma/Te-me_175.jpg,TUMOR,train
C:/Users/Ankit/.cache/kagglehub/datasets/masoudnickparvar/brain-tumor-mri-dataset/versions/2/Training/pituitary/Tr-pi_1248.jpg,TUMOR,train
C:/Users/Ankit/.cache/kagglehub/datasets/masoudnickparvar/brain-tumor-mri-dataset/versions/2/Training/glioma/Tr-gl_663.jpg,TUMOR,train
C:/Users/Ankit/.cache/kagglehub/datasets/masoudnickparvar/brain-tumor-mri-dataset/versions/2/Training/pituitary/Tr-pi_732.jpg,TUMOR,train
C:/Users/Ankit/.cache/kagglehub/datasets/masoudnickparvar/brain-tumor-mri-dataset/versions/2/Training/glioma/Tr-gl_208.jpg,TUMOR,train
C:/Users/Ankit/.cache/kagglehub/datasets/masoudnickparvar/brain-tumor-mri-dataset/versions/2/Training/meningioma/Tr-me_785.jpg,TUMOR,train
C:/Users/Ankit/.cache/kagglehub/datasets/masoudnickparvar/brain-tumor-mri-dataset/versions/2/Training/meningioma/Tr-me_949.jpg,TUMOR,train
C:/Users/Ankit/.cache/kagglehub/datasets/masoudnickparvar/brain-tumor-mri-dataset/versions/2/Training/glioma/Tr-gl_618.jpg,TUMOR,train
C:/Users/Ankit/.cache/kagglehub/datasets/masoudnickparvar/brain-tumor-mri-dataset/versions/2/Training/glioma/Tr-gl_47.jpg,TUMOR,train
C:/Users/Ankit/.cache/kagglehub/datasets/masoudnickparvar/brain-tumor-mri-dataset/versions/2/Training/meningioma/Tr-me_399.jpg,TUMOR,train
C:/Users/Ankit/.cache/kagglehub/datasets/masoudnickparvar/brain-tumor-mri-dataset/versions/2/Training/meningioma/Tr-aug-me_83.jpg,TUMOR,train
C:/Users/Ankit/.cache/kagglehub/datasets/masoudnickparvar/brain-tumor-mri-dataset/versions/2/Training/pituitary/Tr-pi_285.jpg,TUMOR,train
C:/Users/Ankit/.cache/kagglehub/datasets/masoudnickparvar/brain-tumor-mri-dataset/versions/2/Training/meningioma/Tr-me_469.jpg,TUMOR,train
C:/Users/Ankit/.cache/kagglehub/datasets/masoudnickparvar/brain-tumor-mri-dataset/versions/2/Training/glioma/Tr-gl_1238.jpg,TUMOR,train
C:/Users/Ankit/.cache/kagglehub/datasets/masoudnickparvar/brain-tumor-mri-dataset/versions/2/Training/meningioma/Tr-me_214.jpg,TUMOR,train
C:/Users/Ankit/.cache/kagglehub/datasets/masoudnickparvar/brain-tumor-mri-dataset/versions/2/Training/pituitary/Tr-pi_98.jpg,TUMOR,train
C:/Users/Ankit/.cache/kagglehub/datasets/masoudnickparvar/brain-tumor-mri-dataset/versions/2/Training/meningioma/Tr-me_876.jpg,TUMOR,train
C:/Users/Ankit/.cache/kagglehub/datasets/masoudnickparvar/brain-tumor-mri-dataset/versions/2/Training/glioma/Tr-gl_1331.jpg,TUMOR,train
C:/Users/Ankit/.cache/kagglehub/datasets/masoudnickparvar/brain-tumor-mri-dataset/versions/2/Training/pituitary/Tr-pi_407.jpg,TUMOR,train
C:/Users/Ankit/.cache/kagglehub/datasets/masoudnickparvar/brain-tumor-mri-dataset/versions/2/Training/glioma/Tr-gl_920.jpg,TUMOR,train
C:/Users/Ankit/.cache/kagglehub/datasets/masoudnickparvar/brain-tumor-mri-dataset/versions/2/Training/pituitary/Tr-pi_442.jpg,TUMOR,train
C:/Users/Ankit/.cache/kagglehub/datasets/masoudnickparvar/brain-tumor-mri-dataset/versions/2/Training/pituitary/Tr-pi_16.jpg,TUMOR,train
C:/Users/Ankit/.cache/kagglehub/datasets/masoudnickparvar/brain-tumor-mri-dataset/versions/2/Training/pituitary/Tr-pi_1237.jpg,TUMOR,train
C:/Users/Ankit/.cache/kagglehub/datasets/masoudnickparvar/brain-tumor-mri-dataset/versions/2/Testing/pituitary/Te-pi_305.jpg,TUMOR,train
C:/Users/Ankit/.cache/kagglehub/datasets/masoudnickparvar/brain-tumor-mri-dataset/versions/2/Training/pituitary/Tr-pi_1013.jpg,TUMOR,train
C:/Users/Ankit/.cache/kagglehub/datasets/masoudnickparvar/brain-tumor-mri-dataset/versions/2/Training/pituitary/Tr-pi_108.jpg,TUMOR,train
C:/Users/Ankit/.cache/kagglehub/datasets/masoudnickparvar/brain-tumor-mri-dataset/versions/2/Training/meningioma/Tr-me_555.jpg,TUMOR,train
C:/Users/Ankit/.cache/kagglehub/datasets/masoudnickparvar/brain-tumor-mri-dataset/versions/2/Testing/glioma/Te-gl_197.jpg,TUMOR,train
C:/Users/Ankit/.cache/kagglehub/datasets/masoudnickparvar/brain-tumor-mri-dataset/versions/2/Training/meningioma/Tr-me_976.jpg,TUMOR,train
C:/Users/Ankit/.cache/kagglehub/datasets/masoudnickparvar/brain-tumor-mri-dataset/versions/2/Training/pituitary/Tr-pi_396.jpg,TUMOR,train
C:/Users/Ankit/.cache/kagglehub/datasets/masoudnickparvar/brain-tumor-mri-dataset/versions/2/Testing/glioma/Te-gl_36.jpg,TUMOR,train
C:/Users/Ankit/.cache/kagglehub/datasets/masoudnickparvar/brain-tumor-mri-dataset/versions/2/Training/pituitary/Tr-pi_760.jpg,TUMOR,train
C:/Users/Ankit/.cache/kagglehub/datasets/masoudnickparvar/brain-tumor-mri-dataset/versions/2/Training/meningioma/Tr-me_772.jpg,TUMOR,train
C:/Users/Ankit/.cache/kagglehub/datasets/masoudnickparvar/brain-tumor-mri-dataset/versions/2/Training/meningioma/Tr-me_413.jpg,TUMOR,train
C:/Users/Ankit/.cache/kagglehub/datasets/masoudnickparvar/brain-tumor-mri-dataset/versions/2/Training/meningioma/Tr-me_820.jpg,TUMOR,train
C:/Users/Ankit/.cache/kagglehub/datasets/masoudnickparvar/brain-tumor-mri-dataset/versions/2/Training/meningioma/Tr-me_682.jpg,TUMOR,train
C:/Users/Ankit/.cache/kagglehub/datasets/masoudnickparvar/brain-tumor-mri-dataset/versions/2/Training/meningioma/Tr-me_1143.jpg,TUMOR,train
C:/Users/Ankit/.cache/kagglehub/datasets/masoudnickparvar/brain-tumor-mri-dataset/versions/2/Training/meningioma/Tr-me_1085.jpg,TUMOR,train
C:/Users/Ankit/.cache/kagglehub/datasets/masoudnickparvar/brain-tumor-mri-dataset/versions/2/Testing/pituitary/Te-pi_34.jpg,TUMOR,train
C:/Users/Ankit/.cache/kagglehub/datasets/masoudnickparvar/brain-tumor-mri-dataset/versions/2/Training/glioma/Tr-gl_986.jpg,TUMOR,train
C:/Users/Ankit/.cache/kagglehub/datasets/masoudnickparvar/brain-tumor-mri-dataset/versions/2/Testing/pituitary/Te-pi_82.jpg,TUMOR,train
C:/Users/Ankit/.cache/kagglehub/datasets/masoudnickparvar/brain-tumor-mri-dataset/versions/2/Testing/pituitary/Te-pi_60.jpg,TUMOR,train
C:/Users/Ankit/.cache/kagglehub/datasets/masoudnickparvar/brain-tumor-mri-dataset/versions/2/Training/pituitary/Tr-pi_374.jpg,TUMOR,train
C:/Users/Ankit/.cache/kagglehub/datasets/masoudnickparvar/brain-tumor-mri-dataset/versions/2/Training/glioma/Tr-gl_293.jpg,TUMOR,train
C:/Users/Ankit/.cache/kagglehub/datasets/masoudnickparvar/brain-tumor-mri-dataset/versions/2/Training/glioma/Tr-gl_1260.jpg,TUMOR,train
C:/Users/Ankit/.cache/kagglehub/datasets/masoudnickparvar/brain-tumor-mri-dataset/versions/2/Testing/pituitary/Te-pi_49.jpg,TUMOR,train
C:/Users/Ankit/.cache/kagglehub/datasets/masoudnickparvar/brain-tumor-mri-dataset/versions/2/Training/meningioma/Tr-me_910.jpg,TUMOR,train
C:/Users/Ankit/.cache/kagglehub/datasets/masoudnickparvar/brain-tumor-mri-dataset/versions/2/Training/pituitary/Tr-pi_1084.jpg,TUMOR,train
C:/Users/Ankit/.cache/kagglehub/datasets/masoudnickparvar/brain-tumor-mri-dataset/versions/2/Training/glioma/Tr-gl_209.jpg,TUMOR,train
C:/Users/Ankit/.cache/kagglehub/datasets/masoudnickparvar/brain-tumor-mri-dataset/versions/2/Training/pituitary/Tr-pi_180.jpg,TUMOR,train
C:/Users/Ankit/.cache/kagglehub/datasets/masoudnickparvar/brain-tumor-mri-dataset/versions/2/Training/glioma/Tr-gl_16.jpg,TUMOR,train
C:/Users/Ankit/.cache/kagglehub/datasets/masoudnickparvar/brain-tumor-mri-dataset/versions/2/Training/meningioma/Tr-me_1040.jpg,TUMOR,train
C:/Users/Ankit/.cache/kagglehub/datasets/masoudnickparvar/brain-tumor-mri-dataset/versions/2/Testing/meningioma/Te-me_287.jpg,TUMOR,train
C:/Users/Ankit/.cache/kagglehub/datasets/masoudnickparvar/brain-tumor-mri-dataset/versions/2/Training/pituitary/Tr-pi_271.jpg,TUMOR,train
C:/Users/Ankit/.cache/kagglehub/datasets/masoudnickparvar/brain-tumor-mri-dataset/versions/2/Training/meningioma/Tr-me_685.jpg,TUMOR,train
C:/Users/Ankit/.cache/kagglehub/datasets/masoudnickparvar/brain-tumor-mri-dataset/versions/2/Training/pituitary/Tr-pi_983.jpg,TUMOR,train
C:/Users/Ankit/.cache/kagglehub/datasets/masoudnickparvar/brain-tumor-mri-dataset/versions/2/Training/meningioma/Tr-me_1050.jpg,TUMOR,train
C:/Users/Ankit/.cache/kagglehub/datasets/masoudnickparvar/brain-tumor-mri-dataset/versions/2/Training/pituitary/Tr-pi_1385.jpg,TUMOR,train
C:/Users/Ankit/.cache/kagglehub/datasets/masoudnickparvar/brain-tumor-mri-dataset/versions/2/Training/pituitary/Tr-pi_1350.jpg,TUMOR,train
C:/Users/Ankit/.cache/kagglehub/datasets/masoudnickparvar/brain-tumor-mri-dataset/versions/2/Training/meningioma/Tr-me_718.jpg,TUMOR,train
C:/Users/Ankit/.cache/kagglehub/datasets/masoudnickparvar/brain-tumor-mri-dataset/versions/2/Training/glioma/Tr-gl_929.jpg,TUMOR,train
C:/Users/Ankit/.cache/kagglehub/datasets/masoudnickparvar/brain-tumor-mri-dataset/versions/2/Training/meningioma/Tr-me_650.jpg,TUMOR,train
C:/Users/Ankit/.cache/kagglehub/datasets/masoudnickparvar/brain-tumor-mri-dataset/versions/2/Training/pituitary/Tr-pi_420.jpg,TUMOR,train
C:/Users/Ankit/.cache/kagglehub/datasets/masoudnickparvar/brain-tumor-mri-dataset/versions/2/Training/meningioma/Tr-me_521.jpg,TUMOR,train
C:/Users/Ankit/.cache/kagglehub/datasets/masoudnickparvar/brain-tumor-mri-dataset/versions/2/Training/meningioma/Tr-me_604.jpg,TUMOR,train
C:/Users/Ankit/.cache/kagglehub/datasets/masoudnickparvar/brain-tumor-mri-dataset/versions/2/Training/glioma/Tr-gl_871.jpg,TUMOR,train
C:/Users/Ankit/.cache/kagglehub/datasets/masoudnickparvar/brain-tumor-mri-dataset/versions/2/Testing/glioma/Te-gl_117.jpg,TUMOR,train
C:/Users/Ankit/.cache/kagglehub/datasets/masoudnickparvar/brain-tumor-mri-dataset/versions/2/Training/pituitary/Tr-pi_195.jpg,TUMOR,train
C:/Users/Ankit/.cache/kagglehub/datasets/masoudnickparvar/brain-tumor-mri-dataset/versions/2/Training/pituitary/Tr-pi_1090.jpg,TUMOR,train
C:/Users/Ankit/.cache/kagglehub/datasets/masoudnickparvar/brain-tumor-mri-dataset/versions/2/Training/pituitary/Tr-pi_951.jpg,TUMOR,train
C:/Users/Ankit/.cache/kagglehub/datasets/masoudnickparvar/brain-tumor-mri-dataset/versions/2/Training/meningioma/Tr-me_88.jpg,TUMOR,train
C:/Users/Ankit/.cache/kagglehub/datasets/masoudnickparvar/brain-tumor-mri-dataset/versions/2/Training/glioma/Tr-gl_1311.jpg,TUMOR,train
C:/Users/Ankit/.cache/kagglehub/datasets/masoudnickparvar/brain-tumor-mri-dataset/versions/2/Testing/meningioma/Te-me_194.jpg,TUMOR,train
C:/Users/Ankit/.cache/kagglehub/datasets/masoudnickparvar/brain-tumor-mri-dataset/versions/2/Testing/glioma/Te-gl_143.jpg,TUMOR,train
C:/Users/Ankit/.cache/kagglehub/datasets/masoudnickparvar/brain-tumor-mri-dataset/versions/2/Testing/meningioma/Te-me_220.jpg,TUMOR,train
C:/Users/Ankit/.cache/kagglehub/datasets/masoudnickparvar/brain-tumor-mri-dataset/versions/2/Training/meningioma/Tr-me_113.jpg,TUMOR,train
C:/Users/Ankit/.cache/kagglehub/datasets/masoudnickparvar/brain-tumor-mri-dataset/versions/2/Training/pituitary/Tr-pi_933.jpg,TUMOR,train
C:/Users/Ankit/.cache/kagglehub/datasets/masoudnickparvar/brain-tumor-mri-dataset/versions/2/Training/meningioma/Tr-me_50.jpg,TUMOR,train
C:/Users/Ankit/.cache/kagglehub/datasets/masoudnickparvar/brain-tumor-mri-dataset/versions/2/Training/glioma/Tr-gl_252.jpg,TUMOR,train
C:/Users/Ankit/.cache/kagglehub/datasets/masoudnickparvar/brain-tumor-mri-dataset/versions/2/Training/glioma/Tr-gl_1157.jpg,TUMOR,train
C:/Users/Ankit/.cache/kagglehub/datasets/masoudnickparvar/brain-tumor-mri-dataset/versions/2/Testing/pituitary/Te-pi_70.jpg,TUMOR,train
C:/Users/Ankit/.cache/kagglehub/datasets/masoudnickparvar/brain-tumor-mri-dataset/versions/2/Training/glioma/Tr-gl_465.jpg,TUMOR,train
C:/Users/Ankit/.cache/kagglehub/datasets/masoudnickparvar/brain-tumor-mri-dataset/versions/2/Training/glioma/Tr-gl_1376.jpg,TUMOR,train
C:/Users/Ankit/.cache/kagglehub/datasets/masoudnickparvar/brain-tumor-mri-dataset/versions/2/Testing/meningioma/Te-me_246.jpg,TUMOR,train
C:/Users/Ankit/.cache/kagglehub/datasets/masoudnickparvar/brain-tumor-mri-dataset/versions/2/Training/glioma/Tr-gl_539.jpg,TUMOR,train
C:/Users/Ankit/.cache/kagglehub/datasets/masoudnickparvar/brain-tumor-mri-dataset/versions/2/Training/meningioma/Tr-me_709.jpg,TUMOR,train
C:/Users/Ankit/.cache/kagglehub/datasets/masoudnickparvar/brain-tumor-mri-dataset/versions/2/Training/meningioma/Tr-me_811.jpg,TUMOR,train
C:/Users/Ankit/.cache/kagglehub/datasets/masoudnickparvar/brain-tumor-mri-dataset/versions/2/Training/glioma/Tr-gl_176.jpg,TUMOR,train
C:/Users/Ankit/.cache/kagglehub/datasets/masoudnickparvar/brain-tumor-mri-dataset/versions/2/Training/glioma/Tr-gl_1398.jpg,TUMOR,train
C:/Users/Ankit/.cache/kagglehub/datasets/masoudnickparvar/brain-tumor-mri-dataset/versions/2/Training/pituitary/Tr-pi_885.jpg,TUMOR,train
C:/Users/Ankit/.cache/kagglehub/datasets/masoudnickparvar/brain-tumor-mri-dataset/versions/2/Testing/glioma/Te-gl_119.jpg,TUMOR,train
C:/Users/Ankit/.cache/kagglehub/datasets/masoudnickparvar/brain-tumor-mri-dataset/versions/2/Training/pituitary/Tr-pi_1178.jpg,TUMOR,train
C:/Users/Ankit/.cache/kagglehub/datasets/masoudnickparvar/brain-tumor-mri-dataset/versions/2/Training/meningioma/Tr-me_176.jpg,TUMOR,train
C:/Users/Ankit/.cache/kagglehub/datasets/masoudnickparvar/brain-tumor-mri-dataset/versions/2/Training/glioma/Tr-gl_1181.jpg,TUMOR,train
C:/Users/Ankit/.cache/kagglehub/datasets/masoudnickparvar/brain-tumor-mri-dataset/versions/2/Training/pituitary/Tr-pi_89.jpg,TUMOR,train
C:/Users/Ankit/.cache/kagglehub/datasets/masoudnickparvar/brain-tumor-mri-dataset/versions/2/Training/glioma/Tr-gl_917.jpg,TUMOR,train
C:/Users/Ankit/.cache/kagglehub/datasets/masoudnickparvar/brain-tumor-mri-dataset/versions/2/Training/pituitary/Tr-pi_463.jpg,TUMOR,train
C:/Users/Ankit/.cache/kagglehub/datasets/masoudnickparvar/brain-tumor-mri-dataset/versions/2/Training/meningioma/Tr-me_737.jpg,TUMOR,train
C:/Users/Ankit/.cache/kagglehub/datasets/masoudnickparvar/brain-tumor-mri-dataset/versions/2/Training/meningioma/Tr-me_368.jpg,TUMOR,train
C:/Users/Ankit/.cache/kagglehub/datasets/masoudnickparvar/brain-tumor-mri-dataset/versions/2/Testing/pituitary/Te-pi_127.jpg,TUMOR,train
C:/Users/Ankit/.cache/kagglehub/datasets/masoudnickparvar/brain-tumor-mri-dataset/versions/2/Training/meningioma/Tr-me_312.jpg,TUMOR,train
C:/Users/Ankit/.cache/kagglehub/datasets/masoudnickparvar/brain-tumor-mri-dataset/versions/2/Training/meningioma/Tr-aug-me_89.jpg,TUMOR,train
C:/Users/Ankit/.cache/kagglehub/datasets/masoudnickparvar/brain-tumor-mri-dataset/versions/2/Training/meningioma/Tr-me_1155.jpg,TUMOR,train
C:/Users/Ankit/.cache/kagglehub/datasets/masoudnickparvar/brain-tumor-mri-dataset/versions/2/Training/pituitary/Tr-pi_667.jpg,TUMOR,train
C:/Users/Ankit/.cache/kagglehub/datasets/masoudnickparvar/brain-tumor-mri-dataset/versions/2/Training/meningioma/Tr-me_732.jpg,TUMOR,train
C:/Users/Ankit/.cache/kagglehub/datasets/masoudnickparvar/brain-tumor-mri-dataset/versions/2/Training/meningioma/Tr-aug-me_75.jpg,TUMOR,train
C:/Users/Ankit/.cache/kagglehub/datasets/masoudnickparvar/brain-tumor-mri-dataset/versions/2/Training/meningioma/Tr-me_292.jpg,TUMOR,train
C:/Users/Ankit/.cache/kagglehub/datasets/masoudnickparvar/brain-tumor-mri-dataset/versions/2/Training/pituitary/Tr-pi_565.jpg,TUMOR,train
C:/Users/Ankit/.cache/kagglehub/datasets/masoudnickparvar/brain-tumor-mri-dataset/versions/2/Training/pituitary/Tr-pi_1001.jpg,TUMOR,train
C:/Users/Ankit/.cache/kagglehub/datasets/masoudnickparvar/brain-tumor-mri-dataset/versions/2/Training/meningioma/Tr-me_141.jpg,TUMOR,train
C:/Users/Ankit/.cache/kagglehub/datasets/masoudnickparvar/brain-tumor-mri-dataset/versions/2/Training/glioma/Tr-gl_885.jpg,TUMOR,train
C:/Users/Ankit/.cache/kagglehub/datasets/masoudnickparvar/brain-tumor-mri-dataset/versions/2/Training/pituitary/Tr-pi_148.jpg,TUMOR,train
C:/Users/Ankit/.cache/kagglehub/datasets/masoudnickparvar/brain-tumor-mri-dataset/versions/2/Training/glioma/Tr-gl_386.jpg,TUMOR,train
C:/Users/Ankit/.cache/kagglehub/datasets/masoudnickparvar/brain-tumor-mri-dataset/versions/2/Training/pituitary/Tr-pi_1156.jpg,TUMOR,train
C:/Users/Ankit/.cache/kagglehub/datasets/masoudnickparvar/brain-tumor-mri-dataset/versions/2/Training/pituitary/Tr-pi_575.jpg,TUMOR,train
C:/Users/Ankit/.cache/kagglehub/datasets/masoudnickparvar/brain-tumor-mri-dataset/versions/2/Training/glioma/Tr-gl_31.jpg,TUMOR,train
C:/Users/Ankit/.cache/kagglehub/datasets/masoudnickparvar/brain-tumor-mri-dataset/versions/2/Training/meningioma/Tr-me_122.jpg,TUMOR,train
C:/Users/Ankit/.cache/kagglehub/datasets/masoudnickparvar/brain-tumor-mri-dataset/versions/2/Testing/glioma/Te-gl_367.jpg,TUMOR,train
C:/Users/Ankit/.cache/kagglehub/datasets/masoudnickparvar/brain-tumor-mri-dataset/versions/2/Testing/glioma/Te-gl_374.jpg,TUMOR,train
C:/Users/Ankit/.cache/kagglehub/datasets/masoudnickparvar/brain-tumor-mri-dataset/versions/2/Training/meningioma/Tr-me_1151.jpg,TUMOR,train
C:/Users/Ankit/.cache/kagglehub/datasets/masoudnickparvar/brain-tumor-mri-dataset/versions/2/Training/glioma/Tr-gl_1310.jpg,TUMOR,train
C:/Users/Ankit/.cache/kagglehub/datasets/masoudnickparvar/brain-tumor-mri-dataset/versions/2/Training/pituitary/Tr-pi_1283.jpg,TUMOR,train
C:/Users/Ankit/.cache/kagglehub/datasets/masoudnickparvar/brain-tumor-mri-dataset/versions/2/Training/meningioma/Tr-me_903.jpg,TUMOR,train
C:/Users/Ankit/.cache/kagglehub/datasets/masoudnickparvar/brain-tumor-mri-dataset/versions/2/Training/pituitary/Tr-pi_591.jpg,TUMOR,train
C:/Users/Ankit/.cache/kagglehub/datasets/masoudnickparvar/brain-tumor-mri-dataset/versions/2/Training/glioma/Tr-gl_173.jpg,TUMOR,train
C:/Users/Ankit/.cache/kagglehub/datasets/masoudnickparvar/brain-tumor-mri-dataset/versions/2/Testing/meningioma/Te-me_11.jpg,TUMOR,train
C:/Users/Ankit/.cache/kagglehub/datasets/masoudnickparvar/brain-tumor-mri-dataset/versions/2/Training/meningioma/Tr-me_1032.jpg,TUMOR,train
C:/Users/Ankit/.cache/kagglehub/datasets/masoudnickparvar/brain-tumor-mri-dataset/versions/2/Testing/glioma/Te-gl_194.jpg,TUMOR,train
C:/Users/Ankit/.cache/kagglehub/datasets/masoudnickparvar/brain-tumor-mri-dataset/versions/2/Training/meningioma/Tr-me_754.jpg,TUMOR,train
C:/Users/Ankit/.cache/kagglehub/datasets/masoudnickparvar/brain-tumor-mri-dataset/versions/2/Training/pituitary/Tr-pi_1129.jpg,TUMOR,train
C:/Users/Ankit/.cache/kagglehub/datasets/masoudnickparvar/brain-tumor-mri-dataset/versions/2/Training/meningioma/Tr-me_186.jpg,TUMOR,train
C:/Users/Ankit/.cache/kagglehub/datasets/masoudnickparvar/brain-tumor-mri-dataset/versions/2/Training/pituitary/Tr-pi_888.jpg,TUMOR,train
C:/Users/Ankit/.cache/kagglehub/datasets/masoudnickparvar/brain-tumor-mri-dataset/versions/2/Training/glioma/Tr-gl_1175.jpg,TUMOR,train
C:/Users/Ankit/.cache/kagglehub/datasets/masoudnickparvar/brain-tumor-mri-dataset/versions/2/Training/meningioma/Tr-me_1010.jpg,TUMOR,train
C:/Users/Ankit/.cache/kagglehub/datasets/masoudnickparvar/brain-tumor-mri-dataset/versions/2/Training/pituitary/Tr-pi_828.jpg,TUMOR,train
C:/Users/Ankit/.cache/kagglehub/datasets/masoudnickparvar/brain-tumor-mri-dataset/versions/2/Training/pituitary/Tr-pi_1094.jpg,TUMOR,train
C:/Users/Ankit/.cache/kagglehub/datasets/masoudnickparvar/brain-tumor-mri-dataset/versions/2/Training/glioma/Tr-gl_490.jpg,TUMOR,train
C:/Users/Ankit/.cache/kagglehub/datasets/masoudnickparvar/brain-tumor-mri-dataset/versions/2/Training/meningioma/Tr-me_1231.jpg,TUMOR,train
C:/Users/Ankit/.cache/kagglehub/datasets/masoudnickparvar/brain-tumor-mri-dataset/versions/2/Training/meningioma/Tr-me_472.jpg,TUMOR,train
C:/Users/Ankit/.cache/kagglehub/datasets/masoudnickparvar/brain-tumor-mri-dataset/versions/2/Training/meningioma/Tr-me_400.jpg,TUMOR,train
C:/Users/Ankit/.cache/kagglehub/datasets/masoudnickparvar/brain-tumor-mri-dataset/versions/2/Training/pituitary/Tr-pi_555.jpg,TUMOR,train
C:/Users/Ankit/.cache/kagglehub/datasets/masoudnickparvar/brain-tumor-mri-dataset/versions/2/Training/glioma/Tr-gl_1111.jpg,TUMOR,train
C:/Users/Ankit/.cache/kagglehub/datasets/masoudnickparvar/brain-tumor-mri-dataset/versions/2/Training/glioma/Tr-gl_474.jpg,TUMOR,train
C:/Users/Ankit/.cache/kagglehub/datasets/masoudnickparvar/brain-tumor-mri-dataset/versions/2/Training/glioma/Tr-gl_79.jpg,TUMOR,train
C:/Users/Ankit/.cache/kagglehub/datasets/masoudnickparvar/brain-tumor-mri-dataset/versions/2/Training/meningioma/Tr-me_172.jpg,TUMOR,train
C:/Users/Ankit/.cache/kagglehub/datasets/masoudnickparvar/brain-tumor-mri-dataset/versions/2/Testing/pituitary/Te-pi_398.jpg,TUMOR,train
C:/Users/Ankit/.cache/kagglehub/datasets/masoudnickparvar/brain-tumor-mri-dataset/versions/2/Training/pituitary/Tr-pi_486.jpg,TUMOR,train
C:/Users/Ankit/.cache/kagglehub/datasets/masoudnickparvar/brain-tumor-mri-dataset/versions/2/Training/meningioma/Tr-me_815.jpg,TUMOR,train
C:/Users/Ankit/.cache/kagglehub/datasets/masoudnickparvar/brain-tumor-mri-dataset/versions/2/Training/meningioma/Tr-me_143.jpg,TUMOR,train
C:/Users/Ankit/.cache/kagglehub/datasets/masoudnickparvar/brain-tumor-mri-dataset/versions/2/Training/pituitary/Tr-pi_997.jpg,TUMOR,train
C:/Users/Ankit/.cache/kagglehub/datasets/masoudnickparvar/brain-tumor-mri-dataset/versions/2/Training/pituitary/Tr-pi_1346.jpg,TUMOR,train
C:/Users/Ankit/.cache/kagglehub/datasets/masoudnickparvar/brain-tumor-mri-dataset/versions/2/Training/meningioma/Tr-me_12.jpg,TUMOR,train
C:/Users/Ankit/.cache/kagglehub/datasets/masoudnickparvar/brain-tumor-mri-dataset/versions/2/Training/glioma/Tr-gl_659.jpg,TUMOR,train
C:/Users/Ankit/.cache/kagglehub/datasets/masoudnickparvar/brain-tumor-mri-dataset/versions/2/Testing/glioma/Te-gl_92.jpg,TUMOR,train
C:/Users/Ankit/.cache/kagglehub/datasets/masoudnickparvar/brain-tumor-mri-dataset/versions/2/Training/meningioma/Tr-me_1088.jpg,TUMOR,train
C:/Users/Ankit/.cache/kagglehub/datasets/masoudnickparvar/brain-tumor-mri-dataset/versions/2/Training/glioma/Tr-gl_1233.jpg,TUMOR,train
C:/Users/Ankit/.cache/kagglehub/datasets/masoudnickparvar/brain-tumor-mri-dataset/versions/2/Training/glioma/Tr-gl_525.jpg,TUMOR,train
C:/Users/Ankit/.cache/kagglehub/datasets/masoudnickparvar/brain-tumor-mri-dataset/versions/2/Training/meningioma/Tr-me_173.jpg,TUMOR,train
C:/Users/Ankit/.cache/kagglehub/datasets/masoudnickparvar/brain-tumor-mri-dataset/versions/2/Training/glioma/Tr-gl_402.jpg,TUMOR,train
C:/Users/Ankit/.cache/kagglehub/datasets/masoudnickparvar/brain-tumor-mri-dataset/versions/2/Training/glioma/Tr-gl_953.jpg,TUMOR,train
C:/Users/Ankit/.cache/kagglehub/datasets/masoudnickparvar/brain-tumor-mri-dataset/versions/2/Training/meningioma/Tr-aug-me_69.jpg,TUMOR,train
C:/Users/Ankit/.cache/kagglehub/datasets/masoudnickparvar/brain-tumor-mri-dataset/versions/2/Training/meningioma/Tr-me_194.jpg,TUMOR,train
C:/Users/Ankit/.cache/kagglehub/datasets/masoudnickparvar/brain-tumor-mri-dataset/versions/2/Training/glioma/Tr-gl_764.jpg,TUMOR,train
C:/Users/Ankit/.cache/kagglehub/datasets/masoudnickparvar/brain-tumor-mri-dataset/versions/2/Testing/meningioma/Te-me_98.jpg,TUMOR,train
C:/Users/Ankit/.cache/kagglehub/datasets/masoudnickparvar/brain-tumor-mri-dataset/versions/2/Training/glioma/Tr-gl_520.jpg,TUMOR,train
C:/Users/Ankit/.cache/kagglehub/datasets/masoudnickparvar/brain-tumor-mri-dataset/versions/2/Training/pituitary/Tr-pi_209.jpg,TUMOR,train
C:/Users/Ankit/.cache/kagglehub/datasets/masoudnickparvar/brain-tumor-mri-dataset/versions/2/Training/meningioma/Tr-me_295.jpg,TUMOR,train
C:/Users/Ankit/.cache/kagglehub/datasets/masoudnickparvar/brain-tumor-mri-dataset/versions/2/Testing/glioma/Te-gl_245.jpg,TUMOR,train
C:/Users/Ankit/.cache/kagglehub/datasets/masoudnickparvar/brain-tumor-mri-dataset/versions/2/Training/pituitary/Tr-pi_1108.jpg,TUMOR,train
C:/Users/Ankit/.cache/kagglehub/datasets/masoudnickparvar/brain-tumor-mri-dataset/versions/2/Training/glioma/Tr-gl_893.jpg,TUMOR,train
C:/Users/Ankit/.cache/kagglehub/datasets/masoudnickparvar/brain-tumor-mri-dataset/versions/2/Training/meningioma/Tr-me_69.jpg,TUMOR,train
C:/Users/Ankit/.cache/kagglehub/datasets/masoudnickparvar/brain-tumor-mri-dataset/versions/2/Training/pituitary/Tr-pi_694.jpg,TUMOR,train
C:/Users/Ankit/.cache/kagglehub/datasets/masoudnickparvar/brain-tumor-mri-dataset/versions/2/Testing/meningioma/Te-me_80.jpg,TUMOR,train
C:/Users/Ankit/.cache/kagglehub/datasets/masoudnickparvar/brain-tumor-mri-dataset/versions/2/Training/meningioma/Tr-me_1186.jpg,TUMOR,train
C:/Users/Ankit/.cache/kagglehub/datasets/masoudnickparvar/brain-tumor-mri-dataset/versions/2/Training/glioma/Tr-gl_487.jpg,TUMOR,train
C:/Users/Ankit/.cache/kagglehub/datasets/masoudnickparvar/brain-tumor-mri-dataset/versions/2/Training/pituitary/Tr-pi_1052.jpg,TUMOR,train
C:/Users/Ankit/.cache/kagglehub/datasets/masoudnickparvar/brain-tumor-mri-dataset/versions/2/Training/meningioma/Tr-me_1139.jpg,TUMOR,train
C:/Users/Ankit/.cache/kagglehub/datasets/masoudnickparvar/brain-tumor-mri-dataset/versions/2/Training/meningioma/Tr-me_847.jpg,TUMOR,train
C:/Users/Ankit/.cache/kagglehub/datasets/masoudnickparvar/brain-tumor-mri-dataset/versions/2/Training/glioma/Tr-gl_658.jpg,TUMOR,train
C:/Users/Ankit/.cache/kagglehub/datasets/masoudnickparvar/brain-tumor-mri-dataset/versions/2/Testing/glioma/Te-gl_388.jpg,TUMOR,train
C:/Users/Ankit/.cache/kagglehub/datasets/masoudnickparvar/brain-tumor-mri-dataset/versions/2/Training/pituitary/Tr-pi_1329.jpg,TUMOR,train
C:/Users/Ankit/.cache/kagglehub/datasets/masoudnickparvar/brain-tumor-mri-dataset/versions/2/Training/meningioma/Tr-me_163.jpg,TUMOR,train
C:/Users/Ankit/.cache/kagglehub/datasets/masoudnickparvar/brain-tumor-mri-dataset/versions/2/Training/pituitary/Tr-pi_403.jpg,TUMOR,train
C:/Users/Ankit/.cache/kagglehub/datasets/masoudnickparvar/brain-tumor-mri-dataset/versions/2/Training/meningioma/Tr-me_127.jpg,TUMOR,train
C:/Users/Ankit/.cache/kagglehub/datasets/masoudnickparvar/brain-tumor-mri-dataset/versions/2/Training/glioma/Tr-gl_1383.jpg,TUMOR,train
C:/Users/Ankit/.cache/kagglehub/datasets/masoudnickparvar/brain-tumor-mri-dataset/versions/2/Training/pituitary/Tr-pi_822.jpg,TUMOR,train
C:/Users/Ankit/.cache/kagglehub/datasets/masoudnickparvar/brain-tumor-mri-dataset/versions/2/Training/meningioma/Tr-me_51.jpg,TUMOR,train
C:/Users/Ankit/.cache/kagglehub/datasets/masoudnickparvar/brain-tumor-mri-dataset/versions/2/Training/glioma/Tr-gl_1277.jpg,TUMOR,train
C:/Users/Ankit/.cache/kagglehub/datasets/masoudnickparvar/brain-tumor-mri-dataset/versions/2/Training/pituitary/Tr-pi_1271.jpg,TUMOR,train
C:/Users/Ankit/.cache/kagglehub/datasets/masoudnickparvar/brain-tumor-mri-dataset/versions/2/Training/glioma/Tr-gl_958.jpg,TUMOR,train
C:/Users/Ankit/.cache/kagglehub/datasets/masoudnickparvar/brain-tumor-mri-dataset/versions/2/Testing/glioma/Te-gl_230.jpg,TUMOR,train
C:/Users/Ankit/.cache/kagglehub/datasets/masoudnickparvar/brain-tumor-mri-dataset/versions/2/Training/meningioma/Tr-me_387.jpg,TUMOR,train
C:/Users/Ankit/.cache/kagglehub/datasets/masoudnickparvar/brain-tumor-mri-dataset/versions/2/Training/pituitary/Tr-pi_427.jpg,TUMOR,train
C:/Users/Ankit/.cache/kagglehub/datasets/masoudnickparvar/brain-tumor-mri-dataset/versions/2/Training/meningioma/Tr-me_223.jpg,TUMOR,train
C:/Users/Ankit/.cache/kagglehub/datasets/masoudnickparvar/brain-tumor-mri-dataset/versions/2/Testing/pituitary/Te-pi_390.jpg,TUMOR,train
C:/Users/Ankit/.cache/kagglehub/datasets/masoudnickparvar/brain-tumor-mri-dataset/versions/2/Training/pituitary/Tr-pi_907.jpg,TUMOR,train
C:/Users/Ankit/.cache/kagglehub/datasets/masoudnickparvar/brain-tumor-mri-dataset/versions/2/Training/pituitary/Tr-pi_871.jpg,TUMOR,train
C:/Users/Ankit/.cache/kagglehub/datasets/masoudnickparvar/brain-tumor-mri-dataset/versions/2/Training/meningioma/Tr-me_63.jpg,TUMOR,train
C:/Users/Ankit/.cache/kagglehub/datasets/masoudnickparvar/brain-tumor-mri-dataset/versions/2/Training/glioma/Tr-gl_717.jpg,TUMOR,train
C:/Users/Ankit/.cache/kagglehub/datasets/masoudnickparvar/brain-tumor-mri-dataset/versions/2/Training/pituitary/Tr-pi_927.jpg,TUMOR,train
C:/Users/Ankit/.cache/kagglehub/datasets/masoudnickparvar/brain-tumor-mri-dataset/versions/2/Training/glioma/Tr-gl_478.jpg,TUMOR,train
C:/Users/Ankit/.cache/kagglehub/datasets/masoudnickparvar/brain-tumor-mri-dataset/versions/2/Training/pituitary/Tr-pi_132.jpg,TUMOR,train
C:/Users/Ankit/.cache/kagglehub/datasets/masoudnickparvar/brain-tumor-mri-dataset/versions/2/Training/glioma/Tr-gl_944.jpg,TUMOR,train
C:/Users/Ankit/.cache/kagglehub/datasets/masoudnickparvar/brain-tumor-mri-dataset/versions/2/Training/meningioma/Tr-me_325.jpg,TUMOR,train
C:/Users/Ankit/.cache/kagglehub/datasets/masoudnickparvar/brain-tumor-mri-dataset/versions/2/Testing/glioma/Te-gl_149.jpg,TUMOR,train
C:/Users/Ankit/.cache/kagglehub/datasets/masoudnickparvar/brain-tumor-mri-dataset/versions/2/Training/meningioma/Tr-me_871.jpg,TUMOR,train
C:/Users/Ankit/.cache/kagglehub/datasets/masoudnickparvar/brain-tumor-mri-dataset/versions/2/Training/glioma/Tr-gl_1221.jpg,TUMOR,train
C:/Users/Ankit/.cache/kagglehub/datasets/masoudnickparvar/brain-tumor-mri-dataset/versions/2/Training/meningioma/Tr-me_296.jpg,TUMOR,train
C:/Users/Ankit/.cache/kagglehub/datasets/masoudnickparvar/brain-tumor-mri-dataset/versions/2/Training/glioma/Tr-gl_1390.jpg,TUMOR,train
C:/Users/Ankit/.cache/kagglehub/datasets/masoudnickparvar/brain-tumor-mri-dataset/versions/2/Training/meningioma/Tr-me_73.jpg,TUMOR,train
C:/Users/Ankit/.cache/kagglehub/datasets/masoudnickparvar/brain-tumor-mri-dataset/versions/2/Testing/glioma/Te-gl_98.jpg,TUMOR,train
C:/Users/Ankit/.cache/kagglehub/datasets/masoudnickparvar/brain-tumor-mri-dataset/versions/2/Training/meningioma/Tr-me_1147.jpg,TUMOR,train
C:/Users/Ankit/.cache/kagglehub/datasets/masoudnickparvar/brain-tumor-mri-dataset/versions/2/Training/glioma/Tr-gl_408.jpg,TUMOR,train
C:/Users/Ankit/.cache/kagglehub/datasets/masoudnickparvar/brain-tumor-mri-dataset/versions/2/Training/glioma/Tr-gl_777.jpg,TUMOR,train
C:/Users/Ankit/.cache/kagglehub/datasets/masoudnickparvar/brain-tumor-mri-dataset/versions/2/Testing/pituitary/Te-pi_246.jpg,TUMOR,train
C:/Users/Ankit/.cache/kagglehub/datasets/masoudnickparvar/brain-tumor-mri-dataset/versions/2/Training/pituitary/Tr-pi_362.jpg,TUMOR,train
C:/Users/Ankit/.cache/kagglehub/datasets/masoudnickparvar/brain-tumor-mri-dataset/versions/2/Training/meningioma/Tr-me_17.jpg,TUMOR,train
C:/Users/Ankit/.cache/kagglehub/datasets/masoudnickparvar/brain-tumor-mri-dataset/versions/2/Training/pituitary/Tr-pi_1163.jpg,TUMOR,train
C:/Users/Ankit/.cache/kagglehub/datasets/masoudnickparvar/brain-tumor-mri-dataset/versions/2/Testing/meningioma/Te-me_126.jpg,TUMOR,train
C:/Users/Ankit/.cache/kagglehub/datasets/masoudnickparvar/brain-tumor-mri-dataset/versions/2/Training/meningioma/Tr-me_120.jpg,TUMOR,train
C:/Users/Ankit/.cache/kagglehub/datasets/masoudnickparvar/brain-tumor-mri-dataset/versions/2/Training/glioma/Tr-gl_574.jpg,TUMOR,train
C:/Users/Ankit/.cache/kagglehub/datasets/masoudnickparvar/brain-tumor-mri-dataset/versions/2/Training/glioma/Tr-gl_398.jpg,TUMOR,train
C:/Users/Ankit/.cache/kagglehub/datasets/masoudnickparvar/brain-tumor-mri-dataset/versions/2/Training/glioma/Tr-gl_1196.jpg,TUMOR,train
C:/Users/Ankit/.cache/kagglehub/datasets/masoudnickparvar/brain-tumor-mri-dataset/versions/2/Training/meningioma/Tr-me_184.jpg,TUMOR,train
C:/Users/Ankit/.cache/kagglehub/datasets/masoudnickparvar/brain-tumor-mri-dataset/versions/2/Training/pituitary/Tr-pi_322.jpg,TUMOR,train
C:/Users/Ankit/.cache/kagglehub/datasets/masoudnickparvar/brain-tumor-mri-dataset/versions/2/Training/glioma/Tr-gl_650.jpg,TUMOR,train
C:/Users/Ankit/.cache/kagglehub/datasets/masoudnickparvar/brain-tumor-mri-dataset/versions/2/Training/meningioma/Tr-me_134.jpg,TUMOR,train
C:/Users/Ankit/.cache/kagglehub/datasets/masoudnickparvar/brain-tumor-mri-dataset/versions/2/Training/glioma/Tr-gl_1169.jpg,TUMOR,train
C:/Users/Ankit/.cache/kagglehub/datasets/masoudnickparvar/brain-tumor-mri-dataset/versions/2/Training/meningioma/Tr-me_1021.jpg,TUMOR,train
C:/Users/Ankit/.cache/kagglehub/datasets/masoudnickparvar/brain-tumor-mri-dataset/versions/2/Training/glioma/Tr-gl_1104.jpg,TUMOR,train
C:/Users/Ankit/.cache/kagglehub/datasets/masoudnickparvar/brain-tumor-mri-dataset/versions/2/Training/pituitary/Tr-pi_915.jpg,TUMOR,train
C:/Users/Ankit/.cache/kagglehub/datasets/masoudnickparvar/brain-tumor-mri-dataset/versions/2/Training/pituitary/Tr-pi_867.jpg,TUMOR,train
C:/Users/Ankit/.cache/kagglehub/datasets/masoudnickparvar/brain-tumor-mri-dataset/versions/2/Training/meningioma/Tr-me_1018.jpg,TUMOR,train
C:/Users/Ankit/.cache/kagglehub/datasets/masoudnickparvar/brain-tumor-mri-dataset/versions/2/Testing/meningioma/Te-me_188.jpg,TUMOR,train
C:/Users/Ankit/.cache/kagglehub/datasets/masoudnickparvar/brain-tumor-mri-dataset/versions/2/Testing/glioma/Te-gl_72.jpg,TUMOR,train
C:/Users/Ankit/.cache/kagglehub/datasets/masoudnickparvar/brain-tumor-mri-dataset/versions/2/Training/glioma/Tr-gl_992.jpg,TUMOR,train
C:/Users/Ankit/.cache/kagglehub/datasets/masoudnickparvar/brain-tumor-mri-dataset/versions/2/Training/pituitary/Tr-pi_251.jpg,TUMOR,train
C:/Users/Ankit/.cache/kagglehub/datasets/masoudnickparvar/brain-tumor-mri-dataset/versions/2/Training/pituitary/Tr-pi_579.jpg,TUMOR,train
C:/Users/Ankit/.cache/kagglehub/datasets/masoudnickparvar/brain-tumor-mri-dataset/versions/2/Training/meningioma/Tr-me_503.jpg,TUMOR,train
C:/Users/Ankit/.cache/kagglehub/datasets/masoudnickparvar/brain-tumor-mri-dataset/versions/2/Testing/pituitary/Te-pi_256.jpg,TUMOR,train
C:/Users/Ankit/.cache/kagglehub/datasets/masoudnickparvar/brain-tumor-mri-dataset/versions/2/Training/glioma/Tr-gl_1357.jpg,TUMOR,train
C:/Users/Ankit/.cache/kagglehub/datasets/masoudnickparvar/brain-tumor-mri-dataset/versions/2/Testing/meningioma/Te-me_279.jpg,TUMOR,train
C:/Users/Ankit/.cache/kagglehub/datasets/masoudnickparvar/brain-tumor-mri-dataset/versions/2/Testing/glioma/Te-gl_89.jpg,TUMOR,train
C:/Users/Ankit/.cache/kagglehub/datasets/masoudnickparvar/brain-tumor-mri-dataset/versions/2/Training/pituitary/Tr-pi_74.jpg,TUMOR,train
C:/Users/Ankit/.cache/kagglehub/datasets/masoudnickparvar/brain-tumor-mri-dataset/versions/2/Training/meningioma/Tr-me_33.jpg,TUMOR,train
C:/Users/Ankit/.cache/kagglehub/datasets/masoudnickparvar/brain-tumor-mri-dataset/versions/2/Training/glioma/Tr-gl_1369.jpg,TUMOR,train
C:/Users/Ankit/.cache/kagglehub/datasets/masoudnickparvar/brain-tumor-mri-dataset/versions/2/Training/pituitary/Tr-pi_740.jpg,TUMOR,train
C:/Users/Ankit/.cache/kagglehub/datasets/masoudnickparvar/brain-tumor-mri-dataset/versions/2/Training/meningioma/Tr-me_707.jpg,TUMOR,train
C:/Users/Ankit/.cache/kagglehub/datasets/masoudnickparvar/brain-tumor-mri-dataset/versions/2/Training/meningioma/Tr-me_1129.jpg,TUMOR,train
C:/Users/Ankit/.cache/kagglehub/datasets/masoudnickparvar/brain-tumor-mri-dataset/versions/2/Training/pituitary/Tr-pi_562.jpg,TUMOR,train
C:/Users/Ankit/.cache/kagglehub/datasets/masoudnickparvar/brain-tumor-mri-dataset/versions/2/Training/meningioma/Tr-me_200.jpg,TUMOR,train
C:/Users/Ankit/.cache/kagglehub/datasets/masoudnickparvar/brain-tumor-mri-dataset/versions/2/Training/meningioma/Tr-me_1273.jpg,TUMOR,train
C:/Users/Ankit/.cache/kagglehub/datasets/masoudnickparvar/brain-tumor-mri-dataset/versions/2/Training/glioma/Tr-gl_124.jpg,TUMOR,train
C:/Users/Ankit/.cache/kagglehub/datasets/masoudnickparvar/brain-tumor-mri-dataset/versions/2/Training/meningioma/Tr-me_1252.jpg,TUMOR,train
C:/Users/Ankit/.cache/kagglehub/datasets/masoudnickparvar/brain-tumor-mri-dataset/versions/2/Training/meningioma/Tr-me_343.jpg,TUMOR,train
C:/Users/Ankit/.cache/kagglehub/datasets/masoudnickparvar/brain-tumor-mri-dataset/versions/2/Testing/meningioma/Te-aug-me_9.jpg,TUMOR,train
C:/Users/Ankit/.cache/kagglehub/datasets/masoudnickparvar/brain-tumor-mri-dataset/versions/2/Training/glioma/Tr-gl_869.jpg,TUMOR,train
C:/Users/Ankit/.cache/kagglehub/datasets/masoudnickparvar/brain-tumor-mri-dataset/versions/2/Training/pituitary/Tr-pi_102.jpg,TUMOR,train
C:/Users/Ankit/.cache/kagglehub/datasets/masoudnickparvar/brain-tumor-mri-dataset/versions/2/Training/meningioma/Tr-me_415.jpg,TUMOR,train
C:/Users/Ankit/.cache/kagglehub/datasets/masoudnickparvar/brain-tumor-mri-dataset/versions/2/Training/pituitary/Tr-pi_900.jpg,TUMOR,train
C:/Users/Ankit/.cache/kagglehub/datasets/masoudnickparvar/brain-tumor-mri-dataset/versions/2/Training/glioma/Tr-gl_690.jpg,TUMOR,train
C:/Users/Ankit/.cache/kagglehub/datasets/masoudnickparvar/brain-tumor-mri-dataset/versions/2/Training/glioma/Tr-gl_629.jpg,TUMOR,train
C:/Users/Ankit/.cache/kagglehub/datasets/masoudnickparvar/brain-tumor-mri-dataset/versions/2/Training/meningioma/Tr-me_347.jpg,TUMOR,train
C:/Users/Ankit/.cache/kagglehub/datasets/masoudnickparvar/brain-tumor-mri-dataset/versions/2/Training/meningioma/Tr-me_731.jpg,TUMOR,train
C:/Users/Ankit/.cache/kagglehub/datasets/masoudnickparvar/brain-tumor-mri-dataset/versions/2/Training/pituitary/Tr-pi_902.jpg,TUMOR,train
C:/Users/Ankit/.cache/kagglehub/datasets/masoudnickparvar/brain-tumor-mri-dataset/versions/2/Training/meningioma/Tr-me_443.jpg,TUMOR,train
C:/Users/Ankit/.cache/kagglehub/datasets/masoudnickparvar/brain-tumor-mri-dataset/versions/2/Training/meningioma/Tr-me_740.jpg,TUMOR,train
C:/Users/Ankit/.cache/kagglehub/datasets/masoudnickparvar/brain-tumor-mri-dataset/versions/2/Training/glioma/Tr-gl_280.jpg,TUMOR,train
C:/Users/Ankit/.cache/kagglehub/datasets/masoudnickparvar/brain-tumor-mri-dataset/versions/2/Training/meningioma/Tr-aug-me_81.jpg,TUMOR,train
C:/Users/Ankit/.cache/kagglehub/datasets/masoudnickparvar/brain-tumor-mri-dataset/versions/2/Training/meningioma/Tr-me_784.jpg,TUMOR,train
C:/Users/Ankit/.cache/kagglehub/datasets/masoudnickparvar/brain-tumor-mri-dataset/versions/2/Training/meningioma/Tr-me_647.jpg,TUMOR,train
C:/Users/Ankit/.cache/kagglehub/datasets/masoudnickparvar/brain-tumor-mri-dataset/versions/2/Training/meningioma/Tr-me_927.jpg,TUMOR,train
C:/Users/Ankit/.cache/kagglehub/datasets/masoudnickparvar/brain-tumor-mri-dataset/versions/2/Testing/glioma/Te-gl_112.jpg,TUMOR,train
C:/Users/Ankit/.cache/kagglehub/datasets/masoudnickparvar/brain-tumor-mri-dataset/versions/2/Training/meningioma/Tr-me_272.jpg,TUMOR,train
C:/Users/Ankit/.cache/kagglehub/datasets/masoudnickparvar/brain-tumor-mri-dataset/versions/2/Training/meningioma/Tr-me_1153.jpg,TUMOR,train
C:/Users/Ankit/.cache/kagglehub/datasets/masoudnickparvar/brain-tumor-mri-dataset/versions/2/Training/meningioma/Tr-me_683.jpg,TUMOR,train
C:/Users/Ankit/.cache/kagglehub/datasets/masoudnickparvar/brain-tumor-mri-dataset/versions/2/Training/pituitary/Tr-pi_309.jpg,TUMOR,train
C:/Users/Ankit/.cache/kagglehub/datasets/masoudnickparvar/brain-tumor-mri-dataset/versions/2/Training/pituitary/Tr-pi_1243.jpg,TUMOR,train
C:/Users/Ankit/.cache/kagglehub/datasets/masoudnickparvar/brain-tumor-mri-dataset/versions/2/Training/pituitary/Tr-pi_295.jpg,TUMOR,train
C:/Users/Ankit/.cache/kagglehub/datasets/masoudnickparvar/brain-tumor-mri-dataset/versions/2/Training/glioma/Tr-gl_843.jpg,TUMOR,train
C:/Users/Ankit/.cache/kagglehub/datasets/masoudnickparvar/brain-tumor-mri-dataset/versions/2/Training/meningioma/Tr-me_1240.jpg,TUMOR,train
C:/Users/Ankit/.cache/kagglehub/datasets/masoudnickparvar/brain-tumor-mri-dataset/versions/2/Training/pituitary/Tr-pi_400.jpg,TUMOR,train
C:/Users/Ankit/.cache/kagglehub/datasets/masoudnickparvar/brain-tumor-mri-dataset/versions/2/Training/meningioma/Tr-me_893.jpg,TUMOR,train
C:/Users/Ankit/.cache/kagglehub/datasets/masoudnickparvar/brain-tumor-mri-dataset/versions/2/Training/glioma/Tr-gl_1033.jpg,TUMOR,train
C:/Users/Ankit/.cache/kagglehub/datasets/masoudnickparvar/brain-tumor-mri-dataset/versions/2/Training/glioma/Tr-gl_817.jpg,TUMOR,train
C:/Users/Ankit/.cache/kagglehub/datasets/masoudnickparvar/brain-tumor-mri-dataset/versions/2/Testing/meningioma/Te-me_209.jpg,TUMOR,train
C:/Users/Ankit/.cache/kagglehub/datasets/masoudnickparvar/brain-tumor-mri-dataset/versions/2/Testing/meningioma/Te-me_110.jpg,TUMOR,train
C:/Users/Ankit/.cache/kagglehub/datasets/masoudnickparvar/brain-tumor-mri-dataset/versions/2/Training/pituitary/Tr-pi_917.jpg,TUMOR,train
C:/Users/Ankit/.cache/kagglehub/datasets/masoudnickparvar/brain-tumor-mri-dataset/versions/2/Training/glioma/Tr-gl_475.jpg,TUMOR,train
C:/Users/Ankit/.cache/kagglehub/datasets/masoudnickparvar/brain-tumor-mri-dataset/versions/2/Training/pituitary/Tr-pi_720.jpg,TUMOR,train
C:/Users/Ankit/.cache/kagglehub/datasets/masoudnickparvar/brain-tumor-mri-dataset/versions/2/Training/glioma/Tr-gl_401.jpg,TUMOR,train
C:/Users/Ankit/.cache/kagglehub/datasets/masoudnickparvar/brain-tumor-mri-dataset/versions/2/Training/glioma/Tr-gl_94.jpg,TUMOR,train
C:/Users/Ankit/.cache/kagglehub/datasets/masoudnickparvar/brain-tumor-mri-dataset/versions/2/Training/meningioma/Tr-me_1108.jpg,TUMOR,train
C:/Users/Ankit/.cache/kagglehub/datasets/masoudnickparvar/brain-tumor-mri-dataset/versions/2/Training/pituitary/Tr-pi_782.jpg,TUMOR,train
C:/Users/Ankit/.cache/kagglehub/datasets/masoudnickparvar/brain-tumor-mri-dataset/versions/2/Training/pituitary/Tr-pi_1053.jpg,TUMOR,train
C:/Users/Ankit/.cache/kagglehub/datasets/masoudnickparvar/brain-tumor-mri-dataset/versions/2/Training/meningioma/Tr-me_704.jpg,TUMOR,train
C:/Users/Ankit/.cache/kagglehub/datasets/masoudnickparvar/brain-tumor-mri-dataset/versions/2/Testing/pituitary/Te-pi_99.jpg,TUMOR,train
C:/Users/Ankit/.cache/kagglehub/datasets/masoudnickparvar/brain-tumor-mri-dataset/versions/2/Training/pituitary/Tr-pi_5.jpg,TUMOR,train
C:/Users/Ankit/.cache/kagglehub/datasets/masoudnickparvar/brain-tumor-mri-dataset/versions/2/Training/pituitary/Tr-pi_624.jpg,TUMOR,train
C:/Users/Ankit/.cache/kagglehub/datasets/masoudnickparvar/brain-tumor-mri-dataset/versions/2/Testing/meningioma/Te-aug-me_54.jpg,TUMOR,train
C:/Users/Ankit/.cache/kagglehub/datasets/masoudnickparvar/brain-tumor-mri-dataset/versions/2/Training/glioma/Tr-gl_798.jpg,TUMOR,train
C:/Users/Ankit/.cache/kagglehub/datasets/masoudnickparvar/brain-tumor-mri-dataset/versions/2/Training/pituitary/Tr-pi_1342.jpg,TUMOR,train
C:/Users/Ankit/.cache/kagglehub/datasets/masoudnickparvar/brain-tumor-mri-dataset/versions/2/Training/meningioma/Tr-me_372.jpg,TUMOR,train
C:/Users/Ankit/.cache/kagglehub/datasets/masoudnickparvar/brain-tumor-mri-dataset/versions/2/Training/pituitary/Tr-pi_630.jpg,TUMOR,train
C:/Users/Ankit/.cache/kagglehub/datasets/masoudnickparvar/brain-tumor-mri-dataset/versions/2/Testing/glioma/Te-gl_15.jpg,TUMOR,train
C:/Users/Ankit/.cache/kagglehub/datasets/masoudnickparvar/brain-tumor-mri-dataset/versions/2/Training/glioma/Tr-gl_436.jpg,TUMOR,train
C:/Users/Ankit/.cache/kagglehub/datasets/masoudnickparvar/brain-tumor-mri-dataset/versions/2/Training/pituitary/Tr-pi_612.jpg,TUMOR,train
C:/Users/Ankit/.cache/kagglehub/datasets/masoudnickparvar/brain-tumor-mri-dataset/versions/2/Training/pituitary/Tr-pi_1034.jpg,TUMOR,train
C:/Users/Ankit/.cache/kagglehub/datasets/masoudnickparvar/brain-tumor-mri-dataset/versions/2/Training/meningioma/Tr-me_697.jpg,TUMOR,train
C:/Users/Ankit/.cache/kagglehub/datasets/masoudnickparvar/brain-tumor-mri-dataset/versions/2/Testing/meningioma/Te-me_281.jpg,TUMOR,train
C:/Users/Ankit/.cache/kagglehub/datasets/masoudnickparvar/brain-tumor-mri-dataset/versions/2/Testing/meningioma/Te-me_291.jpg,TUMOR,train
C:/Users/Ankit/.cache/kagglehub/datasets/masoudnickparvar/brain-tumor-mri-dataset/versions/2/Testing/pituitary/Te-pi_253.jpg,TUMOR,train
C:/Users/Ankit/.cache/kagglehub/datasets/masoudnickparvar/brain-tumor-mri-dataset/versions/2/Training/glioma/Tr-gl_1192.jpg,TUMOR,train
C:/Users/Ankit/.cache/kagglehub/datasets/masoudnickparvar/brain-tumor-mri-dataset/versions/2/Training/glioma/Tr-gl_211.jpg,TUMOR,train
C:/Users/Ankit/.cache/kagglehub/datasets/masoudnickparvar/brain-tumor-mri-dataset/versions/2/Training/meningioma/Tr-me_932.jpg,TUMOR,train
C:/Users/Ankit/.cache/kagglehub/datasets/masoudnickparvar/brain-tumor-mri-dataset/versions/2/Training/pituitary/Tr-pi_957.jpg,TUMOR,train
C:/Users/Ankit/.cache/kagglehub/datasets/masoudnickparvar/brain-tumor-mri-dataset/versions/2/Testing/meningioma/Te-aug-me_92.jpg,TUMOR,train
C:/Users/Ankit/.cache/kagglehub/datasets/masoudnickparvar/brain-tumor-mri-dataset/versions/2/Training/meningioma/Tr-me_1256.jpg,TUMOR,train
C:/Users/Ankit/.cache/kagglehub/datasets/masoudnickparvar/brain-tumor-mri-dataset/versions/2/Training/pituitary/Tr-pi_328.jpg,TUMOR,train
C:/Users/Ankit/.cache/kagglehub/datasets/masoudnickparvar/brain-tumor-mri-dataset/versions/2/Training/pituitary/Tr-pi_1151.jpg,TUMOR,train
C:/Users/Ankit/.cache/kagglehub/datasets/masoudnickparvar/brain-tumor-mri-dataset/versions/2/Training/glioma/Tr-gl_757.jpg,TUMOR,train
C:/Users/Ankit/.cache/kagglehub/datasets/masoudnickparvar/brain-tumor-mri-dataset/versions/2/Training/pituitary/Tr-pi_18.jpg,TUMOR,train
C:/Users/Ankit/.cache/kagglehub/datasets/masoudnickparvar/brain-tumor-mri-dataset/versions/2/Training/glioma/Tr-gl_430.jpg,TUMOR,train
C:/Users/Ankit/.cache/kagglehub/datasets/masoudnickparvar/brain-tumor-mri-dataset/versions/2/Training/pituitary/Tr-pi_880.jpg,TUMOR,train
C:/Users/Ankit/.cache/kagglehub/datasets/masoudnickparvar/brain-tumor-mri-dataset/versions/2/Training/meningioma/Tr-me_217.jpg,TUMOR,train
C:/Users/Ankit/.cache/kagglehub/datasets/masoudnickparvar/brain-tumor-mri-dataset/versions/2/Training/glioma/Tr-gl_1100.jpg,TUMOR,train
C:/Users/Ankit/.cache/kagglehub/datasets/masoudnickparvar/brain-tumor-mri-dataset/versions/2/Training/meningioma/Tr-me_904.jpg,TUMOR,train
C:/Users/Ankit/.cache/kagglehub/datasets/masoudnickparvar/brain-tumor-mri-dataset/versions/2/Training/pituitary/Tr-pi_1341.jpg,TUMOR,train
C:/Users/Ankit/.cache/kagglehub/datasets/masoudnickparvar/brain-tumor-mri-dataset/versions/2/Training/pituitary/Tr-pi_286.jpg,TUMOR,train
C:/Users/Ankit/.cache/kagglehub/datasets/masoudnickparvar/brain-tumor-mri-dataset/versions/2/Training/meningioma/Tr-me_1059.jpg,TUMOR,train
C:/Users/Ankit/.cache/kagglehub/datasets/masoudnickparvar/brain-tumor-mri-dataset/versions/2/Training/glioma/Tr-gl_341.jpg,TUMOR,train
C:/Users/Ankit/.cache/kagglehub/datasets/masoudnickparvar/brain-tumor-mri-dataset/versions/2/Training/meningioma/Tr-me_1230.jpg,TUMOR,train
C:/Users/Ankit/.cache/kagglehub/datasets/masoudnickparvar/brain-tumor-mri-dataset/versions/2/Training/pituitary/Tr-pi_548.jpg,TUMOR,train
C:/Users/Ankit/.cache/kagglehub/datasets/masoudnickparvar/brain-tumor-mri-dataset/versions/2/Training/glioma/Tr-gl_949.jpg,TUMOR,train
C:/Users/Ankit/.cache/kagglehub/datasets/masoudnickparvar/brain-tumor-mri-dataset/versions/2/Testing/glioma/Te-gl_152.jpg,TUMOR,train
C:/Users/Ankit/.cache/kagglehub/datasets/masoudnickparvar/brain-tumor-mri-dataset/versions/2/Training/pituitary/Tr-pi_169.jpg,TUMOR,train
C:/Users/Ankit/.cache/kagglehub/datasets/masoudnickparvar/brain-tumor-mri-dataset/versions/2/Training/meningioma/Tr-me_627.jpg,TUMOR,train
C:/Users/Ankit/.cache/kagglehub/datasets/masoudnickparvar/brain-tumor-mri-dataset/versions/2/Testing/pituitary/Te-pi_122.jpg,TUMOR,train
C:/Users/Ankit/.cache/kagglehub/datasets/masoudnickparvar/brain-tumor-mri-dataset/versions/2/Training/meningioma/Tr-aug-me_77.jpg,TUMOR,train
C:/Users/Ankit/.cache/kagglehub/datasets/masoudnickparvar/brain-tumor-mri-dataset/versions/2/Training/pituitary/Tr-pi_1083.jpg,TUMOR,train
C:/Users/Ankit/.cache/kagglehub/datasets/masoudnickparvar/brain-tumor-mri-dataset/versions/2/Training/meningioma/Tr-me_497.jpg,TUMOR,train
C:/Users/Ankit/.cache/kagglehub/datasets/masoudnickparvar/brain-tumor-mri-dataset/versions/2/Training/pituitary/Tr-pi_715.jpg,TUMOR,train
C:/Users/Ankit/.cache/kagglehub/datasets/masoudnickparvar/brain-tumor-mri-dataset/versions/2/Testing/pituitary/Te-pi_329.jpg,TUMOR,train
C:/Users/Ankit/.cache/kagglehub/datasets/masoudnickparvar/brain-tumor-mri-dataset/versions/2/Training/meningioma/Tr-me_1211.jpg,TUMOR,train
C:/Users/Ankit/.cache/kagglehub/datasets/masoudnickparvar/brain-tumor-mri-dataset/versions/2/Training/meningioma/Tr-me_264.jpg,TUMOR,train
C:/Users/Ankit/.cache/kagglehub/datasets/masoudnickparvar/brain-tumor-mri-dataset/versions/2/Testing/pituitary/Te-pi_330.jpg,TUMOR,train
C:/Users/Ankit/.cache/kagglehub/datasets/masoudnickparvar/brain-tumor-mri-dataset/versions/2/Training/glioma/Tr-gl_1292.jpg,TUMOR,train
C:/Users/Ankit/.cache/kagglehub/datasets/masoudnickparvar/brain-tumor-mri-dataset/versions/2/Testing/pituitary/Te-pi_129.jpg,TUMOR,train
C:/Users/Ankit/.cache/kagglehub/datasets/masoudnickparvar/brain-tumor-mri-dataset/versions/2/Testing/meningioma/Te-aug-me_35.jpg,TUMOR,train
C:/Users/Ankit/.cache/kagglehub/datasets/masoudnickparvar/brain-tumor-mri-dataset/versions/2/Training/meningioma/Tr-me_588.jpg,TUMOR,train
C:/Users/Ankit/.cache/kagglehub/datasets/masoudnickparvar/brain-tumor-mri-dataset/versions/2/Testing/glioma/Te-gl_85.jpg,TUMOR,train
C:/Users/Ankit/.cache/kagglehub/datasets/masoudnickparvar/brain-tumor-mri-dataset/versions/2/Training/pituitary/Tr-pi_262.jpg,TUMOR,train
C:/Users/Ankit/.cache/kagglehub/datasets/masoudnickparvar/brain-tumor-mri-dataset/versions/2/Testing/pituitary/Te-pi_147.jpg,TUMOR,train
C:/Users/Ankit/.cache/kagglehub/datasets/masoudnickparvar/brain-tumor-mri-dataset/versions/2/Testing/meningioma/Te-me_142.jpg,TUMOR,train
C:/Users/Ankit/.cache/kagglehub/datasets/masoudnickparvar/brain-tumor-mri-dataset/versions/2/Training/pituitary/Tr-pi_873.jpg,TUMOR,train
C:/Users/Ankit/.cache/kagglehub/datasets/masoudnickparvar/brain-tumor-mri-dataset/versions/2/Training/meningioma/Tr-me_981.jpg,TUMOR,train
C:/Users/Ankit/.cache/kagglehub/datasets/masoudnickparvar/brain-tumor-mri-dataset/versions/2/Training/meningioma/Tr-me_842.jpg,TUMOR,train
C:/Users/Ankit/.cache/kagglehub/datasets/masoudnickparvar/brain-tumor-mri-dataset/versions/2/Training/meningioma/Tr-me_414.jpg,TUMOR,train
C:/Users/Ankit/.cache/kagglehub/datasets/masoudnickparvar/brain-tumor-mri-dataset/versions/2/Training/pituitary/Tr-pi_670.jpg,TUMOR,train
C:/Users/Ankit/.cache/kagglehub/datasets/masoudnickparvar/brain-tumor-mri-dataset/versions/2/Testing/glioma/Te-gl_280.jpg,TUMOR,train
C:/Users/Ankit/.cache/kagglehub/datasets/masoudnickparvar/brain-tumor-mri-dataset/versions/2/Training/meningioma/Tr-me_645.jpg,TUMOR,train
C:/Users/Ankit/.cache/kagglehub/datasets/masoudnickparvar/brain-tumor-mri-dataset/versions/2/Training/glioma/Tr-gl_635.jpg,TUMOR,train
C:/Users/Ankit/.cache/kagglehub/datasets/masoudnickparvar/brain-tumor-mri-dataset/versions/2/Training/pituitary/Tr-pi_544.jpg,TUMOR,train
C:/Users/Ankit/.cache/kagglehub/datasets/masoudnickparvar/brain-tumor-mri-dataset/versions/2/Training/meningioma/Tr-me_15.jpg,TUMOR,train
C:/Users/Ankit/.cache/kagglehub/datasets/masoudnickparvar/brain-tumor-mri-dataset/versions/2/Testing/meningioma/Te-me_269.jpg,TUMOR,train
C:/Users/Ankit/.cache/kagglehub/datasets/masoudnickparvar/brain-tumor-mri-dataset/versions/2/Training/glioma/Tr-gl_114.jpg,TUMOR,train
C:/Users/Ankit/.cache/kagglehub/datasets/masoudnickparvar/brain-tumor-mri-dataset/versions/2/Training/glioma/Tr-gl_1353.jpg,TUMOR,train
C:/Users/Ankit/.cache/kagglehub/datasets/masoudnickparvar/brain-tumor-mri-dataset/versions/2/Training/glioma/Tr-gl_837.jpg,TUMOR,train
C:/Users/Ankit/.cache/kagglehub/datasets/masoudnickparvar/brain-tumor-mri-dataset/versions/2/Training/meningioma/Tr-me_660.jpg,TUMOR,train
C:/Users/Ankit/.cache/kagglehub/datasets/masoudnickparvar/brain-tumor-mri-dataset/versions/2/Training/glioma/Tr-gl_1374.jpg,TUMOR,train
C:/Users/Ankit/.cache/kagglehub/datasets/masoudnickparvar/brain-tumor-mri-dataset/versions/2/Training/glioma/Tr-gl_42.jpg,TUMOR,train
C:/Users/Ankit/.cache/kagglehub/datasets/masoudnickparvar/brain-tumor-mri-dataset/versions/2/Training/pituitary/Tr-pi_935.jpg,TUMOR,train
C:/Users/Ankit/.cache/kagglehub/datasets/masoudnickparvar/brain-tumor-mri-dataset/versions/2/Training/meningioma/Tr-me_513.jpg,TUMOR,train
C:/Users/Ankit/.cache/kagglehub/datasets/masoudnickparvar/brain-tumor-mri-dataset/versions/2/Training/pituitary/Tr-pi_649.jpg,TUMOR,train
C:/Users/Ankit/.cache/kagglehub/datasets/masoudnickparvar/brain-tumor-mri-dataset/versions/2/Training/meningioma/Tr-me_339.jpg,TUMOR,train
C:/Users/Ankit/.cache/kagglehub/datasets/masoudnickparvar/brain-tumor-mri-dataset/versions/2/Training/pituitary/Tr-pi_599.jpg,TUMOR,train
C:/Users/Ankit/.cache/kagglehub/datasets/masoudnickparvar/brain-tumor-mri-dataset/versions/2/Training/pituitary/Tr-pi_1015.jpg,TUMOR,train
C:/Users/Ankit/.cache/kagglehub/datasets/masoudnickparvar/brain-tumor-mri-dataset/versions/2/Training/glioma/Tr-gl_643.jpg,TUMOR,train
C:/Users/Ankit/.cache/kagglehub/datasets/masoudnickparvar/brain-tumor-mri-dataset/versions/2/Testing/glioma/Te-gl_56.jpg,TUMOR,train
C:/Users/Ankit/.cache/kagglehub/datasets/masoudnickparvar/brain-tumor-mri-dataset/versions/2/Training/pituitary/Tr-pi_1019.jpg,TUMOR,train
C:/Users/Ankit/.cache/kagglehub/datasets/masoudnickparvar/brain-tumor-mri-dataset/versions/2/Testing/pituitary/Te-pi_250.jpg,TUMOR,train
C:/Users/Ankit/.cache/kagglehub/datasets/masoudnickparvar/brain-tumor-mri-dataset/versions/2/Training/meningioma/Tr-me_561.jpg,TUMOR,train
C:/Users/Ankit/.cache/kagglehub/datasets/masoudnickparvar/brain-tumor-mri-dataset/versions/2/Training/glioma/Tr-gl_820.jpg,TUMOR,train
C:/Users/Ankit/.cache/kagglehub/datasets/masoudnickparvar/brain-tumor-mri-dataset/versions/2/Training/pituitary/Tr-pi_147.jpg,TUMOR,train
C:/Users/Ankit/.cache/kagglehub/datasets/masoudnickparvar/brain-tumor-mri-dataset/versions/2/Training/glioma/Tr-gl_749.jpg,TUMOR,train
C:/Users/Ankit/.cache/kagglehub/datasets/masoudnickparvar/brain-tumor-mri-dataset/versions/2/Training/meningioma/Tr-me_114.jpg,TUMOR,train
C:/Users/Ankit/.cache/kagglehub/datasets/masoudnickparvar/brain-tumor-mri-dataset/versions/2/Training/meningioma/Tr-me_919.jpg,TUMOR,train
C:/Users/Ankit/.cache/kagglehub/datasets/masoudnickparvar/brain-tumor-mri-dataset/versions/2/Training/glioma/Tr-gl_367.jpg,TUMOR,train
C:/Users/Ankit/.cache/kagglehub/datasets/masoudnickparvar/brain-tumor-mri-dataset/versions/2/Testing/meningioma/Te-me_173.jpg,TUMOR,train
C:/Users/Ankit/.cache/kagglehub/datasets/masoudnickparvar/brain-tumor-mri-dataset/versions/2/Training/meningioma/Tr-me_807.jpg,TUMOR,train
C:/Users/Ankit/.cache/kagglehub/datasets/masoudnickparvar/brain-tumor-mri-dataset/versions/2/Training/meningioma/Tr-me_261.jpg,TUMOR,train
C:/Users/Ankit/.cache/kagglehub/datasets/masoudnickparvar/brain-tumor-mri-dataset/versions/2/Training/glioma/Tr-gl_493.jpg,TUMOR,train
C:/Users/Ankit/.cache/kagglehub/datasets/masoudnickparvar/brain-tumor-mri-dataset/versions/2/Training/pituitary/Tr-pi_199.jpg,TUMOR,train
C:/Users/Ankit/.cache/kagglehub/datasets/masoudnickparvar/brain-tumor-mri-dataset/versions/2/Training/glioma/Tr-gl_763.jpg,TUMOR,train
C:/Users/Ankit/.cache/kagglehub/datasets/masoudnickparvar/brain-tumor-mri-dataset/versions/2/Training/glioma/Tr-gl_1001.jpg,TUMOR,train
C:/Users/Ankit/.cache/kagglehub/datasets/masoudnickparvar/brain-tumor-mri-dataset/versions/2/Training/pituitary/Tr-pi_1071.jpg,TUMOR,train
C:/Users/Ankit/.cache/kagglehub/datasets/masoudnickparvar/brain-tumor-mri-dataset/versions/2/Training/glioma/Tr-gl_872.jpg,TUMOR,train
C:/Users/Ankit/.cache/kagglehub/datasets/masoudnickparvar/brain-tumor-mri-dataset/versions/2/Testing/glioma/Te-gl_375.jpg,TUMOR,train
C:/Users/Ankit/.cache/kagglehub/datasets/masoudnickparvar/brain-tumor-mri-dataset/versions/2/Training/meningioma/Tr-me_31.jpg,TUMOR,train
C:/Users/Ankit/.cache/kagglehub/datasets/masoudnickparvar/brain-tumor-mri-dataset/versions/2/Training/glioma/Tr-gl_918.jpg,TUMOR,train
C:/Users/Ankit/.cache/kagglehub/datasets/masoudnickparvar/brain-tumor-mri-dataset/versions/2/Training/glioma/Tr-gl_1156.jpg,TUMOR,train
C:/Users/Ankit/.cache/kagglehub/datasets/masoudnickparvar/brain-tumor-mri-dataset/versions/2/Training/glioma/Tr-gl_1315.jpg,TUMOR,train
C:/Users/Ankit/.cache/kagglehub/datasets/masoudnickparvar/brain-tumor-mri-dataset/versions/2/Training/meningioma/Tr-me_530.jpg,TUMOR,train
C:/Users/Ankit/.cache/kagglehub/datasets/masoudnickparvar/brain-tumor-mri-dataset/versions/2/Training/meningioma/Tr-me_769.jpg,TUMOR,train
C:/Users/Ankit/.cache/kagglehub/datasets/masoudnickparvar/brain-tumor-mri-dataset/versions/2/Training/glioma/Tr-gl_178.jpg,TUMOR,train
C:/Users/Ankit/.cache/kagglehub/datasets/masoudnickparvar/brain-tumor-mri-dataset/versions/2/Training/pituitary/Tr-pi_949.jpg,TUMOR,train
C:/Users/Ankit/.cache/kagglehub/datasets/masoudnickparvar/brain-tumor-mri-dataset/versions/2/Training/meningioma/Tr-me_139.jpg,TUMOR,train
C:/Users/Ankit/.cache/kagglehub/datasets/masoudnickparvar/brain-tumor-mri-dataset/versions/2/Testing/meningioma/Te-me_247.jpg,TUMOR,train
C:/Users/Ankit/.cache/kagglehub/datasets/masoudnickparvar/brain-tumor-mri-dataset/versions/2/Training/glioma/Tr-gl_807.jpg,TUMOR,train
C:/Users/Ankit/.cache/kagglehub/datasets/masoudnickparvar/brain-tumor-mri-dataset/versions/2/Training/pituitary/Tr-pi_1219.jpg,TUMOR,train
C:/Users/Ankit/.cache/kagglehub/datasets/masoudnickparvar/brain-tumor-mri-dataset/versions/2/Training/meningioma/Tr-me_30.jpg,TUMOR,train
C:/Users/Ankit/.cache/kagglehub/datasets/masoudnickparvar/brain-tumor-mri-dataset/versions/2/Training/meningioma/Tr-me_748.jpg,TUMOR,train
C:/Users/Ankit/.cache/kagglehub/datasets/masoudnickparvar/brain-tumor-mri-dataset/versions/2/Training/meningioma/Tr-me_843.jpg,TUMOR,train
C:/Users/Ankit/.cache/kagglehub/datasets/masoudnickparvar/brain-tumor-mri-dataset/versions/2/Training/meningioma/Tr-me_1020.jpg,TUMOR,train
C:/Users/Ankit/.cache/kagglehub/datasets/masoudnickparvar/brain-tumor-mri-dataset/versions/2/Training/glioma/Tr-gl_874.jpg,TUMOR,train
C:/Users/Ankit/.cache/kagglehub/datasets/masoudnickparvar/brain-tumor-mri-dataset/versions/2/Training/meningioma/Tr-me_381.jpg,TUMOR,train
C:/Users/Ankit/.cache/kagglehub/datasets/masoudnickparvar/brain-tumor-mri-dataset/versions/2/Training/pituitary/Tr-pi_91.jpg,TUMOR,train
C:/Users/Ankit/.cache/kagglehub/datasets/masoudnickparvar/brain-tumor-mri-dataset/versions/2/Training/glioma/Tr-gl_1226.jpg,TUMOR,train
C:/Users/Ankit/.cache/kagglehub/datasets/masoudnickparvar/brain-tumor-mri-dataset/versions/2/Training/meningioma/Tr-me_1022.jpg,TUMOR,train
C:/Users/Ankit/.cache/kagglehub/datasets/masoudnickparvar/brain-tumor-mri-dataset/versions/2/Testing/pituitary/Te-pi_181.jpg,TUMOR,train
C:/Users/Ankit/.cache/kagglehub/datasets/masoudnickparvar/brain-tumor-mri-dataset/versions/2/Training/meningioma/Tr-me_877.jpg,TUMOR,train
C:/Users/Ankit/.cache/kagglehub/datasets/masoudnickparvar/brain-tumor-mri-dataset/versions/2/Training/pituitary/Tr-pi_984.jpg,TUMOR,train
C:/Users/Ankit/.cache/kagglehub/datasets/masoudnickparvar/brain-tumor-mri-dataset/versions/2/Training/glioma/Tr-gl_1337.jpg,TUMOR,train
C:/Users/Ankit/.cache/kagglehub/datasets/masoudnickparvar/brain-tumor-mri-dataset/versions/2/Training/pituitary/Tr-pi_1130.jpg,TUMOR,train
C:/Users/Ankit/.cache/kagglehub/datasets/masoudnickparvar/brain-tumor-mri-dataset/versions/2/Training/glioma/Tr-gl_940.jpg,TUMOR,train
C:/Users/Ankit/.cache/kagglehub/datasets/masoudnickparvar/brain-tumor-mri-dataset/versions/2/Training/meningioma/Tr-me_519.jpg,TUMOR,train
C:/Users/Ankit/.cache/kagglehub/datasets/masoudnickparvar/brain-tumor-mri-dataset/versions/2/Training/pituitary/Tr-pi_638.jpg,TUMOR,train
C:/Users/Ankit/.cache/kagglehub/datasets/masoudnickparvar/brain-tumor-mri-dataset/versions/2/Testing/glioma/Te-gl_58.jpg,TUMOR,train
C:/Users/Ankit/.cache/kagglehub/datasets/masoudnickparvar/brain-tumor-mri-dataset/versions/2/Training/meningioma/Tr-me_695.jpg,TUMOR,train
C:/Users/Ankit/.cache/kagglehub/datasets/masoudnickparvar/brain-tumor-mri-dataset/versions/2/Training/meningioma/Tr-me_861.jpg,TUMOR,train
C:/Users/Ankit/.cache/kagglehub/datasets/masoudnickparvar/brain-tumor-mri-dataset/versions/2/Training/glioma/Tr-gl_857.jpg,TUMOR,train
C:/Users/Ankit/.cache/kagglehub/datasets/masoudnickparvar/brain-tumor-mri-dataset/versions/2/Training/glioma/Tr-gl_568.jpg,TUMOR,train
C:/Users/Ankit/.cache/kagglehub/datasets/masoudnickparvar/brain-tumor-mri-dataset/versions/2/Testing/pituitary/Te-pi_331.jpg,TUMOR,train
C:/Users/Ankit/.cache/kagglehub/datasets/masoudnickparvar/brain-tumor-mri-dataset/versions/2/Training/meningioma/Tr-me_964.jpg,TUMOR,train
C:/Users/Ankit/.cache/kagglehub/datasets/masoudnickparvar/brain-tumor-mri-dataset/versions/2/Training/pituitary/Tr-pi_185.jpg,TUMOR,train
C:/Users/Ankit/.cache/kagglehub/datasets/masoudnickparvar/brain-tumor-mri-dataset/versions/2/Testing/glioma/Te-gl_163.jpg,TUMOR,train
C:/Users/Ankit/.cache/kagglehub/datasets/masoudnickparvar/brain-tumor-mri-dataset/versions/2/Training/pituitary/Tr-pi_582.jpg,TUMOR,train
C:/Users/Ankit/.cache/kagglehub/datasets/masoudnickparvar/brain-tumor-mri-dataset/versions/2/Training/pituitary/Tr-pi_723.jpg,TUMOR,train
C:/Users/Ankit/.cache/kagglehub/datasets/masoudnickparvar/brain-tumor-mri-dataset/versions/2/Training/glioma/Tr-gl_1372.jpg,TUMOR,train
C:/Users/Ankit/.cache/kagglehub/datasets/masoudnickparvar/brain-tumor-mri-dataset/versions/2/Testing/pituitary/Te-pi_257.jpg,TUMOR,train
C:/Users/Ankit/.cache/kagglehub/datasets/masoudnickparvar/brain-tumor-mri-dataset/versions/2/Training/glioma/Tr-gl_652.jpg,TUMOR,train
C:/Users/Ankit/.cache/kagglehub/datasets/masoudnickparvar/brain-tumor-mri-dataset/versions/2/Training/pituitary/Tr-pi_1323.jpg,TUMOR,train
C:/Users/Ankit/.cache/kagglehub/datasets/masoudnickparvar/brain-tumor-mri-dataset/versions/2/Training/meningioma/Tr-me_763.jpg,TUMOR,train
C:/Users/Ankit/.cache/kagglehub/datasets/masoudnickparvar/brain-tumor-mri-dataset/versions/2/Testing/pituitary/Te-pi_366.jpg,TUMOR,train
C:/Users/Ankit/.cache/kagglehub/datasets/masoudnickparvar/brain-tumor-mri-dataset/versions/2/Testing/pituitary/Te-pi_150.jpg,TUMOR,train
C:/Users/Ankit/.cache/kagglehub/datasets/masoudnickparvar/brain-tumor-mri-dataset/versions/2/Testing/pituitary/Te-pi_342.jpg,TUMOR,train
C:/Users/Ankit/.cache/kagglehub/datasets/masoudnickparvar/brain-tumor-mri-dataset/versions/2/Training/pituitary/Tr-pi_759.jpg,TUMOR,train
C:/Users/Ankit/.cache/kagglehub/datasets/masoudnickparvar/brain-tumor-mri-dataset/versions/2/Training/glioma/Tr-gl_754.jpg,TUMOR,train
C:/Users/Ankit/.cache/kagglehub/datasets/masoudnickparvar/brain-tumor-mri-dataset/versions/2/Training/glioma/Tr-gl_440.jpg,TUMOR,train
C:/Users/Ankit/.cache/kagglehub/datasets/masoudnickparvar/brain-tumor-mri-dataset/versions/2/Training/pituitary/Tr-pi_728.jpg,TUMOR,train
C:/Users/Ankit/.cache/kagglehub/datasets/masoudnickparvar/brain-tumor-mri-dataset/versions/2/Training/glioma/Tr-gl_453.jpg,TUMOR,train
C:/Users/Ankit/.cache/kagglehub/datasets/masoudnickparvar/brain-tumor-mri-dataset/versions/2/Training/meningioma/Tr-me_689.jpg,TUMOR,train
C:/Users/Ankit/.cache/kagglehub/datasets/masoudnickparvar/brain-tumor-mri-dataset/versions/2/Testing/pituitary/Te-pi_377.jpg,TUMOR,train
C:/Users/Ankit/.cache/kagglehub/datasets/masoudnickparvar/brain-tumor-mri-dataset/versions/2/Training/glioma/Tr-gl_1291.jpg,TUMOR,train
C:/Users/Ankit/.cache/kagglehub/datasets/masoudnickparvar/brain-tumor-mri-dataset/versions/2/Testing/glioma/Te-gl_257.jpg,TUMOR,train
C:/Users/Ankit/.cache/kagglehub/datasets/masoudnickparvar/brain-tumor-mri-dataset/versions/2/Training/pituitary/Tr-pi_1204.jpg,TUMOR,train
C:/Users/Ankit/.cache/kagglehub/datasets/masoudnickparvar/brain-tumor-mri-dataset/versions/2/Training/glioma/Tr-gl_56.jpg,TUMOR,train
C:/Users/Ankit/.cache/kagglehub/datasets/masoudnickparvar/brain-tumor-mri-dataset/versions/2/Training/glioma/Tr-gl_554.jpg,TUMOR,train
C:/Users/Ankit/.cache/kagglehub/datasets/masoudnickparvar/brain-tumor-mri-dataset/versions/2/Testing/pituitary/Te-pi_59.jpg,TUMOR,train
C:/Users/Ankit/.cache/kagglehub/datasets/masoudnickparvar/brain-tumor-mri-dataset/versions/2/Training/glioma/Tr-gl_309.jpg,TUMOR,train
C:/Users/Ankit/.cache/kagglehub/datasets/masoudnickparvar/brain-tumor-mri-dataset/versions/2/Training/glioma/Tr-gl_607.jpg,TUMOR,train
C:/Users/Ankit/.cache/kagglehub/datasets/masoudnickparvar/brain-tumor-mri-dataset/versions/2/Training/meningioma/Tr-me_481.jpg,TUMOR,train
C:/Users/Ankit/.cache/kagglehub/datasets/masoudnickparvar/brain-tumor-mri-dataset/versions/2/Training/glioma/Tr-gl_237.jpg,TUMOR,train
C:/Users/Ankit/.cache/kagglehub/datasets/masoudnickparvar/brain-tumor-mri-dataset/versions/2/Training/pituitary/Tr-pi_1193.jpg,TUMOR,train
C:/Users/Ankit/.cache/kagglehub/datasets/masoudnickparvar/brain-tumor-mri-dataset/versions/2/Testing/meningioma/Te-me_131.jpg,TUMOR,train
C:/Users/Ankit/.cache/kagglehub/datasets/masoudnickparvar/brain-tumor-mri-dataset/versions/2/Testing/glioma/Te-gl_181.jpg,TUMOR,train
C:/Users/Ankit/.cache/kagglehub/datasets/masoudnickparvar/brain-tumor-mri-dataset/versions/2/Training/meningioma/Tr-me_1045.jpg,TUMOR,train
C:/Users/Ankit/.cache/kagglehub/datasets/masoudnickparvar/brain-tumor-mri-dataset/versions/2/Training/pituitary/Tr-pi_502.jpg,TUMOR,train
C:/Users/Ankit/.cache/kagglehub/datasets/masoudnickparvar/brain-tumor-mri-dataset/versions/2/Training/meningioma/Tr-me_1165.jpg,TUMOR,train
C:/Users/Ankit/.cache/kagglehub/datasets/masoudnickparvar/brain-tumor-mri-dataset/versions/2/Training/meningioma/Tr-me_154.jpg,TUMOR,train
C:/Users/Ankit/.cache/kagglehub/datasets/masoudnickparvar/brain-tumor-mri-dataset/versions/2/Training/pituitary/Tr-pi_964.jpg,TUMOR,train
C:/Users/Ankit/.cache/kagglehub/datasets/masoudnickparvar/brain-tumor-mri-dataset/versions/2/Training/meningioma/Tr-aug-me_57.jpg,TUMOR,train
C:/Users/Ankit/.cache/kagglehub/datasets/masoudnickparvar/brain-tumor-mri-dataset/versions/2/Testing/meningioma/Te-me_93.jpg,TUMOR,train
C:/Users/Ankit/.cache/kagglehub/datasets/masoudnickparvar/brain-tumor-mri-dataset/versions/2/Training/pituitary/Tr-pi_1077.jpg,TUMOR,train
C:/Users/Ankit/.cache/kagglehub/datasets/masoudnickparvar/brain-tumor-mri-dataset/versions/2/Training/glioma/Tr-gl_516.jpg,TUMOR,train
C:/Users/Ankit/.cache/kagglehub/datasets/masoudnickparvar/brain-tumor-mri-dataset/versions/2/Training/glioma/Tr-gl_771.jpg,TUMOR,train
C:/Users/Ankit/.cache/kagglehub/datasets/masoudnickparvar/brain-tumor-mri-dataset/versions/2/Training/pituitary/Tr-pi_1153.jpg,TUMOR,train
C:/Users/Ankit/.cache/kagglehub/datasets/masoudnickparvar/brain-tumor-mri-dataset/versions/2/Training/pituitary/Tr-pi_721.jpg,TUMOR,train
C:/Users/Ankit/.cache/kagglehub/datasets/masoudnickparvar/brain-tumor-mri-dataset/versions/2/Testing/pituitary/Te-pi_111.jpg,TUMOR,train
C:/Users/Ankit/.cache/kagglehub/datasets/masoudnickparvar/brain-tumor-mri-dataset/versions/2/Training/pituitary/Tr-pi_719.jpg,TUMOR,train
C:/Users/Ankit/.cache/kagglehub/datasets/masoudnickparvar/brain-tumor-mri-dataset/versions/2/Training/pituitary/Tr-pi_770.jpg,TUMOR,train
C:/Users/Ankit/.cache/kagglehub/datasets/masoudnickparvar/brain-tumor-mri-dataset/versions/2/Training/meningioma/Tr-me_419.jpg,TUMOR,train
C:/Users/Ankit/.cache/kagglehub/datasets/masoudnickparvar/brain-tumor-mri-dataset/versions/2/Testing/glioma/Te-gl_25.jpg,TUMOR,train
C:/Users/Ankit/.cache/kagglehub/datasets/masoudnickparvar/brain-tumor-mri-dataset/versions/2/Training/glioma/Tr-gl_161.jpg,TUMOR,train
C:/Users/Ankit/.cache/kagglehub/datasets/masoudnickparvar/brain-tumor-mri-dataset/versions/2/Testing/glioma/Te-gl_53.jpg,TUMOR,train
C:/Users/Ankit/.cache/kagglehub/datasets/masoudnickparvar/brain-tumor-mri-dataset/versions/2/Training/glioma/Tr-gl_833.jpg,TUMOR,train
C:/Users/Ankit/.cache/kagglehub/datasets/masoudnickparvar/brain-tumor-mri-dataset/versions/2/Testing/glioma/Te-gl_146.jpg,TUMOR,train
C:/Users/Ankit/.cache/kagglehub/datasets/masoudnickparvar/brain-tumor-mri-dataset/versions/2/Training/pituitary/Tr-pi_428.jpg,TUMOR,train
C:/Users/Ankit/.cache/kagglehub/datasets/masoudnickparvar/brain-tumor-mri-dataset/versions/2/Training/meningioma/Tr-me_1057.jpg,TUMOR,train
C:/Users/Ankit/.cache/kagglehub/datasets/masoudnickparvar/brain-tumor-mri-dataset/versions/2/Testing/pituitary/Te-pi_264.jpg,TUMOR,train
C:/Users/Ankit/.cache/kagglehub/datasets/masoudnickparvar/brain-tumor-mri-dataset/versions/2/Training/glioma/Tr-gl_70.jpg,TUMOR,train
C:/Users/Ankit/.cache/kagglehub/datasets/masoudnickparvar/brain-tumor-mri-dataset/versions/2/Training/meningioma/Tr-me_280.jpg,TUMOR,train
C:/Users/Ankit/.cache/kagglehub/datasets/masoudnickparvar/brain-tumor-mri-dataset/versions/2/Training/pituitary/Tr-pi_65.jpg,TUMOR,train
C:/Users/Ankit/.cache/kagglehub/datasets/masoudnickparvar/brain-tumor-mri-dataset/versions/2/Training/meningioma/Tr-me_131.jpg,TUMOR,train
C:/Users/Ankit/.cache/kagglehub/datasets/masoudnickparvar/brain-tumor-mri-dataset/versions/2/Testing/pituitary/Te-pi_167.jpg,TUMOR,train
C:/Users/Ankit/.cache/kagglehub/datasets/masoudnickparvar/brain-tumor-mri-dataset/versions/2/Testing/glioma/Te-gl_105.jpg,TUMOR,train
C:/Users/Ankit/.cache/kagglehub/datasets/masoudnickparvar/brain-tumor-mri-dataset/versions/2/Training/meningioma/Tr-me_940.jpg,TUMOR,train
C:/Users/Ankit/.cache/kagglehub/datasets/masoudnickparvar/brain-tumor-mri-dataset/versions/2/Training/pituitary/Tr-pi_1383.jpg,TUMOR,train
C:/Users/Ankit/.cache/kagglehub/datasets/masoudnickparvar/brain-tumor-mri-dataset/versions/2/Training/meningioma/Tr-me_476.jpg,TUMOR,train
C:/Users/Ankit/.cache/kagglehub/datasets/masoudnickparvar/brain-tumor-mri-dataset/versions/2/Testing/pituitary/Te-pi_284.jpg,TUMOR,train
C:/Users/Ankit/.cache/kagglehub/datasets/masoudnickparvar/brain-tumor-mri-dataset/versions/2/Training/pituitary/Tr-pi_691.jpg,TUMOR,train
C:/Users/Ankit/.cache/kagglehub/datasets/masoudnickparvar/brain-tumor-mri-dataset/versions/2/Training/meningioma/Tr-me_167.jpg,TUMOR,train
C:/Users/Ankit/.cache/kagglehub/datasets/masoudnickparvar/brain-tumor-mri-dataset/versions/2/Training/meningioma/Tr-me_198.jpg,TUMOR,train
C:/Users/Ankit/.cache/kagglehub/datasets/masoudnickparvar/brain-tumor-mri-dataset/versions/2/Testing/glioma/Te-gl_190.jpg,TUMOR,train
C:/Users/Ankit/.cache/kagglehub/datasets/masoudnickparvar/brain-tumor-mri-dataset/versions/2/Testing/glioma/Te-gl_276.jpg,TUMOR,train
C:/Users/Ankit/.cache/kagglehub/datasets/masoudnickparvar/brain-tumor-mri-dataset/versions/2/Training/meningioma/Tr-me_382.jpg,TUMOR,train
C:/Users/Ankit/.cache/kagglehub/datasets/masoudnickparvar/brain-tumor-mri-dataset/versions/2/Training/pituitary/Tr-pi_567.jpg,TUMOR,train
C:/Users/Ankit/.cache/kagglehub/datasets/masoudnickparvar/brain-tumor-mri-dataset/versions/2/Testing/meningioma/Te-me_165.jpg,TUMOR,train
C:/Users/Ankit/.cache/kagglehub/datasets/masoudnickparvar/brain-tumor-mri-dataset/versions/2/Training/meningioma/Tr-me_411.jpg,TUMOR,train
C:/Users/Ankit/.cache/kagglehub/datasets/masoudnickparvar/brain-tumor-mri-dataset/versions/2/Testing/pituitary/Te-pi_375.jpg,TUMOR,train
C:/Users/Ankit/.cache/kagglehub/datasets/masoudnickparvar/brain-tumor-mri-dataset/versions/2/Testing/pituitary/Te-pi_40.jpg,TUMOR,train
C:/Users/Ankit/.cache/kagglehub/datasets/masoudnickparvar/brain-tumor-mri-dataset/versions/2/Testing/pituitary/Te-pi_133.jpg,TUMOR,train
C:/Users/Ankit/.cache/kagglehub/datasets/masoudnickparvar/brain-tumor-mri-dataset/versions/2/Training/meningioma/Tr-me_752.jpg,TUMOR,train
C:/Users/Ankit/.cache/kagglehub/datasets/masoudnickparvar/brain-tumor-mri-dataset/versions/2/Training/glioma/Tr-gl_192.jpg,TUMOR,train
C:/Users/Ankit/.cache/kagglehub/datasets/masoudnickparvar/brain-tumor-mri-dataset/versions/2/Training/pituitary/Tr-pi_344.jpg,TUMOR,train
C:/Users/Ankit/.cache/kagglehub/datasets/masoudnickparvar/brain-tumor-mri-dataset/versions/2/Training/glioma/Tr-gl_1149.jpg,TUMOR,train
C:/Users/Ankit/.cache/kagglehub/datasets/masoudnickparvar/brain-tumor-mri-dataset/versions/2/Training/meningioma/Tr-me_177.jpg,TUMOR,train
C:/Users/Ankit/.cache/kagglehub/datasets/masoudnickparvar/brain-tumor-mri-dataset/versions/2/Training/meningioma/Tr-me_812.jpg,TUMOR,train
C:/Users/Ankit/.cache/kagglehub/datasets/masoudnickparvar/brain-tumor-mri-dataset/versions/2/Training/meningioma/Tr-me_773.jpg,TUMOR,train
C:/Users/Ankit/.cache/kagglehub/datasets/masoudnickparvar/brain-tumor-mri-dataset/versions/2/Training/glioma/Tr-gl_1037.jpg,TUMOR,train
C:/Users/Ankit/.cache/kagglehub/datasets/masoudnickparvar/brain-tumor-mri-dataset/versions/2/Training/pituitary/Tr-pi_282.jpg,TUMOR,train
C:/Users/Ankit/.cache/kagglehub/datasets/masoudnickparvar/brain-tumor-mri-dataset/versions/2/Training/pituitary/Tr-pi_924.jpg,TUMOR,train
C:/Users/Ankit/.cache/kagglehub/datasets/masoudnickparvar/brain-tumor-mri-dataset/versions/2/Training/meningioma/Tr-me_670.jpg,TUMOR,train
C:/Users/Ankit/.cache/kagglehub/datasets/masoudnickparvar/brain-tumor-mri-dataset/versions/2/Training/glioma/Tr-gl_137.jpg,TUMOR,train
C:/Users/Ankit/.cache/kagglehub/datasets/masoudnickparvar/brain-tumor-mri-dataset/versions/2/Training/pituitary/Tr-pi_316.jpg,TUMOR,train
C:/Users/Ankit/.cache/kagglehub/datasets/masoudnickparvar/brain-tumor-mri-dataset/versions/2/Training/glioma/Tr-gl_706.jpg,TUMOR,train
C:/Users/Ankit/.cache/kagglehub/datasets/masoudnickparvar/brain-tumor-mri-dataset/versions/2/Training/meningioma/Tr-me_60.jpg,TUMOR,train
C:/Users/Ankit/.cache/kagglehub/datasets/masoudnickparvar/brain-tumor-mri-dataset/versions/2/Testing/meningioma/Te-me_27.jpg,TUMOR,train
C:/Users/Ankit/.cache/kagglehub/datasets/masoudnickparvar/brain-tumor-mri-dataset/versions/2/Training/pituitary/Tr-pi_1379.jpg,TUMOR,train
C:/Users/Ankit/.cache/kagglehub/datasets/masoudnickparvar/brain-tumor-mri-dataset/versions/2/Training/meningioma/Tr-me_1271.jpg,TUMOR,train
C:/Users/Ankit/.cache/kagglehub/datasets/masoudnickparvar/brain-tumor-mri-dataset/versions/2/Training/meningioma/Tr-me_865.jpg,TUMOR,train
C:/Users/Ankit/.cache/kagglehub/datasets/masoudnickparvar/brain-tumor-mri-dataset/versions/2/Training/pituitary/Tr-pi_952.jpg,TUMOR,train
C:/Users/Ankit/.cache/kagglehub/datasets/masoudnickparvar/brain-tumor-mri-dataset/versions/2/Training/glioma/Tr-gl_115.jpg,TUMOR,train
C:/Users/Ankit/.cache/kagglehub/datasets/masoudnickparvar/brain-tumor-mri-dataset/versions/2/Training/pituitary/Tr-pi_242.jpg,TUMOR,train
C:/Users/Ankit/.cache/kagglehub/datasets/masoudnickparvar/brain-tumor-mri-dataset/versions/2/Testing/meningioma/Te-me_277.jpg,TUMOR,train
C:/Users/Ankit/.cache/kagglehub/datasets/masoudnickparvar/brain-tumor-mri-dataset/versions/2/Training/pituitary/Tr-pi_573.jpg,TUMOR,train
C:/Users/Ankit/.cache/kagglehub/datasets/masoudnickparvar/brain-tumor-mri-dataset/versions/2/Training/pituitary/Tr-pi_288.jpg,TUMOR,train
C:/Users/Ankit/.cache/kagglehub/datasets/masoudnickparvar/brain-tumor-mri-dataset/versions/2/Training/glioma/Tr-gl_160.jpg,TUMOR,train
C:/Users/Ankit/.cache/kagglehub/datasets/masoudnickparvar/brain-tumor-mri-dataset/versions/2/Training/meningioma/Tr-me_278.jpg,TUMOR,train
C:/Users/Ankit/.cache/kagglehub/datasets/masoudnickparvar/brain-tumor-mri-dataset/versions/2/Testing/glioma/Te-gl_136.jpg,TUMOR,train
C:/Users/Ankit/.cache/kagglehub/datasets/masoudnickparvar/brain-tumor-mri-dataset/versions/2/Training/meningioma/Tr-me_1034.jpg,TUMOR,train
C:/Users/Ankit/.cache/kagglehub/datasets/masoudnickparvar/brain-tumor-mri-dataset/versions/2/Training/pituitary/Tr-pi_161.jpg,TUMOR,train
C:/Users/Ankit/.cache/kagglehub/datasets/masoudnickparvar/brain-tumor-mri-dataset/versions/2/Training/glioma/Tr-gl_746.jpg,TUMOR,train
C:/Users/Ankit/.cache/kagglehub/datasets/masoudnickparvar/brain-tumor-mri-dataset/versions/2/Training/pituitary/Tr-pi_377.jpg,TUMOR,train
C:/Users/Ankit/.cache/kagglehub/datasets/masoudnickparvar/brain-tumor-mri-dataset/versions/2/Training/meningioma/Tr-me_840.jpg,TUMOR,train
C:/Users/Ankit/.cache/kagglehub/datasets/masoudnickparvar/brain-tumor-mri-dataset/versions/2/Training/meningioma/Tr-me_1187.jpg,TUMOR,train
C:/Users/Ankit/.cache/kagglehub/datasets/masoudnickparvar/brain-tumor-mri-dataset/versions/2/Training/glioma/Tr-gl_1118.jpg,TUMOR,train
C:/Users/Ankit/.cache/kagglehub/datasets/masoudnickparvar/brain-tumor-mri-dataset/versions/2/Training/glioma/Tr-gl_636.jpg,TUMOR,train
C:/Users/Ankit/.cache/kagglehub/datasets/masoudnickparvar/brain-tumor-mri-dataset/versions/2/Training/pituitary/Tr-pi_761.jpg,TUMOR,train
C:/Users/Ankit/.cache/kagglehub/datasets/masoudnickparvar/brain-tumor-mri-dataset/versions/2/Training/meningioma/Tr-me_946.jpg,TUMOR,train
C:/Users/Ankit/.cache/kagglehub/datasets/masoudnickparvar/brain-tumor-mri-dataset/versions/2/Testing/meningioma/Te-me_70.jpg,TUMOR,train
C:/Users/Ankit/.cache/kagglehub/datasets/masoudnickparvar/brain-tumor-mri-dataset/versions/2/Training/glioma/Tr-gl_396.jpg,TUMOR,train
C:/Users/Ankit/.cache/kagglehub/datasets/masoudnickparvar/brain-tumor-mri-dataset/versions/2/Training/meningioma/Tr-me_801.jpg,TUMOR,train
C:/Users/Ankit/.cache/kagglehub/datasets/masoudnickparvar/brain-tumor-mri-dataset/versions/2/Testing/meningioma/Te-me_77.jpg,TUMOR,train
C:/Users/Ankit/.cache/kagglehub/datasets/masoudnickparvar/brain-tumor-mri-dataset/versions/2/Training/glioma/Tr-gl_858.jpg,TUMOR,train
C:/Users/Ankit/.cache/kagglehub/datasets/masoudnickparvar/brain-tumor-mri-dataset/versions/2/Training/glioma/Tr-gl_585.jpg,TUMOR,train
C:/Users/Ankit/.cache/kagglehub/datasets/masoudnickparvar/brain-tumor-mri-dataset/versions/2/Testing/glioma/Te-gl_45.jpg,TUMOR,train
C:/Users/Ankit/.cache/kagglehub/datasets/masoudnickparvar/brain-tumor-mri-dataset/versions/2/Training/meningioma/Tr-me_1089.jpg,TUMOR,train
C:/Users/Ankit/.cache/kagglehub/datasets/masoudnickparvar/brain-tumor-mri-dataset/versions/2/Training/meningioma/Tr-me_1130.jpg,TUMOR,train
C:/Users/Ankit/.cache/kagglehub/datasets/masoudnickparvar/brain-tumor-mri-dataset/versions/2/Training/glioma/Tr-gl_705.jpg,TUMOR,train
C:/Users/Ankit/.cache/kagglehub/datasets/masoudnickparvar/brain-tumor-mri-dataset/versions/2/Testing/glioma/Te-gl_188.jpg,TUMOR,train
C:/Users/Ankit/.cache/kagglehub/datasets/masoudnickparvar/brain-tumor-mri-dataset/versions/2/Training/meningioma/Tr-me_286.jpg,TUMOR,train
C:/Users/Ankit/.cache/kagglehub/datasets/masoudnickparvar/brain-tumor-mri-dataset/versions/2/Testing/glioma/Te-gl_299.jpg,TUMOR,train
C:/Users/Ankit/.cache/kagglehub/datasets/masoudnickparvar/brain-tumor-mri-dataset/versions/2/Training/meningioma/Tr-me_885.jpg,TUMOR,train
C:/Users/Ankit/.cache/kagglehub/datasets/masoudnickparvar/brain-tumor-mri-dataset/versions/2/Training/meningioma/Tr-aug-me_93.jpg,TUMOR,train
C:/Users/Ankit/.cache/kagglehub/datasets/masoudnickparvar/brain-tumor-mri-dataset/versions/2/Training/pituitary/Tr-pi_1221.jpg,TUMOR,train
C:/Users/Ankit/.cache/kagglehub/datasets/masoudnickparvar/brain-tumor-mri-dataset/versions/2/Training/glioma/Tr-gl_224.jpg,TUMOR,train
C:/Users/Ankit/.cache/kagglehub/datasets/masoudnickparvar/brain-tumor-mri-dataset/versions/2/Training/pituitary/Tr-pi_1184.jpg,TUMOR,train
C:/Users/Ankit/.cache/kagglehub/datasets/masoudnickparvar/brain-tumor-mri-dataset/versions/2/Training/glioma/Tr-gl_507.jpg,TUMOR,train
C:/Users/Ankit/.cache/kagglehub/datasets/masoudnickparvar/brain-tumor-mri-dataset/versions/2/Training/glioma/Tr-gl_323.jpg,TUMOR,train
C:/Users/Ankit/.cache/kagglehub/datasets/masoudnickparvar/brain-tumor-mri-dataset/versions/2/Testing/pituitary/Te-pi_201.jpg,TUMOR,train
C:/Users/Ankit/.cache/kagglehub/datasets/masoudnickparvar/brain-tumor-mri-dataset/versions/2/Training/pituitary/Tr-pi_44.jpg,TUMOR,train
C:/Users/Ankit/.cache/kagglehub/datasets/masoudnickparvar/brain-tumor-mri-dataset/versions/2/Training/glioma/Tr-gl_1096.jpg,TUMOR,train
C:/Users/Ankit/.cache/kagglehub/datasets/masoudnickparvar/brain-tumor-mri-dataset/versions/2/Training/meningioma/Tr-me_444.jpg,TUMOR,train
C:/Users/Ankit/.cache/kagglehub/datasets/masoudnickparvar/brain-tumor-mri-dataset/versions/2/Training/glioma/Tr-gl_739.jpg,TUMOR,train
C:/Users/Ankit/.cache/kagglehub/datasets/masoudnickparvar/brain-tumor-mri-dataset/versions/2/Training/pituitary/Tr-pi_932.jpg,TUMOR,train
C:/Users/Ankit/.cache/kagglehub/datasets/masoudnickparvar/brain-tumor-mri-dataset/versions/2/Training/meningioma/Tr-me_717.jpg,TUMOR,train
C:/Users/Ankit/.cache/kagglehub/datasets/masoudnickparvar/brain-tumor-mri-dataset/versions/2/Training/pituitary/Tr-pi_69.jpg,TUMOR,train
C:/Users/Ankit/.cache/kagglehub/datasets/masoudnickparvar/brain-tumor-mri-dataset/versions/2/Training/pituitary/Tr-pi_1188.jpg,TUMOR,train
C:/Users/Ankit/.cache/kagglehub/datasets/masoudnickparvar/brain-tumor-mri-dataset/versions/2/Training/pituitary/Tr-pi_1032.jpg,TUMOR,train
C:/Users/Ankit/.cache/kagglehub/datasets/masoudnickparvar/brain-tumor-mri-dataset/versions/2/Training/pituitary/Tr-pi_801.jpg,TUMOR,train
C:/Users/Ankit/.cache/kagglehub/datasets/masoudnickparvar/brain-tumor-mri-dataset/versions/2/Training/meningioma/Tr-me_770.jpg,TUMOR,train
C:/Users/Ankit/.cache/kagglehub/datasets/masoudnickparvar/brain-tumor-mri-dataset/versions/2/Testing/glioma/Te-gl_359.jpg,TUMOR,train
C:/Users/Ankit/.cache/kagglehub/datasets/masoudnickparvar/brain-tumor-mri-dataset/versions/2/Training/meningioma/Tr-me_486.jpg,TUMOR,train
C:/Users/Ankit/.cache/kagglehub/datasets/masoudnickparvar/brain-tumor-mri-dataset/versions/2/Training/meningioma/Tr-me_729.jpg,TUMOR,train
C:/Users/Ankit/.cache/kagglehub/datasets/masoudnickparvar/brain-tumor-mri-dataset/versions/2/Training/glioma/Tr-gl_1290.jpg,TUMOR,train
C:/Users/Ankit/.cache/kagglehub/datasets/masoudnickparvar/brain-tumor-mri-dataset/versions/2/Training/glioma/Tr-gl_1208.jpg,TUMOR,train
C:/Users/Ankit/.cache/kagglehub/datasets/masoudnickparvar/brain-tumor-mri-dataset/versions/2/Testing/meningioma/Te-aug-me_53.jpg,TUMOR,train
C:/Users/Ankit/.cache/kagglehub/datasets/masoudnickparvar/brain-tumor-mri-dataset/versions/2/Training/pituitary/Tr-pi_854.jpg,TUMOR,train
C:/Users/Ankit/.cache/kagglehub/datasets/masoudnickparvar/brain-tumor-mri-dataset/versions/2/Training/pituitary/Tr-pi_614.jpg,TUMOR,train
C:/Users/Ankit/.cache/kagglehub/datasets/masoudnickparvar/brain-tumor-mri-dataset/versions/2/Training/glioma/Tr-gl_813.jpg,TUMOR,train
C:/Users/Ankit/.cache/kagglehub/datasets/masoudnickparvar/brain-tumor-mri-dataset/versions/2/Training/meningioma/Tr-me_816.jpg,TUMOR,train
C:/Users/Ankit/.cache/kagglehub/datasets/masoudnickparvar/brain-tumor-mri-dataset/versions/2/Training/meningioma/Tr-me_424.jpg,TUMOR,train
C:/Users/Ankit/.cache/kagglehub/datasets/masoudnickparvar/brain-tumor-mri-dataset/versions/2/Training/pituitary/Tr-pi_768.jpg,TUMOR,train
C:/Users/Ankit/.cache/kagglehub/datasets/masoudnickparvar/brain-tumor-mri-dataset/versions/2/Testing/pituitary/Te-pi_10.jpg,TUMOR,train
C:/Users/Ankit/.cache/kagglehub/datasets/masoudnickparvar/brain-tumor-mri-dataset/versions/2/Training/pituitary/Tr-pi_1099.jpg,TUMOR,train
C:/Users/Ankit/.cache/kagglehub/datasets/masoudnickparvar/brain-tumor-mri-dataset/versions/2/Training/pituitary/Tr-pi_553.jpg,TUMOR,train
C:/Users/Ankit/.cache/kagglehub/datasets/masoudnickparvar/brain-tumor-mri-dataset/versions/2/Training/pituitary/Tr-pi_1202.jpg,TUMOR,train
C:/Users/Ankit/.cache/kagglehub/datasets/masoudnickparvar/brain-tumor-mri-dataset/versions/2/Training/pituitary/Tr-pi_988.jpg,TUMOR,train
C:/Users/Ankit/.cache/kagglehub/datasets/masoudnickparvar/brain-tumor-mri-dataset/versions/2/Training/meningioma/Tr-me_711.jpg,TUMOR,train
C:/Users/Ankit/.cache/kagglehub/datasets/masoudnickparvar/brain-tumor-mri-dataset/versions/2/Training/meningioma/Tr-me_834.jpg,TUMOR,train
C:/Users/Ankit/.cache/kagglehub/datasets/masoudnickparvar/brain-tumor-mri-dataset/versions/2/Training/meningioma/Tr-me_482.jpg,TUMOR,train
C:/Users/Ankit/.cache/kagglehub/datasets/masoudnickparvar/brain-tumor-mri-dataset/versions/2/Testing/meningioma/Te-me_76.jpg,TUMOR,train
C:/Users/Ankit/.cache/kagglehub/datasets/masoudnickparvar/brain-tumor-mri-dataset/versions/2/Training/glioma/Tr-gl_844.jpg,TUMOR,train
C:/Users/Ankit/.cache/kagglehub/datasets/masoudnickparvar/brain-tumor-mri-dataset/versions/2/Training/glioma/Tr-gl_1003.jpg,TUMOR,train
C:/Users/Ankit/.cache/kagglehub/datasets/masoudnickparvar/brain-tumor-mri-dataset/versions/2/Training/meningioma/Tr-aug-me_42.jpg,TUMOR,train
C:/Users/Ankit/.cache/kagglehub/datasets/masoudnickparvar/brain-tumor-mri-dataset/versions/2/Training/pituitary/Tr-pi_1064.jpg,TUMOR,train
C:/Users/Ankit/.cache/kagglehub/datasets/masoudnickparvar/brain-tumor-mri-dataset/versions/2/Testing/meningioma/Te-me_36.jpg,TUMOR,train
C:/Users/Ankit/.cache/kagglehub/datasets/masoudnickparvar/brain-tumor-mri-dataset/versions/2/Training/pituitary/Tr-pi_472.jpg,TUMOR,train
C:/Users/Ankit/.cache/kagglehub/datasets/masoudnickparvar/brain-tumor-mri-dataset/versions/2/Training/meningioma/Tr-me_150.jpg,TUMOR,train
C:/Users/Ankit/.cache/kagglehub/datasets/masoudnickparvar/brain-tumor-mri-dataset/versions/2/Testing/pituitary/Te-pi_54.jpg,TUMOR,train
C:/Users/Ankit/.cache/kagglehub/datasets/masoudnickparvar/brain-tumor-mri-dataset/versions/2/Training/meningioma/Tr-me_335.jpg,TUMOR,train
C:/Users/Ankit/.cache/kagglehub/datasets/masoudnickparvar/brain-tumor-mri-dataset/versions/2/Testing/meningioma/Te-me_230.jpg,TUMOR,train
C:/Users/Ankit/.cache/kagglehub/datasets/masoudnickparvar/brain-tumor-mri-dataset/versions/2/Training/glioma/Tr-gl_1114.jpg,TUMOR,train
C:/Users/Ankit/.cache/kagglehub/datasets/masoudnickparvar/brain-tumor-mri-dataset/versions/2/Testing/pituitary/Te-pi_277.jpg,TUMOR,train
C:/Users/Ankit/.cache/kagglehub/datasets/masoudnickparvar/brain-tumor-mri-dataset/versions/2/Training/meningioma/Tr-me_44.jpg,TUMOR,train
C:/Users/Ankit/.cache/kagglehub/datasets/masoudnickparvar/brain-tumor-mri-dataset/versions/2/Training/meningioma/Tr-me_112.jpg,TUMOR,train
C:/Users/Ankit/.cache/kagglehub/datasets/masoudnickparvar/brain-tumor-mri-dataset/versions/2/Training/pituitary/Tr-pi_291.jpg,TUMOR,train
C:/Users/Ankit/.cache/kagglehub/datasets/masoudnickparvar/brain-tumor-mri-dataset/versions/2/Training/pituitary/Tr-pi_585.jpg,TUMOR,train
C:/Users/Ankit/.cache/kagglehub/datasets/masoudnickparvar/brain-tumor-mri-dataset/versions/2/Training/pituitary/Tr-pi_974.jpg,TUMOR,train
C:/Users/Ankit/.cache/kagglehub/datasets/masoudnickparvar/brain-tumor-mri-dataset/versions/2/Training/glioma/Tr-gl_965.jpg,TUMOR,train
C:/Users/Ankit/.cache/kagglehub/datasets/masoudnickparvar/brain-tumor-mri-dataset/versions/2/Training/pituitary/Tr-pi_708.jpg,TUMOR,train
C:/Users/Ankit/.cache/kagglehub/datasets/masoudnickparvar/brain-tumor-mri-dataset/versions/2/Testing/glioma/Te-gl_285.jpg,TUMOR,train
C:/Users/Ankit/.cache/kagglehub/datasets/masoudnickparvar/brain-tumor-mri-dataset/versions/2/Training/glioma/Tr-gl_823.jpg,TUMOR,train
C:/Users/Ankit/.cache/kagglehub/datasets/masoudnickparvar/brain-tumor-mri-dataset/versions/2/Testing/pituitary/Te-pi_108.jpg,TUMOR,train
C:/Users/Ankit/.cache/kagglehub/datasets/masoudnickparvar/brain-tumor-mri-dataset/versions/2/Training/pituitary/Tr-pi_707.jpg,TUMOR,train
C:/Users/Ankit/.cache/kagglehub/datasets/masoudnickparvar/brain-tumor-mri-dataset/versions/2/Training/glioma/Tr-gl_980.jpg,TUMOR,train
C:/Users/Ankit/.cache/kagglehub/datasets/masoudnickparvar/brain-tumor-mri-dataset/versions/2/Training/meningioma/Tr-me_596.jpg,TUMOR,train
C:/Users/Ankit/.cache/kagglehub/datasets/masoudnickparvar/brain-tumor-mri-dataset/versions/2/Training/meningioma/Tr-me_581.jpg,TUMOR,train
C:/Users/Ankit/.cache/kagglehub/datasets/masoudnickparvar/brain-tumor-mri-dataset/versions/2/Training/pituitary/Tr-pi_1133.jpg,TUMOR,train
C:/Users/Ankit/.cache/kagglehub/datasets/masoudnickparvar/brain-tumor-mri-dataset/versions/2/Testing/pituitary/Te-pi_349.jpg,TUMOR,train
C:/Users/Ankit/.cache/kagglehub/datasets/masoudnickparvar/brain-tumor-mri-dataset/versions/2/Training/meningioma/Tr-me_59.jpg,TUMOR,train
C:/Users/Ankit/.cache/kagglehub/datasets/masoudnickparvar/brain-tumor-mri-dataset/versions/2/Testing/glioma/Te-gl_360.jpg,TUMOR,train
C:/Users/Ankit/.cache/kagglehub/datasets/masoudnickparvar/brain-tumor-mri-dataset/versions/2/Training/pituitary/Tr-pi_668.jpg,TUMOR,train
C:/Users/Ankit/.cache/kagglehub/datasets/masoudnickparvar/brain-tumor-mri-dataset/versions/2/Training/pituitary/Tr-pi_1.jpg,TUMOR,train
C:/Users/Ankit/.cache/kagglehub/datasets/masoudnickparvar/brain-tumor-mri-dataset/versions/2/Training/glioma/Tr-gl_753.jpg,TUMOR,train
C:/Users/Ankit/.cache/kagglehub/datasets/masoudnickparvar/brain-tumor-mri-dataset/versions/2/Training/meningioma/Tr-me_710.jpg,TUMOR,train
C:/Users/Ankit/.cache/kagglehub/datasets/masoudnickparvar/brain-tumor-mri-dataset/versions/2/Training/pituitary/Tr-pi_701.jpg,TUMOR,train
C:/Users/Ankit/.cache/kagglehub/datasets/masoudnickparvar/brain-tumor-mri-dataset/versions/2/Testing/meningioma/Te-me_242.jpg,TUMOR,train
C:/Users/Ankit/.cache/kagglehub/datasets/masoudnickparvar/brain-tumor-mri-dataset/versions/2/Training/pituitary/Tr-pi_58.jpg,TUMOR,train
C:/Users/Ankit/.cache/kagglehub/datasets/masoudnickparvar/brain-tumor-mri-dataset/versions/2/Training/pituitary/Tr-pi_272.jpg,TUMOR,train
C:/Users/Ankit/.cache/kagglehub/datasets/masoudnickparvar/brain-tumor-mri-dataset/versions/2/Training/glioma/Tr-gl_148.jpg,TUMOR,train
C:/Users/Ankit/.cache/kagglehub/datasets/masoudnickparvar/brain-tumor-mri-dataset/versions/2/Testing/meningioma/Te-aug-me_17.jpg,TUMOR,train
C:/Users/Ankit/.cache/kagglehub/datasets/masoudnickparvar/brain-tumor-mri-dataset/versions/2/Training/pituitary/Tr-pi_119.jpg,TUMOR,train
C:/Users/Ankit/.cache/kagglehub/datasets/masoudnickparvar/brain-tumor-mri-dataset/versions/2/Training/glioma/Tr-gl_1339.jpg,TUMOR,train
C:/Users/Ankit/.cache/kagglehub/datasets/masoudnickparvar/brain-tumor-mri-dataset/versions/2/Testing/glioma/Te-gl_10.jpg,TUMOR,train
C:/Users/Ankit/.cache/kagglehub/datasets/masoudnickparvar/brain-tumor-mri-dataset/versions/2/Training/pituitary/Tr-pi_1171.jpg,TUMOR,train
C:/Users/Ankit/.cache/kagglehub/datasets/masoudnickparvar/brain-tumor-mri-dataset/versions/2/Testing/pituitary/Te-pi_35.jpg,TUMOR,train
C:/Users/Ankit/.cache/kagglehub/datasets/masoudnickparvar/brain-tumor-mri-dataset/versions/2/Testing/glioma/Te-gl_135.jpg,TUMOR,train
C:/Users/Ankit/.cache/kagglehub/datasets/masoudnickparvar/brain-tumor-mri-dataset/versions/2/Training/glioma/Tr-gl_1282.jpg,TUMOR,train
C:/Users/Ankit/.cache/kagglehub/datasets/masoudnickparvar/brain-tumor-mri-dataset/versions/2/Training/glioma/Tr-gl_1027.jpg,TUMOR,train
C:/Users/Ankit/.cache/kagglehub/datasets/masoudnickparvar/brain-tumor-mri-dataset/versions/2/Training/meningioma/Tr-me_553.jpg,TUMOR,train
C:/Users/Ankit/.cache/kagglehub/datasets/masoudnickparvar/brain-tumor-mri-dataset/versions/2/Training/meningioma/Tr-me_694.jpg,TUMOR,train
C:/Users/Ankit/.cache/kagglehub/datasets/masoudnickparvar/brain-tumor-mri-dataset/versions/2/Testing/glioma/Te-gl_265.jpg,TUMOR,train
C:/Users/Ankit/.cache/kagglehub/datasets/masoudnickparvar/brain-tumor-mri-dataset/versions/2/Training/meningioma/Tr-me_612.jpg,TUMOR,train
C:/Users/Ankit/.cache/kagglehub/datasets/masoudnickparvar/brain-tumor-mri-dataset/versions/2/Testing/pituitary/Te-pi_283.jpg,TUMOR,train
C:/Users/Ankit/.cache/kagglehub/datasets/masoudnickparvar/brain-tumor-mri-dataset/versions/2/Training/glioma/Tr-gl_329.jpg,TUMOR,train
C:/Users/Ankit/.cache/kagglehub/datasets/masoudnickparvar/brain-tumor-mri-dataset/versions/2/Testing/meningioma/Te-me_215.jpg,TUMOR,train
C:/Users/Ankit/.cache/kagglehub/datasets/masoudnickparvar/brain-tumor-mri-dataset/versions/2/Training/glioma/Tr-gl_903.jpg,TUMOR,train
C:/Users/Ankit/.cache/kagglehub/datasets/masoudnickparvar/brain-tumor-mri-dataset/versions/2/Testing/pituitary/Te-pi_287.jpg,TUMOR,train
C:/Users/Ankit/.cache/kagglehub/datasets/masoudnickparvar/brain-tumor-mri-dataset/versions/2/Training/pituitary/Tr-pi_889.jpg,TUMOR,train
C:/Users/Ankit/.cache/kagglehub/datasets/masoudnickparvar/brain-tumor-mri-dataset/versions/2/Training/glioma/Tr-gl_998.jpg,TUMOR,train
C:/Users/Ankit/.cache/kagglehub/datasets/masoudnickparvar/brain-tumor-mri-dataset/versions/2/Training/glioma/Tr-gl_187.jpg,TUMOR,train
C:/Users/Ankit/.cache/kagglehub/datasets/masoudnickparvar/brain-tumor-mri-dataset/versions/2/Training/pituitary/Tr-pi_1058.jpg,TUMOR,train
C:/Users/Ankit/.cache/kagglehub/datasets/masoudnickparvar/brain-tumor-mri-dataset/versions/2/Training/glioma/Tr-gl_167.jpg,TUMOR,train
C:/Users/Ankit/.cache/kagglehub/datasets/masoudnickparvar/brain-tumor-mri-dataset/versions/2/Training/meningioma/Tr-me_1208.jpg,TUMOR,train
C:/Users/Ankit/.cache/kagglehub/datasets/masoudnickparvar/brain-tumor-mri-dataset/versions/2/Training/pituitary/Tr-pi_1328.jpg,TUMOR,train
C:/Users/Ankit/.cache/kagglehub/datasets/masoudnickparvar/brain-tumor-mri-dataset/versions/2/Training/pituitary/Tr-pi_515.jpg,TUMOR,train
C:/Users/Ankit/.cache/kagglehub/datasets/masoudnickparvar/brain-tumor-mri-dataset/versions/2/Training/meningioma/Tr-me_190.jpg,TUMOR,train
C:/Users/Ankit/.cache/kagglehub/datasets/masoudnickparvar/brain-tumor-mri-dataset/versions/2/Training/pituitary/Tr-pi_712.jpg,TUMOR,train
C:/Users/Ankit/.cache/kagglehub/datasets/masoudnickparvar/brain-tumor-mri-dataset/versions/2/Training/glioma/Tr-gl_898.jpg,TUMOR,train
C:/Users/Ankit/.cache/kagglehub/datasets/masoudnickparvar/brain-tumor-mri-dataset/versions/2/Training/meningioma/Tr-me_1274.jpg,TUMOR,train
C:/Users/Ankit/.cache/kagglehub/datasets/masoudnickparvar/brain-tumor-mri-dataset/versions/2/Training/glioma/Tr-gl_154.jpg,TUMOR,train
C:/Users/Ankit/.cache/kagglehub/datasets/masoudnickparvar/brain-tumor-mri-dataset/versions/2/Training/pituitary/Tr-pi_640.jpg,TUMOR,train
C:/Users/Ankit/.cache/kagglehub/datasets/masoudnickparvar/brain-tumor-mri-dataset/versions/2/Training/pituitary/Tr-pi_127.jpg,TUMOR,train
C:/Users/Ankit/.cache/kagglehub/datasets/masoudnickparvar/brain-tumor-mri-dataset/versions/2/Training/meningioma/Tr-me_995.jpg,TUMOR,train
C:/Users/Ankit/.cache/kagglehub/datasets/masoudnickparvar/brain-tumor-mri-dataset/versions/2/Training/meningioma/Tr-me_678.jpg,TUMOR,train
C:/Users/Ankit/.cache/kagglehub/datasets/masoudnickparvar/brain-tumor-mri-dataset/versions/2/Testing/meningioma/Te-me_32.jpg,TUMOR,train
C:/Users/Ankit/.cache/kagglehub/datasets/masoudnickparvar/brain-tumor-mri-dataset/versions/2/Training/glioma/Tr-gl_1288.jpg,TUMOR,train
C:/Users/Ankit/.cache/kagglehub/datasets/masoudnickparvar/brain-tumor-mri-dataset/versions/2/Testing/pituitary/Te-pi_80.jpg,TUMOR,train
C:/Users/Ankit/.cache/kagglehub/datasets/masoudnickparvar/brain-tumor-mri-dataset/versions/2/Testing/meningioma/Te-aug-me_50.jpg,TUMOR,train
C:/Users/Ankit/.cache/kagglehub/datasets/masoudnickparvar/brain-tumor-mri-dataset/versions/2/Training/pituitary/Tr-pi_126.jpg,TUMOR,train
C:/Users/Ankit/.cache/kagglehub/datasets/masoudnickparvar/brain-tumor-mri-dataset/versions/2/Training/meningioma/Tr-me_540.jpg,TUMOR,train
C:/Users/Ankit/.cache/kagglehub/datasets/masoudnickparvar/brain-tumor-mri-dataset/versions/2/Testing/meningioma/Te-me_137.jpg,TUMOR,train
C:/Users/Ankit/.cache/kagglehub/datasets/masoudnickparvar/brain-tumor-mri-dataset/versions/2/Training/meningioma/Tr-me_1223.jpg,TUMOR,train
C:/Users/Ankit/.cache/kagglehub/datasets/masoudnickparvar/brain-tumor-mri-dataset/versions/2/Training/meningioma/Tr-me_822.jpg,TUMOR,train
C:/Users/Ankit/.cache/kagglehub/datasets/masoudnickparvar/brain-tumor-mri-dataset/versions/2/Training/glioma/Tr-gl_445.jpg,TUMOR,train
C:/Users/Ankit/.cache/kagglehub/datasets/masoudnickparvar/brain-tumor-mri-dataset/versions/2/Training/meningioma/Tr-me_230.jpg,TUMOR,train
C:/Users/Ankit/.cache/kagglehub/datasets/masoudnickparvar/brain-tumor-mri-dataset/versions/2/Training/pituitary/Tr-pi_216.jpg,TUMOR,train
C:/Users/Ankit/.cache/kagglehub/datasets/masoudnickparvar/brain-tumor-mri-dataset/versions/2/Training/meningioma/Tr-me_11.jpg,TUMOR,train
C:/Users/Ankit/.cache/kagglehub/datasets/masoudnickparvar/brain-tumor-mri-dataset/versions/2/Training/pituitary/Tr-pi_592.jpg,TUMOR,train
C:/Users/Ankit/.cache/kagglehub/datasets/masoudnickparvar/brain-tumor-mri-dataset/versions/2/Testing/meningioma/Te-me_38.jpg,TUMOR,train
C:/Users/Ankit/.cache/kagglehub/datasets/masoudnickparvar/brain-tumor-mri-dataset/versions/2/Training/pituitary/Tr-pi_1143.jpg,TUMOR,train
C:/Users/Ankit/.cache/kagglehub/datasets/masoudnickparvar/brain-tumor-mri-dataset/versions/2/Training/meningioma/Tr-me_552.jpg,TUMOR,train
C:/Users/Ankit/.cache/kagglehub/datasets/masoudnickparvar/brain-tumor-mri-dataset/versions/2/Training/pituitary/Tr-pi_1298.jpg,TUMOR,train
C:/Users/Ankit/.cache/kagglehub/datasets/masoudnickparvar/brain-tumor-mri-dataset/versions/2/Training/meningioma/Tr-me_1164.jpg,TUMOR,train
C:/Users/Ankit/.cache/kagglehub/datasets/masoudnickparvar/brain-tumor-mri-dataset/versions/2/Training/glioma/Tr-gl_1329.jpg,TUMOR,train
C:/Users/Ankit/.cache/kagglehub/datasets/masoudnickparvar/brain-tumor-mri-dataset/versions/2/Training/meningioma/Tr-me_183.jpg,TUMOR,train
C:/Users/Ankit/.cache/kagglehub/datasets/masoudnickparvar/brain-tumor-mri-dataset/versions/2/Training/pituitary/Tr-pi_426.jpg,TUMOR,train
C:/Users/Ankit/.cache/kagglehub/datasets/masoudnickparvar/brain-tumor-mri-dataset/versions/2/Training/pituitary/Tr-pi_942.jpg,TUMOR,train
C:/Users/Ankit/.cache/kagglehub/datasets/masoudnickparvar/brain-tumor-mri-dataset/versions/2/Training/pituitary/Tr-pi_972.jpg,TUMOR,train
C:/Users/Ankit/.cache/kagglehub/datasets/masoudnickparvar/brain-tumor-mri-dataset/versions/2/Training/meningioma/Tr-me_590.jpg,TUMOR,train
C:/Users/Ankit/.cache/kagglehub/datasets/masoudnickparvar/brain-tumor-mri-dataset/versions/2/Testing/meningioma/Te-me_144.jpg,TUMOR,train
C:/Users/Ankit/.cache/kagglehub/datasets/masoudnickparvar/brain-tumor-mri-dataset/versions/2/Training/pituitary/Tr-pi_1288.jpg,TUMOR,train
C:/Users/Ankit/.cache/kagglehub/datasets/masoudnickparvar/brain-tumor-mri-dataset/versions/2/Training/pituitary/Tr-pi_672.jpg,TUMOR,train
C:/Users/Ankit/.cache/kagglehub/datasets/masoudnickparvar/brain-tumor-mri-dataset/versions/2/Training/glioma/Tr-gl_246.jpg,TUMOR,train
C:/Users/Ankit/.cache/kagglehub/datasets/masoudnickparvar/brain-tumor-mri-dataset/versions/2/Training/pituitary/Tr-pi_423.jpg,TUMOR,train
C:/Users/Ankit/.cache/kagglehub/datasets/masoudnickparvar/brain-tumor-mri-dataset/versions/2/Testing/meningioma/Te-me_280.jpg,TUMOR,train
C:/Users/Ankit/.cache/kagglehub/datasets/masoudnickparvar/brain-tumor-mri-dataset/versions/2/Training/meningioma/Tr-me_594.jpg,TUMOR,train
C:/Users/Ankit/.cache/kagglehub/datasets/masoudnickparvar/brain-tumor-mri-dataset/versions/2/Testing/pituitary/Te-pi_383.jpg,TUMOR,train
C:/Users/Ankit/.cache/kagglehub/datasets/masoudnickparvar/brain-tumor-mri-dataset/versions/2/Training/pituitary/Tr-pi_72.jpg,TUMOR,train
C:/Users/Ankit/.cache/kagglehub/datasets/masoudnickparvar/brain-tumor-mri-dataset/versions/2/Testing/meningioma/Te-me_40.jpg,TUMOR,train
C:/Users/Ankit/.cache/kagglehub/datasets/masoudnickparvar/brain-tumor-mri-dataset/versions/2/Training/glioma/Tr-gl_1232.jpg,TUMOR,train
C:/Users/Ankit/.cache/kagglehub/datasets/masoudnickparvar/brain-tumor-mri-dataset/versions/2/Training/meningioma/Tr-me_1295.jpg,TUMOR,train
C:/Users/Ankit/.cache/kagglehub/datasets/masoudnickparvar/brain-tumor-mri-dataset/versions/2/Training/pituitary/Tr-pi_1106.jpg,TUMOR,train
C:/Users/Ankit/.cache/kagglehub/datasets/masoudnickparvar/brain-tumor-mri-dataset/versions/2/Testing/pituitary/Te-pi_381.jpg,TUMOR,train
C:/Users/Ankit/.cache/kagglehub/datasets/masoudnickparvar/brain-tumor-mri-dataset/versions/2/Training/glioma/Tr-gl_1080.jpg,TUMOR,train
C:/Users/Ankit/.cache/kagglehub/datasets/masoudnickparvar/brain-tumor-mri-dataset/versions/2/Training/meningioma/Tr-me_719.jpg,TUMOR,train
C:/Users/Ankit/.cache/kagglehub/datasets/masoudnickparvar/brain-tumor-mri-dataset/versions/2/Training/pituitary/Tr-pi_326.jpg,TUMOR,train
C:/Users/Ankit/.cache/kagglehub/datasets/masoudnickparvar/brain-tumor-mri-dataset/versions/2/Training/pituitary/Tr-pi_340.jpg,TUMOR,train
C:/Users/Ankit/.cache/kagglehub/datasets/masoudnickparvar/brain-tumor-mri-dataset/versions/2/Testing/meningioma/Te-aug-me_13.jpg,TUMOR,train
C:/Users/Ankit/.cache/kagglehub/datasets/masoudnickparvar/brain-tumor-mri-dataset/versions/2/Training/meningioma/Tr-me_144.jpg,TUMOR,train
C:/Users/Ankit/.cache/kagglehub/datasets/masoudnickparvar/brain-tumor-mri-dataset/versions/2/Training/pituitary/Tr-pi_1109.jpg,TUMOR,train
C:/Users/Ankit/.cache/kagglehub/datasets/masoudnickparvar/brain-tumor-mri-dataset/versions/2/Training/glioma/Tr-gl_267.jpg,TUMOR,train
C:/Users/Ankit/.cache/kagglehub/datasets/masoudnickparvar/brain-tumor-mri-dataset/versions/2/Training/meningioma/Tr-me_203.jpg,TUMOR,train
C:/Users/Ankit/.cache/kagglehub/datasets/masoudnickparvar/brain-tumor-mri-dataset/versions/2/Training/meningioma/Tr-me_576.jpg,TUMOR,train
C:/Users/Ankit/.cache/kagglehub/datasets/masoudnickparvar/brain-tumor-mri-dataset/versions/2/Training/meningioma/Tr-me_330.jpg,TUMOR,train
C:/Users/Ankit/.cache/kagglehub/datasets/masoudnickparvar/brain-tumor-mri-dataset/versions/2/Testing/pituitary/Te-pi_262.jpg,TUMOR,train
C:/Users/Ankit/.cache/kagglehub/datasets/masoudnickparvar/brain-tumor-mri-dataset/versions/2/Training/meningioma/Tr-aug-me_97.jpg,TUMOR,train
C:/Users/Ankit/.cache/kagglehub/datasets/masoudnickparvar/brain-tumor-mri-dataset/versions/2/Training/meningioma/Tr-me_191.jpg,TUMOR,train
C:/Users/Ankit/.cache/kagglehub/datasets/masoudnickparvar/brain-tumor-mri-dataset/versions/2/Testing/pituitary/Te-pi_299.jpg,TUMOR,train
C:/Users/Ankit/.cache/kagglehub/datasets/masoudnickparvar/brain-tumor-mri-dataset/versions/2/Training/pituitary/Tr-pi_37.jpg,TUMOR,train
C:/Users/Ankit/.cache/kagglehub/datasets/masoudnickparvar/brain-tumor-mri-dataset/versions/2/Training/pituitary/Tr-pi_193.jpg,TUMOR,train
C:/Users/Ankit/.cache/kagglehub/datasets/masoudnickparvar/brain-tumor-mri-dataset/versions/2/Testing/meningioma/Te-me_1.jpg,TUMOR,train
C:/Users/Ankit/.cache/kagglehub/datasets/masoudnickparvar/brain-tumor-mri-dataset/versions/2/Training/meningioma/Tr-aug-me_25.jpg,TUMOR,train
C:/Users/Ankit/.cache/kagglehub/datasets/masoudnickparvar/brain-tumor-mri-dataset/versions/2/Training/pituitary/Tr-pi_717.jpg,TUMOR,train
C:/Users/Ankit/.cache/kagglehub/datasets/masoudnickparvar/brain-tumor-mri-dataset/versions/2/Training/glioma/Tr-gl_105.jpg,TUMOR,train
C:/Users/Ankit/.cache/kagglehub/datasets/masoudnickparvar/brain-tumor-mri-dataset/versions/2/Training/glioma/Tr-gl_945.jpg,TUMOR,train
C:/Users/Ankit/.cache/kagglehub/datasets/masoudnickparvar/brain-tumor-mri-dataset/versions/2/Training/glioma/Tr-gl_901.jpg,TUMOR,train
C:/Users/Ankit/.cache/kagglehub/datasets/masoudnickparvar/brain-tumor-mri-dataset/versions/2/Training/pituitary/Tr-pi_87.jpg,TUMOR,train
C:/Users/Ankit/.cache/kagglehub/datasets/masoudnickparvar/brain-tumor-mri-dataset/versions/2/Training/glioma/Tr-gl_562.jpg,TUMOR,train
C:/Users/Ankit/.cache/kagglehub/datasets/masoudnickparvar/brain-tumor-mri-dataset/versions/2/Training/glioma/Tr-gl_968.jpg,TUMOR,train
C:/Users/Ankit/.cache/kagglehub/datasets/masoudnickparvar/brain-tumor-mri-dataset/versions/2/Testing/glioma/Te-gl_84.jpg,TUMOR,train
C:/Users/Ankit/.cache/kagglehub/datasets/masoudnickparvar/brain-tumor-mri-dataset/versions/2/Training/meningioma/Tr-me_495.jpg,TUMOR,train
C:/Users/Ankit/.cache/kagglehub/datasets/masoudnickparvar/brain-tumor-mri-dataset/versions/2/Testing/meningioma/Te-me_30.jpg,TUMOR,train
C:/Users/Ankit/.cache/kagglehub/datasets/masoudnickparvar/brain-tumor-mri-dataset/versions/2/Training/meningioma/Tr-me_1122.jpg,TUMOR,train
C:/Users/Ankit/.cache/kagglehub/datasets/masoudnickparvar/brain-tumor-mri-dataset/versions/2/Training/pituitary/Tr-pi_1304.jpg,TUMOR,train
C:/Users/Ankit/.cache/kagglehub/datasets/masoudnickparvar/brain-tumor-mri-dataset/versions/2/Training/meningioma/Tr-me_803.jpg,TUMOR,train
C:/Users/Ankit/.cache/kagglehub/datasets/masoudnickparvar/brain-tumor-mri-dataset/versions/2/Training/glioma/Tr-gl_80.jpg,TUMOR,train
C:/Users/Ankit/.cache/kagglehub/datasets/masoudnickparvar/brain-tumor-mri-dataset/versions/2/Training/meningioma/Tr-me_1114.jpg,TUMOR,train
C:/Users/Ankit/.cache/kagglehub/datasets/masoudnickparvar/brain-tumor-mri-dataset/versions/2/Training/glioma/Tr-gl_294.jpg,TUMOR,train
C:/Users/Ankit/.cache/kagglehub/datasets/masoudnickparvar/brain-tumor-mri-dataset/versions/2/Training/pituitary/Tr-pi_1222.jpg,TUMOR,train
C:/Users/Ankit/.cache/kagglehub/datasets/masoudnickparvar/brain-tumor-mri-dataset/versions/2/Training/meningioma/Tr-me_487.jpg,TUMOR,train
C:/Users/Ankit/.cache/kagglehub/datasets/masoudnickparvar/brain-tumor-mri-dataset/versions/2/Training/pituitary/Tr-pi_71.jpg,TUMOR,train
C:/Users/Ankit/.cache/kagglehub/datasets/masoudnickparvar/brain-tumor-mri-dataset/versions/2/Training/pituitary/Tr-pi_97.jpg,TUMOR,train
C:/Users/Ankit/.cache/kagglehub/datasets/masoudnickparvar/brain-tumor-mri-dataset/versions/2/Testing/glioma/Te-gl_49.jpg,TUMOR,train
C:/Users/Ankit/.cache/kagglehub/datasets/masoudnickparvar/brain-tumor-mri-dataset/versions/2/Training/pituitary/Tr-pi_381.jpg,TUMOR,train
C:/Users/Ankit/.cache/kagglehub/datasets/masoudnickparvar/brain-tumor-mri-dataset/versions/2/Training/pituitary/Tr-pi_596.jpg,TUMOR,train
C:/Users/Ankit/.cache/kagglehub/datasets/masoudnickparvar/brain-tumor-mri-dataset/versions/2/Testing/glioma/Te-gl_178.jpg,TUMOR,train
C:/Users/Ankit/.cache/kagglehub/datasets/masoudnickparvar/brain-tumor-mri-dataset/versions/2/Testing/glioma/Te-gl_324.jpg,TUMOR,train
C:/Users/Ankit/.cache/kagglehub/datasets/masoudnickparvar/brain-tumor-mri-dataset/versions/2/Training/glioma/Tr-gl_588.jpg,TUMOR,train
C:/Users/Ankit/.cache/kagglehub/datasets/masoudnickparvar/brain-tumor-mri-dataset/versions/2/Training/pituitary/Tr-pi_580.jpg,TUMOR,train
C:/Users/Ankit/.cache/kagglehub/datasets/masoudnickparvar/brain-tumor-mri-dataset/versions/2/Testing/glioma/Te-gl_336.jpg,TUMOR,train
C:/Users/Ankit/.cache/kagglehub/datasets/masoudnickparvar/brain-tumor-mri-dataset/versions/2/Testing/pituitary/Te-pi_197.jpg,TUMOR,train
C:/Users/Ankit/.cache/kagglehub/datasets/masoudnickparvar/brain-tumor-mri-dataset/versions/2/Training/glioma/Tr-gl_542.jpg,TUMOR,train
C:/Users/Ankit/.cache/kagglehub/datasets/masoudnickparvar/brain-tumor-mri-dataset/versions/2/Testing/meningioma/Te-aug-me_102.jpg,TUMOR,train
C:/Users/Ankit/.cache/kagglehub/datasets/masoudnickparvar/brain-tumor-mri-dataset/versions/2/Training/pituitary/Tr-pi_294.jpg,TUMOR,train
C:/Users/Ankit/.cache/kagglehub/datasets/masoudnickparvar/brain-tumor-mri-dataset/versions/2/Testing/glioma/Te-gl_139.jpg,TUMOR,train
C:/Users/Ankit/.cache/kagglehub/datasets/masoudnickparvar/brain-tumor-mri-dataset/versions/2/Training/glioma/Tr-gl_169.jpg,TUMOR,train
C:/Users/Ankit/.cache/kagglehub/datasets/masoudnickparvar/brain-tumor-mri-dataset/versions/2/Training/glioma/Tr-gl_680.jpg,TUMOR,train
C:/Users/Ankit/.cache/kagglehub/datasets/masoudnickparvar/brain-tumor-mri-dataset/versions/2/Training/glioma/Tr-gl_1.jpg,TUMOR,train
C:/Users/Ankit/.cache/kagglehub/datasets/masoudnickparvar/brain-tumor-mri-dataset/versions/2/Training/pituitary/Tr-pi_1333.jpg,TUMOR,train
C:/Users/Ankit/.cache/kagglehub/datasets/masoudnickparvar/brain-tumor-mri-dataset/versions/2/Training/glioma/Tr-gl_442.jpg,TUMOR,train
C:/Users/Ankit/.cache/kagglehub/datasets/masoudnickparvar/brain-tumor-mri-dataset/versions/2/Training/glioma/Tr-gl_804.jpg,TUMOR,train
C:/Users/Ankit/.cache/kagglehub/datasets/masoudnickparvar/brain-tumor-mri-dataset/versions/2/Training/glioma/Tr-gl_108.jpg,TUMOR,train
C:/Users/Ankit/.cache/kagglehub/datasets/masoudnickparvar/brain-tumor-mri-dataset/versions/2/Training/glioma/Tr-gl_1388.jpg,TUMOR,train
C:/Users/Ankit/.cache/kagglehub/datasets/masoudnickparvar/brain-tumor-mri-dataset/versions/2/Training/glioma/Tr-gl_969.jpg,TUMOR,train
C:/Users/Ankit/.cache/kagglehub/datasets/masoudnickparvar/brain-tumor-mri-dataset/versions/2/Testing/pituitary/Te-pi_117.jpg,TUMOR,train
C:/Users/Ankit/.cache/kagglehub/datasets/masoudnickparvar/brain-tumor-mri-dataset/versions/2/Training/meningioma/Tr-me_692.jpg,TUMOR,train
C:/Users/Ankit/.cache/kagglehub/datasets/masoudnickparvar/brain-tumor-mri-dataset/versions/2/Training/pituitary/Tr-pi_642.jpg,TUMOR,train
C:/Users/Ankit/.cache/kagglehub/datasets/masoudnickparvar/brain-tumor-mri-dataset/versions/2/Training/meningioma/Tr-me_663.jpg,TUMOR,train
C:/Users/Ankit/.cache/kagglehub/datasets/masoudnickparvar/brain-tumor-mri-dataset/versions/2/Training/pituitary/Tr-pi_232.jpg,TUMOR,train
C:/Users/Ankit/.cache/kagglehub/datasets/masoudnickparvar/brain-tumor-mri-dataset/versions/2/Training/glioma/Tr-gl_405.jpg,TUMOR,train
C:/Users/Ankit/.cache/kagglehub/datasets/masoudnickparvar/brain-tumor-mri-dataset/versions/2/Testing/glioma/Te-gl_322.jpg,TUMOR,train
C:/Users/Ankit/.cache/kagglehub/datasets/masoudnickparvar/brain-tumor-mri-dataset/versions/2/Training/glioma/Tr-gl_446.jpg,TUMOR,train
C:/Users/Ankit/.cache/kagglehub/datasets/masoudnickparvar/brain-tumor-mri-dataset/versions/2/Testing/glioma/Te-gl_287.jpg,TUMOR,train
C:/Users/Ankit/.cache/kagglehub/datasets/masoudnickparvar/brain-tumor-mri-dataset/versions/2/Testing/pituitary/Te-pi_230.jpg,TUMOR,train
C:/Users/Ankit/.cache/kagglehub/datasets/masoudnickparvar/brain-tumor-mri-dataset/versions/2/Training/pituitary/Tr-pi_607.jpg,TUMOR,train
C:/Users/Ankit/.cache/kagglehub/datasets/masoudnickparvar/brain-tumor-mri-dataset/versions/2/Testing/meningioma/Te-me_106.jpg,TUMOR,train
C:/Users/Ankit/.cache/kagglehub/datasets/masoudnickparvar/brain-tumor-mri-dataset/versions/2/Testing/pituitary/Te-pi_393.jpg,TUMOR,train
C:/Users/Ankit/.cache/kagglehub/datasets/masoudnickparvar/brain-tumor-mri-dataset/versions/2/Training/pituitary/Tr-pi_1051.jpg,TUMOR,train
C:/Users/Ankit/.cache/kagglehub/datasets/masoudnickparvar/brain-tumor-mri-dataset/versions/2/Testing/pituitary/Te-pi_43.jpg,TUMOR,train
C:/Users/Ankit/.cache/kagglehub/datasets/masoudnickparvar/brain-tumor-mri-dataset/versions/2/Training/meningioma/Tr-me_89.jpg,TUMOR,train
C:/Users/Ankit/.cache/kagglehub/datasets/masoudnickparvar/brain-tumor-mri-dataset/versions/2/Training/meningioma/Tr-me_950.jpg,TUMOR,train
C:/Users/Ankit/.cache/kagglehub/datasets/masoudnickparvar/brain-tumor-mri-dataset/versions/2/Testing/glioma/Te-gl_156.jpg,TUMOR,train
C:/Users/Ankit/.cache/kagglehub/datasets/masoudnickparvar/brain-tumor-mri-dataset/versions/2/Training/glioma/Tr-gl_594.jpg,TUMOR,train
C:/Users/Ankit/.cache/kagglehub/datasets/masoudnickparvar/brain-tumor-mri-dataset/versions/2/Testing/meningioma/Te-me_125.jpg,TUMOR,train
C:/Users/Ankit/.cache/kagglehub/datasets/masoudnickparvar/brain-tumor-mri-dataset/versions/2/Training/meningioma/Tr-me_546.jpg,TUMOR,train
C:/Users/Ankit/.cache/kagglehub/datasets/masoudnickparvar/brain-tumor-mri-dataset/versions/2/Training/meningioma/Tr-me_430.jpg,TUMOR,train
C:/Users/Ankit/.cache/kagglehub/datasets/masoudnickparvar/brain-tumor-mri-dataset/versions/2/Training/pituitary/Tr-pi_349.jpg,TUMOR,train
C:/Users/Ankit/.cache/kagglehub/datasets/masoudnickparvar/brain-tumor-mri-dataset/versions/2/Training/pituitary/Tr-pi_833.jpg,TUMOR,train
C:/Users/Ankit/.cache/kagglehub/datasets/masoudnickparvar/brain-tumor-mri-dataset/versions/2/Training/pituitary/Tr-pi_1229.jpg,TUMOR,train
C:/Users/Ankit/.cache/kagglehub/datasets/masoudnickparvar/brain-tumor-mri-dataset/versions/2/Testing/meningioma/Te-me_34.jpg,TUMOR,train
C:/Users/Ankit/.cache/kagglehub/datasets/masoudnickparvar/brain-tumor-mri-dataset/versions/2/Training/glioma/Tr-gl_255.jpg,TUMOR,train
C:/Users/Ankit/.cache/kagglehub/datasets/masoudnickparvar/brain-tumor-mri-dataset/versions/2/Training/glioma/Tr-gl_1229.jpg,TUMOR,train
C:/Users/Ankit/.cache/kagglehub/datasets/masoudnickparvar/brain-tumor-mri-dataset/versions/2/Training/meningioma/Tr-me_341.jpg,TUMOR,train
C:/Users/Ankit/.cache/kagglehub/datasets/masoudnickparvar/brain-tumor-mri-dataset/versions/2/Training/meningioma/Tr-me_393.jpg,TUMOR,train
C:/Users/Ankit/.cache/kagglehub/datasets/masoudnickparvar/brain-tumor-mri-dataset/versions/2/Training/pituitary/Tr-pi_713.jpg,TUMOR,train
C:/Users/Ankit/.cache/kagglehub/datasets/masoudnickparvar/brain-tumor-mri-dataset/versions/2/Training/pituitary/Tr-pi_247.jpg,TUMOR,train
C:/Users/Ankit/.cache/kagglehub/datasets/masoudnickparvar/brain-tumor-mri-dataset/versions/2/Testing/glioma/Te-gl_173.jpg,TUMOR,train
C:/Users/Ankit/.cache/kagglehub/datasets/masoudnickparvar/brain-tumor-mri-dataset/versions/2/Training/pituitary/Tr-pi_481.jpg,TUMOR,train
C:/Users/Ankit/.cache/kagglehub/datasets/masoudnickparvar/brain-tumor-mri-dataset/versions/2/Training/glioma/Tr-gl_595.jpg,TUMOR,train
C:/Users/Ankit/.cache/kagglehub/datasets/masoudnickparvar/brain-tumor-mri-dataset/versions/2/Training/meningioma/Tr-me_597.jpg,TUMOR,train
C:/Users/Ankit/.cache/kagglehub/datasets/masoudnickparvar/brain-tumor-mri-dataset/versions/2/Testing/meningioma/Te-me_207.jpg,TUMOR,train
C:/Users/Ankit/.cache/kagglehub/datasets/masoudnickparvar/brain-tumor-mri-dataset/versions/2/Training/glioma/Tr-gl_697.jpg,TUMOR,train
C:/Users/Ankit/.cache/kagglehub/datasets/masoudnickparvar/brain-tumor-mri-dataset/versions/2/Training/pituitary/Tr-pi_1320.jpg,TUMOR,train
C:/Users/Ankit/.cache/kagglehub/datasets/masoudnickparvar/brain-tumor-mri-dataset/versions/2/Training/meningioma/Tr-me_390.jpg,TUMOR,train
C:/Users/Ankit/.cache/kagglehub/datasets/masoudnickparvar/brain-tumor-mri-dataset/versions/2/Training/meningioma/Tr-me_900.jpg,TUMOR,train
C:/Users/Ankit/.cache/kagglehub/datasets/masoudnickparvar/brain-tumor-mri-dataset/versions/2/Training/glioma/Tr-gl_841.jpg,TUMOR,train
C:/Users/Ankit/.cache/kagglehub/datasets/masoudnickparvar/brain-tumor-mri-dataset/versions/2/Testing/pituitary/Te-pi_232.jpg,TUMOR,train
C:/Users/Ankit/.cache/kagglehub/datasets/masoudnickparvar/brain-tumor-mri-dataset/versions/2/Training/glioma/Tr-gl_756.jpg,TUMOR,train
C:/Users/Ankit/.cache/kagglehub/datasets/masoudnickparvar/brain-tumor-mri-dataset/versions/2/Training/meningioma/Tr-me_907.jpg,TUMOR,train
C:/Users/Ankit/.cache/kagglehub/datasets/masoudnickparvar/brain-tumor-mri-dataset/versions/2/Testing/meningioma/Te-aug-me_29.jpg,TUMOR,train
C:/Users/Ankit/.cache/kagglehub/datasets/masoudnickparvar/brain-tumor-mri-dataset/versions/2/Training/glioma/Tr-gl_383.jpg,TUMOR,train
C:/Users/Ankit/.cache/kagglehub/datasets/masoudnickparvar/brain-tumor-mri-dataset/versions/2/Testing/meningioma/Te-me_39.jpg,TUMOR,train
C:/Users/Ankit/.cache/kagglehub/datasets/masoudnickparvar/brain-tumor-mri-dataset/versions/2/Training/meningioma/Tr-me_761.jpg,TUMOR,train
C:/Users/Ankit/.cache/kagglehub/datasets/masoudnickparvar/brain-tumor-mri-dataset/versions/2/Training/glioma/Tr-gl_96.jpg,TUMOR,train
C:/Users/Ankit/.cache/kagglehub/datasets/masoudnickparvar/brain-tumor-mri-dataset/versions/2/Training/meningioma/Tr-aug-me_17.jpg,TUMOR,train
C:/Users/Ankit/.cache/kagglehub/datasets/masoudnickparvar/brain-tumor-mri-dataset/versions/2/Testing/meningioma/Te-me_225.jpg,TUMOR,train
C:/Users/Ankit/.cache/kagglehub/datasets/masoudnickparvar/brain-tumor-mri-dataset/versions/2/Testing/pituitary/Te-pi_238.jpg,TUMOR,train
C:/Users/Ankit/.cache/kagglehub/datasets/masoudnickparvar/brain-tumor-mri-dataset/versions/2/Training/pituitary/Tr-pi_136.jpg,TUMOR,train
C:/Users/Ankit/.cache/kagglehub/datasets/masoudnickparvar/brain-tumor-mri-dataset/versions/2/Training/glioma/Tr-gl_472.jpg,TUMOR,train
C:/Users/Ankit/.cache/kagglehub/datasets/masoudnickparvar/brain-tumor-mri-dataset/versions/2/Testing/glioma/Te-gl_294.jpg,TUMOR,train
C:/Users/Ankit/.cache/kagglehub/datasets/masoudnickparvar/brain-tumor-mri-dataset/versions/2/Training/pituitary/Tr-pi_317.jpg,TUMOR,train
C:/Users/Ankit/.cache/kagglehub/datasets/masoudnickparvar/brain-tumor-mri-dataset/versions/2/Testing/glioma/Te-gl_30.jpg,TUMOR,train
C:/Users/Ankit/.cache/kagglehub/datasets/masoudnickparvar/brain-tumor-mri-dataset/versions/2/Testing/pituitary/Te-pi_97.jpg,TUMOR,train
C:/Users/Ankit/.cache/kagglehub/datasets/masoudnickparvar/brain-tumor-mri-dataset/versions/2/Training/meningioma/Tr-me_619.jpg,TUMOR,train
C:/Users/Ankit/.cache/kagglehub/datasets/masoudnickparvar/brain-tumor-mri-dataset/versions/2/Training/glioma/Tr-gl_1356.jpg,TUMOR,train
C:/Users/Ankit/.cache/kagglehub/datasets/masoudnickparvar/brain-tumor-mri-dataset/versions/2/Training/glioma/Tr-gl_966.jpg,TUMOR,train
C:/Users/Ankit/.cache/kagglehub/datasets/masoudnickparvar/brain-tumor-mri-dataset/versions/2/Testing/meningioma/Te-aug-me_2.jpg,TUMOR,train
C:/Users/Ankit/.cache/kagglehub/datasets/masoudnickparvar/brain-tumor-mri-dataset/versions/2/Training/meningioma/Tr-me_569.jpg,TUMOR,train
C:/Users/Ankit/.cache/kagglehub/datasets/masoudnickparvar/brain-tumor-mri-dataset/versions/2/Testing/meningioma/Te-aug-me_77.jpg,TUMOR,train
C:/Users/Ankit/.cache/kagglehub/datasets/masoudnickparvar/brain-tumor-mri-dataset/versions/2/Training/pituitary/Tr-pi_722.jpg,TUMOR,train
C:/Users/Ankit/.cache/kagglehub/datasets/masoudnickparvar/brain-tumor-mri-dataset/versions/2/Training/meningioma/Tr-me_80.jpg,TUMOR,train
C:/Users/Ankit/.cache/kagglehub/datasets/masoudnickparvar/brain-tumor-mri-dataset/versions/2/Training/glioma/Tr-gl_524.jpg,TUMOR,train
C:/Users/Ankit/.cache/kagglehub/datasets/masoudnickparvar/brain-tumor-mri-dataset/versions/2/Testing/meningioma/Te-me_248.jpg,TUMOR,train
C:/Users/Ankit/.cache/kagglehub/datasets/masoudnickparvar/brain-tumor-mri-dataset/versions/2/Training/meningioma/Tr-me_747.jpg,TUMOR,train
C:/Users/Ankit/.cache/kagglehub/datasets/masoudnickparvar/brain-tumor-mri-dataset/versions/2/Training/meningioma/Tr-me_542.jpg,TUMOR,train
C:/Users/Ankit/.cache/kagglehub/datasets/masoudnickparvar/brain-tumor-mri-dataset/versions/2/Training/pituitary/Tr-pi_564.jpg,TUMOR,train
C:/Users/Ankit/.cache/kagglehub/datasets/masoudnickparvar/brain-tumor-mri-dataset/versions/2/Training/pituitary/Tr-pi_1376.jpg,TUMOR,train
C:/Users/Ankit/.cache/kagglehub/datasets/masoudnickparvar/brain-tumor-mri-dataset/versions/2/Training/meningioma/Tr-me_431.jpg,TUMOR,train
C:/Users/Ankit/.cache/kagglehub/datasets/masoudnickparvar/brain-tumor-mri-dataset/versions/2/Training/meningioma/Tr-me_1094.jpg,TUMOR,train
C:/Users/Ankit/.cache/kagglehub/datasets/masoudnickparvar/brain-tumor-mri-dataset/versions/2/Training/pituitary/Tr-pi_1117.jpg,TUMOR,train
C:/Users/Ankit/.cache/kagglehub/datasets/masoudnickparvar/brain-tumor-mri-dataset/versions/2/Training/meningioma/Tr-me_1144.jpg,TUMOR,train
C:/Users/Ankit/.cache/kagglehub/datasets/masoudnickparvar/brain-tumor-mri-dataset/versions/2/Training/pituitary/Tr-pi_245.jpg,TUMOR,train
C:/Users/Ankit/.cache/kagglehub/datasets/masoudnickparvar/brain-tumor-mri-dataset/versions/2/Training/glioma/Tr-gl_911.jpg,TUMOR,train
C:/Users/Ankit/.cache/kagglehub/datasets/masoudnickparvar/brain-tumor-mri-dataset/versions/2/Testing/pituitary/Te-pi_180.jpg,TUMOR,train
C:/Users/Ankit/.cache/kagglehub/datasets/masoudnickparvar/brain-tumor-mri-dataset/versions/2/Training/pituitary/Tr-pi_56.jpg,TUMOR,train
C:/Users/Ankit/.cache/kagglehub/datasets/masoudnickparvar/brain-tumor-mri-dataset/versions/2/Training/pituitary/Tr-pi_1096.jpg,TUMOR,train
C:/Users/Ankit/.cache/kagglehub/datasets/masoudnickparvar/brain-tumor-mri-dataset/versions/2/Training/glioma/Tr-gl_1009.jpg,TUMOR,train
C:/Users/Ankit/.cache/kagglehub/datasets/masoudnickparvar/brain-tumor-mri-dataset/versions/2/Training/meningioma/Tr-me_690.jpg,TUMOR,train
C:/Users/Ankit/.cache/kagglehub/datasets/masoudnickparvar/brain-tumor-mri-dataset/versions/2/Training/glioma/Tr-gl_669.jpg,TUMOR,train
C:/Users/Ankit/.cache/kagglehub/datasets/masoudnickparvar/brain-tumor-mri-dataset/versions/2/Training/glioma/Tr-gl_17.jpg,TUMOR,train
C:/Users/Ankit/.cache/kagglehub/datasets/masoudnickparvar/brain-tumor-mri-dataset/versions/2/Training/meningioma/Tr-aug-me_84.jpg,TUMOR,train
C:/Users/Ankit/.cache/kagglehub/datasets/masoudnickparvar/brain-tumor-mri-dataset/versions/2/Training/pituitary/Tr-pi_1284.jpg,TUMOR,train
C:/Users/Ankit/.cache/kagglehub/datasets/masoudnickparvar/brain-tumor-mri-dataset/versions/2/Testing/pituitary/Te-pi_310.jpg,TUMOR,train
C:/Users/Ankit/.cache/kagglehub/datasets/masoudnickparvar/brain-tumor-mri-dataset/versions/2/Training/pituitary/Tr-pi_439.jpg,TUMOR,train
C:/Users/Ankit/.cache/kagglehub/datasets/masoudnickparvar/brain-tumor-mri-dataset/versions/2/Training/meningioma/Tr-me_1262.jpg,TUMOR,train
C:/Users/Ankit/.cache/kagglehub/datasets/masoudnickparvar/brain-tumor-mri-dataset/versions/2/Training/meningioma/Tr-me_515.jpg,TUMOR,train
C:/Users/Ankit/.cache/kagglehub/datasets/masoudnickparvar/brain-tumor-mri-dataset/versions/2/Training/meningioma/Tr-me_401.jpg,TUMOR,train
C:/Users/Ankit/.cache/kagglehub/datasets/masoudnickparvar/brain-tumor-mri-dataset/versions/2/Training/pituitary/Tr-pi_402.jpg,TUMOR,train
C:/Users/Ankit/.cache/kagglehub/datasets/masoudnickparvar/brain-tumor-mri-dataset/versions/2/Training/pituitary/Tr-pi_1317.jpg,TUMOR,train
C:/Users/Ankit/.cache/kagglehub/datasets/masoudnickparvar/brain-tumor-mri-dataset/versions/2/Training/pituitary/Tr-pi_27.jpg,TUMOR,train
C:/Users/Ankit/.cache/kagglehub/datasets/masoudnickparvar/brain-tumor-mri-dataset/versions/2/Testing/pituitary/Te-pi_14.jpg,TUMOR,train
C:/Users/Ankit/.cache/kagglehub/datasets/masoudnickparvar/brain-tumor-mri-dataset/versions/2/Training/pituitary/Tr-pi_1196.jpg,TUMOR,train
C:/Users/Ankit/.cache/kagglehub/datasets/masoudnickparvar/brain-tumor-mri-dataset/versions/2/Training/pituitary/Tr-pi_841.jpg,TUMOR,train
C:/Users/Ankit/.cache/kagglehub/datasets/masoudnickparvar/brain-tumor-mri-dataset/versions/2/Training/pituitary/Tr-pi_109.jpg,TUMOR,train
C:/Users/Ankit/.cache/kagglehub/datasets/masoudnickparvar/brain-tumor-mri-dataset/versions/2/Training/pituitary/Tr-pi_886.jpg,TUMOR,train
C:/Users/Ankit/.cache/kagglehub/datasets/masoudnickparvar/brain-tumor-mri-dataset/versions/2/Training/pituitary/Tr-pi_1172.jpg,TUMOR,train
C:/Users/Ankit/.cache/kagglehub/datasets/masoudnickparvar/brain-tumor-mri-dataset/versions/2/Training/pituitary/Tr-pi_678.jpg,TUMOR,train
C:/Users/Ankit/.cache/kagglehub/datasets/masoudnickparvar/brain-tumor-mri-dataset/versions/2/Testing/glioma/Te-gl_361.jpg,TUMOR,train
C:/Users/Ankit/.cache/kagglehub/datasets/masoudnickparvar/brain-tumor-mri-dataset/versions/2/Testing/glioma/Te-gl_209.jpg,TUMOR,train
C:/Users/Ankit/.cache/kagglehub/datasets/masoudnickparvar/brain-tumor-mri-dataset/versions/2/Testing/pituitary/Te-pi_286.jpg,TUMOR,train
C:/Users/Ankit/.cache/kagglehub/datasets/masoudnickparvar/brain-tumor-mri-dataset/versions/2/Training/pituitary/Tr-pi_570.jpg,TUMOR,train
C:/Users/Ankit/.cache/kagglehub/datasets/masoudnickparvar/brain-tumor-mri-dataset/versions/2/Testing/meningioma/Te-aug-me_85.jpg,TUMOR,train
C:/Users/Ankit/.cache/kagglehub/datasets/masoudnickparvar/brain-tumor-mri-dataset/versions/2/Training/pituitary/Tr-pi_690.jpg,TUMOR,train
C:/Users/Ankit/.cache/kagglehub/datasets/masoudnickparvar/brain-tumor-mri-dataset/versions/2/Training/meningioma/Tr-me_305.jpg,TUMOR,train
C:/Users/Ankit/.cache/kagglehub/datasets/masoudnickparvar/brain-tumor-mri-dataset/versions/2/Training/meningioma/Tr-me_722.jpg,TUMOR,train
C:/Users/Ankit/.cache/kagglehub/datasets/masoudnickparvar/brain-tumor-mri-dataset/versions/2/Testing/meningioma/Te-me_212.jpg,TUMOR,train
C:/Users/Ankit/.cache/kagglehub/datasets/masoudnickparvar/brain-tumor-mri-dataset/versions/2/Training/pituitary/Tr-pi_354.jpg,TUMOR,train
C:/Users/Ankit/.cache/kagglehub/datasets/masoudnickparvar/brain-tumor-mri-dataset/versions/2/Training/meningioma/Tr-me_276.jpg,TUMOR,train
C:/Users/Ankit/.cache/kagglehub/datasets/masoudnickparvar/brain-tumor-mri-dataset/versions/2/Training/meningioma/Tr-me_965.jpg,TUMOR,train
C:/Users/Ankit/.cache/kagglehub/datasets/masoudnickparvar/brain-tumor-mri-dataset/versions/2/Training/glioma/Tr-gl_113.jpg,TUMOR,train
C:/Users/Ankit/.cache/kagglehub/datasets/masoudnickparvar/brain-tumor-mri-dataset/versions/2/Training/pituitary/Tr-pi_928.jpg,TUMOR,train
C:/Users/Ankit/.cache/kagglehub/datasets/masoudnickparvar/brain-tumor-mri-dataset/versions/2/Training/meningioma/Tr-me_624.jpg,TUMOR,train
C:/Users/Ankit/.cache/kagglehub/datasets/masoudnickparvar/brain-tumor-mri-dataset/versions/2/Training/meningioma/Tr-me_102.jpg,TUMOR,train
C:/Users/Ankit/.cache/kagglehub/datasets/masoudnickparvar/brain-tumor-mri-dataset/versions/2/Testing/glioma/Te-gl_116.jpg,TUMOR,train
C:/Users/Ankit/.cache/kagglehub/datasets/masoudnickparvar/brain-tumor-mri-dataset/versions/2/Training/glioma/Tr-gl_1197.jpg,TUMOR,train
C:/Users/Ankit/.cache/kagglehub/datasets/masoudnickparvar/brain-tumor-mri-dataset/versions/2/Training/glioma/Tr-gl_1090.jpg,TUMOR,train
C:/Users/Ankit/.cache/kagglehub/datasets/masoudnickparvar/brain-tumor-mri-dataset/versions/2/Training/meningioma/Tr-me_1049.jpg,TUMOR,train
C:/Users/Ankit/.cache/kagglehub/datasets/masoudnickparvar/brain-tumor-mri-dataset/versions/2/Testing/pituitary/Te-pi_378.jpg,TUMOR,train
C:/Users/Ankit/.cache/kagglehub/datasets/masoudnickparvar/brain-tumor-mri-dataset/versions/2/Testing/meningioma/Te-aug-me_76.jpg,TUMOR,train
C:/Users/Ankit/.cache/kagglehub/datasets/masoudnickparvar/brain-tumor-mri-dataset/versions/2/Training/glioma/Tr-gl_950.jpg,TUMOR,train
C:/Users/Ankit/.cache/kagglehub/datasets/masoudnickparvar/brain-tumor-mri-dataset/versions/2/Training/pituitary/Tr-pi_992.jpg,TUMOR,train
C:/Users/Ankit/.cache/kagglehub/datasets/masoudnickparvar/brain-tumor-mri-dataset/versions/2/Training/pituitary/Tr-pi_578.jpg,TUMOR,train
C:/Users/Ankit/.cache/kagglehub/datasets/masoudnickparvar/brain-tumor-mri-dataset/versions/2/Training/meningioma/Tr-me_952.jpg,TUMOR,train
C:/Users/Ankit/.cache/kagglehub/datasets/masoudnickparvar/brain-tumor-mri-dataset/versions/2/Training/pituitary/Tr-pi_1146.jpg,TUMOR,train
C:/Users/Ankit/.cache/kagglehub/datasets/masoudnickparvar/brain-tumor-mri-dataset/versions/2/Training/meningioma/Tr-me_404.jpg,TUMOR,train
C:/Users/Ankit/.cache/kagglehub/datasets/masoudnickparvar/brain-tumor-mri-dataset/versions/2/Training/pituitary/Tr-pi_1335.jpg,TUMOR,train
C:/Users/Ankit/.cache/kagglehub/datasets/masoudnickparvar/brain-tumor-mri-dataset/versions/2/Training/glioma/Tr-gl_87.jpg,TUMOR,train
C:/Users/Ankit/.cache/kagglehub/datasets/masoudnickparvar/brain-tumor-mri-dataset/versions/2/Training/pituitary/Tr-pi_459.jpg,TUMOR,train
C:/Users/Ankit/.cache/kagglehub/datasets/masoudnickparvar/brain-tumor-mri-dataset/versions/2/Training/pituitary/Tr-pi_556.jpg,TUMOR,train
C:/Users/Ankit/.cache/kagglehub/datasets/masoudnickparvar/brain-tumor-mri-dataset/versions/2/Training/glioma/Tr-gl_1349.jpg,TUMOR,train
C:/Users/Ankit/.cache/kagglehub/datasets/masoudnickparvar/brain-tumor-mri-dataset/versions/2/Training/meningioma/Tr-me_236.jpg,TUMOR,train
C:/Users/Ankit/.cache/kagglehub/datasets/masoudnickparvar/brain-tumor-mri-dataset/versions/2/Training/glioma/Tr-gl_800.jpg,TUMOR,train
C:/Users/Ankit/.cache/kagglehub/datasets/masoudnickparvar/brain-tumor-mri-dataset/versions/2/Training/meningioma/Tr-me_797.jpg,TUMOR,train
C:/Users/Ankit/.cache/kagglehub/datasets/masoudnickparvar/brain-tumor-mri-dataset/versions/2/Testing/meningioma/Te-me_58.jpg,TUMOR,train
C:/Users/Ankit/.cache/kagglehub/datasets/masoudnickparvar/brain-tumor-mri-dataset/versions/2/Training/glioma/Tr-gl_876.jpg,TUMOR,train
C:/Users/Ankit/.cache/kagglehub/datasets/masoudnickparvar/brain-tumor-mri-dataset/versions/2/Training/pituitary/Tr-pi_1216.jpg,TUMOR,train
C:/Users/Ankit/.cache/kagglehub/datasets/masoudnickparvar/brain-tumor-mri-dataset/versions/2/Training/glioma/Tr-gl_1066.jpg,TUMOR,train
C:/Users/Ankit/.cache/kagglehub/datasets/masoudnickparvar/brain-tumor-mri-dataset/versions/2/Training/glioma/Tr-gl_1281.jpg,TUMOR,train
C:/Users/Ankit/.cache/kagglehub/datasets/masoudnickparvar/brain-tumor-mri-dataset/versions/2/Training/pituitary/Tr-pi_394.jpg,TUMOR,train
C:/Users/Ankit/.cache/kagglehub/datasets/masoudnickparvar/brain-tumor-mri-dataset/versions/2/Training/glioma/Tr-gl_1364.jpg,TUMOR,train
C:/Users/Ankit/.cache/kagglehub/datasets/masoudnickparvar/brain-tumor-mri-dataset/versions/2/Training/pituitary/Tr-pi_938.jpg,TUMOR,train
C:/Users/Ankit/.cache/kagglehub/datasets/masoudnickparvar/brain-tumor-mri-dataset/versions/2/Training/glioma/Tr-gl_810.jpg,TUMOR,train
C:/Users/Ankit/.cache/kagglehub/datasets/masoudnickparvar/brain-tumor-mri-dataset/versions/2/Training/pituitary/Tr-pi_174.jpg,TUMOR,train
C:/Users/Ankit/.cache/kagglehub/datasets/masoudnickparvar/brain-tumor-mri-dataset/versions/2/Training/meningioma/Tr-me_232.jpg,TUMOR,train
C:/Users/Ankit/.cache/kagglehub/datasets/masoudnickparvar/brain-tumor-mri-dataset/versions/2/Testing/glioma/Te-gl_113.jpg,TUMOR,train
C:/Users/Ankit/.cache/kagglehub/datasets/masoudnickparvar/brain-tumor-mri-dataset/versions/2/Testing/pituitary/Te-pi_220.jpg,TUMOR,train
C:/Users/Ankit/.cache/kagglehub/datasets/masoudnickparvar/brain-tumor-mri-dataset/versions/2/Training/glioma/Tr-gl_262.jpg,TUMOR,train
C:/Users/Ankit/.cache/kagglehub/datasets/masoudnickparvar/brain-tumor-mri-dataset/versions/2/Training/glioma/Tr-gl_34.jpg,TUMOR,train
C:/Users/Ankit/.cache/kagglehub/datasets/masoudnickparvar/brain-tumor-mri-dataset/versions/2/Training/pituitary/Tr-pi_424.jpg,TUMOR,train
C:/Users/Ankit/.cache/kagglehub/datasets/masoudnickparvar/brain-tumor-mri-dataset/versions/2/Testing/meningioma/Te-me_219.jpg,TUMOR,train
C:/Users/Ankit/.cache/kagglehub/datasets/masoudnickparvar/brain-tumor-mri-dataset/versions/2/Training/glioma/Tr-gl_215.jpg,TUMOR,train
C:/Users/Ankit/.cache/kagglehub/datasets/masoudnickparvar/brain-tumor-mri-dataset/versions/2/Training/meningioma/Tr-me_1205.jpg,TUMOR,train
C:/Users/Ankit/.cache/kagglehub/datasets/masoudnickparvar/brain-tumor-mri-dataset/versions/2/Testing/meningioma/Te-me_167.jpg,TUMOR,train
C:/Users/Ankit/.cache/kagglehub/datasets/masoudnickparvar/brain-tumor-mri-dataset/versions/2/Testing/pituitary/Te-pi_236.jpg,TUMOR,train
C:/Users/Ankit/.cache/kagglehub/datasets/masoudnickparvar/brain-tumor-mri-dataset/versions/2/Training/pituitary/Tr-pi_335.jpg,TUMOR,train
C:/Users/Ankit/.cache/kagglehub/datasets/masoudnickparvar/brain-tumor-mri-dataset/versions/2/Testing/pituitary/Te-pi_118.jpg,TUMOR,train
C:/Users/Ankit/.cache/kagglehub/datasets/masoudnickparvar/brain-tumor-mri-dataset/versions/2/Training/glioma/Tr-gl_544.jpg,TUMOR,train
C:/Users/Ankit/.cache/kagglehub/datasets/masoudnickparvar/brain-tumor-mri-dataset/versions/2/Testing/pituitary/Te-pi_33.jpg,TUMOR,train
C:/Users/Ankit/.cache/kagglehub/datasets/masoudnickparvar/brain-tumor-mri-dataset/versions/2/Training/pituitary/Tr-pi_1370.jpg,TUMOR,train
C:/Users/Ankit/.cache/kagglehub/datasets/masoudnickparvar/brain-tumor-mri-dataset/versions/2/Testing/meningioma/Te-aug-me_58.jpg,TUMOR,train
C:/Users/Ankit/.cache/kagglehub/datasets/masoudnickparvar/brain-tumor-mri-dataset/versions/2/Training/glioma/Tr-gl_831.jpg,TUMOR,train
C:/Users/Ankit/.cache/kagglehub/datasets/masoudnickparvar/brain-tumor-mri-dataset/versions/2/Training/pituitary/Tr-pi_891.jpg,TUMOR,train
C:/Users/Ankit/.cache/kagglehub/datasets/masoudnickparvar/brain-tumor-mri-dataset/versions/2/Training/glioma/Tr-gl_1159.jpg,TUMOR,train
C:/Users/Ankit/.cache/kagglehub/datasets/masoudnickparvar/brain-tumor-mri-dataset/versions/2/Testing/pituitary/Te-pi_304.jpg,TUMOR,train
C:/Users/Ankit/.cache/kagglehub/datasets/masoudnickparvar/brain-tumor-mri-dataset/versions/2/Training/glioma/Tr-gl_328.jpg,TUMOR,train
C:/Users/Ankit/.cache/kagglehub/datasets/masoudnickparvar/brain-tumor-mri-dataset/versions/2/Training/glioma/Tr-gl_685.jpg,TUMOR,train
C:/Users/Ankit/.cache/kagglehub/datasets/masoudnickparvar/brain-tumor-mri-dataset/versions/2/Training/meningioma/Tr-me_256.jpg,TUMOR,train
C:/Users/Ankit/.cache/kagglehub/datasets/masoudnickparvar/brain-tumor-mri-dataset/versions/2/Training/meningioma/Tr-me_212.jpg,TUMOR,train
C:/Users/Ankit/.cache/kagglehub/datasets/masoudnickparvar/brain-tumor-mri-dataset/versions/2/Training/meningioma/Tr-me_149.jpg,TUMOR,train
C:/Users/Ankit/.cache/kagglehub/datasets/masoudnickparvar/brain-tumor-mri-dataset/versions/2/Training/glioma/Tr-gl_575.jpg,TUMOR,train
C:/Users/Ankit/.cache/kagglehub/datasets/masoudnickparvar/brain-tumor-mri-dataset/versions/2/Training/meningioma/Tr-me_441.jpg,TUMOR,train
C:/Users/Ankit/.cache/kagglehub/datasets/masoudnickparvar/brain-tumor-mri-dataset/versions/2/Training/pituitary/Tr-pi_133.jpg,TUMOR,train
C:/Users/Ankit/.cache/kagglehub/datasets/masoudnickparvar/brain-tumor-mri-dataset/versions/2/Testing/pituitary/Te-pi_146.jpg,TUMOR,train
C:/Users/Ankit/.cache/kagglehub/datasets/masoudnickparvar/brain-tumor-mri-dataset/versions/2/Training/glioma/Tr-gl_441.jpg,TUMOR,train
C:/Users/Ankit/.cache/kagglehub/datasets/masoudnickparvar/brain-tumor-mri-dataset/versions/2/Testing/meningioma/Te-me_24.jpg,TUMOR,train
C:/Users/Ankit/.cache/kagglehub/datasets/masoudnickparvar/brain-tumor-mri-dataset/versions/2/Training/meningioma/Tr-me_998.jpg,TUMOR,train
C:/Users/Ankit/.cache/kagglehub/datasets/masoudnickparvar/brain-tumor-mri-dataset/versions/2/Training/pituitary/Tr-pi_489.jpg,TUMOR,train
C:/Users/Ankit/.cache/kagglehub/datasets/masoudnickparvar/brain-tumor-mri-dataset/versions/2/Training/glioma/Tr-gl_1126.jpg,TUMOR,train
C:/Users/Ankit/.cache/kagglehub/datasets/masoudnickparvar/brain-tumor-mri-dataset/versions/2/Training/meningioma/Tr-me_1091.jpg,TUMOR,train
C:/Users/Ankit/.cache/kagglehub/datasets/masoudnickparvar/brain-tumor-mri-dataset/versions/2/Training/meningioma/Tr-me_560.jpg,TUMOR,train
C:/Users/Ankit/.cache/kagglehub/datasets/masoudnickparvar/brain-tumor-mri-dataset/versions/2/Training/meningioma/Tr-me_216.jpg,TUMOR,train
C:/Users/Ankit/.cache/kagglehub/datasets/masoudnickparvar/brain-tumor-mri-dataset/versions/2/Testing/pituitary/Te-pi_399.jpg,TUMOR,train
C:/Users/Ankit/.cache/kagglehub/datasets/masoudnickparvar/brain-tumor-mri-dataset/versions/2/Testing/glioma/Te-gl_164.jpg,TUMOR,train
C:/Users/Ankit/.cache/kagglehub/datasets/masoudnickparvar/brain-tumor-mri-dataset/versions/2/Training/glioma/Tr-gl_239.jpg,TUMOR,train
C:/Users/Ankit/.cache/kagglehub/datasets/masoudnickparvar/brain-tumor-mri-dataset/versions/2/Training/meningioma/Tr-me_1215.jpg,TUMOR,train
C:/Users/Ankit/.cache/kagglehub/datasets/masoudnickparvar/brain-tumor-mri-dataset/versions/2/Training/meningioma/Tr-me_507.jpg,TUMOR,train
C:/Users/Ankit/.cache/kagglehub/datasets/masoudnickparvar/brain-tumor-mri-dataset/versions/2/Training/pituitary/Tr-pi_510.jpg,TUMOR,train
C:/Users/Ankit/.cache/kagglehub/datasets/masoudnickparvar/brain-tumor-mri-dataset/versions/2/Training/meningioma/Tr-me_383.jpg,TUMOR,train
C:/Users/Ankit/.cache/kagglehub/datasets/masoudnickparvar/brain-tumor-mri-dataset/versions/2/Training/meningioma/Tr-me_490.jpg,TUMOR,train
C:/Users/Ankit/.cache/kagglehub/datasets/masoudnickparvar/brain-tumor-mri-dataset/versions/2/Training/meningioma/Tr-me_271.jpg,TUMOR,train
C:/Users/Ankit/.cache/kagglehub/datasets/masoudnickparvar/brain-tumor-mri-dataset/versions/2/Training/meningioma/Tr-me_622.jpg,TUMOR,train
C:/Users/Ankit/.cache/kagglehub/datasets/masoudnickparvar/brain-tumor-mri-dataset/versions/2/Training/glioma/Tr-gl_327.jpg,TUMOR,train
C:/Users/Ankit/.cache/kagglehub/datasets/masoudnickparvar/brain-tumor-mri-dataset/versions/2/Training/glioma/Tr-gl_249.jpg,TUMOR,train
C:/Users/Ankit/.cache/kagglehub/datasets/masoudnickparvar/brain-tumor-mri-dataset/versions/2/Training/glioma/Tr-gl_513.jpg,TUMOR,train
C:/Users/Ankit/.cache/kagglehub/datasets/masoudnickparvar/brain-tumor-mri-dataset/versions/2/Testing/glioma/Te-gl_180.jpg,TUMOR,train
C:/Users/Ankit/.cache/kagglehub/datasets/masoudnickparvar/brain-tumor-mri-dataset/versions/2/Testing/glioma/Te-gl_103.jpg,TUMOR,train
C:/Users/Ankit/.cache/kagglehub/datasets/masoudnickparvar/brain-tumor-mri-dataset/versions/2/Training/meningioma/Tr-me_123.jpg,TUMOR,train
C:/Users/Ankit/.cache/kagglehub/datasets/masoudnickparvar/brain-tumor-mri-dataset/versions/2/Training/meningioma/Tr-me_300.jpg,TUMOR,train
C:/Users/Ankit/.cache/kagglehub/datasets/masoudnickparvar/brain-tumor-mri-dataset/versions/2/Training/glioma/Tr-gl_606.jpg,TUMOR,train
C:/Users/Ankit/.cache/kagglehub/datasets/masoudnickparvar/brain-tumor-mri-dataset/versions/2/Training/meningioma/Tr-me_894.jpg,TUMOR,train
C:/Users/Ankit/.cache/kagglehub/datasets/masoudnickparvar/brain-tumor-mri-dataset/versions/2/Training/meningioma/Tr-me_425.jpg,TUMOR,train
C:/Users/Ankit/.cache/kagglehub/datasets/masoudnickparvar/brain-tumor-mri-dataset/versions/2/Training/meningioma/Tr-me_118.jpg,TUMOR,train
C:/Users/Ankit/.cache/kagglehub/datasets/masoudnickparvar/brain-tumor-mri-dataset/versions/2/Training/pituitary/Tr-pi_142.jpg,TUMOR,train
C:/Users/Ankit/.cache/kagglehub/datasets/masoudnickparvar/brain-tumor-mri-dataset/versions/2/Training/meningioma/Tr-me_169.jpg,TUMOR,train
C:/Users/Ankit/.cache/kagglehub/datasets/masoudnickparvar/brain-tumor-mri-dataset/versions/2/Training/meningioma/Tr-me_549.jpg,TUMOR,train
C:/Users/Ankit/.cache/kagglehub/datasets/masoudnickparvar/brain-tumor-mri-dataset/versions/2/Testing/meningioma/Te-me_116.jpg,TUMOR,train
C:/Users/Ankit/.cache/kagglehub/datasets/masoudnickparvar/brain-tumor-mri-dataset/versions/2/Training/pituitary/Tr-pi_743.jpg,TUMOR,train
C:/Users/Ankit/.cache/kagglehub/datasets/masoudnickparvar/brain-tumor-mri-dataset/versions/2/Training/glioma/Tr-gl_976.jpg,TUMOR,train
C:/Users/Ankit/.cache/kagglehub/datasets/masoudnickparvar/brain-tumor-mri-dataset/versions/2/Training/meningioma/Tr-me_713.jpg,TUMOR,train
C:/Users/Ankit/.cache/kagglehub/datasets/masoudnickparvar/brain-tumor-mri-dataset/versions/2/Training/pituitary/Tr-pi_1062.jpg,TUMOR,train
C:/Users/Ankit/.cache/kagglehub/datasets/masoudnickparvar/brain-tumor-mri-dataset/versions/2/Training/glioma/Tr-gl_546.jpg,TUMOR,train
C:/Users/Ankit/.cache/kagglehub/datasets/masoudnickparvar/brain-tumor-mri-dataset/versions/2/Training/glioma/Tr-gl_904.jpg,TUMOR,train
C:/Users/Ankit/.cache/kagglehub/datasets/masoudnickparvar/brain-tumor-mri-dataset/versions/2/Testing/glioma/Te-gl_200.jpg,TUMOR,train
C:/Users/Ankit/.cache/kagglehub/datasets/masoudnickparvar/brain-tumor-mri-dataset/versions/2/Training/pituitary/Tr-pi_1269.jpg,TUMOR,train
C:/Users/Ankit/.cache/kagglehub/datasets/masoudnickparvar/brain-tumor-mri-dataset/versions/2/Training/pituitary/Tr-pi_356.jpg,TUMOR,train
C:/Users/Ankit/.cache/kagglehub/datasets/masoudnickparvar/brain-tumor-mri-dataset/versions/2/Training/meningioma/Tr-me_170.jpg,TUMOR,train
C:/Users/Ankit/.cache/kagglehub/datasets/masoudnickparvar/brain-tumor-mri-dataset/versions/2/Training/pituitary/Tr-pi_1264.jpg,TUMOR,train
C:/Users/Ankit/.cache/kagglehub/datasets/masoudnickparvar/brain-tumor-mri-dataset/versions/2/Testing/glioma/Te-gl_240.jpg,TUMOR,train
C:/Users/Ankit/.cache/kagglehub/datasets/masoudnickparvar/brain-tumor-mri-dataset/versions/2/Training/meningioma/Tr-me_1300.jpg,TUMOR,train
C:/Users/Ankit/.cache/kagglehub/datasets/masoudnickparvar/brain-tumor-mri-dataset/versions/2/Training/pituitary/Tr-pi_503.jpg,TUMOR,train
C:/Users/Ankit/.cache/kagglehub/datasets/masoudnickparvar/brain-tumor-mri-dataset/versions/2/Training/glioma/Tr-gl_1230.jpg,TUMOR,train
C:/Users/Ankit/.cache/kagglehub/datasets/masoudnickparvar/brain-tumor-mri-dataset/versions/2/Training/pituitary/Tr-pi_116.jpg,TUMOR,train
C:/Users/Ankit/.cache/kagglehub/datasets/masoudnickparvar/brain-tumor-mri-dataset/versions/2/Testing/glioma/Te-gl_216.jpg,TUMOR,train
C:/Users/Ankit/.cache/kagglehub/datasets/masoudnickparvar/brain-tumor-mri-dataset/versions/2/Training/meningioma/Tr-me_459.jpg,TUMOR,train
C:/Users/Ankit/.cache/kagglehub/datasets/masoudnickparvar/brain-tumor-mri-dataset/versions/2/Training/pituitary/Tr-pi_1310.jpg,TUMOR,train
C:/Users/Ankit/.cache/kagglehub/datasets/masoudnickparvar/brain-tumor-mri-dataset/versions/2/Training/pituitary/Tr-pi_173.jpg,TUMOR,train
C:/Users/Ankit/.cache/kagglehub/datasets/masoudnickparvar/brain-tumor-mri-dataset/versions/2/Training/glioma/Tr-gl_145.jpg,TUMOR,train
C:/Users/Ankit/.cache/kagglehub/datasets/masoudnickparvar/brain-tumor-mri-dataset/versions/2/Testing/meningioma/Te-me_264.jpg,TUMOR,train
C:/Users/Ankit/.cache/kagglehub/datasets/masoudnickparvar/brain-tumor-mri-dataset/versions/2/Testing/glioma/Te-gl_153.jpg,TUMOR,train
C:/Users/Ankit/.cache/kagglehub/datasets/masoudnickparvar/brain-tumor-mri-dataset/versions/2/Training/glioma/Tr-gl_134.jpg,TUMOR,train
C:/Users/Ankit/.cache/kagglehub/datasets/masoudnickparvar/brain-tumor-mri-dataset/versions/2/Testing/glioma/Te-gl_316.jpg,TUMOR,train
C:/Users/Ankit/.cache/kagglehub/datasets/masoudnickparvar/brain-tumor-mri-dataset/versions/2/Training/pituitary/Tr-pi_332.jpg,TUMOR,train
C:/Users/Ankit/.cache/kagglehub/datasets/masoudnickparvar/brain-tumor-mri-dataset/versions/2/Training/glioma/Tr-gl_127.jpg,TUMOR,train
C:/Users/Ankit/.cache/kagglehub/datasets/masoudnickparvar/brain-tumor-mri-dataset/versions/2/Testing/meningioma/Te-me_141.jpg,TUMOR,train
C:/Users/Ankit/.cache/kagglehub/datasets/masoudnickparvar/brain-tumor-mri-dataset/versions/2/Training/pituitary/Tr-pi_353.jpg,TUMOR,train
C:/Users/Ankit/.cache/kagglehub/datasets/masoudnickparvar/brain-tumor-mri-dataset/versions/2/Training/meningioma/Tr-me_62.jpg,TUMOR,train
C:/Users/Ankit/.cache/kagglehub/datasets/masoudnickparvar/brain-tumor-mri-dataset/versions/2/Training/meningioma/Tr-me_696.jpg,TUMOR,train
C:/Users/Ankit/.cache/kagglehub/datasets/masoudnickparvar/brain-tumor-mri-dataset/versions/2/Training/meningioma/Tr-aug-me_22.jpg,TUMOR,train
C:/Users/Ankit/.cache/kagglehub/datasets/masoudnickparvar/brain-tumor-mri-dataset/versions/2/Testing/meningioma/Te-me_64.jpg,TUMOR,train
C:/Users/Ankit/.cache/kagglehub/datasets/masoudnickparvar/brain-tumor-mri-dataset/versions/2/Testing/glioma/Te-gl_46.jpg,TUMOR,train
C:/Users/Ankit/.cache/kagglehub/datasets/masoudnickparvar/brain-tumor-mri-dataset/versions/2/Testing/meningioma/Te-me_123.jpg,TUMOR,train
C:/Users/Ankit/.cache/kagglehub/datasets/masoudnickparvar/brain-tumor-mri-dataset/versions/2/Training/meningioma/Tr-aug-me_46.jpg,TUMOR,train
C:/Users/Ankit/.cache/kagglehub/datasets/masoudnickparvar/brain-tumor-mri-dataset/versions/2/Training/glioma/Tr-gl_951.jpg,TUMOR,train
C:/Users/Ankit/.cache/kagglehub/datasets/masoudnickparvar/brain-tumor-mri-dataset/versions/2/Training/glioma/Tr-gl_1361.jpg,TUMOR,train
C:/Users/Ankit/.cache/kagglehub/datasets/masoudnickparvar/brain-tumor-mri-dataset/versions/2/Training/meningioma/Tr-aug-me_70.jpg,TUMOR,train
C:/Users/Ankit/.cache/kagglehub/datasets/masoudnickparvar/brain-tumor-mri-dataset/versions/2/Training/meningioma/Tr-me_331.jpg,TUMOR,train
C:/Users/Ankit/.cache/kagglehub/datasets/masoudnickparvar/brain-tumor-mri-dataset/versions/2/Training/meningioma/Tr-me_958.jpg,TUMOR,train
C:/Users/Ankit/.cache/kagglehub/datasets/masoudnickparvar/brain-tumor-mri-dataset/versions/2/Training/meningioma/Tr-me_1245.jpg,TUMOR,train
C:/Users/Ankit/.cache/kagglehub/datasets/masoudnickparvar/brain-tumor-mri-dataset/versions/2/Training/pituitary/Tr-pi_588.jpg,TUMOR,train
C:/Users/Ankit/.cache/kagglehub/datasets/masoudnickparvar/brain-tumor-mri-dataset/versions/2/Training/pituitary/Tr-pi_539.jpg,TUMOR,train
C:/Users/Ankit/.cache/kagglehub/datasets/masoudnickparvar/brain-tumor-mri-dataset/versions/2/Training/glioma/Tr-gl_583.jpg,TUMOR,train
C:/Users/Ankit/.cache/kagglehub/datasets/masoudnickparvar/brain-tumor-mri-dataset/versions/2/Testing/glioma/Te-gl_352.jpg,TUMOR,train
C:/Users/Ankit/.cache/kagglehub/datasets/masoudnickparvar/brain-tumor-mri-dataset/versions/2/Training/glioma/Tr-gl_830.jpg,TUMOR,train
C:/Users/Ankit/.cache/kagglehub/datasets/masoudnickparvar/brain-tumor-mri-dataset/versions/2/Testing/glioma/Te-gl_121.jpg,TUMOR,train
C:/Users/Ankit/.cache/kagglehub/datasets/masoudnickparvar/brain-tumor-mri-dataset/versions/2/Training/pituitary/Tr-pi_987.jpg,TUMOR,train
C:/Users/Ankit/.cache/kagglehub/datasets/masoudnickparvar/brain-tumor-mri-dataset/versions/2/Training/meningioma/Tr-me_442.jpg,TUMOR,train
C:/Users/Ankit/.cache/kagglehub/datasets/masoudnickparvar/brain-tumor-mri-dataset/versions/2/Training/pituitary/Tr-pi_311.jpg,TUMOR,train
C:/Users/Ankit/.cache/kagglehub/datasets/masoudnickparvar/brain-tumor-mri-dataset/versions/2/Training/pituitary/Tr-pi_1272.jpg,TUMOR,train
C:/Users/Ankit/.cache/kagglehub/datasets/masoudnickparvar/brain-tumor-mri-dataset/versions/2/Training/meningioma/Tr-aug-me_16.jpg,TUMOR,train
C:/Users/Ankit/.cache/kagglehub/datasets/masoudnickparvar/brain-tumor-mri-dataset/versions/2/Training/pituitary/Tr-pi_1302.jpg,TUMOR,train
C:/Users/Ankit/.cache/kagglehub/datasets/masoudnickparvar/brain-tumor-mri-dataset/versions/2/Testing/meningioma/Te-me_216.jpg,TUMOR,train
C:/Users/Ankit/.cache/kagglehub/datasets/masoudnickparvar/brain-tumor-mri-dataset/versions/2/Training/pituitary/Tr-pi_645.jpg,TUMOR,train
C:/Users/Ankit/.cache/kagglehub/datasets/masoudnickparvar/brain-tumor-mri-dataset/versions/2/Training/pituitary/Tr-pi_421.jpg,TUMOR,train
C:/Users/Ankit/.cache/kagglehub/datasets/masoudnickparvar/brain-tumor-mri-dataset/versions/2/Training/pituitary/Tr-pi_375.jpg,TUMOR,train
C:/Users/Ankit/.cache/kagglehub/datasets/masoudnickparvar/brain-tumor-mri-dataset/versions/2/Testing/pituitary/Te-pi_214.jpg,TUMOR,train
C:/Users/Ankit/.cache/kagglehub/datasets/masoudnickparvar/brain-tumor-mri-dataset/versions/2/Training/pituitary/Tr-pi_730.jpg,TUMOR,train
C:/Users/Ankit/.cache/kagglehub/datasets/masoudnickparvar/brain-tumor-mri-dataset/versions/2/Training/meningioma/Tr-me_1011.jpg,TUMOR,train
C:/Users/Ankit/.cache/kagglehub/datasets/masoudnickparvar/brain-tumor-mri-dataset/versions/2/Testing/glioma/Te-gl_258.jpg,TUMOR,train
C:/Users/Ankit/.cache/kagglehub/datasets/masoudnickparvar/brain-tumor-mri-dataset/versions/2/Testing/meningioma/Te-aug-me_97.jpg,TUMOR,train
C:/Users/Ankit/.cache/kagglehub/datasets/masoudnickparvar/brain-tumor-mri-dataset/versions/2/Testing/glioma/Te-gl_205.jpg,TUMOR,train
C:/Users/Ankit/.cache/kagglehub/datasets/masoudnickparvar/brain-tumor-mri-dataset/versions/2/Training/pituitary/Tr-pi_23.jpg,TUMOR,train
C:/Users/Ankit/.cache/kagglehub/datasets/masoudnickparvar/brain-tumor-mri-dataset/versions/2/Training/pituitary/Tr-pi_289.jpg,TUMOR,train
C:/Users/Ankit/.cache/kagglehub/datasets/masoudnickparvar/brain-tumor-mri-dataset/versions/2/Training/glioma/Tr-gl_1263.jpg,TUMOR,train
C:/Users/Ankit/.cache/kagglehub/datasets/masoudnickparvar/brain-tumor-mri-dataset/versions/2/Training/glioma/Tr-gl_601.jpg,TUMOR,train
C:/Users/Ankit/.cache/kagglehub/datasets/masoudnickparvar/brain-tumor-mri-dataset/versions/2/Training/glioma/Tr-gl_1205.jpg,TUMOR,train
C:/Users/Ankit/.cache/kagglehub/datasets/masoudnickparvar/brain-tumor-mri-dataset/versions/2/Training/meningioma/Tr-me_1033.jpg,TUMOR,train
C:/Users/Ankit/.cache/kagglehub/datasets/masoudnickparvar/brain-tumor-mri-dataset/versions/2/Testing/glioma/Te-gl_220.jpg,TUMOR,train
C:/Users/Ankit/.cache/kagglehub/datasets/masoudnickparvar/brain-tumor-mri-dataset/versions/2/Training/meningioma/Tr-aug-me_30.jpg,TUMOR,train
C:/Users/Ankit/.cache/kagglehub/datasets/masoudnickparvar/brain-tumor-mri-dataset/versions/2/Training/glioma/Tr-gl_1173.jpg,TUMOR,train
C:/Users/Ankit/.cache/kagglehub/datasets/masoudnickparvar/brain-tumor-mri-dataset/versions/2/Training/pituitary/Tr-pi_1002.jpg,TUMOR,train
C:/Users/Ankit/.cache/kagglehub/datasets/masoudnickparvar/brain-tumor-mri-dataset/versions/2/Training/glioma/Tr-gl_197.jpg,TUMOR,train
C:/Users/Ankit/.cache/kagglehub/datasets/masoudnickparvar/brain-tumor-mri-dataset/versions/2/Training/glioma/Tr-gl_1325.jpg,TUMOR,train
C:/Users/Ankit/.cache/kagglehub/datasets/masoudnickparvar/brain-tumor-mri-dataset/versions/2/Training/glioma/Tr-gl_1088.jpg,TUMOR,train
C:/Users/Ankit/.cache/kagglehub/datasets/masoudnickparvar/brain-tumor-mri-dataset/versions/2/Training/meningioma/Tr-me_578.jpg,TUMOR,train
C:/Users/Ankit/.cache/kagglehub/datasets/masoudnickparvar/brain-tumor-mri-dataset/versions/2/Training/pituitary/Tr-pi_1000.jpg,TUMOR,train
C:/Users/Ankit/.cache/kagglehub/datasets/masoudnickparvar/brain-tumor-mri-dataset/versions/2/Testing/meningioma/Te-me_249.jpg,TUMOR,train
C:/Users/Ankit/.cache/kagglehub/datasets/masoudnickparvar/brain-tumor-mri-dataset/versions/2/Training/meningioma/Tr-me_947.jpg,TUMOR,train
C:/Users/Ankit/.cache/kagglehub/datasets/masoudnickparvar/brain-tumor-mri-dataset/versions/2/Training/pituitary/Tr-pi_337.jpg,TUMOR,train
C:/Users/Ankit/.cache/kagglehub/datasets/masoudnickparvar/brain-tumor-mri-dataset/versions/2/Training/glioma/Tr-gl_147.jpg,TUMOR,train
C:/Users/Ankit/.cache/kagglehub/datasets/masoudnickparvar/brain-tumor-mri-dataset/versions/2/Training/meningioma/Tr-me_164.jpg,TUMOR,train
C:/Users/Ankit/.cache/kagglehub/datasets/masoudnickparvar/brain-tumor-mri-dataset/versions/2/Training/meningioma/Tr-me_1278.jpg,TUMOR,train
C:/Users/Ankit/.cache/kagglehub/datasets/masoudnickparvar/brain-tumor-mri-dataset/versions/2/Testing/pituitary/Te-pi_321.jpg,TUMOR,train
C:/Users/Ankit/.cache/kagglehub/datasets/masoudnickparvar/brain-tumor-mri-dataset/versions/2/Training/meningioma/Tr-me_1268.jpg,TUMOR,train
C:/Users/Ankit/.cache/kagglehub/datasets/masoudnickparvar/brain-tumor-mri-dataset/versions/2/Training/pituitary/Tr-pi_1321.jpg,TUMOR,train
C:/Users/Ankit/.cache/kagglehub/datasets/masoudnickparvar/brain-tumor-mri-dataset/versions/2/Training/meningioma/Tr-me_573.jpg,TUMOR,train
C:/Users/Ankit/.cache/kagglehub/datasets/masoudnickparvar/brain-tumor-mri-dataset/versions/2/Training/glioma/Tr-gl_815.jpg,TUMOR,train
C:/Users/Ankit/.cache/kagglehub/datasets/masoudnickparvar/brain-tumor-mri-dataset/versions/2/Training/pituitary/Tr-pi_798.jpg,TUMOR,train
C:/Users/Ankit/.cache/kagglehub/datasets/masoudnickparvar/brain-tumor-mri-dataset/versions/2/Training/meningioma/Tr-me_179.jpg,TUMOR,train
C:/Users/Ankit/.cache/kagglehub/datasets/masoudnickparvar/brain-tumor-mri-dataset/versions/2/Training/glioma/Tr-gl_814.jpg,TUMOR,train
C:/Users/Ankit/.cache/kagglehub/datasets/masoudnickparvar/brain-tumor-mri-dataset/versions/2/Testing/pituitary/Te-pi_368.jpg,TUMOR,train
C:/Users/Ankit/.cache/kagglehub/datasets/masoudnickparvar/brain-tumor-mri-dataset/versions/2/Training/meningioma/Tr-aug-me_18.jpg,TUMOR,train
C:/Users/Ankit/.cache/kagglehub/datasets/masoudnickparvar/brain-tumor-mri-dataset/versions/2/Training/pituitary/Tr-pi_716.jpg,TUMOR,train
C:/Users/Ankit/.cache/kagglehub/datasets/masoudnickparvar/brain-tumor-mri-dataset/versions/2/Training/meningioma/Tr-me_421.jpg,TUMOR,train
C:/Users/Ankit/.cache/kagglehub/datasets/masoudnickparvar/brain-tumor-mri-dataset/versions/2/Training/glioma/Tr-gl_1211.jpg,TUMOR,train
C:/Users/Ankit/.cache/kagglehub/datasets/masoudnickparvar/brain-tumor-mri-dataset/versions/2/Training/glioma/Tr-gl_545.jpg,TUMOR,train
C:/Users/Ankit/.cache/kagglehub/datasets/masoudnickparvar/brain-tumor-mri-dataset/versions/2/Testing/pituitary/Te-pi_144.jpg,TUMOR,train
C:/Users/Ankit/.cache/kagglehub/datasets/masoudnickparvar/brain-tumor-mri-dataset/versions/2/Training/glioma/Tr-gl_642.jpg,TUMOR,train
C:/Users/Ankit/.cache/kagglehub/datasets/masoudnickparvar/brain-tumor-mri-dataset/versions/2/Training/pituitary/Tr-pi_222.jpg,TUMOR,train
C:/Users/Ankit/.cache/kagglehub/datasets/masoudnickparvar/brain-tumor-mri-dataset/versions/2/Training/glioma/Tr-gl_1231.jpg,TUMOR,train
C:/Users/Ankit/.cache/kagglehub/datasets/masoudnickparvar/brain-tumor-mri-dataset/versions/2/Training/pituitary/Tr-pi_1028.jpg,TUMOR,train
C:/Users/Ankit/.cache/kagglehub/datasets/masoudnickparvar/brain-tumor-mri-dataset/versions/2/Training/meningioma/Tr-me_100.jpg,TUMOR,train
C:/Users/Ankit/.cache/kagglehub/datasets/masoudnickparvar/brain-tumor-mri-dataset/versions/2/Training/meningioma/Tr-me_566.jpg,TUMOR,train
C:/Users/Ankit/.cache/kagglehub/datasets/masoudnickparvar/brain-tumor-mri-dataset/versions/2/Training/meningioma/Tr-me_219.jpg,TUMOR,train
C:/Users/Ankit/.cache/kagglehub/datasets/masoudnickparvar/brain-tumor-mri-dataset/versions/2/Training/pituitary/Tr-pi_1262.jpg,TUMOR,train
C:/Users/Ankit/.cache/kagglehub/datasets/masoudnickparvar/brain-tumor-mri-dataset/versions/2/Testing/glioma/Te-gl_21.jpg,TUMOR,train
C:/Users/Ankit/.cache/kagglehub/datasets/masoudnickparvar/brain-tumor-mri-dataset/versions/2/Training/glioma/Tr-gl_359.jpg,TUMOR,train
C:/Users/Ankit/.cache/kagglehub/datasets/masoudnickparvar/brain-tumor-mri-dataset/versions/2/Testing/glioma/Te-gl_172.jpg,TUMOR,train
C:/Users/Ankit/.cache/kagglehub/datasets/masoudnickparvar/brain-tumor-mri-dataset/versions/2/Testing/meningioma/Te-aug-me_43.jpg,TUMOR,train
C:/Users/Ankit/.cache/kagglehub/datasets/masoudnickparvar/brain-tumor-mri-dataset/versions/2/Training/pituitary/Tr-pi_904.jpg,TUMOR,train
C:/Users/Ankit/.cache/kagglehub/datasets/masoudnickparvar/brain-tumor-mri-dataset/versions/2/Testing/glioma/Te-gl_124.jpg,TUMOR,train
C:/Users/Ankit/.cache/kagglehub/datasets/masoudnickparvar/brain-tumor-mri-dataset/versions/2/Training/glioma/Tr-gl_972.jpg,TUMOR,train
C:/Users/Ankit/.cache/kagglehub/datasets/masoudnickparvar/brain-tumor-mri-dataset/versions/2/Training/glioma/Tr-gl_100.jpg,TUMOR,train
C:/Users/Ankit/.cache/kagglehub/datasets/masoudnickparvar/brain-tumor-mri-dataset/versions/2/Testing/glioma/Te-gl_13.jpg,TUMOR,train
C:/Users/Ankit/.cache/kagglehub/datasets/masoudnickparvar/brain-tumor-mri-dataset/versions/2/Training/meningioma/Tr-me_565.jpg,TUMOR,train
C:/Users/Ankit/.cache/kagglehub/datasets/masoudnickparvar/brain-tumor-mri-dataset/versions/2/Training/glioma/Tr-gl_827.jpg,TUMOR,train
C:/Users/Ankit/.cache/kagglehub/datasets/masoudnickparvar/brain-tumor-mri-dataset/versions/2/Training/meningioma/Tr-me_1158.jpg,TUMOR,train
C:/Users/Ankit/.cache/kagglehub/datasets/masoudnickparvar/brain-tumor-mri-dataset/versions/2/Training/glioma/Tr-gl_1324.jpg,TUMOR,train
C:/Users/Ankit/.cache/kagglehub/datasets/masoudnickparvar/brain-tumor-mri-dataset/versions/2/Training/pituitary/Tr-pi_1227.jpg,TUMOR,train
C:/Users/Ankit/.cache/kagglehub/datasets/masoudnickparvar/brain-tumor-mri-dataset/versions/2/Training/glioma/Tr-gl_1177.jpg,TUMOR,train
C:/Users/Ankit/.cache/kagglehub/datasets/masoudnickparvar/brain-tumor-mri-dataset/versions/2/Training/pituitary/Tr-pi_107.jpg,TUMOR,train
C:/Users/Ankit/.cache/kagglehub/datasets/masoudnickparvar/brain-tumor-mri-dataset/versions/2/Training/pituitary/Tr-pi_641.jpg,TUMOR,train
C:/Users/Ankit/.cache/kagglehub/datasets/masoudnickparvar/brain-tumor-mri-dataset/versions/2/Testing/pituitary/Te-pi_154.jpg,TUMOR,train
C:/Users/Ankit/.cache/kagglehub/datasets/masoudnickparvar/brain-tumor-mri-dataset/versions/2/Testing/pituitary/Te-pi_67.jpg,TUMOR,train
C:/Users/Ankit/.cache/kagglehub/datasets/masoudnickparvar/brain-tumor-mri-dataset/versions/2/Training/glioma/Tr-gl_204.jpg,TUMOR,train
C:/Users/Ankit/.cache/kagglehub/datasets/masoudnickparvar/brain-tumor-mri-dataset/versions/2/Training/pituitary/Tr-pi_1093.jpg,TUMOR,train
C:/Users/Ankit/.cache/kagglehub/datasets/masoudnickparvar/brain-tumor-mri-dataset/versions/2/Training/pituitary/Tr-pi_962.jpg,TUMOR,train
C:/Users/Ankit/.cache/kagglehub/datasets/masoudnickparvar/brain-tumor-mri-dataset/versions/2/Training/meningioma/Tr-me_602.jpg,TUMOR,train
C:/Users/Ankit/.cache/kagglehub/datasets/masoudnickparvar/brain-tumor-mri-dataset/versions/2/Testing/meningioma/Te-me_23.jpg,TUMOR,train
C:/Users/Ankit/.cache/kagglehub/datasets/masoudnickparvar/brain-tumor-mri-dataset/versions/2/Training/meningioma/Tr-me_275.jpg,TUMOR,train
C:/Users/Ankit/.cache/kagglehub/datasets/masoudnickparvar/brain-tumor-mri-dataset/versions/2/Training/pituitary/Tr-pi_237.jpg,TUMOR,train
C:/Users/Ankit/.cache/kagglehub/datasets/masoudnickparvar/brain-tumor-mri-dataset/versions/2/Testing/glioma/Te-gl_120.jpg,TUMOR,train
C:/Users/Ankit/.cache/kagglehub/datasets/masoudnickparvar/brain-tumor-mri-dataset/versions/2/Training/glioma/Tr-gl_297.jpg,TUMOR,train
C:/Users/Ankit/.cache/kagglehub/datasets/masoudnickparvar/brain-tumor-mri-dataset/versions/2/Testing/pituitary/Te-pi_352.jpg,TUMOR,train
C:/Users/Ankit/.cache/kagglehub/datasets/masoudnickparvar/brain-tumor-mri-dataset/versions/2/Training/glioma/Tr-gl_498.jpg,TUMOR,train
C:/Users/Ankit/.cache/kagglehub/datasets/masoudnickparvar/brain-tumor-mri-dataset/versions/2/Training/glioma/Tr-gl_1012.jpg,TUMOR,train
C:/Users/Ankit/.cache/kagglehub/datasets/masoudnickparvar/brain-tumor-mri-dataset/versions/2/Training/meningioma/Tr-me_99.jpg,TUMOR,train
C:/Users/Ankit/.cache/kagglehub/datasets/masoudnickparvar/brain-tumor-mri-dataset/versions/2/Testing/pituitary/Te-pi_30.jpg,TUMOR,train
C:/Users/Ankit/.cache/kagglehub/datasets/masoudnickparvar/brain-tumor-mri-dataset/versions/2/Training/pituitary/Tr-pi_79.jpg,TUMOR,train
C:/Users/Ankit/.cache/kagglehub/datasets/masoudnickparvar/brain-tumor-mri-dataset/versions/2/Training/meningioma/Tr-me_922.jpg,TUMOR,train
C:/Users/Ankit/.cache/kagglehub/datasets/masoudnickparvar/brain-tumor-mri-dataset/versions/2/Testing/meningioma/Te-me_90.jpg,TUMOR,train
C:/Users/Ankit/.cache/kagglehub/datasets/masoudnickparvar/brain-tumor-mri-dataset/versions/2/Training/meningioma/Tr-me_680.jpg,TUMOR,train
C:/Users/Ankit/.cache/kagglehub/datasets/masoudnickparvar/brain-tumor-mri-dataset/versions/2/Testing/meningioma/Te-aug-me_88.jpg,TUMOR,train
C:/Users/Ankit/.cache/kagglehub/datasets/masoudnickparvar/brain-tumor-mri-dataset/versions/2/Training/glioma/Tr-gl_932.jpg,TUMOR,train
C:/Users/Ankit/.cache/kagglehub/datasets/masoudnickparvar/brain-tumor-mri-dataset/versions/2/Training/glioma/Tr-gl_838.jpg,TUMOR,train
C:/Users/Ankit/.cache/kagglehub/datasets/masoudnickparvar/brain-tumor-mri-dataset/versions/2/Training/meningioma/Tr-me_831.jpg,TUMOR,train
C:/Users/Ankit/.cache/kagglehub/datasets/masoudnickparvar/brain-tumor-mri-dataset/versions/2/Testing/glioma/Te-gl_2.jpg,TUMOR,train
C:/Users/Ankit/.cache/kagglehub/datasets/masoudnickparvar/brain-tumor-mri-dataset/versions/2/Training/meningioma/Tr-me_935.jpg,TUMOR,train
C:/Users/Ankit/.cache/kagglehub/datasets/masoudnickparvar/brain-tumor-mri-dataset/versions/2/Training/meningioma/Tr-me_160.jpg,TUMOR,train
C:/Users/Ankit/.cache/kagglehub/datasets/masoudnickparvar/brain-tumor-mri-dataset/versions/2/Training/pituitary/Tr-pi_763.jpg,TUMOR,train
C:/Users/Ankit/.cache/kagglehub/datasets/masoudnickparvar/brain-tumor-mri-dataset/versions/2/Training/meningioma/Tr-me_7.jpg,TUMOR,train
C:/Users/Ankit/.cache/kagglehub/datasets/masoudnickparvar/brain-tumor-mri-dataset/versions/2/Testing/glioma/Te-gl_87.jpg,TUMOR,train
C:/Users/Ankit/.cache/kagglehub/datasets/masoudnickparvar/brain-tumor-mri-dataset/versions/2/Testing/pituitary/Te-pi_318.jpg,TUMOR,train
C:/Users/Ankit/.cache/kagglehub/datasets/masoudnickparvar/brain-tumor-mri-dataset/versions/2/Training/pituitary/Tr-pi_275.jpg,TUMOR,train
C:/Users/Ankit/.cache/kagglehub/datasets/masoudnickparvar/brain-tumor-mri-dataset/versions/2/Testing/pituitary/Te-pi_333.jpg,TUMOR,train
C:/Users/Ankit/.cache/kagglehub/datasets/masoudnickparvar/brain-tumor-mri-dataset/versions/2/Training/meningioma/Tr-me_529.jpg,TUMOR,train
C:/Users/Ankit/.cache/kagglehub/datasets/masoudnickparvar/brain-tumor-mri-dataset/versions/2/Training/glioma/Tr-gl_721.jpg,TUMOR,train
C:/Users/Ankit/.cache/kagglehub/datasets/masoudnickparvar/brain-tumor-mri-dataset/versions/2/Training/meningioma/Tr-me_874.jpg,TUMOR,train
C:/Users/Ankit/.cache/kagglehub/datasets/masoudnickparvar/brain-tumor-mri-dataset/versions/2/Training/pituitary/Tr-pi_751.jpg,TUMOR,train
C:/Users/Ankit/.cache/kagglehub/datasets/masoudnickparvar/brain-tumor-mri-dataset/versions/2/Training/meningioma/Tr-me_810.jpg,TUMOR,train
C:/Users/Ankit/.cache/kagglehub/datasets/masoudnickparvar/brain-tumor-mri-dataset/versions/2/Training/pituitary/Tr-pi_1074.jpg,TUMOR,train
C:/Users/Ankit/.cache/kagglehub/datasets/masoudnickparvar/brain-tumor-mri-dataset/versions/2/Testing/glioma/Te-gl_148.jpg,TUMOR,train
C:/Users/Ankit/.cache/kagglehub/datasets/masoudnickparvar/brain-tumor-mri-dataset/versions/2/Training/pituitary/Tr-pi_368.jpg,TUMOR,train
C:/Users/Ankit/.cache/kagglehub/datasets/masoudnickparvar/brain-tumor-mri-dataset/versions/2/Training/meningioma/Tr-me_257.jpg,TUMOR,train
C:/Users/Ankit/.cache/kagglehub/datasets/masoudnickparvar/brain-tumor-mri-dataset/versions/2/Training/glioma/Tr-gl_851.jpg,TUMOR,train
C:/Users/Ankit/.cache/kagglehub/datasets/masoudnickparvar/brain-tumor-mri-dataset/versions/2/Training/pituitary/Tr-pi_240.jpg,TUMOR,train
C:/Users/Ankit/.cache/kagglehub/datasets/masoudnickparvar/brain-tumor-mri-dataset/versions/2/Training/glioma/Tr-gl_1038.jpg,TUMOR,train
C:/Users/Ankit/.cache/kagglehub/datasets/masoudnickparvar/brain-tumor-mri-dataset/versions/2/Training/meningioma/Tr-me_385.jpg,TUMOR,train
C:/Users/Ankit/.cache/kagglehub/datasets/masoudnickparvar/brain-tumor-mri-dataset/versions/2/Training/pituitary/Tr-pi_1057.jpg,TUMOR,train
C:/Users/Ankit/.cache/kagglehub/datasets/masoudnickparvar/brain-tumor-mri-dataset/versions/2/Training/pituitary/Tr-pi_679.jpg,TUMOR,train
C:/Users/Ankit/.cache/kagglehub/datasets/masoudnickparvar/brain-tumor-mri-dataset/versions/2/Training/pituitary/Tr-pi_482.jpg,TUMOR,train
C:/Users/Ankit/.cache/kagglehub/datasets/masoudnickparvar/brain-tumor-mri-dataset/versions/2/Training/meningioma/Tr-me_81.jpg,TUMOR,train
C:/Users/Ankit/.cache/kagglehub/datasets/masoudnickparvar/brain-tumor-mri-dataset/versions/2/Training/meningioma/Tr-me_1261.jpg,TUMOR,train
C:/Users/Ankit/.cache/kagglehub/datasets/masoudnickparvar/brain-tumor-mri-dataset/versions/2/Training/glioma/Tr-gl_1106.jpg,TUMOR,train
C:/Users/Ankit/.cache/kagglehub/datasets/masoudnickparvar/brain-tumor-mri-dataset/versions/2/Testing/meningioma/Te-me_157.jpg,TUMOR,train
C:/Users/Ankit/.cache/kagglehub/datasets/masoudnickparvar/brain-tumor-mri-dataset/versions/2/Testing/meningioma/Te-me_102.jpg,TUMOR,train
C:/Users/Ankit/.cache/kagglehub/datasets/masoudnickparvar/brain-tumor-mri-dataset/versions/2/Training/pituitary/Tr-pi_361.jpg,TUMOR,train
C:/Users/Ankit/.cache/kagglehub/datasets/masoudnickparvar/brain-tumor-mri-dataset/versions/2/Training/pituitary/Tr-pi_950.jpg,TUMOR,train
C:/Users/Ankit/.cache/kagglehub/datasets/masoudnickparvar/brain-tumor-mri-dataset/versions/2/Training/pituitary/Tr-pi_1082.jpg,TUMOR,train
C:/Users/Ankit/.cache/kagglehub/datasets/masoudnickparvar/brain-tumor-mri-dataset/versions/2/Training/glioma/Tr-gl_677.jpg,TUMOR,train
C:/Users/Ankit/.cache/kagglehub/datasets/masoudnickparvar/brain-tumor-mri-dataset/versions/2/Training/pituitary/Tr-pi_835.jpg,TUMOR,train
C:/Users/Ankit/.cache/kagglehub/datasets/masoudnickparvar/brain-tumor-mri-dataset/versions/2/Training/glioma/Tr-gl_470.jpg,TUMOR,train
C:/Users/Ankit/.cache/kagglehub/datasets/masoudnickparvar/brain-tumor-mri-dataset/versions/2/Training/meningioma/Tr-me_332.jpg,TUMOR,train
C:/Users/Ankit/.cache/kagglehub/datasets/masoudnickparvar/brain-tumor-mri-dataset/versions/2/Training/glioma/Tr-gl_773.jpg,TUMOR,train
C:/Users/Ankit/.cache/kagglehub/datasets/masoudnickparvar/brain-tumor-mri-dataset/versions/2/Training/pituitary/Tr-pi_532.jpg,TUMOR,train
C:/Users/Ankit/.cache/kagglehub/datasets/masoudnickparvar/brain-tumor-mri-dataset/versions/2/Training/meningioma/Tr-me_1109.jpg,TUMOR,train
C:/Users/Ankit/.cache/kagglehub/datasets/masoudnickparvar/brain-tumor-mri-dataset/versions/2/Training/meningioma/Tr-aug-me_8.jpg,TUMOR,train
C:/Users/Ankit/.cache/kagglehub/datasets/masoudnickparvar/brain-tumor-mri-dataset/versions/2/Testing/glioma/Te-gl_357.jpg,TUMOR,train
C:/Users/Ankit/.cache/kagglehub/datasets/masoudnickparvar/brain-tumor-mri-dataset/versions/2/Training/pituitary/Tr-pi_125.jpg,TUMOR,train
C:/Users/Ankit/.cache/kagglehub/datasets/masoudnickparvar/brain-tumor-mri-dataset/versions/2/Training/pituitary/Tr-pi_593.jpg,TUMOR,train
C:/Users/Ankit/.cache/kagglehub/datasets/masoudnickparvar/brain-tumor-mri-dataset/versions/2/Testing/glioma/Te-gl_259.jpg,TUMOR,train
C:/Users/Ankit/.cache/kagglehub/datasets/masoudnickparvar/brain-tumor-mri-dataset/versions/2/Training/pituitary/Tr-pi_177.jpg,TUMOR,train
C:/Users/Ankit/.cache/kagglehub/datasets/masoudnickparvar/brain-tumor-mri-dataset/versions/2/Training/pituitary/Tr-pi_151.jpg,TUMOR,train
C:/Users/Ankit/.cache/kagglehub/datasets/masoudnickparvar/brain-tumor-mri-dataset/versions/2/Training/meningioma/Tr-me_897.jpg,TUMOR,train
C:/Users/Ankit/.cache/kagglehub/datasets/masoudnickparvar/brain-tumor-mri-dataset/versions/2/Training/meningioma/Tr-me_882.jpg,TUMOR,train
C:/Users/Ankit/.cache/kagglehub/datasets/masoudnickparvar/brain-tumor-mri-dataset/versions/2/Training/pituitary/Tr-pi_154.jpg,TUMOR,train
C:/Users/Ankit/.cache/kagglehub/datasets/masoudnickparvar/brain-tumor-mri-dataset/versions/2/Testing/pituitary/Te-pi_138.jpg,TUMOR,train
C:/Users/Ankit/.cache/kagglehub/datasets/masoudnickparvar/brain-tumor-mri-dataset/versions/2/Training/pituitary/Tr-pi_1018.jpg,TUMOR,train
C:/Users/Ankit/.cache/kagglehub/datasets/masoudnickparvar/brain-tumor-mri-dataset/versions/2/Testing/glioma/Te-gl_379.jpg,TUMOR,train
C:/Users/Ankit/.cache/kagglehub/datasets/masoudnickparvar/brain-tumor-mri-dataset/versions/2/Training/glioma/Tr-gl_725.jpg,TUMOR,train
C:/Users/Ankit/.cache/kagglehub/datasets/masoudnickparvar/brain-tumor-mri-dataset/versions/2/Training/pituitary/Tr-pi_243.jpg,TUMOR,train
C:/Users/Ankit/.cache/kagglehub/datasets/masoudnickparvar/brain-tumor-mri-dataset/versions/2/Training/meningioma/Tr-me_906.jpg,TUMOR,train
C:/Users/Ankit/.cache/kagglehub/datasets/masoudnickparvar/brain-tumor-mri-dataset/versions/2/Training/glioma/Tr-gl_802.jpg,TUMOR,train
C:/Users/Ankit/.cache/kagglehub/datasets/masoudnickparvar/brain-tumor-mri-dataset/versions/2/Training/pituitary/Tr-pi_1035.jpg,TUMOR,train
C:/Users/Ankit/.cache/kagglehub/datasets/masoudnickparvar/brain-tumor-mri-dataset/versions/2/Testing/pituitary/Te-pi_190.jpg,TUMOR,train
C:/Users/Ankit/.cache/kagglehub/datasets/masoudnickparvar/brain-tumor-mri-dataset/versions/2/Training/glioma/Tr-gl_856.jpg,TUMOR,train
C:/Users/Ankit/.cache/kagglehub/datasets/masoudnickparvar/brain-tumor-mri-dataset/versions/2/Training/meningioma/Tr-me_135.jpg,TUMOR,train
C:/Users/Ankit/.cache/kagglehub/datasets/masoudnickparvar/brain-tumor-mri-dataset/versions/2/Training/glioma/Tr-gl_1042.jpg,TUMOR,train
C:/Users/Ankit/.cache/kagglehub/datasets/masoudnickparvar/brain-tumor-mri-dataset/versions/2/Training/pituitary/Tr-pi_75.jpg,TUMOR,train
C:/Users/Ankit/.cache/kagglehub/datasets/masoudnickparvar/brain-tumor-mri-dataset/versions/2/Training/pituitary/Tr-pi_1265.jpg,TUMOR,train
C:/Users/Ankit/.cache/kagglehub/datasets/masoudnickparvar/brain-tumor-mri-dataset/versions/2/Testing/pituitary/Te-pi_357.jpg,TUMOR,train
C:/Users/Ankit/.cache/kagglehub/datasets/masoudnickparvar/brain-tumor-mri-dataset/versions/2/Testing/glioma/Te-gl_225.jpg,TUMOR,train
C:/Users/Ankit/.cache/kagglehub/datasets/masoudnickparvar/brain-tumor-mri-dataset/versions/2/Testing/glioma/Te-gl_362.jpg,TUMOR,train
C:/Users/Ankit/.cache/kagglehub/datasets/masoudnickparvar/brain-tumor-mri-dataset/versions/2/Training/pituitary/Tr-pi_378.jpg,TUMOR,train
C:/Users/Ankit/.cache/kagglehub/datasets/masoudnickparvar/brain-tumor-mri-dataset/versions/2/Training/glioma/Tr-gl_786.jpg,TUMOR,train
C:/Users/Ankit/.cache/kagglehub/datasets/masoudnickparvar/brain-tumor-mri-dataset/versions/2/Testing/glioma/Te-gl_344.jpg,TUMOR,train
C:/Users/Ankit/.cache/kagglehub/datasets/masoudnickparvar/brain-tumor-mri-dataset/versions/2/Training/glioma/Tr-gl_877.jpg,TUMOR,train
C:/Users/Ankit/.cache/kagglehub/datasets/masoudnickparvar/brain-tumor-mri-dataset/versions/2/Training/meningioma/Tr-me_825.jpg,TUMOR,train
C:/Users/Ankit/.cache/kagglehub/datasets/masoudnickparvar/brain-tumor-mri-dataset/versions/2/Training/glioma/Tr-gl_157.jpg,TUMOR,train
C:/Users/Ankit/.cache/kagglehub/datasets/masoudnickparvar/brain-tumor-mri-dataset/versions/2/Training/pituitary/Tr-pi_586.jpg,TUMOR,train
C:/Users/Ankit/.cache/kagglehub/datasets/masoudnickparvar/brain-tumor-mri-dataset/versions/2/Testing/meningioma/Te-me_84.jpg,TUMOR,train
C:/Users/Ankit/.cache/kagglehub/datasets/masoudnickparvar/brain-tumor-mri-dataset/versions/2/Testing/glioma/Te-gl_351.jpg,TUMOR,train
C:/Users/Ankit/.cache/kagglehub/datasets/masoudnickparvar/brain-tumor-mri-dataset/versions/2/Training/pituitary/Tr-pi_1164.jpg,TUMOR,train
C:/Users/Ankit/.cache/kagglehub/datasets/masoudnickparvar/brain-tumor-mri-dataset/versions/2/Training/pituitary/Tr-pi_84.jpg,TUMOR,train
C:/Users/Ankit/.cache/kagglehub/datasets/masoudnickparvar/brain-tumor-mri-dataset/versions/2/Testing/meningioma/Te-me_56.jpg,TUMOR,train
C:/Users/Ankit/.cache/kagglehub/datasets/masoudnickparvar/brain-tumor-mri-dataset/versions/2/Testing/meningioma/Te-me_223.jpg,TUMOR,train
C:/Users/Ankit/.cache/kagglehub/datasets/masoudnickparvar/brain-tumor-mri-dataset/versions/2/Training/meningioma/Tr-aug-me_54.jpg,TUMOR,train
C:/Users/Ankit/.cache/kagglehub/datasets/masoudnickparvar/brain-tumor-mri-dataset/versions/2/Training/meningioma/Tr-me_243.jpg,TUMOR,train
C:/Users/Ankit/.cache/kagglehub/datasets/masoudnickparvar/brain-tumor-mri-dataset/versions/2/Training/meningioma/Tr-me_1170.jpg,TUMOR,train
C:/Users/Ankit/.cache/kagglehub/datasets/masoudnickparvar/brain-tumor-mri-dataset/versions/2/Training/glioma/Tr-gl_1265.jpg,TUMOR,train
C:/Users/Ankit/.cache/kagglehub/datasets/masoudnickparvar/brain-tumor-mri-dataset/versions/2/Testing/glioma/Te-gl_263.jpg,TUMOR,train
C:/Users/Ankit/.cache/kagglehub/datasets/masoudnickparvar/brain-tumor-mri-dataset/versions/2/Testing/meningioma/Te-me_85.jpg,TUMOR,train
C:/Users/Ankit/.cache/kagglehub/datasets/masoudnickparvar/brain-tumor-mri-dataset/versions/2/Training/pituitary/Tr-pi_734.jpg,TUMOR,train
C:/Users/Ankit/.cache/kagglehub/datasets/masoudnickparvar/brain-tumor-mri-dataset/versions/2/Testing/glioma/Te-gl_23.jpg,TUMOR,train
C:/Users/Ankit/.cache/kagglehub/datasets/masoudnickparvar/brain-tumor-mri-dataset/versions/2/Testing/pituitary/Te-pi_26.jpg,TUMOR,train
C:/Users/Ankit/.cache/kagglehub/datasets/masoudnickparvar/brain-tumor-mri-dataset/versions/2/Testing/glioma/Te-gl_342.jpg,TUMOR,train
C:/Users/Ankit/.cache/kagglehub/datasets/masoudnickparvar/brain-tumor-mri-dataset/versions/2/Training/glioma/Tr-gl_1198.jpg,TUMOR,train
C:/Users/Ankit/.cache/kagglehub/datasets/masoudnickparvar/brain-tumor-mri-dataset/versions/2/Training/glioma/Tr-gl_214.jpg,TUMOR,train
C:/Users/Ankit/.cache/kagglehub/datasets/masoudnickparvar/brain-tumor-mri-dataset/versions/2/Training/pituitary/Tr-pi_260.jpg,TUMOR,train
C:/Users/Ankit/.cache/kagglehub/datasets/masoudnickparvar/brain-tumor-mri-dataset/versions/2/Training/meningioma/Tr-me_973.jpg,TUMOR,train
C:/Users/Ankit/.cache/kagglehub/datasets/masoudnickparvar/brain-tumor-mri-dataset/versions/2/Training/meningioma/Tr-me_254.jpg,TUMOR,train
C:/Users/Ankit/.cache/kagglehub/datasets/masoudnickparvar/brain-tumor-mri-dataset/versions/2/Training/pituitary/Tr-pi_33.jpg,TUMOR,train
C:/Users/Ankit/.cache/kagglehub/datasets/masoudnickparvar/brain-tumor-mri-dataset/versions/2/Training/pituitary/Tr-pi_613.jpg,TUMOR,train
C:/Users/Ankit/.cache/kagglehub/datasets/masoudnickparvar/brain-tumor-mri-dataset/versions/2/Testing/pituitary/Te-pi_212.jpg,TUMOR,train
C:/Users/Ankit/.cache/kagglehub/datasets/masoudnickparvar/brain-tumor-mri-dataset/versions/2/Training/meningioma/Tr-me_3.jpg,TUMOR,train
C:/Users/Ankit/.cache/kagglehub/datasets/masoudnickparvar/brain-tumor-mri-dataset/versions/2/Training/meningioma/Tr-me_1111.jpg,TUMOR,train
C:/Users/Ankit/.cache/kagglehub/datasets/masoudnickparvar/brain-tumor-mri-dataset/versions/2/Training/glioma/Tr-gl_416.jpg,TUMOR,train
C:/Users/Ankit/.cache/kagglehub/datasets/masoudnickparvar/brain-tumor-mri-dataset/versions/2/Testing/pituitary/Te-pi_166.jpg,TUMOR,train
C:/Users/Ankit/.cache/kagglehub/datasets/masoudnickparvar/brain-tumor-mri-dataset/versions/2/Training/pituitary/Tr-pi_858.jpg,TUMOR,train
C:/Users/Ankit/.cache/kagglehub/datasets/masoudnickparvar/brain-tumor-mri-dataset/versions/2/Testing/glioma/Te-gl_9.jpg,TUMOR,train
C:/Users/Ankit/.cache/kagglehub/datasets/masoudnickparvar/brain-tumor-mri-dataset/versions/2/Testing/glioma/Te-gl_75.jpg,TUMOR,train
C:/Users/Ankit/.cache/kagglehub/datasets/masoudnickparvar/brain-tumor-mri-dataset/versions/2/Training/meningioma/Tr-me_639.jpg,TUMOR,train
C:/Users/Ankit/.cache/kagglehub/datasets/masoudnickparvar/brain-tumor-mri-dataset/versions/2/Training/meningioma/Tr-me_1055.jpg,TUMOR,train
C:/Users/Ankit/.cache/kagglehub/datasets/masoudnickparvar/brain-tumor-mri-dataset/versions/2/Training/pituitary/Tr-pi_479.jpg,TUMOR,train
C:/Users/Ankit/.cache/kagglehub/datasets/masoudnickparvar/brain-tumor-mri-dataset/versions/2/Training/meningioma/Tr-me_9.jpg,TUMOR,train
C:/Users/Ankit/.cache/kagglehub/datasets/masoudnickparvar/brain-tumor-mri-dataset/versions/2/Testing/glioma/Te-gl_290.jpg,TUMOR,train
C:/Users/Ankit/.cache/kagglehub/datasets/masoudnickparvar/brain-tumor-mri-dataset/versions/2/Testing/meningioma/Te-me_256.jpg,TUMOR,train
C:/Users/Ankit/.cache/kagglehub/datasets/masoudnickparvar/brain-tumor-mri-dataset/versions/2/Training/meningioma/Tr-me_479.jpg,TUMOR,train
C:/Users/Ankit/.cache/kagglehub/datasets/masoudnickparvar/brain-tumor-mri-dataset/versions/2/Testing/glioma/Te-gl_42.jpg,TUMOR,train
C:/Users/Ankit/.cache/kagglehub/datasets/masoudnickparvar/brain-tumor-mri-dataset/versions/2/Testing/pituitary/Te-pi_301.jpg,TUMOR,train
C:/Users/Ankit/.cache/kagglehub/datasets/masoudnickparvar/brain-tumor-mri-dataset/versions/2/Training/glioma/Tr-gl_1247.jpg,TUMOR,train
C:/Users/Ankit/.cache/kagglehub/datasets/masoudnickparvar/brain-tumor-mri-dataset/versions/2/Training/glioma/Tr-gl_922.jpg,TUMOR,train
C:/Users/Ankit/.cache/kagglehub/datasets/masoudnickparvar/brain-tumor-mri-dataset/versions/2/Testing/pituitary/Te-pi_39.jpg,TUMOR,train
C:/Users/Ankit/.cache/kagglehub/datasets/masoudnickparvar/brain-tumor-mri-dataset/versions/2/Testing/meningioma/Te-me_232.jpg,TUMOR,train
C:/Users/Ankit/.cache/kagglehub/datasets/masoudnickparvar/brain-tumor-mri-dataset/versions/2/Training/meningioma/Tr-me_1000.jpg,TUMOR,train
C:/Users/Ankit/.cache/kagglehub/datasets/masoudnickparvar/brain-tumor-mri-dataset/versions/2/Training/meningioma/Tr-me_1090.jpg,TUMOR,train
C:/Users/Ankit/.cache/kagglehub/datasets/masoudnickparvar/brain-tumor-mri-dataset/versions/2/Training/pituitary/Tr-pi_1363.jpg,TUMOR,train
C:/Users/Ankit/.cache/kagglehub/datasets/masoudnickparvar/brain-tumor-mri-dataset/versions/2/Training/pituitary/Tr-pi_478.jpg,TUMOR,train
C:/Users/Ankit/.cache/kagglehub/datasets/masoudnickparvar/brain-tumor-mri-dataset/versions/2/Testing/glioma/Te-gl_100.jpg,TUMOR,train
C:/Users/Ankit/.cache/kagglehub/datasets/masoudnickparvar/brain-tumor-mri-dataset/versions/2/Training/glioma/Tr-gl_340.jpg,TUMOR,train
C:/Users/Ankit/.cache/kagglehub/datasets/masoudnickparvar/brain-tumor-mri-dataset/versions/2/Training/pituitary/Tr-pi_493.jpg,TUMOR,train
C:/Users/Ankit/.cache/kagglehub/datasets/masoudnickparvar/brain-tumor-mri-dataset/versions/2/Training/pituitary/Tr-pi_513.jpg,TUMOR,train
C:/Users/Ankit/.cache/kagglehub/datasets/masoudnickparvar/brain-tumor-mri-dataset/versions/2/Training/meningioma/Tr-me_378.jpg,TUMOR,train
C:/Users/Ankit/.cache/kagglehub/datasets/masoudnickparvar/brain-tumor-mri-dataset/versions/2/Training/meningioma/Tr-me_364.jpg,TUMOR,train
C:/Users/Ankit/.cache/kagglehub/datasets/masoudnickparvar/brain-tumor-mri-dataset/versions/2/Training/meningioma/Tr-me_13.jpg,TUMOR,train
C:/Users/Ankit/.cache/kagglehub/datasets/masoudnickparvar/brain-tumor-mri-dataset/versions/2/Testing/meningioma/Te-aug-me_12.jpg,TUMOR,train
C:/Users/Ankit/.cache/kagglehub/datasets/masoudnickparvar/brain-tumor-mri-dataset/versions/2/Testing/glioma/Te-gl_269.jpg,TUMOR,train
C:/Users/Ankit/.cache/kagglehub/datasets/masoudnickparvar/brain-tumor-mri-dataset/versions/2/Training/pituitary/Tr-pi_1358.jpg,TUMOR,train
C:/Users/Ankit/.cache/kagglehub/datasets/masoudnickparvar/brain-tumor-mri-dataset/versions/2/Training/glioma/Tr-gl_1185.jpg,TUMOR,train
C:/Users/Ankit/.cache/kagglehub/datasets/masoudnickparvar/brain-tumor-mri-dataset/versions/2/Training/glioma/Tr-gl_447.jpg,TUMOR,train
C:/Users/Ankit/.cache/kagglehub/datasets/masoudnickparvar/brain-tumor-mri-dataset/versions/2/Testing/meningioma/Te-me_127.jpg,TUMOR,train
C:/Users/Ankit/.cache/kagglehub/datasets/masoudnickparvar/brain-tumor-mri-dataset/versions/2/Training/glioma/Tr-gl_1163.jpg,TUMOR,train
C:/Users/Ankit/.cache/kagglehub/datasets/masoudnickparvar/brain-tumor-mri-dataset/versions/2/Testing/pituitary/Te-pi_64.jpg,TUMOR,train
C:/Users/Ankit/.cache/kagglehub/datasets/masoudnickparvar/brain-tumor-mri-dataset/versions/2/Training/glioma/Tr-gl_1108.jpg,TUMOR,train
C:/Users/Ankit/.cache/kagglehub/datasets/masoudnickparvar/brain-tumor-mri-dataset/versions/2/Training/pituitary/Tr-pi_293.jpg,TUMOR,train
C:/Users/Ankit/.cache/kagglehub/datasets/masoudnickparvar/brain-tumor-mri-dataset/versions/2/Training/glioma/Tr-gl_482.jpg,TUMOR,train
C:/Users/Ankit/.cache/kagglehub/datasets/masoudnickparvar/brain-tumor-mri-dataset/versions/2/Training/meningioma/Tr-me_817.jpg,TUMOR,train
C:/Users/Ankit/.cache/kagglehub/datasets/masoudnickparvar/brain-tumor-mri-dataset/versions/2/Training/glioma/Tr-gl_68.jpg,TUMOR,train
C:/Users/Ankit/.cache/kagglehub/datasets/masoudnickparvar/brain-tumor-mri-dataset/versions/2/Training/pituitary/Tr-pi_687.jpg,TUMOR,train
C:/Users/Ankit/.cache/kagglehub/datasets/masoudnickparvar/brain-tumor-mri-dataset/versions/2/Training/pituitary/Tr-pi_855.jpg,TUMOR,train
C:/Users/Ankit/.cache/kagglehub/datasets/masoudnickparvar/brain-tumor-mri-dataset/versions/2/Training/meningioma/Tr-me_168.jpg,TUMOR,train
C:/Users/Ankit/.cache/kagglehub/datasets/masoudnickparvar/brain-tumor-mri-dataset/versions/2/Training/glioma/Tr-gl_1239.jpg,TUMOR,train
C:/Users/Ankit/.cache/kagglehub/datasets/masoudnickparvar/brain-tumor-mri-dataset/versions/2/Training/glioma/Tr-gl_348.jpg,TUMOR,train
C:/Users/Ankit/.cache/kagglehub/datasets/masoudnickparvar/brain-tumor-mri-dataset/versions/2/Training/meningioma/Tr-me_204.jpg,TUMOR,train
C:/Users/Ankit/.cache/kagglehub/datasets/masoudnickparvar/brain-tumor-mri-dataset/versions/2/Testing/glioma/Te-gl_108.jpg,TUMOR,train
C:/Users/Ankit/.cache/kagglehub/datasets/masoudnickparvar/brain-tumor-mri-dataset/versions/2/Training/glioma/Tr-gl_1124.jpg,TUMOR,train
C:/Users/Ankit/.cache/kagglehub/datasets/masoudnickparvar/brain-tumor-mri-dataset/versions/2/Training/glioma/Tr-gl_458.jpg,TUMOR,train
C:/Users/Ankit/.cache/kagglehub/datasets/masoudnickparvar/brain-tumor-mri-dataset/versions/2/Training/glioma/Tr-gl_334.jpg,TUMOR,train
C:/Users/Ankit/.cache/kagglehub/datasets/masoudnickparvar/brain-tumor-mri-dataset/versions/2/Training/meningioma/Tr-me_412.jpg,TUMOR,train
C:/Users/Ankit/.cache/kagglehub/datasets/masoudnickparvar/brain-tumor-mri-dataset/versions/2/Testing/pituitary/Te-pi_44.jpg,TUMOR,train
C:/Users/Ankit/.cache/kagglehub/datasets/masoudnickparvar/brain-tumor-mri-dataset/versions/2/Training/glioma/Tr-gl_143.jpg,TUMOR,train
C:/Users/Ankit/.cache/kagglehub/datasets/masoudnickparvar/brain-tumor-mri-dataset/versions/2/Training/glioma/Tr-gl_829.jpg,TUMOR,train
C:/Users/Ankit/.cache/kagglehub/datasets/masoudnickparvar/brain-tumor-mri-dataset/versions/2/Testing/glioma/Te-gl_378.jpg,TUMOR,train
C:/Users/Ankit/.cache/kagglehub/datasets/masoudnickparvar/brain-tumor-mri-dataset/versions/2/Training/meningioma/Tr-me_446.jpg,TUMOR,train
C:/Users/Ankit/.cache/kagglehub/datasets/masoudnickparvar/brain-tumor-mri-dataset/versions/2/Training/pituitary/Tr-pi_176.jpg,TUMOR,train
C:/Users/Ankit/.cache/kagglehub/datasets/masoudnickparvar/brain-tumor-mri-dataset/versions/2/Training/pituitary/Tr-pi_1070.jpg,TUMOR,train
C:/Users/Ankit/.cache/kagglehub/datasets/masoudnickparvar/brain-tumor-mri-dataset/versions/2/Training/pituitary/Tr-pi_676.jpg,TUMOR,train
C:/Users/Ankit/.cache/kagglehub/datasets/masoudnickparvar/brain-tumor-mri-dataset/versions/2/Testing/meningioma/Te-me_170.jpg,TUMOR,train
C:/Users/Ankit/.cache/kagglehub/datasets/masoudnickparvar/brain-tumor-mri-dataset/versions/2/Training/glioma/Tr-gl_665.jpg,TUMOR,train
C:/Users/Ankit/.cache/kagglehub/datasets/masoudnickparvar/brain-tumor-mri-dataset/versions/2/Training/glioma/Tr-gl_1366.jpg,TUMOR,train
C:/Users/Ankit/.cache/kagglehub/datasets/masoudnickparvar/brain-tumor-mri-dataset/versions/2/Training/pituitary/Tr-pi_399.jpg,TUMOR,train
C:/Users/Ankit/.cache/kagglehub/datasets/masoudnickparvar/brain-tumor-mri-dataset/versions/2/Training/glioma/Tr-gl_1105.jpg,TUMOR,train
C:/Users/Ankit/.cache/kagglehub/datasets/masoudnickparvar/brain-tumor-mri-dataset/versions/2/Training/meningioma/Tr-me_1263.jpg,TUMOR,train
C:/Users/Ankit/.cache/kagglehub/datasets/masoudnickparvar/brain-tumor-mri-dataset/versions/2/Training/meningioma/Tr-me_468.jpg,TUMOR,train
C:/Users/Ankit/.cache/kagglehub/datasets/masoudnickparvar/brain-tumor-mri-dataset/versions/2/Testing/meningioma/Te-me_135.jpg,TUMOR,train
C:/Users/Ankit/.cache/kagglehub/datasets/masoudnickparvar/brain-tumor-mri-dataset/versions/2/Testing/meningioma/Te-me_113.jpg,TUMOR,train
C:/Users/Ankit/.cache/kagglehub/datasets/masoudnickparvar/brain-tumor-mri-dataset/versions/2/Testing/pituitary/Te-pi_400.jpg,TUMOR,train
C:/Users/Ankit/.cache/kagglehub/datasets/masoudnickparvar/brain-tumor-mri-dataset/versions/2/Training/meningioma/Tr-me_859.jpg,TUMOR,train
C:/Users/Ankit/.cache/kagglehub/datasets/masoudnickparvar/brain-tumor-mri-dataset/versions/2/Training/glioma/Tr-gl_175.jpg,TUMOR,train
C:/Users/Ankit/.cache/kagglehub/datasets/masoudnickparvar/brain-tumor-mri-dataset/versions/2/Training/meningioma/Tr-me_448.jpg,TUMOR,train
C:/Users/Ankit/.cache/kagglehub/datasets/masoudnickparvar/brain-tumor-mri-dataset/versions/2/Training/pituitary/Tr-pi_261.jpg,TUMOR,train
C:/Users/Ankit/.cache/kagglehub/datasets/masoudnickparvar/brain-tumor-mri-dataset/versions/2/Training/glioma/Tr-gl_555.jpg,TUMOR,train
C:/Users/Ankit/.cache/kagglehub/datasets/masoudnickparvar/brain-tumor-mri-dataset/versions/2/Training/meningioma/Tr-me_294.jpg,TUMOR,train
C:/Users/Ankit/.cache/kagglehub/datasets/masoudnickparvar/brain-tumor-mri-dataset/versions/2/Training/meningioma/Tr-me_1203.jpg,TUMOR,train
C:/Users/Ankit/.cache/kagglehub/datasets/masoudnickparvar/brain-tumor-mri-dataset/versions/2/Testing/pituitary/Te-pi_98.jpg,TUMOR,train
C:/Users/Ankit/.cache/kagglehub/datasets/masoudnickparvar/brain-tumor-mri-dataset/versions/2/Training/pituitary/Tr-pi_1031.jpg,TUMOR,train
C:/Users/Ankit/.cache/kagglehub/datasets/masoudnickparvar/brain-tumor-mri-dataset/versions/2/Training/glioma/Tr-gl_981.jpg,TUMOR,train
C:/Users/Ankit/.cache/kagglehub/datasets/masoudnickparvar/brain-tumor-mri-dataset/versions/2/Testing/pituitary/Te-pi_55.jpg,TUMOR,train
C:/Users/Ankit/.cache/kagglehub/datasets/masoudnickparvar/brain-tumor-mri-dataset/versions/2/Training/pituitary/Tr-pi_654.jpg,TUMOR,train
C:/Users/Ankit/.cache/kagglehub/datasets/masoudnickparvar/brain-tumor-mri-dataset/versions/2/Testing/glioma/Te-gl_318.jpg,TUMOR,train
C:/Users/Ankit/.cache/kagglehub/datasets/masoudnickparvar/brain-tumor-mri-dataset/versions/2/Training/pituitary/Tr-pi_203.jpg,TUMOR,train
C:/Users/Ankit/.cache/kagglehub/datasets/masoudnickparvar/brain-tumor-mri-dataset/versions/2/Testing/pituitary/Te-pi_140.jpg,TUMOR,train
C:/Users/Ankit/.cache/kagglehub/datasets/masoudnickparvar/brain-tumor-mri-dataset/versions/2/Training/pituitary/Tr-pi_686.jpg,TUMOR,train
C:/Users/Ankit/.cache/kagglehub/datasets/masoudnickparvar/brain-tumor-mri-dataset/versions/2/Testing/meningioma/Te-me_258.jpg,TUMOR,train
C:/Users/Ankit/.cache/kagglehub/datasets/masoudnickparvar/brain-tumor-mri-dataset/versions/2/Training/glioma/Tr-gl_236.jpg,TUMOR,train
C:/Users/Ankit/.cache/kagglehub/datasets/masoudnickparvar/brain-tumor-mri-dataset/versions/2/Training/glioma/Tr-gl_1210.jpg,TUMOR,train
C:/Users/Ankit/.cache/kagglehub/datasets/masoudnickparvar/brain-tumor-mri-dataset/versions/2/Testing/pituitary/Te-pi_152.jpg,TUMOR,train
C:/Users/Ankit/.cache/kagglehub/datasets/masoudnickparvar/brain-tumor-mri-dataset/versions/2/Training/meningioma/Tr-me_1029.jpg,TUMOR,train
C:/Users/Ankit/.cache/kagglehub/datasets/masoudnickparvar/brain-tumor-mri-dataset/versions/2/Training/meningioma/Tr-me_593.jpg,TUMOR,train
C:/Users/Ankit/.cache/kagglehub/datasets/masoudnickparvar/brain-tumor-mri-dataset/versions/2/Training/glioma/Tr-gl_277.jpg,TUMOR,train
C:/Users/Ankit/.cache/kagglehub/datasets/masoudnickparvar/brain-tumor-mri-dataset/versions/2/Testing/glioma/Te-gl_6.jpg,TUMOR,train
C:/Users/Ankit/.cache/kagglehub/datasets/masoudnickparvar/brain-tumor-mri-dataset/versions/2/Training/pituitary/Tr-pi_1186.jpg,TUMOR,train
C:/Users/Ankit/.cache/kagglehub/datasets/masoudnickparvar/brain-tumor-mri-dataset/versions/2/Training/pituitary/Tr-pi_1282.jpg,TUMOR,train
C:/Users/Ankit/.cache/kagglehub/datasets/masoudnickparvar/brain-tumor-mri-dataset/versions/2/Training/meningioma/Tr-me_371.jpg,TUMOR,train
C:/Users/Ankit/.cache/kagglehub/datasets/masoudnickparvar/brain-tumor-mri-dataset/versions/2/Training/meningioma/Tr-me_484.jpg,TUMOR,train
C:/Users/Ankit/.cache/kagglehub/datasets/masoudnickparvar/brain-tumor-mri-dataset/versions/2/Training/meningioma/Tr-me_1282.jpg,TUMOR,train
C:/Users/Ankit/.cache/kagglehub/datasets/masoudnickparvar/brain-tumor-mri-dataset/versions/2/Training/meningioma/Tr-me_1036.jpg,TUMOR,train
C:/Users/Ankit/.cache/kagglehub/datasets/masoudnickparvar/brain-tumor-mri-dataset/versions/2/Testing/meningioma/Te-aug-me_23.jpg,TUMOR,train
C:/Users/Ankit/.cache/kagglehub/datasets/masoudnickparvar/brain-tumor-mri-dataset/versions/2/Training/pituitary/Tr-pi_908.jpg,TUMOR,train
C:/Users/Ankit/.cache/kagglehub/datasets/masoudnickparvar/brain-tumor-mri-dataset/versions/2/Training/meningioma/Tr-me_410.jpg,TUMOR,train
C:/Users/Ankit/.cache/kagglehub/datasets/masoudnickparvar/brain-tumor-mri-dataset/versions/2/Training/glioma/Tr-gl_285.jpg,TUMOR,train
C:/Users/Ankit/.cache/kagglehub/datasets/masoudnickparvar/brain-tumor-mri-dataset/versions/2/Testing/glioma/Te-gl_252.jpg,TUMOR,train
C:/Users/Ankit/.cache/kagglehub/datasets/masoudnickparvar/brain-tumor-mri-dataset/versions/2/Training/glioma/Tr-gl_1270.jpg,TUMOR,train
C:/Users/Ankit/.cache/kagglehub/datasets/masoudnickparvar/brain-tumor-mri-dataset/versions/2/Training/meningioma/Tr-me_1117.jpg,TUMOR,train
C:/Users/Ankit/.cache/kagglehub/datasets/masoudnickparvar/brain-tumor-mri-dataset/versions/2/Training/glioma/Tr-gl_90.jpg,TUMOR,train
C:/Users/Ankit/.cache/kagglehub/datasets/masoudnickparvar/brain-tumor-mri-dataset/versions/2/Testing/meningioma/Te-aug-me_63.jpg,TUMOR,train
C:/Users/Ankit/.cache/kagglehub/datasets/masoudnickparvar/brain-tumor-mri-dataset/versions/2/Training/pituitary/Tr-pi_267.jpg,TUMOR,train
C:/Users/Ankit/.cache/kagglehub/datasets/masoudnickparvar/brain-tumor-mri-dataset/versions/2/Training/glioma/Tr-gl_484.jpg,TUMOR,train
C:/Users/Ankit/.cache/kagglehub/datasets/masoudnickparvar/brain-tumor-mri-dataset/versions/2/Training/glioma/Tr-gl_344.jpg,TUMOR,train
C:/Users/Ankit/.cache/kagglehub/datasets/masoudnickparvar/brain-tumor-mri-dataset/versions/2/Training/meningioma/Tr-me_979.jpg,TUMOR,train
C:/Users/Ankit/.cache/kagglehub/datasets/masoudnickparvar/brain-tumor-mri-dataset/versions/2/Training/pituitary/Tr-pi_583.jpg,TUMOR,train
C:/Users/Ankit/.cache/kagglehub/datasets/masoudnickparvar/brain-tumor-mri-dataset/versions/2/Testing/pituitary/Te-pi_207.jpg,TUMOR,train
C:/Users/Ankit/.cache/kagglehub/datasets/masoudnickparvar/brain-tumor-mri-dataset/versions/2/Training/glioma/Tr-gl_948.jpg,TUMOR,train
C:/Users/Ankit/.cache/kagglehub/datasets/masoudnickparvar/brain-tumor-mri-dataset/versions/2/Testing/glioma/Te-gl_219.jpg,TUMOR,train
C:/Users/Ankit/.cache/kagglehub/datasets/masoudnickparvar/brain-tumor-mri-dataset/versions/2/Testing/pituitary/Te-pi_96.jpg,TUMOR,train
C:/Users/Ankit/.cache/kagglehub/datasets/masoudnickparvar/brain-tumor-mri-dataset/versions/2/Training/pituitary/Tr-pi_1054.jpg,TUMOR,train
C:/Users/Ankit/.cache/kagglehub/datasets/masoudnickparvar/brain-tumor-mri-dataset/versions/2/Testing/glioma/Te-gl_212.jpg,TUMOR,train
C:/Users/Ankit/.cache/kagglehub/datasets/masoudnickparvar/brain-tumor-mri-dataset/versions/2/Training/pituitary/Tr-pi_1244.jpg,TUMOR,train
C:/Users/Ankit/.cache/kagglehub/datasets/masoudnickparvar/brain-tumor-mri-dataset/versions/2/Testing/meningioma/Te-me_263.jpg,TUMOR,train
C:/Users/Ankit/.cache/kagglehub/datasets/masoudnickparvar/brain-tumor-mri-dataset/versions/2/Training/glioma/Tr-gl_984.jpg,TUMOR,train
C:/Users/Ankit/.cache/kagglehub/datasets/masoudnickparvar/brain-tumor-mri-dataset/versions/2/Training/meningioma/Tr-me_478.jpg,TUMOR,train
C:/Users/Ankit/.cache/kagglehub/datasets/masoudnickparvar/brain-tumor-mri-dataset/versions/2/Training/pituitary/Tr-pi_1022.jpg,TUMOR,train
C:/Users/Ankit/.cache/kagglehub/datasets/masoudnickparvar/brain-tumor-mri-dataset/versions/2/Training/glioma/Tr-gl_471.jpg,TUMOR,train
C:/Users/Ankit/.cache/kagglehub/datasets/masoudnickparvar/brain-tumor-mri-dataset/versions/2/Training/meningioma/Tr-me_745.jpg,TUMOR,train
C:/Users/Ankit/.cache/kagglehub/datasets/masoudnickparvar/brain-tumor-mri-dataset/versions/2/Training/meningioma/Tr-me_260.jpg,TUMOR,train
C:/Users/Ankit/.cache/kagglehub/datasets/masoudnickparvar/brain-tumor-mri-dataset/versions/2/Training/meningioma/Tr-me_1107.jpg,TUMOR,train
C:/Users/Ankit/.cache/kagglehub/datasets/masoudnickparvar/brain-tumor-mri-dataset/versions/2/Training/glioma/Tr-gl_883.jpg,TUMOR,train
C:/Users/Ankit/.cache/kagglehub/datasets/masoudnickparvar/brain-tumor-mri-dataset/versions/2/Testing/meningioma/Te-me_99.jpg,TUMOR,train
C:/Users/Ankit/.cache/kagglehub/datasets/masoudnickparvar/brain-tumor-mri-dataset/versions/2/Testing/meningioma/Te-me_15.jpg,TUMOR,train
C:/Users/Ankit/.cache/kagglehub/datasets/masoudnickparvar/brain-tumor-mri-dataset/versions/2/Training/glioma/Tr-gl_444.jpg,TUMOR,train
C:/Users/Ankit/.cache/kagglehub/datasets/masoudnickparvar/brain-tumor-mri-dataset/versions/2/Testing/glioma/Te-gl_134.jpg,TUMOR,train
C:/Users/Ankit/.cache/kagglehub/datasets/masoudnickparvar/brain-tumor-mri-dataset/versions/2/Training/glioma/Tr-gl_1241.jpg,TUMOR,train
C:/Users/Ankit/.cache/kagglehub/datasets/masoudnickparvar/brain-tumor-mri-dataset/versions/2/Training/glioma/Tr-gl_879.jpg,TUMOR,train
C:/Users/Ankit/.cache/kagglehub/datasets/masoudnickparvar/brain-tumor-mri-dataset/versions/2/Training/pituitary/Tr-pi_772.jpg,TUMOR,train
C:/Users/Ankit/.cache/kagglehub/datasets/masoudnickparvar/brain-tumor-mri-dataset/versions/2/Training/pituitary/Tr-pi_744.jpg,TUMOR,train
C:/Users/Ankit/.cache/kagglehub/datasets/masoudnickparvar/brain-tumor-mri-dataset/versions/2/Testing/meningioma/Te-me_69.jpg,TUMOR,train
C:/Users/Ankit/.cache/kagglehub/datasets/masoudnickparvar/brain-tumor-mri-dataset/versions/2/Testing/meningioma/Te-me_163.jpg,TUMOR,train
C:/Users/Ankit/.cache/kagglehub/datasets/masoudnickparvar/brain-tumor-mri-dataset/versions/2/Training/meningioma/Tr-me_1281.jpg,TUMOR,train
C:/Users/Ankit/.cache/kagglehub/datasets/masoudnickparvar/brain-tumor-mri-dataset/versions/2/Training/pituitary/Tr-pi_53.jpg,TUMOR,train
C:/Users/Ankit/.cache/kagglehub/datasets/masoudnickparvar/brain-tumor-mri-dataset/versions/2/Testing/meningioma/Te-me_261.jpg,TUMOR,train
C:/Users/Ankit/.cache/kagglehub/datasets/masoudnickparvar/brain-tumor-mri-dataset/versions/2/Training/pituitary/Tr-pi_651.jpg,TUMOR,train
C:/Users/Ankit/.cache/kagglehub/datasets/masoudnickparvar/brain-tumor-mri-dataset/versions/2/Training/pituitary/Tr-pi_1059.jpg,TUMOR,train
C:/Users/Ankit/.cache/kagglehub/datasets/masoudnickparvar/brain-tumor-mri-dataset/versions/2/Training/pituitary/Tr-pi_1388.jpg,TUMOR,train
C:/Users/Ankit/.cache/kagglehub/datasets/masoudnickparvar/brain-tumor-mri-dataset/versions/2/Training/glioma/Tr-gl_217.jpg,TUMOR,train
C:/Users/Ankit/.cache/kagglehub/datasets/masoudnickparvar/brain-tumor-mri-dataset/versions/2/Training/meningioma/Tr-me_819.jpg,TUMOR,train
C:/Users/Ankit/.cache/kagglehub/datasets/masoudnickparvar/brain-tumor-mri-dataset/versions/2/Training/pituitary/Tr-pi_384.jpg,TUMOR,train
C:/Users/Ankit/.cache/kagglehub/datasets/masoudnickparvar/brain-tumor-mri-dataset/versions/2/Training/meningioma/Tr-me_326.jpg,TUMOR,train
C:/Users/Ankit/.cache/kagglehub/datasets/masoudnickparvar/brain-tumor-mri-dataset/versions/2/Training/glioma/Tr-gl_747.jpg,TUMOR,train
C:/Users/Ankit/.cache/kagglehub/datasets/masoudnickparvar/brain-tumor-mri-dataset/versions/2/Training/glioma/Tr-gl_541.jpg,TUMOR,train
C:/Users/Ankit/.cache/kagglehub/datasets/masoudnickparvar/brain-tumor-mri-dataset/versions/2/Training/meningioma/Tr-me_838.jpg,TUMOR,train
C:/Users/Ankit/.cache/kagglehub/datasets/masoudnickparvar/brain-tumor-mri-dataset/versions/2/Training/meningioma/Tr-me_614.jpg,TUMOR,train
C:/Users/Ankit/.cache/kagglehub/datasets/masoudnickparvar/brain-tumor-mri-dataset/versions/2/Testing/meningioma/Te-me_53.jpg,TUMOR,train
C:/Users/Ankit/.cache/kagglehub/datasets/masoudnickparvar/brain-tumor-mri-dataset/versions/2/Training/pituitary/Tr-pi_739.jpg,TUMOR,train
C:/Users/Ankit/.cache/kagglehub/datasets/masoudnickparvar/brain-tumor-mri-dataset/versions/2/Training/pituitary/Tr-pi_1136.jpg,TUMOR,train
C:/Users/Ankit/.cache/kagglehub/datasets/masoudnickparvar/brain-tumor-mri-dataset/versions/2/Testing/pituitary/Te-pi_259.jpg,TUMOR,train
C:/Users/Ankit/.cache/kagglehub/datasets/masoudnickparvar/brain-tumor-mri-dataset/versions/2/Training/meningioma/Tr-me_591.jpg,TUMOR,train
C:/Users/Ankit/.cache/kagglehub/datasets/masoudnickparvar/brain-tumor-mri-dataset/versions/2/Training/pituitary/Tr-pi_1014.jpg,TUMOR,train
C:/Users/Ankit/.cache/kagglehub/datasets/masoudnickparvar/brain-tumor-mri-dataset/versions/2/Training/meningioma/Tr-me_251.jpg,TUMOR,train
C:/Users/Ankit/.cache/kagglehub/datasets/masoudnickparvar/brain-tumor-mri-dataset/versions/2/Training/meningioma/Tr-me_828.jpg,TUMOR,train
C:/Users/Ankit/.cache/kagglehub/datasets/masoudnickparvar/brain-tumor-mri-dataset/versions/2/Training/meningioma/Tr-me_320.jpg,TUMOR,train
C:/Users/Ankit/.cache/kagglehub/datasets/masoudnickparvar/brain-tumor-mri-dataset/versions/2/Training/meningioma/Tr-me_878.jpg,TUMOR,train
C:/Users/Ankit/.cache/kagglehub/datasets/masoudnickparvar/brain-tumor-mri-dataset/versions/2/Training/pituitary/Tr-pi_832.jpg,TUMOR,train
C:/Users/Ankit/.cache/kagglehub/datasets/masoudnickparvar/brain-tumor-mri-dataset/versions/2/Training/meningioma/Tr-me_921.jpg,TUMOR,train
C:/Users/Ankit/.cache/kagglehub/datasets/masoudnickparvar/brain-tumor-mri-dataset/versions/2/Training/pituitary/Tr-pi_558.jpg,TUMOR,train
C:/Users/Ankit/.cache/kagglehub/datasets/masoudnickparvar/brain-tumor-mri-dataset/versions/2/Training/meningioma/Tr-me_975.jpg,TUMOR,train
C:/Users/Ankit/.cache/kagglehub/datasets/masoudnickparvar/brain-tumor-mri-dataset/versions/2/Training/glioma/Tr-gl_1365.jpg,TUMOR,train
C:/Users/Ankit/.cache/kagglehub/datasets/masoudnickparvar/brain-tumor-mri-dataset/versions/2/Training/glioma/Tr-gl_1350.jpg,TUMOR,train
C:/Users/Ankit/.cache/kagglehub/datasets/masoudnickparvar/brain-tumor-mri-dataset/versions/2/Training/glioma/Tr-gl_1073.jpg,TUMOR,train
C:/Users/Ankit/.cache/kagglehub/datasets/masoudnickparvar/brain-tumor-mri-dataset/versions/2/Training/meningioma/Tr-me_665.jpg,TUMOR,train
C:/Users/Ankit/.cache/kagglehub/datasets/masoudnickparvar/brain-tumor-mri-dataset/versions/2/Training/glioma/Tr-gl_462.jpg,TUMOR,train
C:/Users/Ankit/.cache/kagglehub/datasets/masoudnickparvar/brain-tumor-mri-dataset/versions/2/Testing/pituitary/Te-pi_346.jpg,TUMOR,train
C:/Users/Ankit/.cache/kagglehub/datasets/masoudnickparvar/brain-tumor-mri-dataset/versions/2/Training/meningioma/Tr-me_1269.jpg,TUMOR,train
C:/Users/Ankit/.cache/kagglehub/datasets/masoudnickparvar/brain-tumor-mri-dataset/versions/2/Training/meningioma/Tr-me_58.jpg,TUMOR,train
C:/Users/Ankit/.cache/kagglehub/datasets/masoudnickparvar/brain-tumor-mri-dataset/versions/2/Testing/pituitary/Te-pi_105.jpg,TUMOR,train
C:/Users/Ankit/.cache/kagglehub/datasets/masoudnickparvar/brain-tumor-mri-dataset/versions/2/Training/glioma/Tr-gl_112.jpg,TUMOR,train
C:/Users/Ankit/.cache/kagglehub/datasets/masoudnickparvar/brain-tumor-mri-dataset/versions/2/Training/meningioma/Tr-me_246.jpg,TUMOR,train
C:/Users/Ankit/.cache/kagglehub/datasets/masoudnickparvar/brain-tumor-mri-dataset/versions/2/Training/meningioma/Tr-me_547.jpg,TUMOR,train
C:/Users/Ankit/.cache/kagglehub/datasets/masoudnickparvar/brain-tumor-mri-dataset/versions/2/Training/meningioma/Tr-me_1174.jpg,TUMOR,train
C:/Users/Ankit/.cache/kagglehub/datasets/masoudnickparvar/brain-tumor-mri-dataset/versions/2/Training/pituitary/Tr-pi_661.jpg,TUMOR,train
C:/Users/Ankit/.cache/kagglehub/datasets/masoudnickparvar/brain-tumor-mri-dataset/versions/2/Testing/glioma/Te-gl_33.jpg,TUMOR,train
C:/Users/Ankit/.cache/kagglehub/datasets/masoudnickparvar/brain-tumor-mri-dataset/versions/2/Testing/pituitary/Te-pi_45.jpg,TUMOR,train
C:/Users/Ankit/.cache/kagglehub/datasets/masoudnickparvar/brain-tumor-mri-dataset/versions/2/Training/pituitary/Tr-pi_631.jpg,TUMOR,train
C:/Users/Ankit/.cache/kagglehub/datasets/masoudnickparvar/brain-tumor-mri-dataset/versions/2/Testing/pituitary/Te-pi_170.jpg,TUMOR,train
C:/Users/Ankit/.cache/kagglehub/datasets/masoudnickparvar/brain-tumor-mri-dataset/versions/2/Testing/glioma/Te-gl_115.jpg,TUMOR,train
C:/Users/Ankit/.cache/kagglehub/datasets/masoudnickparvar/brain-tumor-mri-dataset/versions/2/Training/pituitary/Tr-pi_524.jpg,TUMOR,train
C:/Users/Ankit/.cache/kagglehub/datasets/masoudnickparvar/brain-tumor-mri-dataset/versions/2/Training/glioma/Tr-gl_241.jpg,TUMOR,train
C:/Users/Ankit/.cache/kagglehub/datasets/masoudnickparvar/brain-tumor-mri-dataset/versions/2/Training/meningioma/Tr-me_293.jpg,TUMOR,train
C:/Users/Ankit/.cache/kagglehub/datasets/masoudnickparvar/brain-tumor-mri-dataset/versions/2/Training/meningioma/Tr-me_959.jpg,TUMOR,train
C:/Users/Ankit/.cache/kagglehub/datasets/masoudnickparvar/brain-tumor-mri-dataset/versions/2/Testing/glioma/Te-gl_206.jpg,TUMOR,train
C:/Users/Ankit/.cache/kagglehub/datasets/masoudnickparvar/brain-tumor-mri-dataset/versions/2/Training/glioma/Tr-gl_997.jpg,TUMOR,train
C:/Users/Ankit/.cache/kagglehub/datasets/masoudnickparvar/brain-tumor-mri-dataset/versions/2/Training/glioma/Tr-gl_251.jpg,TUMOR,train
C:/Users/Ankit/.cache/kagglehub/datasets/masoudnickparvar/brain-tumor-mri-dataset/versions/2/Training/meningioma/Tr-me_1204.jpg,TUMOR,train
C:/Users/Ankit/.cache/kagglehub/datasets/masoudnickparvar/brain-tumor-mri-dataset/versions/2/Testing/meningioma/Te-me_59.jpg,TUMOR,train
C:/Users/Ankit/.cache/kagglehub/datasets/masoudnickparvar/brain-tumor-mri-dataset/versions/2/Training/pituitary/Tr-pi_1228.jpg,TUMOR,train
C:/Users/Ankit/.cache/kagglehub/datasets/masoudnickparvar/brain-tumor-mri-dataset/versions/2/Training/pituitary/Tr-pi_183.jpg,TUMOR,train
C:/Users/Ankit/.cache/kagglehub/datasets/masoudnickparvar/brain-tumor-mri-dataset/versions/2/Training/glioma/Tr-gl_361.jpg,TUMOR,train
C:/Users/Ankit/.cache/kagglehub/datasets/masoudnickparvar/brain-tumor-mri-dataset/versions/2/Training/pituitary/Tr-pi_693.jpg,TUMOR,train
C:/Users/Ankit/.cache/kagglehub/datasets/masoudnickparvar/brain-tumor-mri-dataset/versions/2/Training/glioma/Tr-gl_1138.jpg,TUMOR,train
C:/Users/Ankit/.cache/kagglehub/datasets/masoudnickparvar/brain-tumor-mri-dataset/versions/2/Training/meningioma/Tr-me_5.jpg,TUMOR,train
C:/Users/Ankit/.cache/kagglehub/datasets/masoudnickparvar/brain-tumor-mri-dataset/versions/2/Testing/meningioma/Te-me_29.jpg,TUMOR,train
C:/Users/Ankit/.cache/kagglehub/datasets/masoudnickparvar/brain-tumor-mri-dataset/versions/2/Training/meningioma/Tr-me_720.jpg,TUMOR,train
C:/Users/Ankit/.cache/kagglehub/datasets/masoudnickparvar/brain-tumor-mri-dataset/versions/2/Testing/pituitary/Te-pi_279.jpg,TUMOR,train
C:/Users/Ankit/.cache/kagglehub/datasets/masoudnickparvar/brain-tumor-mri-dataset/versions/2/Training/pituitary/Tr-pi_325.jpg,TUMOR,train
C:/Users/Ankit/.cache/kagglehub/datasets/masoudnickparvar/brain-tumor-mri-dataset/versions/2/Training/glioma/Tr-gl_742.jpg,TUMOR,train
C:/Users/Ankit/.cache/kagglehub/datasets/masoudnickparvar/brain-tumor-mri-dataset/versions/2/Training/meningioma/Tr-aug-me_95.jpg,TUMOR,train
C:/Users/Ankit/.cache/kagglehub/datasets/masoudnickparvar/brain-tumor-mri-dataset/versions/2/Testing/glioma/Te-gl_182.jpg,TUMOR,train
C:/Users/Ankit/.cache/kagglehub/datasets/masoudnickparvar/brain-tumor-mri-dataset/versions/2/Training/pituitary/Tr-pi_1006.jpg,TUMOR,train
C:/Users/Ankit/.cache/kagglehub/datasets/masoudnickparvar/brain-tumor-mri-dataset/versions/2/Testing/glioma/Te-gl_264.jpg,TUMOR,train
C:/Users/Ankit/.cache/kagglehub/datasets/masoudnickparvar/brain-tumor-mri-dataset/versions/2/Training/glioma/Tr-gl_1024.jpg,TUMOR,train
C:/Users/Ankit/.cache/kagglehub/datasets/masoudnickparvar/brain-tumor-mri-dataset/versions/2/Training/meningioma/Tr-me_1023.jpg,TUMOR,train
C:/Users/Ankit/.cache/kagglehub/datasets/masoudnickparvar/brain-tumor-mri-dataset/versions/2/Training/meningioma/Tr-me_1005.jpg,TUMOR,train
C:/Users/Ankit/.cache/kagglehub/datasets/masoudnickparvar/brain-tumor-mri-dataset/versions/2/Training/glioma/Tr-gl_326.jpg,TUMOR,train
C:/Users/Ankit/.cache/kagglehub/datasets/masoudnickparvar/brain-tumor-mri-dataset/versions/2/Training/pituitary/Tr-pi_1091.jpg,TUMOR,train
C:/Users/Ankit/.cache/kagglehub/datasets/masoudnickparvar/brain-tumor-mri-dataset/versions/2/Testing/glioma/Te-gl_99.jpg,TUMOR,train
C:/Users/Ankit/.cache/kagglehub/datasets/masoudnickparvar/brain-tumor-mri-dataset/versions/2/Training/glioma/Tr-gl_413.jpg,TUMOR,train
C:/Users/Ankit/.cache/kagglehub/datasets/masoudnickparvar/brain-tumor-mri-dataset/versions/2/Training/meningioma/Tr-aug-me_68.jpg,TUMOR,train
C:/Users/Ankit/.cache/kagglehub/datasets/masoudnickparvar/brain-tumor-mri-dataset/versions/2/Training/meningioma/Tr-me_654.jpg,TUMOR,train
C:/Users/Ankit/.cache/kagglehub/datasets/masoudnickparvar/brain-tumor-mri-dataset/versions/2/Training/glioma/Tr-gl_819.jpg,TUMOR,train
C:/Users/Ankit/.cache/kagglehub/datasets/masoudnickparvar/brain-tumor-mri-dataset/versions/2/Testing/pituitary/Te-pi_141.jpg,TUMOR,train
C:/Users/Ankit/.cache/kagglehub/datasets/masoudnickparvar/brain-tumor-mri-dataset/versions/2/Training/glioma/Tr-gl_337.jpg,TUMOR,train
C:/Users/Ankit/.cache/kagglehub/datasets/masoudnickparvar/brain-tumor-mri-dataset/versions/2/Training/glioma/Tr-gl_1183.jpg,TUMOR,train
C:/Users/Ankit/.cache/kagglehub/datasets/masoudnickparvar/brain-tumor-mri-dataset/versions/2/Training/glioma/Tr-gl_1068.jpg,TUMOR,train
C:/Users/Ankit/.cache/kagglehub/datasets/masoudnickparvar/brain-tumor-mri-dataset/versions/2/Training/glioma/Tr-gl_1201.jpg,TUMOR,train
C:/Users/Ankit/.cache/kagglehub/datasets/masoudnickparvar/brain-tumor-mri-dataset/versions/2/Training/pituitary/Tr-pi_800.jpg,TUMOR,train
C:/Users/Ankit/.cache/kagglehub/datasets/masoudnickparvar/brain-tumor-mri-dataset/versions/2/Testing/meningioma/Te-aug-me_74.jpg,TUMOR,train
C:/Users/Ankit/.cache/kagglehub/datasets/masoudnickparvar/brain-tumor-mri-dataset/versions/2/Training/pituitary/Tr-pi_1394.jpg,TUMOR,train
C:/Users/Ankit/.cache/kagglehub/datasets/masoudnickparvar/brain-tumor-mri-dataset/versions/2/Training/meningioma/Tr-me_1124.jpg,TUMOR,train
C:/Users/Ankit/.cache/kagglehub/datasets/masoudnickparvar/brain-tumor-mri-dataset/versions/2/Training/meningioma/Tr-me_525.jpg,TUMOR,train
C:/Users/Ankit/.cache/kagglehub/datasets/masoudnickparvar/brain-tumor-mri-dataset/versions/2/Testing/meningioma/Te-aug-me_31.jpg,TUMOR,train
C:/Users/Ankit/.cache/kagglehub/datasets/masoudnickparvar/brain-tumor-mri-dataset/versions/2/Training/pituitary/Tr-pi_342.jpg,TUMOR,train
C:/Users/Ankit/.cache/kagglehub/datasets/masoudnickparvar/brain-tumor-mri-dataset/versions/2/Training/pituitary/Tr-pi_697.jpg,TUMOR,train
C:/Users/Ankit/.cache/kagglehub/datasets/masoudnickparvar/brain-tumor-mri-dataset/versions/2/Training/meningioma/Tr-me_608.jpg,TUMOR,train
C:/Users/Ankit/.cache/kagglehub/datasets/masoudnickparvar/brain-tumor-mri-dataset/versions/2/Training/meningioma/Tr-me_889.jpg,TUMOR,train
C:/Users/Ankit/.cache/kagglehub/datasets/masoudnickparvar/brain-tumor-mri-dataset/versions/2/Training/pituitary/Tr-pi_1239.jpg,TUMOR,train
C:/Users/Ankit/.cache/kagglehub/datasets/masoudnickparvar/brain-tumor-mri-dataset/versions/2/Training/meningioma/Tr-aug-me_72.jpg,TUMOR,train
C:/Users/Ankit/.cache/kagglehub/datasets/masoudnickparvar/brain-tumor-mri-dataset/versions/2/Training/glioma/Tr-gl_1360.jpg,TUMOR,train
C:/Users/Ankit/.cache/kagglehub/datasets/masoudnickparvar/brain-tumor-mri-dataset/versions/2/Training/glioma/Tr-gl_1298.jpg,TUMOR,train
C:/Users/Ankit/.cache/kagglehub/datasets/masoudnickparvar/brain-tumor-mri-dataset/versions/2/Training/glioma/Tr-gl_300.jpg,TUMOR,train
C:/Users/Ankit/.cache/kagglehub/datasets/masoudnickparvar/brain-tumor-mri-dataset/versions/2/Training/pituitary/Tr-pi_1126.jpg,TUMOR,train
C:/Users/Ankit/.cache/kagglehub/datasets/masoudnickparvar/brain-tumor-mri-dataset/versions/2/Training/meningioma/Tr-me_1285.jpg,TUMOR,train
C:/Users/Ankit/.cache/kagglehub/datasets/masoudnickparvar/brain-tumor-mri-dataset/versions/2/Training/meningioma/Tr-me_550.jpg,TUMOR,train
C:/Users/Ankit/.cache/kagglehub/datasets/masoudnickparvar/brain-tumor-mri-dataset/versions/2/Training/pituitary/Tr-pi_1319.jpg,TUMOR,train
C:/Users/Ankit/.cache/kagglehub/datasets/masoudnickparvar/brain-tumor-mri-dataset/versions/2/Training/meningioma/Tr-me_708.jpg,TUMOR,train
C:/Users/Ankit/.cache/kagglehub/datasets/masoudnickparvar/brain-tumor-mri-dataset/versions/2/Testing/pituitary/Te-pi_332.jpg,TUMOR,train
C:/Users/Ankit/.cache/kagglehub/datasets/masoudnickparvar/brain-tumor-mri-dataset/versions/2/Training/meningioma/Tr-me_428.jpg,TUMOR,train
C:/Users/Ankit/.cache/kagglehub/datasets/masoudnickparvar/brain-tumor-mri-dataset/versions/2/Testing/glioma/Te-gl_138.jpg,TUMOR,train
C:/Users/Ankit/.cache/kagglehub/datasets/masoudnickparvar/brain-tumor-mri-dataset/versions/2/Training/meningioma/Tr-me_992.jpg,TUMOR,train
C:/Users/Ankit/.cache/kagglehub/datasets/masoudnickparvar/brain-tumor-mri-dataset/versions/2/Training/meningioma/Tr-me_282.jpg,TUMOR,train
C:/Users/Ankit/.cache/kagglehub/datasets/masoudnickparvar/brain-tumor-mri-dataset/versions/2/Training/glioma/Tr-gl_884.jpg,TUMOR,train
C:/Users/Ankit/.cache/kagglehub/datasets/masoudnickparvar/brain-tumor-mri-dataset/versions/2/Training/glioma/Tr-gl_1391.jpg,TUMOR,train
C:/Users/Ankit/.cache/kagglehub/datasets/masoudnickparvar/brain-tumor-mri-dataset/versions/2/Training/glioma/Tr-gl_734.jpg,TUMOR,train
C:/Users/Ankit/.cache/kagglehub/datasets/masoudnickparvar/brain-tumor-mri-dataset/versions/2/Training/meningioma/Tr-me_1120.jpg,TUMOR,train
C:/Users/Ankit/.cache/kagglehub/datasets/masoudnickparvar/brain-tumor-mri-dataset/versions/2/Testing/meningioma/Te-me_26.jpg,TUMOR,train
C:/Users/Ankit/.cache/kagglehub/datasets/masoudnickparvar/brain-tumor-mri-dataset/versions/2/Training/glioma/Tr-gl_1227.jpg,TUMOR,train
C:/Users/Ankit/.cache/kagglehub/datasets/masoudnickparvar/brain-tumor-mri-dataset/versions/2/Training/pituitary/Tr-pi_461.jpg,TUMOR,train
C:/Users/Ankit/.cache/kagglehub/datasets/masoudnickparvar/brain-tumor-mri-dataset/versions/2/Training/meningioma/Tr-me_1246.jpg,TUMOR,train
C:/Users/Ankit/.cache/kagglehub/datasets/masoudnickparvar/brain-tumor-mri-dataset/versions/2/Testing/glioma/Te-gl_52.jpg,TUMOR,train
C:/Users/Ankit/.cache/kagglehub/datasets/masoudnickparvar/brain-tumor-mri-dataset/versions/2/Training/glioma/Tr-gl_638.jpg,TUMOR,train
C:/Users/Ankit/.cache/kagglehub/datasets/masoudnickparvar/brain-tumor-mri-dataset/versions/2/Training/meningioma/Tr-me_1149.jpg,TUMOR,train
C:/Users/Ankit/.cache/kagglehub/datasets/masoudnickparvar/brain-tumor-mri-dataset/versions/2/Testing/glioma/Te-gl_234.jpg,TUMOR,train
C:/Users/Ankit/.cache/kagglehub/datasets/masoudnickparvar/brain-tumor-mri-dataset/versions/2/Training/glioma/Tr-gl_662.jpg,TUMOR,train
C:/Users/Ankit/.cache/kagglehub/datasets/masoudnickparvar/brain-tumor-mri-dataset/versions/2/Training/glioma/Tr-gl_20.jpg,TUMOR,train
C:/Users/Ankit/.cache/kagglehub/datasets/masoudnickparvar/brain-tumor-mri-dataset/versions/2/Training/glioma/Tr-gl_526.jpg,TUMOR,train
C:/Users/Ankit/.cache/kagglehub/datasets/masoudnickparvar/brain-tumor-mri-dataset/versions/2/Training/pituitary/Tr-pi_1397.jpg,TUMOR,train
C:/Users/Ankit/.cache/kagglehub/datasets/masoudnickparvar/brain-tumor-mri-dataset/versions/2/Training/meningioma/Tr-me_1168.jpg,TUMOR,train
C:/Users/Ankit/.cache/kagglehub/datasets/masoudnickparvar/brain-tumor-mri-dataset/versions/2/Training/pituitary/Tr-pi_190.jpg,TUMOR,train
C:/Users/Ankit/.cache/kagglehub/datasets/masoudnickparvar/brain-tumor-mri-dataset/versions/2/Training/glioma/Tr-gl_313.jpg,TUMOR,train
C:/Users/Ankit/.cache/kagglehub/datasets/masoudnickparvar/brain-tumor-mri-dataset/versions/2/Training/meningioma/Tr-me_397.jpg,TUMOR,train
C:/Users/Ankit/.cache/kagglehub/datasets/masoudnickparvar/brain-tumor-mri-dataset/versions/2/Training/glioma/Tr-gl_92.jpg,TUMOR,train
C:/Users/Ankit/.cache/kagglehub/datasets/masoudnickparvar/brain-tumor-mri-dataset/versions/2/Training/meningioma/Tr-me_664.jpg,TUMOR,train
C:/Users/Ankit/.cache/kagglehub/datasets/masoudnickparvar/brain-tumor-mri-dataset/versions/2/Training/meningioma/Tr-me_83.jpg,TUMOR,train
C:/Users/Ankit/.cache/kagglehub/datasets/masoudnickparvar/brain-tumor-mri-dataset/versions/2/Training/pituitary/Tr-pi_9.jpg,TUMOR,train
C:/Users/Ankit/.cache/kagglehub/datasets/masoudnickparvar/brain-tumor-mri-dataset/versions/2/Training/pituitary/Tr-pi_390.jpg,TUMOR,train
C:/Users/Ankit/.cache/kagglehub/datasets/masoudnickparvar/brain-tumor-mri-dataset/versions/2/Training/pituitary/Tr-pi_1168.jpg,TUMOR,train
C:/Users/Ankit/.cache/kagglehub/datasets/masoudnickparvar/brain-tumor-mri-dataset/versions/2/Training/pituitary/Tr-pi_1097.jpg,TUMOR,train
C:/Users/Ankit/.cache/kagglehub/datasets/masoudnickparvar/brain-tumor-mri-dataset/versions/2/Training/meningioma/Tr-me_586.jpg,TUMOR,train
C:/Users/Ankit/.cache/kagglehub/datasets/masoudnickparvar/brain-tumor-mri-dataset/versions/2/Training/glioma/Tr-gl_166.jpg,TUMOR,train
C:/Users/Ankit/.cache/kagglehub/datasets/masoudnickparvar/brain-tumor-mri-dataset/versions/2/Testing/glioma/Te-gl_354.jpg,TUMOR,train
C:/Users/Ankit/.cache/kagglehub/datasets/masoudnickparvar/brain-tumor-mri-dataset/versions/2/Training/pituitary/Tr-pi_1120.jpg,TUMOR,train
C:/Users/Ankit/.cache/kagglehub/datasets/masoudnickparvar/brain-tumor-mri-dataset/versions/2/Training/glioma/Tr-gl_274.jpg,TUMOR,train
C:/Users/Ankit/.cache/kagglehub/datasets/masoudnickparvar/brain-tumor-mri-dataset/versions/2/Testing/pituitary/Te-pi_151.jpg,TUMOR,train
C:/Users/Ankit/.cache/kagglehub/datasets/masoudnickparvar/brain-tumor-mri-dataset/versions/2/Training/glioma/Tr-gl_36.jpg,TUMOR,train
C:/Users/Ankit/.cache/kagglehub/datasets/masoudnickparvar/brain-tumor-mri-dataset/versions/2/Testing/glioma/Te-gl_199.jpg,TUMOR,train
C:/Users/Ankit/.cache/kagglehub/datasets/masoudnickparvar/brain-tumor-mri-dataset/versions/2/Training/pituitary/Tr-pi_996.jpg,TUMOR,train
C:/Users/Ankit/.cache/kagglehub/datasets/masoudnickparvar/brain-tumor-mri-dataset/versions/2/Testing/meningioma/Te-me_41.jpg,TUMOR,train
C:/Users/Ankit/.cache/kagglehub/datasets/masoudnickparvar/brain-tumor-mri-dataset/versions/2/Training/pituitary/Tr-pi_1263.jpg,TUMOR,train
C:/Users/Ankit/.cache/kagglehub/datasets/masoudnickparvar/brain-tumor-mri-dataset/versions/2/Testing/pituitary/Te-pi_115.jpg,TUMOR,train
C:/Users/Ankit/.cache/kagglehub/datasets/masoudnickparvar/brain-tumor-mri-dataset/versions/2/Training/meningioma/Tr-aug-me_51.jpg,TUMOR,train
C:/Users/Ankit/.cache/kagglehub/datasets/masoudnickparvar/brain-tumor-mri-dataset/versions/2/Training/pituitary/Tr-pi_1066.jpg,TUMOR,train
C:/Users/Ankit/.cache/kagglehub/datasets/masoudnickparvar/brain-tumor-mri-dataset/versions/2/Training/glioma/Tr-gl_1264.jpg,TUMOR,train
C:/Users/Ankit/.cache/kagglehub/datasets/masoudnickparvar/brain-tumor-mri-dataset/versions/2/Training/meningioma/Tr-me_1083.jpg,TUMOR,train
C:/Users/Ankit/.cache/kagglehub/datasets/masoudnickparvar/brain-tumor-mri-dataset/versions/2/Training/pituitary/Tr-pi_223.jpg,TUMOR,train
C:/Users/Ankit/.cache/kagglehub/datasets/masoudnickparvar/brain-tumor-mri-dataset/versions/2/Training/glioma/Tr-gl_1304.jpg,TUMOR,train
C:/Users/Ankit/.cache/kagglehub/datasets/masoudnickparvar/brain-tumor-mri-dataset/versions/2/Training/glioma/Tr-gl_1119.jpg,TUMOR,train
C:/Users/Ankit/.cache/kagglehub/datasets/masoudnickparvar/brain-tumor-mri-dataset/versions/2/Training/meningioma/Tr-me_159.jpg,TUMOR,train
C:/Users/Ankit/.cache/kagglehub/datasets/masoudnickparvar/brain-tumor-mri-dataset/versions/2/Training/meningioma/Tr-me_450.jpg,TUMOR,train
C:/Users/Ankit/.cache/kagglehub/datasets/masoudnickparvar/brain-tumor-mri-dataset/versions/2/Training/meningioma/Tr-me_64.jpg,TUMOR,train
C:/Users/Ankit/.cache/kagglehub/datasets/masoudnickparvar/brain-tumor-mri-dataset/versions/2/Training/meningioma/Tr-me_623.jpg,TUMOR,train
C:/Users/Ankit/.cache/kagglehub/datasets/masoudnickparvar/brain-tumor-mri-dataset/versions/2/Training/meningioma/Tr-me_451.jpg,TUMOR,train
C:/Users/Ankit/.cache/kagglehub/datasets/masoudnickparvar/brain-tumor-mri-dataset/versions/2/Testing/meningioma/Te-me_33.jpg,TUMOR,train
C:/Users/Ankit/.cache/kagglehub/datasets/masoudnickparvar/brain-tumor-mri-dataset/versions/2/Training/pituitary/Tr-pi_255.jpg,TUMOR,train
C:/Users/Ankit/.cache/kagglehub/datasets/masoudnickparvar/brain-tumor-mri-dataset/versions/2/Training/meningioma/Tr-me_1254.jpg,TUMOR,train
C:/Users/Ankit/.cache/kagglehub/datasets/masoudnickparvar/brain-tumor-mri-dataset/versions/2/Training/pituitary/Tr-pi_1390.jpg,TUMOR,train
C:/Users/Ankit/.cache/kagglehub/datasets/masoudnickparvar/brain-tumor-mri-dataset/versions/2/Training/meningioma/Tr-me_1002.jpg,TUMOR,train
C:/Users/Ankit/.cache/kagglehub/datasets/masoudnickparvar/brain-tumor-mri-dataset/versions/2/Training/meningioma/Tr-me_35.jpg,TUMOR,train
C:/Users/Ankit/.cache/kagglehub/datasets/masoudnickparvar/brain-tumor-mri-dataset/versions/2/Testing/meningioma/Te-me_148.jpg,TUMOR,train
C:/Users/Ankit/.cache/kagglehub/datasets/masoudnickparvar/brain-tumor-mri-dataset/versions/2/Training/meningioma/Tr-me_500.jpg,TUMOR,train
C:/Users/Ankit/.cache/kagglehub/datasets/masoudnickparvar/brain-tumor-mri-dataset/versions/2/Training/glioma/Tr-gl_1152.jpg,TUMOR,train
C:/Users/Ankit/.cache/kagglehub/datasets/masoudnickparvar/brain-tumor-mri-dataset/versions/2/Training/glioma/Tr-gl_281.jpg,TUMOR,train
C:/Users/Ankit/.cache/kagglehub/datasets/masoudnickparvar/brain-tumor-mri-dataset/versions/2/Training/glioma/Tr-gl_1132.jpg,TUMOR,train
C:/Users/Ankit/.cache/kagglehub/datasets/masoudnickparvar/brain-tumor-mri-dataset/versions/2/Training/glioma/Tr-gl_853.jpg,TUMOR,train
C:/Users/Ankit/.cache/kagglehub/datasets/masoudnickparvar/brain-tumor-mri-dataset/versions/2/Training/glioma/Tr-gl_1142.jpg,TUMOR,train
C:/Users/Ankit/.cache/kagglehub/datasets/masoudnickparvar/brain-tumor-mri-dataset/versions/2/Training/pituitary/Tr-pi_238.jpg,TUMOR,train
C:/Users/Ankit/.cache/kagglehub/datasets/masoudnickparvar/brain-tumor-mri-dataset/versions/2/Training/glioma/Tr-gl_954.jpg,TUMOR,train
C:/Users/Ankit/.cache/kagglehub/datasets/masoudnickparvar/brain-tumor-mri-dataset/versions/2/Training/glioma/Tr-gl_1040.jpg,TUMOR,train
C:/Users/Ankit/.cache/kagglehub/datasets/masoudnickparvar/brain-tumor-mri-dataset/versions/2/Training/pituitary/Tr-pi_1359.jpg,TUMOR,train
C:/Users/Ankit/.cache/kagglehub/datasets/masoudnickparvar/brain-tumor-mri-dataset/versions/2/Training/glioma/Tr-gl_941.jpg,TUMOR,train
C:/Users/Ankit/.cache/kagglehub/datasets/masoudnickparvar/brain-tumor-mri-dataset/versions/2/Training/pituitary/Tr-pi_210.jpg,TUMOR,train
C:/Users/Ankit/.cache/kagglehub/datasets/masoudnickparvar/brain-tumor-mri-dataset/versions/2/Testing/pituitary/Te-pi_1.jpg,TUMOR,train
C:/Users/Ankit/.cache/kagglehub/datasets/masoudnickparvar/brain-tumor-mri-dataset/versions/2/Training/meningioma/Tr-me_846.jpg,TUMOR,train
C:/Users/Ankit/.cache/kagglehub/datasets/masoudnickparvar/brain-tumor-mri-dataset/versions/2/Testing/pituitary/Te-pi_289.jpg,TUMOR,train
C:/Users/Ankit/.cache/kagglehub/datasets/masoudnickparvar/brain-tumor-mri-dataset/versions/2/Training/pituitary/Tr-pi_834.jpg,TUMOR,train
C:/Users/Ankit/.cache/kagglehub/datasets/masoudnickparvar/brain-tumor-mri-dataset/versions/2/Training/glioma/Tr-gl_125.jpg,TUMOR,train
C:/Users/Ankit/.cache/kagglehub/datasets/masoudnickparvar/brain-tumor-mri-dataset/versions/2/Training/glioma/Tr-gl_891.jpg,TUMOR,train
C:/Users/Ankit/.cache/kagglehub/datasets/masoudnickparvar/brain-tumor-mri-dataset/versions/2/Training/meningioma/Tr-me_1289.jpg,TUMOR,train
C:/Users/Ankit/.cache/kagglehub/datasets/masoudnickparvar/brain-tumor-mri-dataset/versions/2/Training/pituitary/Tr-pi_954.jpg,TUMOR,train
C:/Users/Ankit/.cache/kagglehub/datasets/masoudnickparvar/brain-tumor-mri-dataset/versions/2/Training/glioma/Tr-gl_21.jpg,TUMOR,train
C:/Users/Ankit/.cache/kagglehub/datasets/masoudnickparvar/brain-tumor-mri-dataset/versions/2/Testing/pituitary/Te-pi_397.jpg,TUMOR,train
C:/Users/Ankit/.cache/kagglehub/datasets/masoudnickparvar/brain-tumor-mri-dataset/versions/2/Training/glioma/Tr-gl_260.jpg,TUMOR,train
C:/Users/Ankit/.cache/kagglehub/datasets/masoudnickparvar/brain-tumor-mri-dataset/versions/2/Testing/meningioma/Te-me_262.jpg,TUMOR,train
C:/Users/Ankit/.cache/kagglehub/datasets/masoudnickparvar/brain-tumor-mri-dataset/versions/2/Testing/glioma/Te-gl_332.jpg,TUMOR,train
C:/Users/Ankit/.cache/kagglehub/datasets/masoudnickparvar/brain-tumor-mri-dataset/versions/2/Training/meningioma/Tr-me_937.jpg,TUMOR,train
C:/Users/Ankit/.cache/kagglehub/datasets/masoudnickparvar/brain-tumor-mri-dataset/versions/2/Training/glioma/Tr-gl_476.jpg,TUMOR,train
C:/Users/Ankit/.cache/kagglehub/datasets/masoudnickparvar/brain-tumor-mri-dataset/versions/2/Training/meningioma/Tr-me_563.jpg,TUMOR,train
C:/Users/Ankit/.cache/kagglehub/datasets/masoudnickparvar/brain-tumor-mri-dataset/versions/2/Training/meningioma/Tr-me_705.jpg,TUMOR,train
C:/Users/Ankit/.cache/kagglehub/datasets/masoudnickparvar/brain-tumor-mri-dataset/versions/2/Testing/pituitary/Te-pi_370.jpg,TUMOR,train
C:/Users/Ankit/.cache/kagglehub/datasets/masoudnickparvar/brain-tumor-mri-dataset/versions/2/Training/meningioma/Tr-me_42.jpg,TUMOR,train
C:/Users/Ankit/.cache/kagglehub/datasets/masoudnickparvar/brain-tumor-mri-dataset/versions/2/Training/meningioma/Tr-me_580.jpg,TUMOR,train
C:/Users/Ankit/.cache/kagglehub/datasets/masoudnickparvar/brain-tumor-mri-dataset/versions/2/Training/pituitary/Tr-pi_1009.jpg,TUMOR,train
C:/Users/Ankit/.cache/kagglehub/datasets/masoudnickparvar/brain-tumor-mri-dataset/versions/2/Training/pituitary/Tr-pi_540.jpg,TUMOR,train
C:/Users/Ankit/.cache/kagglehub/datasets/masoudnickparvar/brain-tumor-mri-dataset/versions/2/Training/glioma/Tr-gl_58.jpg,TUMOR,train
C:/Users/Ankit/.cache/kagglehub/datasets/masoudnickparvar/brain-tumor-mri-dataset/versions/2/Training/glioma/Tr-gl_767.jpg,TUMOR,train
C:/Users/Ankit/.cache/kagglehub/datasets/masoudnickparvar/brain-tumor-mri-dataset/versions/2/Training/meningioma/Tr-aug-me_64.jpg,TUMOR,train
C:/Users/Ankit/.cache/kagglehub/datasets/masoudnickparvar/brain-tumor-mri-dataset/versions/2/Training/pituitary/Tr-pi_1226.jpg,TUMOR,train
C:/Users/Ankit/.cache/kagglehub/datasets/masoudnickparvar/brain-tumor-mri-dataset/versions/2/Testing/glioma/Te-gl_50.jpg,TUMOR,train
C:/Users/Ankit/.cache/kagglehub/datasets/masoudnickparvar/brain-tumor-mri-dataset/versions/2/Training/glioma/Tr-gl_1348.jpg,TUMOR,train
C:/Users/Ankit/.cache/kagglehub/datasets/masoudnickparvar/brain-tumor-mri-dataset/versions/2/Training/pituitary/Tr-pi_47.jpg,TUMOR,train
C:/Users/Ankit/.cache/kagglehub/datasets/masoudnickparvar/brain-tumor-mri-dataset/versions/2/Testing/pituitary/Te-pi_95.jpg,TUMOR,train
C:/Users/Ankit/.cache/kagglehub/datasets/masoudnickparvar/brain-tumor-mri-dataset/versions/2/Training/pituitary/Tr-pi_110.jpg,TUMOR,train
C:/Users/Ankit/.cache/kagglehub/datasets/masoudnickparvar/brain-tumor-mri-dataset/versions/2/Training/pituitary/Tr-pi_315.jpg,TUMOR,train
C:/Users/Ankit/.cache/kagglehub/datasets/masoudnickparvar/brain-tumor-mri-dataset/versions/2/Training/glioma/Tr-gl_1113.jpg,TUMOR,train
C:/Users/Ankit/.cache/kagglehub/datasets/masoudnickparvar/brain-tumor-mri-dataset/versions/2/Testing/glioma/Te-gl_82.jpg,TUMOR,train
C:/Users/Ankit/.cache/kagglehub/datasets/masoudnickparvar/brain-tumor-mri-dataset/versions/2/Training/pituitary/Tr-pi_529.jpg,TUMOR,train
C:/Users/Ankit/.cache/kagglehub/datasets/masoudnickparvar/brain-tumor-mri-dataset/versions/2/Training/glioma/Tr-gl_1222.jpg,TUMOR,train
C:/Users/Ankit/.cache/kagglehub/datasets/masoudnickparvar/brain-tumor-mri-dataset/versions/2/Testing/glioma/Te-gl_7.jpg,TUMOR,train
C:/Users/Ankit/.cache/kagglehub/datasets/masoudnickparvar/brain-tumor-mri-dataset/versions/2/Training/meningioma/Tr-me_416.jpg,TUMOR,train
C:/Users/Ankit/.cache/kagglehub/datasets/masoudnickparvar/brain-tumor-mri-dataset/versions/2/Training/pituitary/Tr-pi_1378.jpg,TUMOR,train
C:/Users/Ankit/.cache/kagglehub/datasets/masoudnickparvar/brain-tumor-mri-dataset/versions/2/Training/glioma/Tr-gl_162.jpg,TUMOR,train
C:/Users/Ankit/.cache/kagglehub/datasets/masoudnickparvar/brain-tumor-mri-dataset/versions/2/Training/pituitary/Tr-pi_1324.jpg,TUMOR,train
C:/Users/Ankit/.cache/kagglehub/datasets/masoudnickparvar/brain-tumor-mri-dataset/versions/2/Training/glioma/Tr-gl_703.jpg,TUMOR,train
C:/Users/Ankit/.cache/kagglehub/datasets/masoudnickparvar/brain-tumor-mri-dataset/versions/2/Training/pituitary/Tr-pi_769.jpg,TUMOR,train
C:/Users/Ankit/.cache/kagglehub/datasets/masoudnickparvar/brain-tumor-mri-dataset/versions/2/Training/meningioma/Tr-me_757.jpg,TUMOR,train
C:/Users/Ankit/.cache/kagglehub/datasets/masoudnickparvar/brain-tumor-mri-dataset/versions/2/Training/meningioma/Tr-me_252.jpg,TUMOR,train
C:/Users/Ankit/.cache/kagglehub/datasets/masoudnickparvar/brain-tumor-mri-dataset/versions/2/Training/meningioma/Tr-me_632.jpg,TUMOR,train
C:/Users/Ankit/.cache/kagglehub/datasets/masoudnickparvar/brain-tumor-mri-dataset/versions/2/Training/pituitary/Tr-pi_22.jpg,TUMOR,train
C:/Users/Ankit/.cache/kagglehub/datasets/masoudnickparvar/brain-tumor-mri-dataset/versions/2/Training/pituitary/Tr-pi_911.jpg,TUMOR,train
C:/Users/Ankit/.cache/kagglehub/datasets/masoudnickparvar/brain-tumor-mri-dataset/versions/2/Testing/meningioma/Te-aug-me_22.jpg,TUMOR,train
C:/Users/Ankit/.cache/kagglehub/datasets/masoudnickparvar/brain-tumor-mri-dataset/versions/2/Testing/pituitary/Te-pi_373.jpg,TUMOR,train
C:/Users/Ankit/.cache/kagglehub/datasets/masoudnickparvar/brain-tumor-mri-dataset/versions/2/Training/glioma/Tr-gl_1245.jpg,TUMOR,train
C:/Users/Ankit/.cache/kagglehub/datasets/masoudnickparvar/brain-tumor-mri-dataset/versions/2/Training/glioma/Tr-gl_298.jpg,TUMOR,train
C:/Users/Ankit/.cache/kagglehub/datasets/masoudnickparvar/brain-tumor-mri-dataset/versions/2/Training/meningioma/Tr-me_440.jpg,TUMOR,train
C:/Users/Ankit/.cache/kagglehub/datasets/masoudnickparvar/brain-tumor-mri-dataset/versions/2/Training/meningioma/Tr-me_1272.jpg,TUMOR,train
C:/Users/Ankit/.cache/kagglehub/datasets/masoudnickparvar/brain-tumor-mri-dataset/versions/2/Testing/glioma/Te-gl_76.jpg,TUMOR,train
C:/Users/Ankit/.cache/kagglehub/datasets/masoudnickparvar/brain-tumor-mri-dataset/versions/2/Testing/meningioma/Te-aug-me_39.jpg,TUMOR,train
C:/Users/Ankit/.cache/kagglehub/datasets/masoudnickparvar/brain-tumor-mri-dataset/versions/2/Training/pituitary/Tr-pi_820.jpg,TUMOR,train
C:/Users/Ankit/.cache/kagglehub/datasets/masoudnickparvar/brain-tumor-mri-dataset/versions/2/Training/pituitary/Tr-pi_162.jpg,TUMOR,train
C:/Users/Ankit/.cache/kagglehub/datasets/masoudnickparvar/brain-tumor-mri-dataset/versions/2/Training/glioma/Tr-gl_1354.jpg,TUMOR,train
C:/Users/Ankit/.cache/kagglehub/datasets/masoudnickparvar/brain-tumor-mri-dataset/versions/2/Training/pituitary/Tr-pi_569.jpg,TUMOR,train
C:/Users/Ankit/.cache/kagglehub/datasets/masoudnickparvar/brain-tumor-mri-dataset/versions/2/Training/meningioma/Tr-me_780.jpg,TUMOR,train
C:/Users/Ankit/.cache/kagglehub/datasets/masoudnickparvar/brain-tumor-mri-dataset/versions/2/Training/pituitary/Tr-pi_1182.jpg,TUMOR,train
C:/Users/Ankit/.cache/kagglehub/datasets/masoudnickparvar/brain-tumor-mri-dataset/versions/2/Testing/pituitary/Te-pi_367.jpg,TUMOR,train
C:/Users/Ankit/.cache/kagglehub/datasets/masoudnickparvar/brain-tumor-mri-dataset/versions/2/Training/pituitary/Tr-pi_389.jpg,TUMOR,train
C:/Users/Ankit/.cache/kagglehub/datasets/masoudnickparvar/brain-tumor-mri-dataset/versions/2/Training/meningioma/Tr-me_237.jpg,TUMOR,train
C:/Users/Ankit/.cache/kagglehub/datasets/masoudnickparvar/brain-tumor-mri-dataset/versions/2/Training/meningioma/Tr-me_1287.jpg,TUMOR,train
C:/Users/Ankit/.cache/kagglehub/datasets/masoudnickparvar/brain-tumor-mri-dataset/versions/2/Training/glioma/Tr-gl_995.jpg,TUMOR,train
C:/Users/Ankit/.cache/kagglehub/datasets/masoudnickparvar/brain-tumor-mri-dataset/versions/2/Testing/glioma/Te-gl_55.jpg,TUMOR,train
C:/Users/Ankit/.cache/kagglehub/datasets/masoudnickparvar/brain-tumor-mri-dataset/versions/2/Training/glioma/Tr-gl_1319.jpg,TUMOR,train
C:/Users/Ankit/.cache/kagglehub/datasets/masoudnickparvar/brain-tumor-mri-dataset/versions/2/Training/glioma/Tr-gl_818.jpg,TUMOR,train
C:/Users/Ankit/.cache/kagglehub/datasets/masoudnickparvar/brain-tumor-mri-dataset/versions/2/Testing/meningioma/Te-me_63.jpg,TUMOR,train
C:/Users/Ankit/.cache/kagglehub/datasets/masoudnickparvar/brain-tumor-mri-dataset/versions/2/Training/glioma/Tr-gl_25.jpg,TUMOR,train
C:/Users/Ankit/.cache/kagglehub/datasets/masoudnickparvar/brain-tumor-mri-dataset/versions/2/Training/glioma/Tr-gl_1301.jpg,TUMOR,train
C:/Users/Ankit/.cache/kagglehub/datasets/masoudnickparvar/brain-tumor-mri-dataset/versions/2/Training/pituitary/Tr-pi_308.jpg,TUMOR,train
C:/Users/Ankit/.cache/kagglehub/datasets/masoudnickparvar/brain-tumor-mri-dataset/versions/2/Training/glioma/Tr-gl_123.jpg,TUMOR,train
C:/Users/Ankit/.cache/kagglehub/datasets/masoudnickparvar/brain-tumor-mri-dataset/versions/2/Training/pituitary/Tr-pi_280.jpg,TUMOR,train
C:/Users/Ankit/.cache/kagglehub/datasets/masoudnickparvar/brain-tumor-mri-dataset/versions/2/Training/glioma/Tr-gl_983.jpg,TUMOR,train
C:/Users/Ankit/.cache/kagglehub/datasets/masoudnickparvar/brain-tumor-mri-dataset/versions/2/Training/meningioma/Tr-me_887.jpg,TUMOR,train
C:/Users/Ankit/.cache/kagglehub/datasets/masoudnickparvar/brain-tumor-mri-dataset/versions/2/Training/meningioma/Tr-me_556.jpg,TUMOR,train
C:/Users/Ankit/.cache/kagglehub/datasets/masoudnickparvar/brain-tumor-mri-dataset/versions/2/Training/pituitary/Tr-pi_1190.jpg,TUMOR,train
C:/Users/Ankit/.cache/kagglehub/datasets/masoudnickparvar/brain-tumor-mri-dataset/versions/2/Training/glioma/Tr-gl_1120.jpg,TUMOR,train
C:/Users/Ankit/.cache/kagglehub/datasets/masoudnickparvar/brain-tumor-mri-dataset/versions/2/Training/meningioma/Tr-me_1063.jpg,TUMOR,train
C:/Users/Ankit/.cache/kagglehub/datasets/masoudnickparvar/brain-tumor-mri-dataset/versions/2/Training/glioma/Tr-gl_854.jpg,TUMOR,train
C:/Users/Ankit/.cache/kagglehub/datasets/masoudnickparvar/brain-tumor-mri-dataset/versions/2/Training/glioma/Tr-gl_1174.jpg,TUMOR,train
C:/Users/Ankit/.cache/kagglehub/datasets/masoudnickparvar/brain-tumor-mri-dataset/versions/2/Testing/glioma/Te-gl_38.jpg,TUMOR,train
C:/Users/Ankit/.cache/kagglehub/datasets/masoudnickparvar/brain-tumor-mri-dataset/versions/2/Testing/pituitary/Te-pi_234.jpg,TUMOR,train
C:/Users/Ankit/.cache/kagglehub/datasets/masoudnickparvar/brain-tumor-mri-dataset/versions/2/Training/glioma/Tr-gl_27.jpg,TUMOR,train
C:/Users/Ankit/.cache/kagglehub/datasets/masoudnickparvar/brain-tumor-mri-dataset/versions/2/Testing/meningioma/Te-aug-me_1.jpg,TUMOR,train
C:/Users/Ankit/.cache/kagglehub/datasets/masoudnickparvar/brain-tumor-mri-dataset/versions/2/Testing/glioma/Te-gl_297.jpg,TUMOR,train
C:/Users/Ankit/.cache/kagglehub/datasets/masoudnickparvar/brain-tumor-mri-dataset/versions/2/Training/glioma/Tr-gl_1193.jpg,TUMOR,train
C:/Users/Ankit/.cache/kagglehub/datasets/masoudnickparvar/brain-tumor-mri-dataset/versions/2/Training/pituitary/Tr-pi_213.jpg,TUMOR,train
C:/Users/Ankit/.cache/kagglehub/datasets/masoudnickparvar/brain-tumor-mri-dataset/versions/2/Testing/glioma/Te-gl_389.jpg,TUMOR,train
C:/Users/Ankit/.cache/kagglehub/datasets/masoudnickparvar/brain-tumor-mri-dataset/versions/2/Training/meningioma/Tr-me_178.jpg,TUMOR,train
C:/Users/Ankit/.cache/kagglehub/datasets/masoudnickparvar/brain-tumor-mri-dataset/versions/2/Training/glioma/Tr-gl_1333.jpg,TUMOR,train
C:/Users/Ankit/.cache/kagglehub/datasets/masoudnickparvar/brain-tumor-mri-dataset/versions/2/Training/glioma/Tr-gl_1140.jpg,TUMOR,train
C:/Users/Ankit/.cache/kagglehub/datasets/masoudnickparvar/brain-tumor-mri-dataset/versions/2/Training/glioma/Tr-gl_651.jpg,TUMOR,train
C:/Users/Ankit/.cache/kagglehub/datasets/masoudnickparvar/brain-tumor-mri-dataset/versions/2/Training/glioma/Tr-gl_1352.jpg,TUMOR,train
C:/Users/Ankit/.cache/kagglehub/datasets/masoudnickparvar/brain-tumor-mri-dataset/versions/2/Training/glioma/Tr-gl_905.jpg,TUMOR,train
C:/Users/Ankit/.cache/kagglehub/datasets/masoudnickparvar/brain-tumor-mri-dataset/versions/2/Testing/pituitary/Te-pi_265.jpg,TUMOR,train
C:/Users/Ankit/.cache/kagglehub/datasets/masoudnickparvar/brain-tumor-mri-dataset/versions/2/Training/meningioma/Tr-me_1087.jpg,TUMOR,train
C:/Users/Ankit/.cache/kagglehub/datasets/masoudnickparvar/brain-tumor-mri-dataset/versions/2/Training/meningioma/Tr-me_1185.jpg,TUMOR,train
C:/Users/Ankit/.cache/kagglehub/datasets/masoudnickparvar/brain-tumor-mri-dataset/versions/2/Training/pituitary/Tr-pi_1115.jpg,TUMOR,train
C:/Users/Ankit/.cache/kagglehub/datasets/masoudnickparvar/brain-tumor-mri-dataset/versions/2/Testing/glioma/Te-gl_383.jpg,TUMOR,train
C:/Users/Ankit/.cache/kagglehub/datasets/masoudnickparvar/brain-tumor-mri-dataset/versions/2/Training/pituitary/Tr-pi_1149.jpg,TUMOR,train
C:/Users/Ankit/.cache/kagglehub/datasets/masoudnickparvar/brain-tumor-mri-dataset/versions/2/Training/meningioma/Tr-me_22.jpg,TUMOR,train
C:/Users/Ankit/.cache/kagglehub/datasets/masoudnickparvar/brain-tumor-mri-dataset/versions/2/Training/pituitary/Tr-pi_869.jpg,TUMOR,train
C:/Users/Ankit/.cache/kagglehub/datasets/masoudnickparvar/brain-tumor-mri-dataset/versions/2/Training/pituitary/Tr-pi_1118.jpg,TUMOR,train
C:/Users/Ankit/.cache/kagglehub/datasets/masoudnickparvar/brain-tumor-mri-dataset/versions/2/Training/meningioma/Tr-me_653.jpg,TUMOR,train
C:/Users/Ankit/.cache/kagglehub/datasets/masoudnickparvar/brain-tumor-mri-dataset/versions/2/Training/glioma/Tr-gl_1078.jpg,TUMOR,train
C:/Users/Ankit/.cache/kagglehub/datasets/masoudnickparvar/brain-tumor-mri-dataset/versions/2/Training/glioma/Tr-gl_942.jpg,TUMOR,train
C:/Users/Ankit/.cache/kagglehub/datasets/masoudnickparvar/brain-tumor-mri-dataset/versions/2/Testing/glioma/Te-gl_22.jpg,TUMOR,train
C:/Users/Ankit/.cache/kagglehub/datasets/masoudnickparvar/brain-tumor-mri-dataset/versions/2/Training/meningioma/Tr-me_554.jpg,TUMOR,train
C:/Users/Ankit/.cache/kagglehub/datasets/masoudnickparvar/brain-tumor-mri-dataset/versions/2/Training/meningioma/Tr-me_1267.jpg,TUMOR,train
C:/Users/Ankit/.cache/kagglehub/datasets/masoudnickparvar/brain-tumor-mri-dataset/versions/2/Training/pituitary/Tr-pi_771.jpg,TUMOR,train
C:/Users/Ankit/.cache/kagglehub/datasets/masoudnickparvar/brain-tumor-mri-dataset/versions/2/Training/meningioma/Tr-me_933.jpg,TUMOR,train
C:/Users/Ankit/.cache/kagglehub/datasets/masoudnickparvar/brain-tumor-mri-dataset/versions/2/Testing/glioma/Te-gl_270.jpg,TUMOR,train
C:/Users/Ankit/.cache/kagglehub/datasets/masoudnickparvar/brain-tumor-mri-dataset/versions/2/Training/meningioma/Tr-me_1250.jpg,TUMOR,train
C:/Users/Ankit/.cache/kagglehub/datasets/masoudnickparvar/brain-tumor-mri-dataset/versions/2/Training/glioma/Tr-gl_410.jpg,TUMOR,train
C:/Users/Ankit/.cache/kagglehub/datasets/masoudnickparvar/brain-tumor-mri-dataset/versions/2/Training/glioma/Tr-gl_748.jpg,TUMOR,train
C:/Users/Ankit/.cache/kagglehub/datasets/masoudnickparvar/brain-tumor-mri-dataset/versions/2/Training/pituitary/Tr-pi_1046.jpg,TUMOR,train
C:/Users/Ankit/.cache/kagglehub/datasets/masoudnickparvar/brain-tumor-mri-dataset/versions/2/Training/pituitary/Tr-pi_1110.jpg,TUMOR,train
C:/Users/Ankit/.cache/kagglehub/datasets/masoudnickparvar/brain-tumor-mri-dataset/versions/2/Training/pituitary/Tr-pi_1209.jpg,TUMOR,train
C:/Users/Ankit/.cache/kagglehub/datasets/masoudnickparvar/brain-tumor-mri-dataset/versions/2/Training/meningioma/Tr-me_148.jpg,TUMOR,train
C:/Users/Ankit/.cache/kagglehub/datasets/masoudnickparvar/brain-tumor-mri-dataset/versions/2/Training/pituitary/Tr-pi_1292.jpg,TUMOR,train
C:/Users/Ankit/.cache/kagglehub/datasets/masoudnickparvar/brain-tumor-mri-dataset/versions/2/Training/pituitary/Tr-pi_1395.jpg,TUMOR,train
C:/Users/Ankit/.cache/kagglehub/datasets/masoudnickparvar/brain-tumor-mri-dataset/versions/2/Training/meningioma/Tr-me_185.jpg,TUMOR,train
C:/Users/Ankit/.cache/kagglehub/datasets/masoudnickparvar/brain-tumor-mri-dataset/versions/2/Training/glioma/Tr-gl_258.jpg,TUMOR,train
C:/Users/Ankit/.cache/kagglehub/datasets/masoudnickparvar/brain-tumor-mri-dataset/versions/2/Training/pituitary/Tr-pi_1285.jpg,TUMOR,train
C:/Users/Ankit/.cache/kagglehub/datasets/masoudnickparvar/brain-tumor-mri-dataset/versions/2/Training/meningioma/Tr-me_539.jpg,TUMOR,train
C:/Users/Ankit/.cache/kagglehub/datasets/masoudnickparvar/brain-tumor-mri-dataset/versions/2/Training/pituitary/Tr-pi_19.jpg,TUMOR,train
C:/Users/Ankit/.cache/kagglehub/datasets/masoudnickparvar/brain-tumor-mri-dataset/versions/2/Testing/glioma/Te-gl_133.jpg,TUMOR,train
C:/Users/Ankit/.cache/kagglehub/datasets/masoudnickparvar/brain-tumor-mri-dataset/versions/2/Testing/glioma/Te-gl_305.jpg,TUMOR,train
C:/Users/Ankit/.cache/kagglehub/datasets/masoudnickparvar/brain-tumor-mri-dataset/versions/2/Training/pituitary/Tr-pi_80.jpg,TUMOR,train
C:/Users/Ankit/.cache/kagglehub/datasets/masoudnickparvar/brain-tumor-mri-dataset/versions/2/Training/pituitary/Tr-pi_140.jpg,TUMOR,train
C:/Users/Ankit/.cache/kagglehub/datasets/masoudnickparvar/brain-tumor-mri-dataset/versions/2/Training/pituitary/Tr-pi_1086.jpg,TUMOR,train
C:/Users/Ankit/.cache/kagglehub/datasets/masoudnickparvar/brain-tumor-mri-dataset/versions/2/Training/meningioma/Tr-me_82.jpg,TUMOR,train
C:/Users/Ankit/.cache/kagglehub/datasets/masoudnickparvar/brain-tumor-mri-dataset/versions/2/Training/meningioma/Tr-me_1140.jpg,TUMOR,train
C:/Users/Ankit/.cache/kagglehub/datasets/masoudnickparvar/brain-tumor-mri-dataset/versions/2/Training/meningioma/Tr-me_357.jpg,TUMOR,train
C:/Users/Ankit/.cache/kagglehub/datasets/masoudnickparvar/brain-tumor-mri-dataset/versions/2/Training/pituitary/Tr-pi_380.jpg,TUMOR,train
C:/Users/Ankit/.cache/kagglehub/datasets/masoudnickparvar/brain-tumor-mri-dataset/versions/2/Testing/glioma/Te-gl_397.jpg,TUMOR,train
C:/Users/Ankit/.cache/kagglehub/datasets/masoudnickparvar/brain-tumor-mri-dataset/versions/2/Training/meningioma/Tr-me_259.jpg,TUMOR,train
C:/Users/Ankit/.cache/kagglehub/datasets/masoudnickparvar/brain-tumor-mri-dataset/versions/2/Testing/pituitary/Te-pi_211.jpg,TUMOR,train
C:/Users/Ankit/.cache/kagglehub/datasets/masoudnickparvar/brain-tumor-mri-dataset/versions/2/Training/meningioma/Tr-me_991.jpg,TUMOR,train
C:/Users/Ankit/.cache/kagglehub/datasets/masoudnickparvar/brain-tumor-mri-dataset/versions/2/Training/glioma/Tr-gl_741.jpg,TUMOR,train
C:/Users/Ankit/.cache/kagglehub/datasets/masoudnickparvar/brain-tumor-mri-dataset/versions/2/Training/glioma/Tr-gl_350.jpg,TUMOR,train
C:/Users/Ankit/.cache/kagglehub/datasets/masoudnickparvar/brain-tumor-mri-dataset/versions/2/Training/meningioma/Tr-me_321.jpg,TUMOR,train
C:/Users/Ankit/.cache/kagglehub/datasets/masoudnickparvar/brain-tumor-mri-dataset/versions/2/Training/meningioma/Tr-me_349.jpg,TUMOR,train
C:/Users/Ankit/.cache/kagglehub/datasets/masoudnickparvar/brain-tumor-mri-dataset/versions/2/Training/pituitary/Tr-pi_918.jpg,TUMOR,train
C:/Users/Ankit/.cache/kagglehub/datasets/masoudnickparvar/brain-tumor-mri-dataset/versions/2/Training/glioma/Tr-gl_1381.jpg,TUMOR,train
C:/Users/Ankit/.cache/kagglehub/datasets/masoudnickparvar/brain-tumor-mri-dataset/versions/2/Testing/pituitary/Te-pi_364.jpg,TUMOR,train
C:/Users/Ankit/.cache/kagglehub/datasets/masoudnickparvar/brain-tumor-mri-dataset/versions/2/Training/meningioma/Tr-me_1296.jpg,TUMOR,train
C:/Users/Ankit/.cache/kagglehub/datasets/masoudnickparvar/brain-tumor-mri-dataset/versions/2/Training/pituitary/Tr-pi_1159.jpg,TUMOR,train
C:/Users/Ankit/.cache/kagglehub/datasets/masoudnickparvar/brain-tumor-mri-dataset/versions/2/Training/meningioma/Tr-me_788.jpg,TUMOR,train
C:/Users/Ankit/.cache/kagglehub/datasets/masoudnickparvar/brain-tumor-mri-dataset/versions/2/Training/pituitary/Tr-pi_978.jpg,TUMOR,train
C:/Users/Ankit/.cache/kagglehub/datasets/masoudnickparvar/brain-tumor-mri-dataset/versions/2/Training/meningioma/Tr-me_348.jpg,TUMOR,train
C:/Users/Ankit/.cache/kagglehub/datasets/masoudnickparvar/brain-tumor-mri-dataset/versions/2/Testing/meningioma/Te-me_195.jpg,TUMOR,train
C:/Users/Ankit/.cache/kagglehub/datasets/masoudnickparvar/brain-tumor-mri-dataset/versions/2/Training/meningioma/Tr-me_1193.jpg,TUMOR,train
C:/Users/Ankit/.cache/kagglehub/datasets/masoudnickparvar/brain-tumor-mri-dataset/versions/2/Testing/glioma/Te-gl_94.jpg,TUMOR,train
C:/Users/Ankit/.cache/kagglehub/datasets/masoudnickparvar/brain-tumor-mri-dataset/versions/2/Testing/meningioma/Te-aug-me_40.jpg,TUMOR,train
C:/Users/Ankit/.cache/kagglehub/datasets/masoudnickparvar/brain-tumor-mri-dataset/versions/2/Testing/meningioma/Te-me_4.jpg,TUMOR,train
C:/Users/Ankit/.cache/kagglehub/datasets/masoudnickparvar/brain-tumor-mri-dataset/versions/2/Training/pituitary/Tr-pi_324.jpg,TUMOR,train
C:/Users/Ankit/.cache/kagglehub/datasets/masoudnickparvar/brain-tumor-mri-dataset/versions/2/Training/pituitary/Tr-pi_662.jpg,TUMOR,train
C:/Users/Ankit/.cache/kagglehub/datasets/masoudnickparvar/brain-tumor-mri-dataset/versions/2/Testing/glioma/Te-gl_162.jpg,TUMOR,train
C:/Users/Ankit/.cache/kagglehub/datasets/masoudnickparvar/brain-tumor-mri-dataset/versions/2/Testing/pituitary/Te-pi_76.jpg,TUMOR,train
C:/Users/Ankit/.cache/kagglehub/datasets/masoudnickparvar/brain-tumor-mri-dataset/versions/2/Training/glioma/Tr-gl_633.jpg,TUMOR,train
C:/Users/Ankit/.cache/kagglehub/datasets/masoudnickparvar/brain-tumor-mri-dataset/versions/2/Training/meningioma/Tr-me_924.jpg,TUMOR,train
C:/Users/Ankit/.cache/kagglehub/datasets/masoudnickparvar/brain-tumor-mri-dataset/versions/2/Training/meningioma/Tr-me_473.jpg,TUMOR,train
C:/Users/Ankit/.cache/kagglehub/datasets/masoudnickparvar/brain-tumor-mri-dataset/versions/2/Training/meningioma/Tr-me_187.jpg,TUMOR,train
C:/Users/Ankit/.cache/kagglehub/datasets/masoudnickparvar/brain-tumor-mri-dataset/versions/2/Training/pituitary/Tr-pi_462.jpg,TUMOR,train
C:/Users/Ankit/.cache/kagglehub/datasets/masoudnickparvar/brain-tumor-mri-dataset/versions/2/Training/glioma/Tr-gl_174.jpg,TUMOR,train
C:/Users/Ankit/.cache/kagglehub/datasets/masoudnickparvar/brain-tumor-mri-dataset/versions/2/Training/pituitary/Tr-pi_249.jpg,TUMOR,train
C:/Users/Ankit/.cache/kagglehub/datasets/masoudnickparvar/brain-tumor-mri-dataset/versions/2/Training/glioma/Tr-gl_62.jpg,TUMOR,train
C:/Users/Ankit/.cache/kagglehub/datasets/masoudnickparvar/brain-tumor-mri-dataset/versions/2/Training/pituitary/Tr-pi_1119.jpg,TUMOR,train
C:/Users/Ankit/.cache/kagglehub/datasets/masoudnickparvar/brain-tumor-mri-dataset/versions/2/Training/meningioma/Tr-me_1026.jpg,TUMOR,train
C:/Users/Ankit/.cache/kagglehub/datasets/masoudnickparvar/brain-tumor-mri-dataset/versions/2/Training/pituitary/Tr-pi_520.jpg,TUMOR,train
C:/Users/Ankit/.cache/kagglehub/datasets/masoudnickparvar/brain-tumor-mri-dataset/versions/2/Training/glioma/Tr-gl_44.jpg,TUMOR,train
C:/Users/Ankit/.cache/kagglehub/datasets/masoudnickparvar/brain-tumor-mri-dataset/versions/2/Training/meningioma/Tr-me_199.jpg,TUMOR,train
C:/Users/Ankit/.cache/kagglehub/datasets/masoudnickparvar/brain-tumor-mri-dataset/versions/2/Training/pituitary/Tr-pi_1080.jpg,TUMOR,train
C:/Users/Ankit/.cache/kagglehub/datasets/masoudnickparvar/brain-tumor-mri-dataset/versions/2/Testing/glioma/Te-gl_321.jpg,TUMOR,train
C:/Users/Ankit/.cache/kagglehub/datasets/masoudnickparvar/brain-tumor-mri-dataset/versions/2/Training/meningioma/Tr-me_224.jpg,TUMOR,train
C:/Users/Ankit/.cache/kagglehub/datasets/masoudnickparvar/brain-tumor-mri-dataset/versions/2/Training/glioma/Tr-gl_339.jpg,TUMOR,train
C:/Users/Ankit/.cache/kagglehub/datasets/masoudnickparvar/brain-tumor-mri-dataset/versions/2/Training/glioma/Tr-gl_522.jpg,TUMOR,train
C:/Users/Ankit/.cache/kagglehub/datasets/masoudnickparvar/brain-tumor-mri-dataset/versions/2/Training/pituitary/Tr-pi_777.jpg,TUMOR,train
C:/Users/Ankit/.cache/kagglehub/datasets/masoudnickparvar/brain-tumor-mri-dataset/versions/2/Training/meningioma/Tr-me_1201.jpg,TUMOR,train
C:/Users/Ankit/.cache/kagglehub/datasets/masoudnickparvar/brain-tumor-mri-dataset/versions/2/Training/meningioma/Tr-me_931.jpg,TUMOR,train
C:/Users/Ankit/.cache/kagglehub/datasets/masoudnickparvar/brain-tumor-mri-dataset/versions/2/Testing/glioma/Te-gl_35.jpg,TUMOR,train
C:/Users/Ankit/.cache/kagglehub/datasets/masoudnickparvar/brain-tumor-mri-dataset/versions/2/Training/pituitary/Tr-pi_584.jpg,TUMOR,train
C:/Users/Ankit/.cache/kagglehub/datasets/masoudnickparvar/brain-tumor-mri-dataset/versions/2/Training/pituitary/Tr-pi_301.jpg,TUMOR,train
C:/Users/Ankit/.cache/kagglehub/datasets/masoudnickparvar/brain-tumor-mri-dataset/versions/2/Training/glioma/Tr-gl_179.jpg,TUMOR,train
C:/Users/Ankit/.cache/kagglehub/datasets/masoudnickparvar/brain-tumor-mri-dataset/versions/2/Training/pituitary/Tr-pi_865.jpg,TUMOR,train
C:/Users/Ankit/.cache/kagglehub/datasets/masoudnickparvar/brain-tumor-mri-dataset/versions/2/Testing/glioma/Te-gl_278.jpg,TUMOR,train
C:/Users/Ankit/.cache/kagglehub/datasets/masoudnickparvar/brain-tumor-mri-dataset/versions/2/Training/pituitary/Tr-pi_1240.jpg,TUMOR,train
C:/Users/Ankit/.cache/kagglehub/datasets/masoudnickparvar/brain-tumor-mri-dataset/versions/2/Testing/glioma/Te-gl_223.jpg,TUMOR,train
C:/Users/Ankit/.cache/kagglehub/datasets/masoudnickparvar/brain-tumor-mri-dataset/versions/2/Training/meningioma/Tr-me_872.jpg,TUMOR,train
C:/Users/Ankit/.cache/kagglehub/datasets/masoudnickparvar/brain-tumor-mri-dataset/versions/2/Testing/glioma/Te-gl_315.jpg,TUMOR,train
C:/Users/Ankit/.cache/kagglehub/datasets/masoudnickparvar/brain-tumor-mri-dataset/versions/2/Training/meningioma/Tr-me_434.jpg,TUMOR,train
C:/Users/Ankit/.cache/kagglehub/datasets/masoudnickparvar/brain-tumor-mri-dataset/versions/2/Training/pituitary/Tr-pi_783.jpg,TUMOR,train
C:/Users/Ankit/.cache/kagglehub/datasets/masoudnickparvar/brain-tumor-mri-dataset/versions/2/Training/pituitary/Tr-pi_1355.jpg,TUMOR,train
C:/Users/Ankit/.cache/kagglehub/datasets/masoudnickparvar/brain-tumor-mri-dataset/versions/2/Training/pituitary/Tr-pi_1103.jpg,TUMOR,train
C:/Users/Ankit/.cache/kagglehub/datasets/masoudnickparvar/brain-tumor-mri-dataset/versions/2/Training/meningioma/Tr-me_101.jpg,TUMOR,train
C:/Users/Ankit/.cache/kagglehub/datasets/masoudnickparvar/brain-tumor-mri-dataset/versions/2/Testing/meningioma/Te-me_270.jpg,TUMOR,train
C:/Users/Ankit/.cache/kagglehub/datasets/masoudnickparvar/brain-tumor-mri-dataset/versions/2/Training/pituitary/Tr-pi_373.jpg,TUMOR,train
C:/Users/Ankit/.cache/kagglehub/datasets/masoudnickparvar/brain-tumor-mri-dataset/versions/2/Testing/meningioma/Te-me_267.jpg,TUMOR,train
C:/Users/Ankit/.cache/kagglehub/datasets/masoudnickparvar/brain-tumor-mri-dataset/versions/2/Training/glioma/Tr-gl_357.jpg,TUMOR,train
C:/Users/Ankit/.cache/kagglehub/datasets/masoudnickparvar/brain-tumor-mri-dataset/versions/2/Training/glioma/Tr-gl_467.jpg,TUMOR,train
C:/Users/Ankit/.cache/kagglehub/datasets/masoudnickparvar/brain-tumor-mri-dataset/versions/2/Training/pituitary/Tr-pi_688.jpg,TUMOR,train
C:/Users/Ankit/.cache/kagglehub/datasets/masoudnickparvar/brain-tumor-mri-dataset/versions/2/Testing/pituitary/Te-pi_328.jpg,TUMOR,train
C:/Users/Ankit/.cache/kagglehub/datasets/masoudnickparvar/brain-tumor-mri-dataset/versions/2/Training/meningioma/Tr-me_346.jpg,TUMOR,train
C:/Users/Ankit/.cache/kagglehub/datasets/masoudnickparvar/brain-tumor-mri-dataset/versions/2/Training/glioma/Tr-gl_689.jpg,TUMOR,train
C:/Users/Ankit/.cache/kagglehub/datasets/masoudnickparvar/brain-tumor-mri-dataset/versions/2/Training/glioma/Tr-gl_5.jpg,TUMOR,train
C:/Users/Ankit/.cache/kagglehub/datasets/masoudnickparvar/brain-tumor-mri-dataset/versions/2/Testing/pituitary/Te-pi_285.jpg,TUMOR,train
C:/Users/Ankit/.cache/kagglehub/datasets/masoudnickparvar/brain-tumor-mri-dataset/versions/2/Training/glioma/Tr-gl_759.jpg,TUMOR,train
C:/Users/Ankit/.cache/kagglehub/datasets/masoudnickparvar/brain-tumor-mri-dataset/versions/2/Training/pituitary/Tr-pi_1275.jpg,TUMOR,train
C:/Users/Ankit/.cache/kagglehub/datasets/masoudnickparvar/brain-tumor-mri-dataset/versions/2/Training/pituitary/Tr-pi_1030.jpg,TUMOR,train
C:/Users/Ankit/.cache/kagglehub/datasets/masoudnickparvar/brain-tumor-mri-dataset/versions/2/Training/glioma/Tr-gl_1134.jpg,TUMOR,train
C:/Users/Ankit/.cache/kagglehub/datasets/masoudnickparvar/brain-tumor-mri-dataset/versions/2/Testing/pituitary/Te-pi_101.jpg,TUMOR,train
C:/Users/Ankit/.cache/kagglehub/datasets/masoudnickparvar/brain-tumor-mri-dataset/versions/2/Testing/meningioma/Te-me_208.jpg,TUMOR,train
C:/Users/Ankit/.cache/kagglehub/datasets/masoudnickparvar/brain-tumor-mri-dataset/versions/2/Training/glioma/Tr-gl_1006.jpg,TUMOR,train
C:/Users/Ankit/.cache/kagglehub/datasets/masoudnickparvar/brain-tumor-mri-dataset/versions/2/Training/pituitary/Tr-pi_1393.jpg,TUMOR,train
C:/Users/Ankit/.cache/kagglehub/datasets/masoudnickparvar/brain-tumor-mri-dataset/versions/2/Training/glioma/Tr-gl_794.jpg,TUMOR,train
C:/Users/Ankit/.cache/kagglehub/datasets/masoudnickparvar/brain-tumor-mri-dataset/versions/2/Training/glioma/Tr-gl_811.jpg,TUMOR,train
C:/Users/Ankit/.cache/kagglehub/datasets/masoudnickparvar/brain-tumor-mri-dataset/versions/2/Training/meningioma/Tr-me_239.jpg,TUMOR,train
C:/Users/Ankit/.cache/kagglehub/datasets/masoudnickparvar/brain-tumor-mri-dataset/versions/2/Training/meningioma/Tr-me_116.jpg,TUMOR,train
C:/Users/Ankit/.cache/kagglehub/datasets/masoudnickparvar/brain-tumor-mri-dataset/versions/2/Training/pituitary/Tr-pi_201.jpg,TUMOR,train
C:/Users/Ankit/.cache/kagglehub/datasets/masoudnickparvar/brain-tumor-mri-dataset/versions/2/Testing/meningioma/Te-me_184.jpg,TUMOR,train
C:/Users/Ankit/.cache/kagglehub/datasets/masoudnickparvar/brain-tumor-mri-dataset/versions/2/Testing/pituitary/Te-pi_195.jpg,TUMOR,train
C:/Users/Ankit/.cache/kagglehub/datasets/masoudnickparvar/brain-tumor-mri-dataset/versions/2/Training/glioma/Tr-gl_732.jpg,TUMOR,train
C:/Users/Ankit/.cache/kagglehub/datasets/masoudnickparvar/brain-tumor-mri-dataset/versions/2/Testing/glioma/Te-gl_268.jpg,TUMOR,train
C:/Users/Ankit/.cache/kagglehub/datasets/masoudnickparvar/brain-tumor-mri-dataset/versions/2/Training/glioma/Tr-gl_184.jpg,TUMOR,train
C:/Users/Ankit/.cache/kagglehub/datasets/masoudnickparvar/brain-tumor-mri-dataset/versions/2/Training/glioma/Tr-gl_1071.jpg,TUMOR,train
C:/Users/Ankit/.cache/kagglehub/datasets/masoudnickparvar/brain-tumor-mri-dataset/versions/2/Training/glioma/Tr-gl_1285.jpg,TUMOR,train
C:/Users/Ankit/.cache/kagglehub/datasets/masoudnickparvar/brain-tumor-mri-dataset/versions/2/Training/meningioma/Tr-aug-me_62.jpg,TUMOR,train
C:/Users/Ankit/.cache/kagglehub/datasets/masoudnickparvar/brain-tumor-mri-dataset/versions/2/Training/glioma/Tr-gl_1099.jpg,TUMOR,train
C:/Users/Ankit/.cache/kagglehub/datasets/masoudnickparvar/brain-tumor-mri-dataset/versions/2/Training/pituitary/Tr-pi_1236.jpg,TUMOR,train
C:/Users/Ankit/.cache/kagglehub/datasets/masoudnickparvar/brain-tumor-mri-dataset/versions/2/Testing/meningioma/Te-aug-me_101.jpg,TUMOR,train
C:/Users/Ankit/.cache/kagglehub/datasets/masoudnickparvar/brain-tumor-mri-dataset/versions/2/Training/meningioma/Tr-me_391.jpg,TUMOR,train
C:/Users/Ankit/.cache/kagglehub/datasets/masoudnickparvar/brain-tumor-mri-dataset/versions/2/Training/pituitary/Tr-pi_776.jpg,TUMOR,train
C:/Users/Ankit/.cache/kagglehub/datasets/masoudnickparvar/brain-tumor-mri-dataset/versions/2/Training/glioma/Tr-gl_549.jpg,TUMOR,train
C:/Users/Ankit/.cache/kagglehub/datasets/masoudnickparvar/brain-tumor-mri-dataset/versions/2/Training/glioma/Tr-gl_1244.jpg,TUMOR,train
C:/Users/Ankit/.cache/kagglehub/datasets/masoudnickparvar/brain-tumor-mri-dataset/versions/2/Training/meningioma/Tr-me_156.jpg,TUMOR,train
C:/Users/Ankit/.cache/kagglehub/datasets/masoudnickparvar/brain-tumor-mri-dataset/versions/2/Training/pituitary/Tr-pi_46.jpg,TUMOR,train
C:/Users/Ankit/.cache/kagglehub/datasets/masoudnickparvar/brain-tumor-mri-dataset/versions/2/Training/glioma/Tr-gl_1242.jpg,TUMOR,train
C:/Users/Ankit/.cache/kagglehub/datasets/masoudnickparvar/brain-tumor-mri-dataset/versions/2/Training/meningioma/Tr-me_358.jpg,TUMOR,train
C:/Users/Ankit/.cache/kagglehub/datasets/masoudnickparvar/brain-tumor-mri-dataset/versions/2/Training/glioma/Tr-gl_377.jpg,TUMOR,train
C:/Users/Ankit/.cache/kagglehub/datasets/masoudnickparvar/brain-tumor-mri-dataset/versions/2/Training/pituitary/Tr-pi_789.jpg,TUMOR,train
C:/Users/Ankit/.cache/kagglehub/datasets/masoudnickparvar/brain-tumor-mri-dataset/versions/2/Testing/pituitary/Te-pi_62.jpg,TUMOR,train
C:/Users/Ankit/.cache/kagglehub/datasets/masoudnickparvar/brain-tumor-mri-dataset/versions/2/Training/pituitary/Tr-pi_194.jpg,TUMOR,train
C:/Users/Ankit/.cache/kagglehub/datasets/masoudnickparvar/brain-tumor-mri-dataset/versions/2/Training/glioma/Tr-gl_694.jpg,TUMOR,train
C:/Users/Ankit/.cache/kagglehub/datasets/masoudnickparvar/brain-tumor-mri-dataset/versions/2/Training/meningioma/Tr-me_1243.jpg,TUMOR,train
C:/Users/Ankit/.cache/kagglehub/datasets/masoudnickparvar/brain-tumor-mri-dataset/versions/2/Training/pituitary/Tr-pi_948.jpg,TUMOR,train
C:/Users/Ankit/.cache/kagglehub/datasets/masoudnickparvar/brain-tumor-mri-dataset/versions/2/Training/pituitary/Tr-pi_1049.jpg,TUMOR,train
C:/Users/Ankit/.cache/kagglehub/datasets/masoudnickparvar/brain-tumor-mri-dataset/versions/2/Training/pituitary/Tr-pi_372.jpg,TUMOR,train
C:/Users/Ankit/.cache/kagglehub/datasets/masoudnickparvar/brain-tumor-mri-dataset/versions/2/Training/pituitary/Tr-pi_122.jpg,TUMOR,train
C:/Users/Ankit/.cache/kagglehub/datasets/masoudnickparvar/brain-tumor-mri-dataset/versions/2/Training/pituitary/Tr-pi_842.jpg,TUMOR,train
C:/Users/Ankit/.cache/kagglehub/datasets/masoudnickparvar/brain-tumor-mri-dataset/versions/2/Training/meningioma/Tr-me_1136.jpg,TUMOR,train
C:/Users/Ankit/.cache/kagglehub/datasets/masoudnickparvar/brain-tumor-mri-dataset/versions/2/Training/pituitary/Tr-pi_1398.jpg,TUMOR,train
C:/Users/Ankit/.cache/kagglehub/datasets/masoudnickparvar/brain-tumor-mri-dataset/versions/2/Testing/pituitary/Te-pi_16.jpg,TUMOR,train
C:/Users/Ankit/.cache/kagglehub/datasets/masoudnickparvar/brain-tumor-mri-dataset/versions/2/Testing/glioma/Te-gl_155.jpg,TUMOR,train
C:/Users/Ankit/.cache/kagglehub/datasets/masoudnickparvar/brain-tumor-mri-dataset/versions/2/Training/glioma/Tr-gl_1035.jpg,TUMOR,train
C:/Users/Ankit/.cache/kagglehub/datasets/masoudnickparvar/brain-tumor-mri-dataset/versions/2/Training/glioma/Tr-gl_1145.jpg,TUMOR,train
C:/Users/Ankit/.cache/kagglehub/datasets/masoudnickparvar/brain-tumor-mri-dataset/versions/2/Testing/pituitary/Te-pi_149.jpg,TUMOR,train
C:/Users/Ankit/.cache/kagglehub/datasets/masoudnickparvar/brain-tumor-mri-dataset/versions/2/Training/glioma/Tr-gl_425.jpg,TUMOR,train
C:/Users/Ankit/.cache/kagglehub/datasets/masoudnickparvar/brain-tumor-mri-dataset/versions/2/Training/pituitary/Tr-pi_590.jpg,TUMOR,train
C:/Users/Ankit/.cache/kagglehub/datasets/masoudnickparvar/brain-tumor-mri-dataset/versions/2/Training/pituitary/Tr-pi_369.jpg,TUMOR,train
C:/Users/Ankit/.cache/kagglehub/datasets/masoudnickparvar/brain-tumor-mri-dataset/versions/2/Training/glioma/Tr-gl_824.jpg,TUMOR,train
C:/Users/Ankit/.cache/kagglehub/datasets/masoudnickparvar/brain-tumor-mri-dataset/versions/2/Testing/meningioma/Te-me_72.jpg,TUMOR,train
C:/Users/Ankit/.cache/kagglehub/datasets/masoudnickparvar/brain-tumor-mri-dataset/versions/2/Training/meningioma/Tr-me_319.jpg,TUMOR,train
C:/Users/Ankit/.cache/kagglehub/datasets/masoudnickparvar/brain-tumor-mri-dataset/versions/2/Testing/glioma/Te-gl_244.jpg,TUMOR,train
C:/Users/Ankit/.cache/kagglehub/datasets/masoudnickparvar/brain-tumor-mri-dataset/versions/2/Training/glioma/Tr-gl_881.jpg,TUMOR,train
C:/Users/Ankit/.cache/kagglehub/datasets/masoudnickparvar/brain-tumor-mri-dataset/versions/2/Training/glioma/Tr-gl_889.jpg,TUMOR,train
C:/Users/Ankit/.cache/kagglehub/datasets/masoudnickparvar/brain-tumor-mri-dataset/versions/2/Training/glioma/Tr-gl_1308.jpg,TUMOR,train
C:/Users/Ankit/.cache/kagglehub/datasets/masoudnickparvar/brain-tumor-mri-dataset/versions/2/Testing/pituitary/Te-pi_369.jpg,TUMOR,train
C:/Users/Ankit/.cache/kagglehub/datasets/masoudnickparvar/brain-tumor-mri-dataset/versions/2/Training/pituitary/Tr-pi_181.jpg,TUMOR,train
C:/Users/Ankit/.cache/kagglehub/datasets/masoudnickparvar/brain-tumor-mri-dataset/versions/2/Testing/meningioma/Te-me_81.jpg,TUMOR,train
C:/Users/Ankit/.cache/kagglehub/datasets/masoudnickparvar/brain-tumor-mri-dataset/versions/2/Training/pituitary/Tr-pi_912.jpg,TUMOR,train
C:/Users/Ankit/.cache/kagglehub/datasets/masoudnickparvar/brain-tumor-mri-dataset/versions/2/Training/pituitary/Tr-pi_530.jpg,TUMOR,train
C:/Users/Ankit/.cache/kagglehub/datasets/masoudnickparvar/brain-tumor-mri-dataset/versions/2/Training/meningioma/Tr-me_48.jpg,TUMOR,train
C:/Users/Ankit/.cache/kagglehub/datasets/masoudnickparvar/brain-tumor-mri-dataset/versions/2/Training/meningioma/Tr-me_480.jpg,TUMOR,train
C:/Users/Ankit/.cache/kagglehub/datasets/masoudnickparvar/brain-tumor-mri-dataset/versions/2/Training/meningioma/Tr-me_1259.jpg,TUMOR,train
C:/Users/Ankit/.cache/kagglehub/datasets/masoudnickparvar/brain-tumor-mri-dataset/versions/2/Training/pituitary/Tr-pi_184.jpg,TUMOR,train
C:/Users/Ankit/.cache/kagglehub/datasets/masoudnickparvar/brain-tumor-mri-dataset/versions/2/Training/meningioma/Tr-me_1233.jpg,TUMOR,train
C:/Users/Ankit/.cache/kagglehub/datasets/masoudnickparvar/brain-tumor-mri-dataset/versions/2/Testing/pituitary/Te-pi_128.jpg,TUMOR,train
C:/Users/Ankit/.cache/kagglehub/datasets/masoudnickparvar/brain-tumor-mri-dataset/versions/2/Training/pituitary/Tr-pi_639.jpg,TUMOR,train
C:/Users/Ankit/.cache/kagglehub/datasets/masoudnickparvar/brain-tumor-mri-dataset/versions/2/Training/pituitary/Tr-pi_165.jpg,TUMOR,train
C:/Users/Ankit/.cache/kagglehub/datasets/masoudnickparvar/brain-tumor-mri-dataset/versions/2/Training/pituitary/Tr-pi_304.jpg,TUMOR,train
C:/Users/Ankit/.cache/kagglehub/datasets/masoudnickparvar/brain-tumor-mri-dataset/versions/2/Training/meningioma/Tr-me_1191.jpg,TUMOR,train
C:/Users/Ankit/.cache/kagglehub/datasets/masoudnickparvar/brain-tumor-mri-dataset/versions/2/Training/glioma/Tr-gl_611.jpg,TUMOR,train
C:/Users/Ankit/.cache/kagglehub/datasets/masoudnickparvar/brain-tumor-mri-dataset/versions/2/Training/pituitary/Tr-pi_111.jpg,TUMOR,train
C:/Users/Ankit/.cache/kagglehub/datasets/masoudnickparvar/brain-tumor-mri-dataset/versions/2/Training/meningioma/Tr-me_182.jpg,TUMOR,train
C:/Users/Ankit/.cache/kagglehub/datasets/masoudnickparvar/brain-tumor-mri-dataset/versions/2/Training/glioma/Tr-gl_18.jpg,TUMOR,train
C:/Users/Ankit/.cache/kagglehub/datasets/masoudnickparvar/brain-tumor-mri-dataset/versions/2/Training/glioma/Tr-gl_731.jpg,TUMOR,train
C:/Users/Ankit/.cache/kagglehub/datasets/masoudnickparvar/brain-tumor-mri-dataset/versions/2/Training/meningioma/Tr-me_1086.jpg,TUMOR,train
C:/Users/Ankit/.cache/kagglehub/datasets/masoudnickparvar/brain-tumor-mri-dataset/versions/2/Training/meningioma/Tr-me_1041.jpg,TUMOR,train
C:/Users/Ankit/.cache/kagglehub/datasets/masoudnickparvar/brain-tumor-mri-dataset/versions/2/Testing/meningioma/Te-me_179.jpg,TUMOR,train
C:/Users/Ankit/.cache/kagglehub/datasets/masoudnickparvar/brain-tumor-mri-dataset/versions/2/Training/glioma/Tr-gl_1026.jpg,TUMOR,train
C:/Users/Ankit/.cache/kagglehub/datasets/masoudnickparvar/brain-tumor-mri-dataset/versions/2/Training/pituitary/Tr-pi_1026.jpg,TUMOR,train
C:/Users/Ankit/.cache/kagglehub/datasets/masoudnickparvar/brain-tumor-mri-dataset/versions/2/Training/meningioma/Tr-me_985.jpg,TUMOR,train
C:/Users/Ankit/.cache/kagglehub/datasets/masoudnickparvar/brain-tumor-mri-dataset/versions/2/Training/pituitary/Tr-pi_64.jpg,TUMOR,train
C:/Users/Ankit/.cache/kagglehub/datasets/masoudnickparvar/brain-tumor-mri-dataset/versions/2/Training/glioma/Tr-gl_641.jpg,TUMOR,train
C:/Users/Ankit/.cache/kagglehub/datasets/masoudnickparvar/brain-tumor-mri-dataset/versions/2/Testing/meningioma/Te-me_57.jpg,TUMOR,train
C:/Users/Ankit/.cache/kagglehub/datasets/masoudnickparvar/brain-tumor-mri-dataset/versions/2/Training/glioma/Tr-gl_1305.jpg,TUMOR,train
C:/Users/Ankit/.cache/kagglehub/datasets/masoudnickparvar/brain-tumor-mri-dataset/versions/2/Training/meningioma/Tr-me_432.jpg,TUMOR,train
C:/Users/Ankit/.cache/kagglehub/datasets/masoudnickparvar/brain-tumor-mri-dataset/versions/2/Testing/meningioma/Te-me_197.jpg,TUMOR,train
C:/Users/Ankit/.cache/kagglehub/datasets/masoudnickparvar/brain-tumor-mri-dataset/versions/2/Training/glioma/Tr-gl_163.jpg,TUMOR,train
C:/Users/Ankit/.cache/kagglehub/datasets/masoudnickparvar/brain-tumor-mri-dataset/versions/2/Training/glioma/Tr-gl_193.jpg,TUMOR,train
C:/Users/Ankit/.cache/kagglehub/datasets/masoudnickparvar/brain-tumor-mri-dataset/versions/2/Training/meningioma/Tr-me_693.jpg,TUMOR,train
C:/Users/Ankit/.cache/kagglehub/datasets/masoudnickparvar/brain-tumor-mri-dataset/versions/2/Training/glioma/Tr-gl_592.jpg,TUMOR,train
C:/Users/Ankit/.cache/kagglehub/datasets/masoudnickparvar/brain-tumor-mri-dataset/versions/2/Training/pituitary/Tr-pi_683.jpg,TUMOR,train
C:/Users/Ankit/.cache/kagglehub/datasets/masoudnickparvar/brain-tumor-mri-dataset/versions/2/Training/pituitary/Tr-pi_360.jpg,TUMOR,train
C:/Users/Ankit/.cache/kagglehub/datasets/masoudnickparvar/brain-tumor-mri-dataset/versions/2/Training/glioma/Tr-gl_1188.jpg,TUMOR,train
C:/Users/Ankit/.cache/kagglehub/datasets/masoudnickparvar/brain-tumor-mri-dataset/versions/2/Testing/glioma/Te-gl_272.jpg,TUMOR,train
C:/Users/Ankit/.cache/kagglehub/datasets/masoudnickparvar/brain-tumor-mri-dataset/versions/2/Training/pituitary/Tr-pi_817.jpg,TUMOR,train
C:/Users/Ankit/.cache/kagglehub/datasets/masoudnickparvar/brain-tumor-mri-dataset/versions/2/Training/pituitary/Tr-pi_969.jpg,TUMOR,train
C:/Users/Ankit/.cache/kagglehub/datasets/masoudnickparvar/brain-tumor-mri-dataset/versions/2/Training/glioma/Tr-gl_232.jpg,TUMOR,train
C:/Users/Ankit/.cache/kagglehub/datasets/masoudnickparvar/brain-tumor-mri-dataset/versions/2/Training/glioma/Tr-gl_967.jpg,TUMOR,train
C:/Users/Ankit/.cache/kagglehub/datasets/masoudnickparvar/brain-tumor-mri-dataset/versions/2/Training/meningioma/Tr-me_121.jpg,TUMOR,train
C:/Users/Ankit/.cache/kagglehub/datasets/masoudnickparvar/brain-tumor-mri-dataset/versions/2/Training/pituitary/Tr-pi_1300.jpg,TUMOR,train
C:/Users/Ankit/.cache/kagglehub/datasets/masoudnickparvar/brain-tumor-mri-dataset/versions/2/Training/glioma/Tr-gl_710.jpg,TUMOR,train
C:/Users/Ankit/.cache/kagglehub/datasets/masoudnickparvar/brain-tumor-mri-dataset/versions/2/Testing/glioma/Te-gl_323.jpg,TUMOR,train
C:/Users/Ankit/.cache/kagglehub/datasets/masoudnickparvar/brain-tumor-mri-dataset/versions/2/Testing/pituitary/Te-pi_394.jpg,TUMOR,train
C:/Users/Ankit/.cache/kagglehub/datasets/masoudnickparvar/brain-tumor-mri-dataset/versions/2/Training/glioma/Tr-gl_1025.jpg,TUMOR,train
C:/Users/Ankit/.cache/kagglehub/datasets/masoudnickparvar/brain-tumor-mri-dataset/versions/2/Training/glioma/Tr-gl_182.jpg,TUMOR,train
C:/Users/Ankit/.cache/kagglehub/datasets/masoudnickparvar/brain-tumor-mri-dataset/versions/2/Testing/pituitary/Te-pi_194.jpg,TUMOR,train
C:/Users/Ankit/.cache/kagglehub/datasets/masoudnickparvar/brain-tumor-mri-dataset/versions/2/Training/glioma/Tr-gl_580.jpg,TUMOR,train
C:/Users/Ankit/.cache/kagglehub/datasets/masoudnickparvar/brain-tumor-mri-dataset/versions/2/Testing/meningioma/Te-me_174.jpg,TUMOR,train
C:/Users/Ankit/.cache/kagglehub/datasets/masoudnickparvar/brain-tumor-mri-dataset/versions/2/Training/meningioma/Tr-me_1154.jpg,TUMOR,train
C:/Users/Ankit/.cache/kagglehub/datasets/masoudnickparvar/brain-tumor-mri-dataset/versions/2/Training/pituitary/Tr-pi_270.jpg,TUMOR,train
C:/Users/Ankit/.cache/kagglehub/datasets/masoudnickparvar/brain-tumor-mri-dataset/versions/2/Training/glioma/Tr-gl_110.jpg,TUMOR,train
C:/Users/Ankit/.cache/kagglehub/datasets/masoudnickparvar/brain-tumor-mri-dataset/versions/2/Training/glioma/Tr-gl_863.jpg,TUMOR,train
C:/Users/Ankit/.cache/kagglehub/datasets/masoudnickparvar/brain-tumor-mri-dataset/versions/2/Training/meningioma/Tr-me_76.jpg,TUMOR,train
C:/Users/Ankit/.cache/kagglehub/datasets/masoudnickparvar/brain-tumor-mri-dataset/versions/2/Training/glioma/Tr-gl_1094.jpg,TUMOR,train
C:/Users/Ankit/.cache/kagglehub/datasets/masoudnickparvar/brain-tumor-mri-dataset/versions/2/Training/pituitary/Tr-pi_168.jpg,TUMOR,train
C:/Users/Ankit/.cache/kagglehub/datasets/masoudnickparvar/brain-tumor-mri-dataset/versions/2/Training/meningioma/Tr-me_1013.jpg,TUMOR,train
C:/Users/Ankit/.cache/kagglehub/datasets/masoudnickparvar/brain-tumor-mri-dataset/versions/2/Training/pituitary/Tr-pi_145.jpg,TUMOR,train
C:/Users/Ankit/.cache/kagglehub/datasets/masoudnickparvar/brain-tumor-mri-dataset/versions/2/Training/glioma/Tr-gl_515.jpg,TUMOR,train
C:/Users/Ankit/.cache/kagglehub/datasets/masoudnickparvar/brain-tumor-mri-dataset/versions/2/Training/pituitary/Tr-pi_572.jpg,TUMOR,train
C:/Users/Ankit/.cache/kagglehub/datasets/masoudnickparvar/brain-tumor-mri-dataset/versions/2/Testing/glioma/Te-gl_307.jpg,TUMOR,train
C:/Users/Ankit/.cache/kagglehub/datasets/masoudnickparvar/brain-tumor-mri-dataset/versions/2/Testing/pituitary/Te-pi_18.jpg,TUMOR,train
C:/Users/Ankit/.cache/kagglehub/datasets/masoudnickparvar/brain-tumor-mri-dataset/versions/2/Training/meningioma/Tr-me_791.jpg,TUMOR,train
C:/Users/Ankit/.cache/kagglehub/datasets/masoudnickparvar/brain-tumor-mri-dataset/versions/2/Testing/pituitary/Te-pi_242.jpg,TUMOR,train
C:/Users/Ankit/.cache/kagglehub/datasets/masoudnickparvar/brain-tumor-mri-dataset/versions/2/Training/pituitary/Tr-pi_454.jpg,TUMOR,train
C:/Users/Ankit/.cache/kagglehub/datasets/masoudnickparvar/brain-tumor-mri-dataset/versions/2/Training/pituitary/Tr-pi_824.jpg,TUMOR,train
C:/Users/Ankit/.cache/kagglehub/datasets/masoudnickparvar/brain-tumor-mri-dataset/versions/2/Training/meningioma/Tr-me_598.jpg,TUMOR,train
C:/Users/Ankit/.cache/kagglehub/datasets/masoudnickparvar/brain-tumor-mri-dataset/versions/2/Testing/pituitary/Te-pi_281.jpg,TUMOR,train
C:/Users/Ankit/.cache/kagglehub/datasets/masoudnickparvar/brain-tumor-mri-dataset/versions/2/Training/pituitary/Tr-pi_1234.jpg,TUMOR,train
C:/Users/Ankit/.cache/kagglehub/datasets/masoudnickparvar/brain-tumor-mri-dataset/versions/2/Training/pituitary/Tr-pi_1360.jpg,TUMOR,train
C:/Users/Ankit/.cache/kagglehub/datasets/masoudnickparvar/brain-tumor-mri-dataset/versions/2/Training/pituitary/Tr-pi_994.jpg,TUMOR,train
C:/Users/Ankit/.cache/kagglehub/datasets/masoudnickparvar/brain-tumor-mri-dataset/versions/2/Testing/glioma/Te-gl_222.jpg,TUMOR,train
C:/Users/Ankit/.cache/kagglehub/datasets/masoudnickparvar/brain-tumor-mri-dataset/versions/2/Training/glioma/Tr-gl_848.jpg,TUMOR,train
C:/Users/Ankit/.cache/kagglehub/datasets/masoudnickparvar/brain-tumor-mri-dataset/versions/2/Testing/meningioma/Te-aug-me_18.jpg,TUMOR,train
C:/Users/Ankit/.cache/kagglehub/datasets/masoudnickparvar/brain-tumor-mri-dataset/versions/2/Training/pituitary/Tr-pi_977.jpg,TUMOR,train
C:/Users/Ankit/.cache/kagglehub/datasets/masoudnickparvar/brain-tumor-mri-dataset/versions/2/Testing/pituitary/Te-pi_139.jpg,TUMOR,train
C:/Users/Ankit/.cache/kagglehub/datasets/masoudnickparvar/brain-tumor-mri-dataset/versions/2/Training/meningioma/Tr-me_635.jpg,TUMOR,train
C:/Users/Ankit/.cache/kagglehub/datasets/masoudnickparvar/brain-tumor-mri-dataset/versions/2/Training/pituitary/Tr-pi_68.jpg,TUMOR,train
C:/Users/Ankit/.cache/kagglehub/datasets/masoudnickparvar/brain-tumor-mri-dataset/versions/2/Training/meningioma/Tr-me_512.jpg,TUMOR,train
C:/Users/Ankit/.cache/kagglehub/datasets/masoudnickparvar/brain-tumor-mri-dataset/versions/2/Training/glioma/Tr-gl_203.jpg,TUMOR,train
C:/Users/Ankit/.cache/kagglehub/datasets/masoudnickparvar/brain-tumor-mri-dataset/versions/2/Training/pituitary/Tr-pi_571.jpg,TUMOR,train
C:/Users/Ankit/.cache/kagglehub/datasets/masoudnickparvar/brain-tumor-mri-dataset/versions/2/Testing/glioma/Te-gl_217.jpg,TUMOR,train
C:/Users/Ankit/.cache/kagglehub/datasets/masoudnickparvar/brain-tumor-mri-dataset/versions/2/Testing/meningioma/Te-aug-me_62.jpg,TUMOR,train
C:/Users/Ankit/.cache/kagglehub/datasets/masoudnickparvar/brain-tumor-mri-dataset/versions/2/Training/pituitary/Tr-pi_788.jpg,TUMOR,train
C:/Users/Ankit/.cache/kagglehub/datasets/masoudnickparvar/brain-tumor-mri-dataset/versions/2/Testing/pituitary/Te-pi_396.jpg,TUMOR,train
C:/Users/Ankit/.cache/kagglehub/datasets/masoudnickparvar/brain-tumor-mri-dataset/versions/2/Testing/meningioma/Te-me_218.jpg,TUMOR,train
C:/Users/Ankit/.cache/kagglehub/datasets/masoudnickparvar/brain-tumor-mri-dataset/versions/2/Training/meningioma/Tr-me_37.jpg,TUMOR,train
C:/Users/Ankit/.cache/kagglehub/datasets/masoudnickparvar/brain-tumor-mri-dataset/versions/2/Training/glioma/Tr-gl_356.jpg,TUMOR,train
C:/Users/Ankit/.cache/kagglehub/datasets/masoudnickparvar/brain-tumor-mri-dataset/versions/2/Training/pituitary/Tr-pi_114.jpg,TUMOR,train
C:/Users/Ankit/.cache/kagglehub/datasets/masoudnickparvar/brain-tumor-mri-dataset/versions/2/Training/pituitary/Tr-pi_347.jpg,TUMOR,train
C:/Users/Ankit/.cache/kagglehub/datasets/masoudnickparvar/brain-tumor-mri-dataset/versions/2/Training/glioma/Tr-gl_1316.jpg,TUMOR,train
C:/Users/Ankit/.cache/kagglehub/datasets/masoudnickparvar/brain-tumor-mri-dataset/versions/2/Training/glioma/Tr-gl_619.jpg,TUMOR,train
C:/Users/Ankit/.cache/kagglehub/datasets/masoudnickparvar/brain-tumor-mri-dataset/versions/2/Training/pituitary/Tr-pi_121.jpg,TUMOR,train
C:/Users/Ankit/.cache/kagglehub/datasets/masoudnickparvar/brain-tumor-mri-dataset/versions/2/Training/pituitary/Tr-pi_811.jpg,TUMOR,train
C:/Users/Ankit/.cache/kagglehub/datasets/masoudnickparvar/brain-tumor-mri-dataset/versions/2/Training/pituitary/Tr-pi_92.jpg,TUMOR,train
C:/Users/Ankit/.cache/kagglehub/datasets/masoudnickparvar/brain-tumor-mri-dataset/versions/2/Training/meningioma/Tr-me_126.jpg,TUMOR,train
C:/Users/Ankit/.cache/kagglehub/datasets/masoudnickparvar/brain-tumor-mri-dataset/versions/2/Testing/glioma/Te-gl_183.jpg,TUMOR,train
C:/Users/Ankit/.cache/kagglehub/datasets/masoudnickparvar/brain-tumor-mri-dataset/versions/2/Testing/glioma/Te-gl_111.jpg,TUMOR,train
C:/Users/Ankit/.cache/kagglehub/datasets/masoudnickparvar/brain-tumor-mri-dataset/versions/2/Training/pituitary/Tr-pi_998.jpg,TUMOR,train
C:/Users/Ankit/.cache/kagglehub/datasets/masoudnickparvar/brain-tumor-mri-dataset/versions/2/Testing/meningioma/Te-me_115.jpg,TUMOR,train
C:/Users/Ankit/.cache/kagglehub/datasets/masoudnickparvar/brain-tumor-mri-dataset/versions/2/Training/pituitary/Tr-pi_1259.jpg,TUMOR,train
C:/Users/Ankit/.cache/kagglehub/datasets/masoudnickparvar/brain-tumor-mri-dataset/versions/2/Training/meningioma/Tr-me_944.jpg,TUMOR,train
C:/Users/Ankit/.cache/kagglehub/datasets/masoudnickparvar/brain-tumor-mri-dataset/versions/2/Training/glioma/Tr-gl_639.jpg,TUMOR,train
C:/Users/Ankit/.cache/kagglehub/datasets/masoudnickparvar/brain-tumor-mri-dataset/versions/2/Testing/meningioma/Te-me_37.jpg,TUMOR,train
C:/Users/Ankit/.cache/kagglehub/datasets/masoudnickparvar/brain-tumor-mri-dataset/versions/2/Testing/meningioma/Te-aug-me_83.jpg,TUMOR,train
C:/Users/Ankit/.cache/kagglehub/datasets/masoudnickparvar/brain-tumor-mri-dataset/versions/2/Training/glioma/Tr-gl_120.jpg,TUMOR,train
C:/Users/Ankit/.cache/kagglehub/datasets/masoudnickparvar/brain-tumor-mri-dataset/versions/2/Training/pituitary/Tr-pi_128.jpg,TUMOR,train
C:/Users/Ankit/.cache/kagglehub/datasets/masoudnickparvar/brain-tumor-mri-dataset/versions/2/Testing/meningioma/Te-me_136.jpg,TUMOR,train
C:/Users/Ankit/.cache/kagglehub/datasets/masoudnickparvar/brain-tumor-mri-dataset/versions/2/Training/glioma/Tr-gl_646.jpg,TUMOR,train
C:/Users/Ankit/.cache/kagglehub/datasets/masoudnickparvar/brain-tumor-mri-dataset/versions/2/Training/pituitary/Tr-pi_474.jpg,TUMOR,train
C:/Users/Ankit/.cache/kagglehub/datasets/masoudnickparvar/brain-tumor-mri-dataset/versions/2/Testing/glioma/Te-gl_395.jpg,TUMOR,train
C:/Users/Ankit/.cache/kagglehub/datasets/masoudnickparvar/brain-tumor-mri-dataset/versions/2/Training/glioma/Tr-gl_1302.jpg,TUMOR,train
C:/Users/Ankit/.cache/kagglehub/datasets/masoudnickparvar/brain-tumor-mri-dataset/versions/2/Training/glioma/Tr-gl_131.jpg,TUMOR,train
C:/Users/Ankit/.cache/kagglehub/datasets/masoudnickparvar/brain-tumor-mri-dataset/versions/2/Training/meningioma/Tr-me_676.jpg,TUMOR,train
C:/Users/Ankit/.cache/kagglehub/datasets/masoudnickparvar/brain-tumor-mri-dataset/versions/2/Training/glioma/Tr-gl_1328.jpg,TUMOR,train
C:/Users/Ankit/.cache/kagglehub/datasets/masoudnickparvar/brain-tumor-mri-dataset/versions/2/Training/glioma/Tr-gl_1299.jpg,TUMOR,train
C:/Users/Ankit/.cache/kagglehub/datasets/masoudnickparvar/brain-tumor-mri-dataset/versions/2/Training/pituitary/Tr-pi_550.jpg,TUMOR,train
C:/Users/Ankit/.cache/kagglehub/datasets/masoudnickparvar/brain-tumor-mri-dataset/versions/2/Training/pituitary/Tr-pi_490.jpg,TUMOR,train
C:/Users/Ankit/.cache/kagglehub/datasets/masoudnickparvar/brain-tumor-mri-dataset/versions/2/Training/meningioma/Tr-me_340.jpg,TUMOR,train
C:/Users/Ankit/.cache/kagglehub/datasets/masoudnickparvar/brain-tumor-mri-dataset/versions/2/Testing/meningioma/Te-me_145.jpg,TUMOR,train
C:/Users/Ankit/.cache/kagglehub/datasets/masoudnickparvar/brain-tumor-mri-dataset/versions/2/Testing/meningioma/Te-me_42.jpg,TUMOR,train
C:/Users/Ankit/.cache/kagglehub/datasets/masoudnickparvar/brain-tumor-mri-dataset/versions/2/Training/pituitary/Tr-pi_2.jpg,TUMOR,train
C:/Users/Ankit/.cache/kagglehub/datasets/masoudnickparvar/brain-tumor-mri-dataset/versions/2/Training/meningioma/Tr-me_684.jpg,TUMOR,train
C:/Users/Ankit/.cache/kagglehub/datasets/masoudnickparvar/brain-tumor-mri-dataset/versions/2/Training/meningioma/Tr-me_759.jpg,TUMOR,train
C:/Users/Ankit/.cache/kagglehub/datasets/masoudnickparvar/brain-tumor-mri-dataset/versions/2/Training/glioma/Tr-gl_399.jpg,TUMOR,train
C:/Users/Ankit/.cache/kagglehub/datasets/masoudnickparvar/brain-tumor-mri-dataset/versions/2/Testing/glioma/Te-gl_353.jpg,TUMOR,train
C:/Users/Ankit/.cache/kagglehub/datasets/masoudnickparvar/brain-tumor-mri-dataset/versions/2/Testing/glioma/Te-gl_320.jpg,TUMOR,train
C:/Users/Ankit/.cache/kagglehub/datasets/masoudnickparvar/brain-tumor-mri-dataset/versions/2/Training/glioma/Tr-gl_653.jpg,TUMOR,train
C:/Users/Ankit/.cache/kagglehub/datasets/masoudnickparvar/brain-tumor-mri-dataset/versions/2/Testing/glioma/Te-gl_334.jpg,TUMOR,train
C:/Users/Ankit/.cache/kagglehub/datasets/masoudnickparvar/brain-tumor-mri-dataset/versions/2/Training/meningioma/Tr-me_389.jpg,TUMOR,train
C:/Users/Ankit/.cache/kagglehub/datasets/masoudnickparvar/brain-tumor-mri-dataset/versions/2/Training/pituitary/Tr-pi_826.jpg,TUMOR,train
C:/Users/Ankit/.cache/kagglehub/datasets/masoudnickparvar/brain-tumor-mri-dataset/versions/2/Training/meningioma/Tr-me_248.jpg,TUMOR,train
C:/Users/Ankit/.cache/kagglehub/datasets/masoudnickparvar/brain-tumor-mri-dataset/versions/2/Testing/glioma/Te-gl_369.jpg,TUMOR,train
C:/Users/Ankit/.cache/kagglehub/datasets/masoudnickparvar/brain-tumor-mri-dataset/versions/2/Training/glioma/Tr-gl_790.jpg,TUMOR,train
C:/Users/Ankit/.cache/kagglehub/datasets/masoudnickparvar/brain-tumor-mri-dataset/versions/2/Testing/pituitary/Te-pi_182.jpg,TUMOR,train
C:/Users/Ankit/.cache/kagglehub/datasets/masoudnickparvar/brain-tumor-mri-dataset/versions/2/Testing/glioma/Te-gl_11.jpg,TUMOR,train
C:/Users/Ankit/.cache/kagglehub/datasets/masoudnickparvar/brain-tumor-mri-dataset/versions/2/Training/pituitary/Tr-pi_561.jpg,TUMOR,train
C:/Users/Ankit/.cache/kagglehub/datasets/masoudnickparvar/brain-tumor-mri-dataset/versions/2/Training/meningioma/Tr-me_986.jpg,TUMOR,train
C:/Users/Ankit/.cache/kagglehub/datasets/masoudnickparvar/brain-tumor-mri-dataset/versions/2/Testing/glioma/Te-gl_18.jpg,TUMOR,train
C:/Users/Ankit/.cache/kagglehub/datasets/masoudnickparvar/brain-tumor-mri-dataset/versions/2/Training/glioma/Tr-gl_1054.jpg,TUMOR,train
C:/Users/Ankit/.cache/kagglehub/datasets/masoudnickparvar/brain-tumor-mri-dataset/versions/2/Training/pituitary/Tr-pi_358.jpg,TUMOR,train
C:/Users/Ankit/.cache/kagglehub/datasets/masoudnickparvar/brain-tumor-mri-dataset/versions/2/Training/glioma/Tr-gl_362.jpg,TUMOR,train
C:/Users/Ankit/.cache/kagglehub/datasets/masoudnickparvar/brain-tumor-mri-dataset/versions/2/Training/pituitary/Tr-pi_1029.jpg,TUMOR,train
C:/Users/Ankit/.cache/kagglehub/datasets/masoudnickparvar/brain-tumor-mri-dataset/versions/2/Training/pituitary/Tr-pi_457.jpg,TUMOR,train
C:/Users/Ankit/.cache/kagglehub/datasets/masoudnickparvar/brain-tumor-mri-dataset/versions/2/Training/meningioma/Tr-me_945.jpg,TUMOR,train
C:/Users/Ankit/.cache/kagglehub/datasets/masoudnickparvar/brain-tumor-mri-dataset/versions/2/Training/pituitary/Tr-pi_1254.jpg,TUMOR,train
C:/Users/Ankit/.cache/kagglehub/datasets/masoudnickparvar/brain-tumor-mri-dataset/versions/2/Training/glioma/Tr-gl_19.jpg,TUMOR,train
C:/Users/Ankit/.cache/kagglehub/datasets/masoudnickparvar/brain-tumor-mri-dataset/versions/2/Training/pituitary/Tr-pi_1047.jpg,TUMOR,train
C:/Users/Ankit/.cache/kagglehub/datasets/masoudnickparvar/brain-tumor-mri-dataset/versions/2/Testing/meningioma/Te-me_132.jpg,TUMOR,train
C:/Users/Ankit/.cache/kagglehub/datasets/masoudnickparvar/brain-tumor-mri-dataset/versions/2/Training/meningioma/Tr-me_32.jpg,TUMOR,train
C:/Users/Ankit/.cache/kagglehub/datasets/masoudnickparvar/brain-tumor-mri-dataset/versions/2/Testing/glioma/Te-gl_303.jpg,TUMOR,train
C:/Users/Ankit/.cache/kagglehub/datasets/masoudnickparvar/brain-tumor-mri-dataset/versions/2/Training/glioma/Tr-gl_30.jpg,TUMOR,train
C:/Users/Ankit/.cache/kagglehub/datasets/masoudnickparvar/brain-tumor-mri-dataset/versions/2/Training/meningioma/Tr-me_977.jpg,TUMOR,train
C:/Users/Ankit/.cache/kagglehub/datasets/masoudnickparvar/brain-tumor-mri-dataset/versions/2/Training/pituitary/Tr-pi_296.jpg,TUMOR,train
C:/Users/Ankit/.cache/kagglehub/datasets/masoudnickparvar/brain-tumor-mri-dataset/versions/2/Training/pituitary/Tr-pi_1218.jpg,TUMOR,train
C:/Users/Ankit/.cache/kagglehub/datasets/masoudnickparvar/brain-tumor-mri-dataset/versions/2/Training/glioma/Tr-gl_808.jpg,TUMOR,train
C:/Users/Ankit/.cache/kagglehub/datasets/masoudnickparvar/brain-tumor-mri-dataset/versions/2/Testing/pituitary/Te-pi_136.jpg,TUMOR,train
C:/Users/Ankit/.cache/kagglehub/datasets/masoudnickparvar/brain-tumor-mri-dataset/versions/2/Training/meningioma/Tr-me_1118.jpg,TUMOR,train
C:/Users/Ankit/.cache/kagglehub/datasets/masoudnickparvar/brain-tumor-mri-dataset/versions/2/Testing/meningioma/Te-aug-me_75.jpg,TUMOR,train
C:/Users/Ankit/.cache/kagglehub/datasets/masoudnickparvar/brain-tumor-mri-dataset/versions/2/Training/glioma/Tr-gl_287.jpg,TUMOR,train
C:/Users/Ankit/.cache/kagglehub/datasets/masoudnickparvar/brain-tumor-mri-dataset/versions/2/Training/pituitary/Tr-pi_434.jpg,TUMOR,train
C:/Users/Ankit/.cache/kagglehub/datasets/masoudnickparvar/brain-tumor-mri-dataset/versions/2/Training/meningioma/Tr-me_14.jpg,TUMOR,train
C:/Users/Ankit/.cache/kagglehub/datasets/masoudnickparvar/brain-tumor-mri-dataset/versions/2/Testing/meningioma/Te-me_252.jpg,TUMOR,train
C:/Users/Ankit/.cache/kagglehub/datasets/masoudnickparvar/brain-tumor-mri-dataset/versions/2/Testing/meningioma/Te-me_199.jpg,TUMOR,train
C:/Users/Ankit/.cache/kagglehub/datasets/masoudnickparvar/brain-tumor-mri-dataset/versions/2/Training/pituitary/Tr-pi_473.jpg,TUMOR,train
C:/Users/Ankit/.cache/kagglehub/datasets/masoudnickparvar/brain-tumor-mri-dataset/versions/2/Training/meningioma/Tr-me_157.jpg,TUMOR,train
C:/Users/Ankit/.cache/kagglehub/datasets/masoudnickparvar/brain-tumor-mri-dataset/versions/2/Testing/pituitary/Te-pi_124.jpg,TUMOR,train
C:/Users/Ankit/.cache/kagglehub/datasets/masoudnickparvar/brain-tumor-mri-dataset/versions/2/Training/meningioma/Tr-me_269.jpg,TUMOR,train
C:/Users/Ankit/.cache/kagglehub/datasets/masoudnickparvar/brain-tumor-mri-dataset/versions/2/Training/glioma/Tr-gl_678.jpg,TUMOR,train
C:/Users/Ankit/.cache/kagglehub/datasets/masoudnickparvar/brain-tumor-mri-dataset/versions/2/Testing/glioma/Te-gl_326.jpg,TUMOR,train
C:/Users/Ankit/.cache/kagglehub/datasets/masoudnickparvar/brain-tumor-mri-dataset/versions/2/Training/pituitary/Tr-pi_1338.jpg,TUMOR,train
C:/Users/Ankit/.cache/kagglehub/datasets/masoudnickparvar/brain-tumor-mri-dataset/versions/2/Training/glioma/Tr-gl_738.jpg,TUMOR,train
C:/Users/Ankit/.cache/kagglehub/datasets/masoudnickparvar/brain-tumor-mri-dataset/versions/2/Testing/glioma/Te-gl_387.jpg,TUMOR,train
C:/Users/Ankit/.cache/kagglehub/datasets/masoudnickparvar/brain-tumor-mri-dataset/versions/2/Training/glioma/Tr-gl_1251.jpg,TUMOR,train
C:/Users/Ankit/.cache/kagglehub/datasets/masoudnickparvar/brain-tumor-mri-dataset/versions/2/Training/glioma/Tr-gl_605.jpg,TUMOR,train
C:/Users/Ankit/.cache/kagglehub/datasets/masoudnickparvar/brain-tumor-mri-dataset/versions/2/Training/pituitary/Tr-pi_600.jpg,TUMOR,train
C:/Users/Ankit/.cache/kagglehub/datasets/masoudnickparvar/brain-tumor-mri-dataset/versions/2/Training/meningioma/Tr-me_132.jpg,TUMOR,train
C:/Users/Ankit/.cache/kagglehub/datasets/masoudnickparvar/brain-tumor-mri-dataset/versions/2/Testing/glioma/Te-gl_400.jpg,TUMOR,train
C:/Users/Ankit/.cache/kagglehub/datasets/masoudnickparvar/brain-tumor-mri-dataset/versions/2/Training/glioma/Tr-gl_855.jpg,TUMOR,train
C:/Users/Ankit/.cache/kagglehub/datasets/masoudnickparvar/brain-tumor-mri-dataset/versions/2/Training/meningioma/Tr-me_23.jpg,TUMOR,train
C:/Users/Ankit/.cache/kagglehub/datasets/masoudnickparvar/brain-tumor-mri-dataset/versions/2/Testing/pituitary/Te-pi_291.jpg,TUMOR,train
C:/Users/Ankit/.cache/kagglehub/datasets/masoudnickparvar/brain-tumor-mri-dataset/versions/2/Testing/pituitary/Te-pi_184.jpg,TUMOR,train
C:/Users/Ankit/.cache/kagglehub/datasets/masoudnickparvar/brain-tumor-mri-dataset/versions/2/Training/meningioma/Tr-me_1016.jpg,TUMOR,train
C:/Users/Ankit/.cache/kagglehub/datasets/masoudnickparvar/brain-tumor-mri-dataset/versions/2/Training/glioma/Tr-gl_64.jpg,TUMOR,train
C:/Users/Ankit/.cache/kagglehub/datasets/masoudnickparvar/brain-tumor-mri-dataset/versions/2/Training/glioma/Tr-gl_394.jpg,TUMOR,train
C:/Users/Ankit/.cache/kagglehub/datasets/masoudnickparvar/brain-tumor-mri-dataset/versions/2/Training/pituitary/Tr-pi_491.jpg,TUMOR,train
C:/Users/Ankit/.cache/kagglehub/datasets/masoudnickparvar/brain-tumor-mri-dataset/versions/2/Training/glioma/Tr-gl_191.jpg,TUMOR,train
C:/Users/Ankit/.cache/kagglehub/datasets/masoudnickparvar/brain-tumor-mri-dataset/versions/2/Training/glioma/Tr-gl_1296.jpg,TUMOR,train
C:/Users/Ankit/.cache/kagglehub/datasets/masoudnickparvar/brain-tumor-mri-dataset/versions/2/Training/glioma/Tr-gl_892.jpg,TUMOR,train
C:/Users/Ankit/.cache/kagglehub/datasets/masoudnickparvar/brain-tumor-mri-dataset/versions/2/Training/pituitary/Tr-pi_1348.jpg,TUMOR,train
C:/Users/Ankit/.cache/kagglehub/datasets/masoudnickparvar/brain-tumor-mri-dataset/versions/2/Testing/meningioma/Te-me_210.jpg,TUMOR,train
C:/Users/Ankit/.cache/kagglehub/datasets/masoudnickparvar/brain-tumor-mri-dataset/versions/2/Training/glioma/Tr-gl_420.jpg,TUMOR,train
C:/Users/Ankit/.cache/kagglehub/datasets/masoudnickparvar/brain-tumor-mri-dataset/versions/2/Testing/meningioma/Te-me_139.jpg,TUMOR,train
C:/Users/Ankit/.cache/kagglehub/datasets/masoudnickparvar/brain-tumor-mri-dataset/versions/2/Testing/pituitary/Te-pi_187.jpg,TUMOR,train
C:/Users/Ankit/.cache/kagglehub/datasets/masoudnickparvar/brain-tumor-mri-dataset/versions/2/Testing/pituitary/Te-pi_193.jpg,TUMOR,train
C:/Users/Ankit/.cache/kagglehub/datasets/masoudnickparvar/brain-tumor-mri-dataset/versions/2/Training/glioma/Tr-gl_924.jpg,TUMOR,train
C:/Users/Ankit/.cache/kagglehub/datasets/masoudnickparvar/brain-tumor-mri-dataset/versions/2/Training/glioma/Tr-gl_1273.jpg,TUMOR,train
C:/Users/Ankit/.cache/kagglehub/datasets/masoudnickparvar/brain-tumor-mri-dataset/versions/2/Training/meningioma/Tr-me_1179.jpg,TUMOR,train
C:/Users/Ankit/.cache/kagglehub/datasets/masoudnickparvar/brain-tumor-mri-dataset/versions/2/Training/meningioma/Tr-me_1173.jpg,TUMOR,train
C:/Users/Ankit/.cache/kagglehub/datasets/masoudnickparvar/brain-tumor-mri-dataset/versions/2/Training/pituitary/Tr-pi_752.jpg,TUMOR,train
C:/Users/Ankit/.cache/kagglehub/datasets/masoudnickparvar/brain-tumor-mri-dataset/versions/2/Training/meningioma/Tr-me_600.jpg,TUMOR,train
C:/Users/Ankit/.cache/kagglehub/datasets/masoudnickparvar/brain-tumor-mri-dataset/versions/2/Training/pituitary/Tr-pi_671.jpg,TUMOR,train
C:/Users/Ankit/.cache/kagglehub/datasets/masoudnickparvar/brain-tumor-mri-dataset/versions/2/Training/pituitary/Tr-pi_913.jpg,TUMOR,train
C:/Users/Ankit/.cache/kagglehub/datasets/masoudnickparvar/brain-tumor-mri-dataset/versions/2/Training/meningioma/Tr-me_1098.jpg,TUMOR,train
C:/Users/Ankit/.cache/kagglehub/datasets/masoudnickparvar/brain-tumor-mri-dataset/versions/2/Training/meningioma/Tr-me_1172.jpg,TUMOR,train
C:/Users/Ankit/.cache/kagglehub/datasets/masoudnickparvar/brain-tumor-mri-dataset/versions/2/Training/meningioma/Tr-me_284.jpg,TUMOR,train
C:/Users/Ankit/.cache/kagglehub/datasets/masoudnickparvar/brain-tumor-mri-dataset/versions/2/Training/glioma/Tr-gl_1049.jpg,TUMOR,train
C:/Users/Ankit/.cache/kagglehub/datasets/masoudnickparvar/brain-tumor-mri-dataset/versions/2/Training/glioma/Tr-gl_374.jpg,TUMOR,train
C:/Users/Ankit/.cache/kagglehub/datasets/masoudnickparvar/brain-tumor-mri-dataset/versions/2/Testing/meningioma/Te-aug-me_82.jpg,TUMOR,train
C:/Users/Ankit/.cache/kagglehub/datasets/masoudnickparvar/brain-tumor-mri-dataset/versions/2/Training/meningioma/Tr-me_439.jpg,TUMOR,train
C:/Users/Ankit/.cache/kagglehub/datasets/masoudnickparvar/brain-tumor-mri-dataset/versions/2/Training/pituitary/Tr-pi_416.jpg,TUMOR,train
C:/Users/Ankit/.cache/kagglehub/datasets/masoudnickparvar/brain-tumor-mri-dataset/versions/2/Training/meningioma/Tr-me_962.jpg,TUMOR,train
C:/Users/Ankit/.cache/kagglehub/datasets/masoudnickparvar/brain-tumor-mri-dataset/versions/2/Training/meningioma/Tr-me_775.jpg,TUMOR,train
C:/Users/Ankit/.cache/kagglehub/datasets/masoudnickparvar/brain-tumor-mri-dataset/versions/2/Training/glioma/Tr-gl_1243.jpg,TUMOR,train
C:/Users/Ankit/.cache/kagglehub/datasets/masoudnickparvar/brain-tumor-mri-dataset/versions/2/Training/pituitary/Tr-pi_43.jpg,TUMOR,train
C:/Users/Ankit/.cache/kagglehub/datasets/masoudnickparvar/brain-tumor-mri-dataset/versions/2/Training/pituitary/Tr-pi_655.jpg,TUMOR,train
C:/Users/Ankit/.cache/kagglehub/datasets/masoudnickparvar/brain-tumor-mri-dataset/versions/2/Testing/glioma/Te-gl_140.jpg,TUMOR,train
C:/Users/Ankit/.cache/kagglehub/datasets/masoudnickparvar/brain-tumor-mri-dataset/versions/2/Training/glioma/Tr-gl_770.jpg,TUMOR,train
C:/Users/Ankit/.cache/kagglehub/datasets/masoudnickparvar/brain-tumor-mri-dataset/versions/2/Training/pituitary/Tr-pi_246.jpg,TUMOR,train
C:/Users/Ankit/.cache/kagglehub/datasets/masoudnickparvar/brain-tumor-mri-dataset/versions/2/Training/glioma/Tr-gl_1030.jpg,TUMOR,train
C:/Users/Ankit/.cache/kagglehub/datasets/masoudnickparvar/brain-tumor-mri-dataset/versions/2/Training/pituitary/Tr-pi_224.jpg,TUMOR,train
C:/Users/Ankit/.cache/kagglehub/datasets/masoudnickparvar/brain-tumor-mri-dataset/versions/2/Testing/pituitary/Te-pi_363.jpg,TUMOR,train
C:/Users/Ankit/.cache/kagglehub/datasets/masoudnickparvar/brain-tumor-mri-dataset/versions/2/Training/glioma/Tr-gl_304.jpg,TUMOR,train
C:/Users/Ankit/.cache/kagglehub/datasets/masoudnickparvar/brain-tumor-mri-dataset/versions/2/Testing/pituitary/Te-pi_247.jpg,TUMOR,train
C:/Users/Ankit/.cache/kagglehub/datasets/masoudnickparvar/brain-tumor-mri-dataset/versions/2/Training/pituitary/Tr-pi_560.jpg,TUMOR,train
C:/Users/Ankit/.cache/kagglehub/datasets/masoudnickparvar/brain-tumor-mri-dataset/versions/2/Testing/pituitary/Te-pi_340.jpg,TUMOR,train
C:/Users/Ankit/.cache/kagglehub/datasets/masoudnickparvar/brain-tumor-mri-dataset/versions/2/Testing/glioma/Te-gl_123.jpg,TUMOR,train
C:/Users/Ankit/.cache/kagglehub/datasets/masoudnickparvar/brain-tumor-mri-dataset/versions/2/Training/meningioma/Tr-me_285.jpg,TUMOR,train
C:/Users/Ankit/.cache/kagglehub/datasets/masoudnickparvar/brain-tumor-mri-dataset/versions/2/Training/glioma/Tr-gl_1110.jpg,TUMOR,train
C:/Users/Ankit/.cache/kagglehub/datasets/masoudnickparvar/brain-tumor-mri-dataset/versions/2/Training/meningioma/Tr-me_1222.jpg,TUMOR,train
C:/Users/Ankit/.cache/kagglehub/datasets/masoudnickparvar/brain-tumor-mri-dataset/versions/2/Testing/meningioma/Te-me_164.jpg,TUMOR,train
C:/Users/Ankit/.cache/kagglehub/datasets/masoudnickparvar/brain-tumor-mri-dataset/versions/2/Training/pituitary/Tr-pi_660.jpg,TUMOR,train
C:/Users/Ankit/.cache/kagglehub/datasets/masoudnickparvar/brain-tumor-mri-dataset/versions/2/Testing/glioma/Te-gl_90.jpg,TUMOR,train
C:/Users/Ankit/.cache/kagglehub/datasets/masoudnickparvar/brain-tumor-mri-dataset/versions/2/Training/meningioma/Tr-me_1035.jpg,TUMOR,train
C:/Users/Ankit/.cache/kagglehub/datasets/masoudnickparvar/brain-tumor-mri-dataset/versions/2/Training/glioma/Tr-gl_1396.jpg,TUMOR,train
C:/Users/Ankit/.cache/kagglehub/datasets/masoudnickparvar/brain-tumor-mri-dataset/versions/2/Training/pituitary/Tr-pi_1173.jpg,TUMOR,train
C:/Users/Ankit/.cache/kagglehub/datasets/masoudnickparvar/brain-tumor-mri-dataset/versions/2/Training/pituitary/Tr-pi_929.jpg,TUMOR,train
C:/Users/Ankit/.cache/kagglehub/datasets/masoudnickparvar/brain-tumor-mri-dataset/versions/2/Training/pituitary/Tr-pi_1369.jpg,TUMOR,train
C:/Users/Ankit/.cache/kagglehub/datasets/masoudnickparvar/brain-tumor-mri-dataset/versions/2/Training/pituitary/Tr-pi_754.jpg,TUMOR,train
C:/Users/Ankit/.cache/kagglehub/datasets/masoudnickparvar/brain-tumor-mri-dataset/versions/2/Training/glioma/Tr-gl_152.jpg,TUMOR,train
C:/Users/Ankit/.cache/kagglehub/datasets/masoudnickparvar/brain-tumor-mri-dataset/versions/2/Training/meningioma/Tr-aug-me_23.jpg,TUMOR,train
C:/Users/Ankit/.cache/kagglehub/datasets/masoudnickparvar/brain-tumor-mri-dataset/versions/2/Training/pituitary/Tr-pi_523.jpg,TUMOR,train
C:/Users/Ankit/.cache/kagglehub/datasets/masoudnickparvar/brain-tumor-mri-dataset/versions/2/Testing/meningioma/Te-me_293.jpg,TUMOR,train
C:/Users/Ankit/.cache/kagglehub/datasets/masoudnickparvar/brain-tumor-mri-dataset/versions/2/Training/pituitary/Tr-pi_113.jpg,TUMOR,train
C:/Users/Ankit/.cache/kagglehub/datasets/masoudnickparvar/brain-tumor-mri-dataset/versions/2/Training/meningioma/Tr-me_1054.jpg,TUMOR,train
C:/Users/Ankit/.cache/kagglehub/datasets/masoudnickparvar/brain-tumor-mri-dataset/versions/2/Training/glioma/Tr-gl_751.jpg,TUMOR,train
C:/Users/Ankit/.cache/kagglehub/datasets/masoudnickparvar/brain-tumor-mri-dataset/versions/2/Training/pituitary/Tr-pi_12.jpg,TUMOR,train
C:/Users/Ankit/.cache/kagglehub/datasets/masoudnickparvar/brain-tumor-mri-dataset/versions/2/Training/glioma/Tr-gl_1160.jpg,TUMOR,train
C:/Users/Ankit/.cache/kagglehub/datasets/masoudnickparvar/brain-tumor-mri-dataset/versions/2/Testing/glioma/Te-gl_150.jpg,TUMOR,train
C:/Users/Ankit/.cache/kagglehub/datasets/masoudnickparvar/brain-tumor-mri-dataset/versions/2/Training/pituitary/Tr-pi_731.jpg,TUMOR,train
C:/Users/Ankit/.cache/kagglehub/datasets/masoudnickparvar/brain-tumor-mri-dataset/versions/2/Testing/pituitary/Te-pi_327.jpg,TUMOR,train
C:/Users/Ankit/.cache/kagglehub/datasets/masoudnickparvar/brain-tumor-mri-dataset/versions/2/Training/pituitary/Tr-pi_848.jpg,TUMOR,train
C:/Users/Ankit/.cache/kagglehub/datasets/masoudnickparvar/brain-tumor-mri-dataset/versions/2/Training/glioma/Tr-gl_35.jpg,TUMOR,train
C:/Users/Ankit/.cache/kagglehub/datasets/masoudnickparvar/brain-tumor-mri-dataset/versions/2/Training/meningioma/Tr-me_955.jpg,TUMOR,train
C:/Users/Ankit/.cache/kagglehub/datasets/masoudnickparvar/brain-tumor-mri-dataset/versions/2/Training/glioma/Tr-gl_1137.jpg,TUMOR,train
C:/Users/Ankit/.cache/kagglehub/datasets/masoudnickparvar/brain-tumor-mri-dataset/versions/2/Testing/meningioma/Te-aug-me_61.jpg,TUMOR,train
C:/Users/Ankit/.cache/kagglehub/datasets/masoudnickparvar/brain-tumor-mri-dataset/versions/2/Testing/meningioma/Te-me_9.jpg,TUMOR,train
C:/Users/Ankit/.cache/kagglehub/datasets/masoudnickparvar/brain-tumor-mri-dataset/versions/2/Training/meningioma/Tr-me_714.jpg,TUMOR,train
C:/Users/Ankit/.cache/kagglehub/datasets/masoudnickparvar/brain-tumor-mri-dataset/versions/2/Training/glioma/Tr-gl_384.jpg,TUMOR,train
C:/Users/Ankit/.cache/kagglehub/datasets/masoudnickparvar/brain-tumor-mri-dataset/versions/2/Training/pituitary/Tr-pi_881.jpg,TUMOR,train
C:/Users/Ankit/.cache/kagglehub/datasets/masoudnickparvar/brain-tumor-mri-dataset/versions/2/Training/pituitary/Tr-pi_1134.jpg,TUMOR,train
C:/Users/Ankit/.cache/kagglehub/datasets/masoudnickparvar/brain-tumor-mri-dataset/versions/2/Training/meningioma/Tr-me_966.jpg,TUMOR,train
C:/Users/Ankit/.cache/kagglehub/datasets/masoudnickparvar/brain-tumor-mri-dataset/versions/2/Training/pituitary/Tr-pi_397.jpg,TUMOR,train
C:/Users/Ankit/.cache/kagglehub/datasets/masoudnickparvar/brain-tumor-mri-dataset/versions/2/Training/pituitary/Tr-pi_487.jpg,TUMOR,train
C:/Users/Ankit/.cache/kagglehub/datasets/masoudnickparvar/brain-tumor-mri-dataset/versions/2/Training/pituitary/Tr-pi_1148.jpg,TUMOR,train
C:/Users/Ankit/.cache/kagglehub/datasets/masoudnickparvar/brain-tumor-mri-dataset/versions/2/Training/glioma/Tr-gl_333.jpg,TUMOR,train
C:/Users/Ankit/.cache/kagglehub/datasets/masoudnickparvar/brain-tumor-mri-dataset/versions/2/Training/pituitary/Tr-pi_36.jpg,TUMOR,train
C:/Users/Ankit/.cache/kagglehub/datasets/masoudnickparvar/brain-tumor-mri-dataset/versions/2/Training/glioma/Tr-gl_1153.jpg,TUMOR,train
C:/Users/Ankit/.cache/kagglehub/datasets/masoudnickparvar/brain-tumor-mri-dataset/versions/2/Training/pituitary/Tr-pi_980.jpg,TUMOR,train
C:/Users/Ankit/.cache/kagglehub/datasets/masoudnickparvar/brain-tumor-mri-dataset/versions/2/Training/meningioma/Tr-me_522.jpg,TUMOR,train
C:/Users/Ankit/.cache/kagglehub/datasets/masoudnickparvar/brain-tumor-mri-dataset/versions/2/Training/glioma/Tr-gl_752.jpg,TUMOR,train
C:/Users/Ankit/.cache/kagglehub/datasets/masoudnickparvar/brain-tumor-mri-dataset/versions/2/Training/meningioma/Tr-me_1284.jpg,TUMOR,train
C:/Users/Ankit/.cache/kagglehub/datasets/masoudnickparvar/brain-tumor-mri-dataset/versions/2/Testing/glioma/Te-gl_132.jpg,TUMOR,train
C:/Users/Ankit/.cache/kagglehub/datasets/masoudnickparvar/brain-tumor-mri-dataset/versions/2/Testing/glioma/Te-gl_237.jpg,TUMOR,train
C:/Users/Ankit/.cache/kagglehub/datasets/masoudnickparvar/brain-tumor-mri-dataset/versions/2/Training/pituitary/Tr-pi_1007.jpg,TUMOR,train
C:/Users/Ankit/.cache/kagglehub/datasets/masoudnickparvar/brain-tumor-mri-dataset/versions/2/Training/pituitary/Tr-pi_1131.jpg,TUMOR,train
C:/Users/Ankit/.cache/kagglehub/datasets/masoudnickparvar/brain-tumor-mri-dataset/versions/2/Training/glioma/Tr-gl_485.jpg,TUMOR,train
C:/Users/Ankit/.cache/kagglehub/datasets/masoudnickparvar/brain-tumor-mri-dataset/versions/2/Training/pituitary/Tr-pi_200.jpg,TUMOR,train
C:/Users/Ankit/.cache/kagglehub/datasets/masoudnickparvar/brain-tumor-mri-dataset/versions/2/Testing/glioma/Te-gl_232.jpg,TUMOR,train
C:/Users/Ankit/.cache/kagglehub/datasets/masoudnickparvar/brain-tumor-mri-dataset/versions/2/Testing/meningioma/Te-me_295.jpg,TUMOR,train
C:/Users/Ankit/.cache/kagglehub/datasets/masoudnickparvar/brain-tumor-mri-dataset/versions/2/Training/glioma/Tr-gl_199.jpg,TUMOR,train
C:/Users/Ankit/.cache/kagglehub/datasets/masoudnickparvar/brain-tumor-mri-dataset/versions/2/Training/meningioma/Tr-me_592.jpg,TUMOR,train
C:/Users/Ankit/.cache/kagglehub/datasets/masoudnickparvar/brain-tumor-mri-dataset/versions/2/Testing/glioma/Te-gl_236.jpg,TUMOR,train
C:/Users/Ankit/.cache/kagglehub/datasets/masoudnickparvar/brain-tumor-mri-dataset/versions/2/Training/glioma/Tr-gl_630.jpg,TUMOR,train
C:/Users/Ankit/.cache/kagglehub/datasets/masoudnickparvar/brain-tumor-mri-dataset/versions/2/Training/pituitary/Tr-pi_1238.jpg,TUMOR,train
C:/Users/Ankit/.cache/kagglehub/datasets/masoudnickparvar/brain-tumor-mri-dataset/versions/2/Training/glioma/Tr-gl_775.jpg,TUMOR,train
C:/Users/Ankit/.cache/kagglehub/datasets/masoudnickparvar/brain-tumor-mri-dataset/versions/2/Training/meningioma/Tr-aug-me_73.jpg,TUMOR,train
C:/Users/Ankit/.cache/kagglehub/datasets/masoudnickparvar/brain-tumor-mri-dataset/versions/2/Testing/glioma/Te-gl_69.jpg,TUMOR,train
C:/Users/Ankit/.cache/kagglehub/datasets/masoudnickparvar/brain-tumor-mri-dataset/versions/2/Testing/glioma/Te-gl_317.jpg,TUMOR,train
C:/Users/Ankit/.cache/kagglehub/datasets/masoudnickparvar/brain-tumor-mri-dataset/versions/2/Training/meningioma/Tr-aug-me_5.jpg,TUMOR,train
C:/Users/Ankit/.cache/kagglehub/datasets/masoudnickparvar/brain-tumor-mri-dataset/versions/2/Training/meningioma/Tr-me_452.jpg,TUMOR,train
C:/Users/Ankit/.cache/kagglehub/datasets/masoudnickparvar/brain-tumor-mri-dataset/versions/2/Training/meningioma/Tr-me_53.jpg,TUMOR,train
C:/Users/Ankit/.cache/kagglehub/datasets/masoudnickparvar/brain-tumor-mri-dataset/versions/2/Testing/pituitary/Te-pi_78.jpg,TUMOR,train
C:/Users/Ankit/.cache/kagglehub/datasets/masoudnickparvar/brain-tumor-mri-dataset/versions/2/Training/pituitary/Tr-pi_576.jpg,TUMOR,train
C:/Users/Ankit/.cache/kagglehub/datasets/masoudnickparvar/brain-tumor-mri-dataset/versions/2/Training/meningioma/Tr-aug-me_67.jpg,TUMOR,train
C:/Users/Ankit/.cache/kagglehub/datasets/masoudnickparvar/brain-tumor-mri-dataset/versions/2/Training/pituitary/Tr-pi_705.jpg,TUMOR,train
C:/Users/Ankit/.cache/kagglehub/datasets/masoudnickparvar/brain-tumor-mri-dataset/versions/2/Training/pituitary/Tr-pi_41.jpg,TUMOR,train
C:/Users/Ankit/.cache/kagglehub/datasets/masoudnickparvar/brain-tumor-mri-dataset/versions/2/Training/meningioma/Tr-aug-me_76.jpg,TUMOR,train
C:/Users/Ankit/.cache/kagglehub/datasets/masoudnickparvar/brain-tumor-mri-dataset/versions/2/Training/glioma/Tr-gl_158.jpg,TUMOR,train
C:/Users/Ankit/.cache/kagglehub/datasets/masoudnickparvar/brain-tumor-mri-dataset/versions/2/Training/pituitary/Tr-pi_1327.jpg,TUMOR,train
C:/Users/Ankit/.cache/kagglehub/datasets/masoudnickparvar/brain-tumor-mri-dataset/versions/2/Training/glioma/Tr-gl_688.jpg,TUMOR,train
C:/Users/Ankit/.cache/kagglehub/datasets/masoudnickparvar/brain-tumor-mri-dataset/versions/2/Training/meningioma/Tr-me_674.jpg,TUMOR,train
C:/Users/Ankit/.cache/kagglehub/datasets/masoudnickparvar/brain-tumor-mri-dataset/versions/2/Training/meningioma/Tr-me_474.jpg,TUMOR,train
C:/Users/Ankit/.cache/kagglehub/datasets/masoudnickparvar/brain-tumor-mri-dataset/versions/2/Training/meningioma/Tr-me_108.jpg,TUMOR,train
C:/Users/Ankit/.cache/kagglehub/datasets/masoudnickparvar/brain-tumor-mri-dataset/versions/2/Training/pituitary/Tr-pi_435.jpg,TUMOR,train
C:/Users/Ankit/.cache/kagglehub/datasets/masoudnickparvar/brain-tumor-mri-dataset/versions/2/Training/pituitary/Tr-pi_175.jpg,TUMOR,train
C:/Users/Ankit/.cache/kagglehub/datasets/masoudnickparvar/brain-tumor-mri-dataset/versions/2/Training/pituitary/Tr-pi_514.jpg,TUMOR,train
C:/Users/Ankit/.cache/kagglehub/datasets/masoudnickparvar/brain-tumor-mri-dataset/versions/2/Training/pituitary/Tr-pi_447.jpg,TUMOR,train
C:/Users/Ankit/.cache/kagglehub/datasets/masoudnickparvar/brain-tumor-mri-dataset/versions/2/Training/glioma/Tr-gl_181.jpg,TUMOR,train
C:/Users/Ankit/.cache/kagglehub/datasets/masoudnickparvar/brain-tumor-mri-dataset/versions/2/Training/pituitary/Tr-pi_733.jpg,TUMOR,train
C:/Users/Ankit/.cache/kagglehub/datasets/masoudnickparvar/brain-tumor-mri-dataset/versions/2/Training/pituitary/Tr-pi_1107.jpg,TUMOR,train
C:/Users/Ankit/.cache/kagglehub/datasets/masoudnickparvar/brain-tumor-mri-dataset/versions/2/Testing/pituitary/Te-pi_237.jpg,TUMOR,train
C:/Users/Ankit/.cache/kagglehub/datasets/masoudnickparvar/brain-tumor-mri-dataset/versions/2/Training/meningioma/Tr-aug-me_20.jpg,TUMOR,train
C:/Users/Ankit/.cache/kagglehub/datasets/masoudnickparvar/brain-tumor-mri-dataset/versions/2/Testing/pituitary/Te-pi_210.jpg,TUMOR,train
C:/Users/Ankit/.cache/kagglehub/datasets/masoudnickparvar/brain-tumor-mri-dataset/versions/2/Training/pituitary/Tr-pi_714.jpg,TUMOR,train
C:/Users/Ankit/.cache/kagglehub/datasets/masoudnickparvar/brain-tumor-mri-dataset/versions/2/Training/meningioma/Tr-me_1037.jpg,TUMOR,train
C:/Users/Ankit/.cache/kagglehub/datasets/masoudnickparvar/brain-tumor-mri-dataset/versions/2/Training/meningioma/Tr-me_262.jpg,TUMOR,train
C:/Users/Ankit/.cache/kagglehub/datasets/masoudnickparvar/brain-tumor-mri-dataset/versions/2/Testing/pituitary/Te-pi_273.jpg,TUMOR,train
C:/Users/Ankit/.cache/kagglehub/datasets/masoudnickparvar/brain-tumor-mri-dataset/versions/2/Testing/pituitary/Te-pi_261.jpg,TUMOR,train
C:/Users/Ankit/.cache/kagglehub/datasets/masoudnickparvar/brain-tumor-mri-dataset/versions/2/Training/pituitary/Tr-pi_1337.jpg,TUMOR,train
C:/Users/Ankit/.cache/kagglehub/datasets/masoudnickparvar/brain-tumor-mri-dataset/versions/2/Training/glioma/Tr-gl_928.jpg,TUMOR,train
C:/Users/Ankit/.cache/kagglehub/datasets/masoudnickparvar/brain-tumor-mri-dataset/versions/2/Testing/meningioma/Te-aug-me_49.jpg,TUMOR,train
C:/Users/Ankit/.cache/kagglehub/datasets/masoudnickparvar/brain-tumor-mri-dataset/versions/2/Training/pituitary/Tr-pi_1044.jpg,TUMOR,train
C:/Users/Ankit/.cache/kagglehub/datasets/masoudnickparvar/brain-tumor-mri-dataset/versions/2/Testing/pituitary/Te-pi_380.jpg,TUMOR,train
C:/Users/Ankit/.cache/kagglehub/datasets/masoudnickparvar/brain-tumor-mri-dataset/versions/2/Training/meningioma/Tr-me_681.jpg,TUMOR,train
C:/Users/Ankit/.cache/kagglehub/datasets/masoudnickparvar/brain-tumor-mri-dataset/versions/2/Training/glioma/Tr-gl_730.jpg,TUMOR,train
C:/Users/Ankit/.cache/kagglehub/datasets/masoudnickparvar/brain-tumor-mri-dataset/versions/2/Testing/pituitary/Te-pi_379.jpg,TUMOR,train
C:/Users/Ankit/.cache/kagglehub/datasets/masoudnickparvar/brain-tumor-mri-dataset/versions/2/Training/glioma/Tr-gl_644.jpg,TUMOR,train
C:/Users/Ankit/.cache/kagglehub/datasets/masoudnickparvar/brain-tumor-mri-dataset/versions/2/Training/pituitary/Tr-pi_940.jpg,TUMOR,train
C:/Users/Ankit/.cache/kagglehub/datasets/masoudnickparvar/brain-tumor-mri-dataset/versions/2/Training/pituitary/Tr-pi_673.jpg,TUMOR,train
C:/Users/Ankit/.cache/kagglehub/datasets/masoudnickparvar/brain-tumor-mri-dataset/versions/2/Training/glioma/Tr-gl_424.jpg,TUMOR,train
C:/Users/Ankit/.cache/kagglehub/datasets/masoudnickparvar/brain-tumor-mri-dataset/versions/2/Testing/pituitary/Te-pi_324.jpg,TUMOR,train
C:/Users/Ankit/.cache/kagglehub/datasets/masoudnickparvar/brain-tumor-mri-dataset/versions/2/Training/meningioma/Tr-aug-me_87.jpg,TUMOR,train
C:/Users/Ankit/.cache/kagglehub/datasets/masoudnickparvar/brain-tumor-mri-dataset/versions/2/Training/pituitary/Tr-pi_287.jpg,TUMOR,train
C:/Users/Ankit/.cache/kagglehub/datasets/masoudnickparvar/brain-tumor-mri-dataset/versions/2/Training/glioma/Tr-gl_1195.jpg,TUMOR,train
C:/Users/Ankit/.cache/kagglehub/datasets/masoudnickparvar/brain-tumor-mri-dataset/versions/2/Training/pituitary/Tr-pi_779.jpg,TUMOR,train
C:/Users/Ankit/.cache/kagglehub/datasets/masoudnickparvar/brain-tumor-mri-dataset/versions/2/Training/meningioma/Tr-me_881.jpg,TUMOR,train
C:/Users/Ankit/.cache/kagglehub/datasets/masoudnickparvar/brain-tumor-mri-dataset/versions/2/Training/meningioma/Tr-me_606.jpg,TUMOR,train
C:/Users/Ankit/.cache/kagglehub/datasets/masoudnickparvar/brain-tumor-mri-dataset/versions/2/Training/pituitary/Tr-pi_813.jpg,TUMOR,train
C:/Users/Ankit/.cache/kagglehub/datasets/masoudnickparvar/brain-tumor-mri-dataset/versions/2/Training/pituitary/Tr-pi_192.jpg,TUMOR,train
C:/Users/Ankit/.cache/kagglehub/datasets/masoudnickparvar/brain-tumor-mri-dataset/versions/2/Training/pituitary/Tr-pi_1003.jpg,TUMOR,train
C:/Users/Ankit/.cache/kagglehub/datasets/masoudnickparvar/brain-tumor-mri-dataset/versions/2/Training/pituitary/Tr-pi_1065.jpg,TUMOR,train
C:/Users/Ankit/.cache/kagglehub/datasets/masoudnickparvar/brain-tumor-mri-dataset/versions/2/Training/glioma/Tr-gl_1373.jpg,TUMOR,train
C:/Users/Ankit/.cache/kagglehub/datasets/masoudnickparvar/brain-tumor-mri-dataset/versions/2/Training/pituitary/Tr-pi_741.jpg,TUMOR,train
C:/Users/Ankit/.cache/kagglehub/datasets/masoudnickparvar/brain-tumor-mri-dataset/versions/2/Training/pituitary/Tr-pi_55.jpg,TUMOR,train
C:/Users/Ankit/.cache/kagglehub/datasets/masoudnickparvar/brain-tumor-mri-dataset/versions/2/Training/meningioma/Tr-me_1062.jpg,TUMOR,train
C:/Users/Ankit/.cache/kagglehub/datasets/masoudnickparvar/brain-tumor-mri-dataset/versions/2/Training/pituitary/Tr-pi_38.jpg,TUMOR,train
C:/Users/Ankit/.cache/kagglehub/datasets/masoudnickparvar/brain-tumor-mri-dataset/versions/2/Training/pituitary/Tr-pi_204.jpg,TUMOR,train
C:/Users/Ankit/.cache/kagglehub/datasets/masoudnickparvar/brain-tumor-mri-dataset/versions/2/Testing/pituitary/Te-pi_8.jpg,TUMOR,train
C:/Users/Ankit/.cache/kagglehub/datasets/masoudnickparvar/brain-tumor-mri-dataset/versions/2/Training/pituitary/Tr-pi_829.jpg,TUMOR,train
C:/Users/Ankit/.cache/kagglehub/datasets/masoudnickparvar/brain-tumor-mri-dataset/versions/2/Training/meningioma/Tr-me_1228.jpg,TUMOR,train
C:/Users/Ankit/.cache/kagglehub/datasets/masoudnickparvar/brain-tumor-mri-dataset/versions/2/Training/glioma/Tr-gl_724.jpg,TUMOR,train
C:/Users/Ankit/.cache/kagglehub/datasets/masoudnickparvar/brain-tumor-mri-dataset/versions/2/Training/glioma/Tr-gl_1203.jpg,TUMOR,train
C:/Users/Ankit/.cache/kagglehub/datasets/masoudnickparvar/brain-tumor-mri-dataset/versions/2/Training/glioma/Tr-gl_427.jpg,TUMOR,train
C:/Users/Ankit/.cache/kagglehub/datasets/masoudnickparvar/brain-tumor-mri-dataset/versions/2/Training/pituitary/Tr-pi_341.jpg,TUMOR,train
C:/Users/Ankit/.cache/kagglehub/datasets/masoudnickparvar/brain-tumor-mri-dataset/versions/2/Training/glioma/Tr-gl_460.jpg,TUMOR,train
C:/Users/Ankit/.cache/kagglehub/datasets/masoudnickparvar/brain-tumor-mri-dataset/versions/2/Training/meningioma/Tr-me_142.jpg,TUMOR,train
C:/Users/Ankit/.cache/kagglehub/datasets/masoudnickparvar/brain-tumor-mri-dataset/versions/2/Training/pituitary/Tr-pi_1389.jpg,TUMOR,train
C:/Users/Ankit/.cache/kagglehub/datasets/masoudnickparvar/brain-tumor-mri-dataset/versions/2/Training/pituitary/Tr-pi_1253.jpg,TUMOR,train
C:/Users/Ankit/.cache/kagglehub/datasets/masoudnickparvar/brain-tumor-mri-dataset/versions/2/Training/meningioma/Tr-me_1167.jpg,TUMOR,train
C:/Users/Ankit/.cache/kagglehub/datasets/masoudnickparvar/brain-tumor-mri-dataset/versions/2/Testing/pituitary/Te-pi_84.jpg,TUMOR,train
C:/Users/Ankit/.cache/kagglehub/datasets/masoudnickparvar/brain-tumor-mri-dataset/versions/2/Training/glioma/Tr-gl_1015.jpg,TUMOR,train
C:/Users/Ankit/.cache/kagglehub/datasets/masoudnickparvar/brain-tumor-mri-dataset/versions/2/Testing/pituitary/Te-pi_208.jpg,TUMOR,train
C:/Users/Ankit/.cache/kagglehub/datasets/masoudnickparvar/brain-tumor-mri-dataset/versions/2/Training/pituitary/Tr-pi_274.jpg,TUMOR,train
C:/Users/Ankit/.cache/kagglehub/datasets/masoudnickparvar/brain-tumor-mri-dataset/versions/2/Training/meningioma/Tr-me_852.jpg,TUMOR,train
C:/Users/Ankit/.cache/kagglehub/datasets/masoudnickparvar/brain-tumor-mri-dataset/versions/2/Testing/pituitary/Te-pi_47.jpg,TUMOR,train
C:/Users/Ankit/.cache/kagglehub/datasets/masoudnickparvar/brain-tumor-mri-dataset/versions/2/Testing/pituitary/Te-pi_288.jpg,TUMOR,train
C:/Users/Ankit/.cache/kagglehub/datasets/masoudnickparvar/brain-tumor-mri-dataset/versions/2/Testing/meningioma/Te-me_88.jpg,TUMOR,train
C:/Users/Ankit/.cache/kagglehub/datasets/masoudnickparvar/brain-tumor-mri-dataset/versions/2/Training/meningioma/Tr-me_313.jpg,TUMOR,train
C:/Users/Ankit/.cache/kagglehub/datasets/masoudnickparvar/brain-tumor-mri-dataset/versions/2/Training/glioma/Tr-gl_907.jpg,TUMOR,train
C:/Users/Ankit/.cache/kagglehub/datasets/masoudnickparvar/brain-tumor-mri-dataset/versions/2/Training/pituitary/Tr-pi_458.jpg,TUMOR,train
C:/Users/Ankit/.cache/kagglehub/datasets/masoudnickparvar/brain-tumor-mri-dataset/versions/2/Training/meningioma/Tr-me_1123.jpg,TUMOR,train
C:/Users/Ankit/.cache/kagglehub/datasets/masoudnickparvar/brain-tumor-mri-dataset/versions/2/Training/meningioma/Tr-aug-me_4.jpg,TUMOR,train
C:/Users/Ankit/.cache/kagglehub/datasets/masoudnickparvar/brain-tumor-mri-dataset/versions/2/Training/meningioma/Tr-me_16.jpg,TUMOR,train
C:/Users/Ankit/.cache/kagglehub/datasets/masoudnickparvar/brain-tumor-mri-dataset/versions/2/Training/meningioma/Tr-me_1225.jpg,TUMOR,train
C:/Users/Ankit/.cache/kagglehub/datasets/masoudnickparvar/brain-tumor-mri-dataset/versions/2/Training/meningioma/Tr-me_106.jpg,TUMOR,train
C:/Users/Ankit/.cache/kagglehub/datasets/masoudnickparvar/brain-tumor-mri-dataset/versions/2/Training/glioma/Tr-gl_1224.jpg,TUMOR,train
C:/Users/Ankit/.cache/kagglehub/datasets/masoudnickparvar/brain-tumor-mri-dataset/versions/2/Training/glioma/Tr-gl_672.jpg,TUMOR,train
C:/Users/Ankit/.cache/kagglehub/datasets/masoudnickparvar/brain-tumor-mri-dataset/versions/2/Training/glioma/Tr-gl_1180.jpg,TUMOR,train
C:/Users/Ankit/.cache/kagglehub/datasets/masoudnickparvar/brain-tumor-mri-dataset/versions/2/Training/glioma/Tr-gl_623.jpg,TUMOR,train
C:/Users/Ankit/.cache/kagglehub/datasets/masoudnickparvar/brain-tumor-mri-dataset/versions/2/Training/glioma/Tr-gl_352.jpg,TUMOR,train
C:/Users/Ankit/.cache/kagglehub/datasets/masoudnickparvar/brain-tumor-mri-dataset/versions/2/Training/pituitary/Tr-pi_364.jpg,TUMOR,train
C:/Users/Ankit/.cache/kagglehub/datasets/masoudnickparvar/brain-tumor-mri-dataset/versions/2/Training/glioma/Tr-gl_1075.jpg,TUMOR,train
C:/Users/Ankit/.cache/kagglehub/datasets/masoudnickparvar/brain-tumor-mri-dataset/versions/2/Training/meningioma/Tr-me_78.jpg,TUMOR,train
C:/Users/Ankit/.cache/kagglehub/datasets/masoudnickparvar/brain-tumor-mri-dataset/versions/2/Training/pituitary/Tr-pi_899.jpg,TUMOR,train
C:/Users/Ankit/.cache/kagglehub/datasets/masoudnickparvar/brain-tumor-mri-dataset/versions/2/Training/pituitary/Tr-pi_99.jpg,TUMOR,train
C:/Users/Ankit/.cache/kagglehub/datasets/masoudnickparvar/brain-tumor-mri-dataset/versions/2/Training/meningioma/Tr-me_832.jpg,TUMOR,train
C:/Users/Ankit/.cache/kagglehub/datasets/masoudnickparvar/brain-tumor-mri-dataset/versions/2/Training/pituitary/Tr-pi_626.jpg,TUMOR,train
C:/Users/Ankit/.cache/kagglehub/datasets/masoudnickparvar/brain-tumor-mri-dataset/versions/2/Training/glioma/Tr-gl_726.jpg,TUMOR,train
C:/Users/Ankit/.cache/kagglehub/datasets/masoudnickparvar/brain-tumor-mri-dataset/versions/2/Testing/pituitary/Te-pi_143.jpg,TUMOR,train
C:/Users/Ankit/.cache/kagglehub/datasets/masoudnickparvar/brain-tumor-mri-dataset/versions/2/Training/glioma/Tr-gl_570.jpg,TUMOR,train
C:/Users/Ankit/.cache/kagglehub/datasets/masoudnickparvar/brain-tumor-mri-dataset/versions/2/Testing/meningioma/Te-me_155.jpg,TUMOR,train
C:/Users/Ankit/.cache/kagglehub/datasets/masoudnickparvar/brain-tumor-mri-dataset/versions/2/Training/meningioma/Tr-me_117.jpg,TUMOR,train
C:/Users/Ankit/.cache/kagglehub/datasets/masoudnickparvar/brain-tumor-mri-dataset/versions/2/Training/pituitary/Tr-pi_1170.jpg,TUMOR,train
C:/Users/Ankit/.cache/kagglehub/datasets/masoudnickparvar/brain-tumor-mri-dataset/versions/2/Training/meningioma/Tr-me_25.jpg,TUMOR,train
C:/Users/Ankit/.cache/kagglehub/datasets/masoudnickparvar/brain-tumor-mri-dataset/versions/2/Training/pituitary/Tr-pi_455.jpg,TUMOR,train
C:/Users/Ankit/.cache/kagglehub/datasets/masoudnickparvar/brain-tumor-mri-dataset/versions/2/Training/glioma/Tr-gl_397.jpg,TUMOR,train
C:/Users/Ankit/.cache/kagglehub/datasets/masoudnickparvar/brain-tumor-mri-dataset/versions/2/Training/glioma/Tr-gl_912.jpg,TUMOR,train
C:/Users/Ankit/.cache/kagglehub/datasets/masoudnickparvar/brain-tumor-mri-dataset/versions/2/Training/glioma/Tr-gl_508.jpg,TUMOR,train
C:/Users/Ankit/.cache/kagglehub/datasets/masoudnickparvar/brain-tumor-mri-dataset/versions/2/Training/glioma/Tr-gl_170.jpg,TUMOR,train
C:/Users/Ankit/.cache/kagglehub/datasets/masoudnickparvar/brain-tumor-mri-dataset/versions/2/Training/meningioma/Tr-me_418.jpg,TUMOR,train
C:/Users/Ankit/.cache/kagglehub/datasets/masoudnickparvar/brain-tumor-mri-dataset/versions/2/Training/meningioma/Tr-me_1113.jpg,TUMOR,train
C:/Users/Ankit/.cache/kagglehub/datasets/masoudnickparvar/brain-tumor-mri-dataset/versions/2/Training/glioma/Tr-gl_180.jpg,TUMOR,train
C:/Users/Ankit/.cache/kagglehub/datasets/masoudnickparvar/brain-tumor-mri-dataset/versions/2/Testing/meningioma/Te-me_204.jpg,TUMOR,train
C:/Users/Ankit/.cache/kagglehub/datasets/masoudnickparvar/brain-tumor-mri-dataset/versions/2/Training/glioma/Tr-gl_201.jpg,TUMOR,train
C:/Users/Ankit/.cache/kagglehub/datasets/masoudnickparvar/brain-tumor-mri-dataset/versions/2/Training/glioma/Tr-gl_1074.jpg,TUMOR,train
C:/Users/Ankit/.cache/kagglehub/datasets/masoudnickparvar/brain-tumor-mri-dataset/versions/2/Training/pituitary/Tr-pi_456.jpg,TUMOR,train
C:/Users/Ankit/.cache/kagglehub/datasets/masoudnickparvar/brain-tumor-mri-dataset/versions/2/Training/meningioma/Tr-me_672.jpg,TUMOR,train
C:/Users/Ankit/.cache/kagglehub/datasets/masoudnickparvar/brain-tumor-mri-dataset/versions/2/Testing/meningioma/Te-me_82.jpg,TUMOR,train
C:/Users/Ankit/.cache/kagglehub/datasets/masoudnickparvar/brain-tumor-mri-dataset/versions/2/Testing/meningioma/Te-aug-me_51.jpg,TUMOR,train
C:/Users/Ankit/.cache/kagglehub/datasets/masoudnickparvar/brain-tumor-mri-dataset/versions/2/Training/meningioma/Tr-me_1150.jpg,TUMOR,train
C:/Users/Ankit/.cache/kagglehub/datasets/masoudnickparvar/brain-tumor-mri-dataset/versions/2/Training/glioma/Tr-gl_77.jpg,TUMOR,train
C:/Users/Ankit/.cache/kagglehub/datasets/masoudnickparvar/brain-tumor-mri-dataset/versions/2/Training/pituitary/Tr-pi_1187.jpg,TUMOR,train
C:/Users/Ankit/.cache/kagglehub/datasets/masoudnickparvar/brain-tumor-mri-dataset/versions/2/Testing/pituitary/Te-pi_272.jpg,TUMOR,train
C:/Users/Ankit/.cache/kagglehub/datasets/masoudnickparvar/brain-tumor-mri-dataset/versions/2/Training/pituitary/Tr-pi_35.jpg,TUMOR,train
C:/Users/Ankit/.cache/kagglehub/datasets/masoudnickparvar/brain-tumor-mri-dataset/versions/2/Training/pituitary/Tr-pi_1331.jpg,TUMOR,train
C:/Users/Ankit/.cache/kagglehub/datasets/masoudnickparvar/brain-tumor-mri-dataset/versions/2/Training/pituitary/Tr-pi_1033.jpg,TUMOR,train
C:/Users/Ankit/.cache/kagglehub/datasets/masoudnickparvar/brain-tumor-mri-dataset/versions/2/Training/glioma/Tr-gl_943.jpg,TUMOR,train
C:/Users/Ankit/.cache/kagglehub/datasets/masoudnickparvar/brain-tumor-mri-dataset/versions/2/Training/meningioma/Tr-me_281.jpg,TUMOR,train
C:/Users/Ankit/.cache/kagglehub/datasets/masoudnickparvar/brain-tumor-mri-dataset/versions/2/Training/pituitary/Tr-pi_186.jpg,TUMOR,train
C:/Users/Ankit/.cache/kagglehub/datasets/masoudnickparvar/brain-tumor-mri-dataset/versions/2/Training/pituitary/Tr-pi_1255.jpg,TUMOR,train
C:/Users/Ankit/.cache/kagglehub/datasets/masoudnickparvar/brain-tumor-mri-dataset/versions/2/Testing/meningioma/Te-me_275.jpg,TUMOR,train
C:/Users/Ankit/.cache/kagglehub/datasets/masoudnickparvar/brain-tumor-mri-dataset/versions/2/Training/glioma/Tr-gl_429.jpg,TUMOR,train
C:/Users/Ankit/.cache/kagglehub/datasets/masoudnickparvar/brain-tumor-mri-dataset/versions/2/Training/meningioma/Tr-me_220.jpg,TUMOR,train
C:/Users/Ankit/.cache/kagglehub/datasets/masoudnickparvar/brain-tumor-mri-dataset/versions/2/Training/pituitary/Tr-pi_4.jpg,TUMOR,train
C:/Users/Ankit/.cache/kagglehub/datasets/masoudnickparvar/brain-tumor-mri-dataset/versions/2/Training/meningioma/Tr-me_1227.jpg,TUMOR,train
C:/Users/Ankit/.cache/kagglehub/datasets/masoudnickparvar/brain-tumor-mri-dataset/versions/2/Testing/pituitary/Te-pi_218.jpg,TUMOR,train
C:/Users/Ankit/.cache/kagglehub/datasets/masoudnickparvar/brain-tumor-mri-dataset/versions/2/Training/glioma/Tr-gl_788.jpg,TUMOR,train
C:/Users/Ankit/.cache/kagglehub/datasets/masoudnickparvar/brain-tumor-mri-dataset/versions/2/Training/glioma/Tr-gl_791.jpg,TUMOR,train
C:/Users/Ankit/.cache/kagglehub/datasets/masoudnickparvar/brain-tumor-mri-dataset/versions/2/Training/meningioma/Tr-me_558.jpg,TUMOR,train
C:/Users/Ankit/.cache/kagglehub/datasets/masoudnickparvar/brain-tumor-mri-dataset/versions/2/Testing/pituitary/Te-pi_358.jpg,TUMOR,train
C:/Users/Ankit/.cache/kagglehub/datasets/masoudnickparvar/brain-tumor-mri-dataset/versions/2/Training/pituitary/Tr-pi_1303.jpg,TUMOR,train
C:/Users/Ankit/.cache/kagglehub/datasets/masoudnickparvar/brain-tumor-mri-dataset/versions/2/Training/meningioma/Tr-me_648.jpg,TUMOR,train
C:/Users/Ankit/.cache/kagglehub/datasets/masoudnickparvar/brain-tumor-mri-dataset/versions/2/Training/pituitary/Tr-pi_1179.jpg,TUMOR,train
C:/Users/Ankit/.cache/kagglehub/datasets/masoudnickparvar/brain-tumor-mri-dataset/versions/2/Training/pituitary/Tr-pi_909.jpg,TUMOR,train
C:/Users/Ankit/.cache/kagglehub/datasets/masoudnickparvar/brain-tumor-mri-dataset/versions/2/Training/meningioma/Tr-me_1104.jpg,TUMOR,train
C:/Users/Ankit/.cache/kagglehub/datasets/masoudnickparvar/brain-tumor-mri-dataset/versions/2/Training/meningioma/Tr-me_1241.jpg,TUMOR,train
C:/Users/Ankit/.cache/kagglehub/datasets/masoudnickparvar/brain-tumor-mri-dataset/versions/2/Training/glioma/Tr-gl_1052.jpg,TUMOR,train
C:/Users/Ankit/.cache/kagglehub/datasets/masoudnickparvar/brain-tumor-mri-dataset/versions/2/Training/pituitary/Tr-pi_152.jpg,TUMOR,train
C:/Users/Ankit/.cache/kagglehub/datasets/masoudnickparvar/brain-tumor-mri-dataset/versions/2/Training/meningioma/Tr-me_925.jpg,TUMOR,train
C:/Users/Ankit/.cache/kagglehub/datasets/masoudnickparvar/brain-tumor-mri-dataset/versions/2/Testing/meningioma/Te-aug-me_5.jpg,TUMOR,train
C:/Users/Ankit/.cache/kagglehub/datasets/masoudnickparvar/brain-tumor-mri-dataset/versions/2/Training/meningioma/Tr-me_1051.jpg,TUMOR,train
C:/Users/Ankit/.cache/kagglehub/datasets/masoudnickparvar/brain-tumor-mri-dataset/versions/2/Training/glioma/Tr-gl_1139.jpg,TUMOR,train
C:/Users/Ankit/.cache/kagglehub/datasets/masoudnickparvar/brain-tumor-mri-dataset/versions/2/Training/glioma/Tr-gl_1276.jpg,TUMOR,train
C:/Users/Ankit/.cache/kagglehub/datasets/masoudnickparvar/brain-tumor-mri-dataset/versions/2/Testing/glioma/Te-gl_160.jpg,TUMOR,train
C:/Users/Ankit/.cache/kagglehub/datasets/masoudnickparvar/brain-tumor-mri-dataset/versions/2/Training/glioma/Tr-gl_409.jpg,TUMOR,train
C:/Users/Ankit/.cache/kagglehub/datasets/masoudnickparvar/brain-tumor-mri-dataset/versions/2/Training/glioma/Tr-gl_1022.jpg,TUMOR,train
C:/Users/Ankit/.cache/kagglehub/datasets/masoudnickparvar/brain-tumor-mri-dataset/versions/2/Training/glioma/Tr-gl_733.jpg,TUMOR,train
C:/Users/Ankit/.cache/kagglehub/datasets/masoudnickparvar/brain-tumor-mri-dataset/versions/2/Training/pituitary/Tr-pi_785.jpg,TUMOR,train
C:/Users/Ankit/.cache/kagglehub/datasets/masoudnickparvar/brain-tumor-mri-dataset/versions/2/Training/pituitary/Tr-pi_995.jpg,TUMOR,train
C:/Users/Ankit/.cache/kagglehub/datasets/masoudnickparvar/brain-tumor-mri-dataset/versions/2/Training/glioma/Tr-gl_620.jpg,TUMOR,train
C:/Users/Ankit/.cache/kagglehub/datasets/masoudnickparvar/brain-tumor-mri-dataset/versions/2/Training/glioma/Tr-gl_537.jpg,TUMOR,train
C:/Users/Ankit/.cache/kagglehub/datasets/masoudnickparvar/brain-tumor-mri-dataset/versions/2/Training/glioma/Tr-gl_528.jpg,TUMOR,train
C:/Users/Ankit/.cache/kagglehub/datasets/masoudnickparvar/brain-tumor-mri-dataset/versions/2/Training/glioma/Tr-gl_1158.jpg,TUMOR,train
C:/Users/Ankit/.cache/kagglehub/datasets/masoudnickparvar/brain-tumor-mri-dataset/versions/2/Training/glioma/Tr-gl_847.jpg,TUMOR,train
C:/Users/Ankit/.cache/kagglehub/datasets/masoudnickparvar/brain-tumor-mri-dataset/versions/2/Training/glioma/Tr-gl_1020.jpg,TUMOR,train
C:/Users/Ankit/.cache/kagglehub/datasets/masoudnickparvar/brain-tumor-mri-dataset/versions/2/Training/meningioma/Tr-me_1294.jpg,TUMOR,train
C:/Users/Ankit/.cache/kagglehub/datasets/masoudnickparvar/brain-tumor-mri-dataset/versions/2/Training/pituitary/Tr-pi_637.jpg,TUMOR,train
C:/Users/Ankit/.cache/kagglehub/datasets/masoudnickparvar/brain-tumor-mri-dataset/versions/2/Training/glioma/Tr-gl_1367.jpg,TUMOR,train
C:/Users/Ankit/.cache/kagglehub/datasets/masoudnickparvar/brain-tumor-mri-dataset/versions/2/Training/pituitary/Tr-pi_256.jpg,TUMOR,train
C:/Users/Ankit/.cache/kagglehub/datasets/masoudnickparvar/brain-tumor-mri-dataset/versions/2/Training/pituitary/Tr-pi_618.jpg,TUMOR,train
C:/Users/Ankit/.cache/kagglehub/datasets/masoudnickparvar/brain-tumor-mri-dataset/versions/2/Training/pituitary/Tr-pi_319.jpg,TUMOR,train
C:/Users/Ankit/.cache/kagglehub/datasets/masoudnickparvar/brain-tumor-mri-dataset/versions/2/Training/meningioma/Tr-me_527.jpg,TUMOR,train
C:/Users/Ankit/.cache/kagglehub/datasets/masoudnickparvar/brain-tumor-mri-dataset/versions/2/Testing/meningioma/Te-me_161.jpg,TUMOR,train
C:/Users/Ankit/.cache/kagglehub/datasets/masoudnickparvar/brain-tumor-mri-dataset/versions/2/Training/pituitary/Tr-pi_1152.jpg,TUMOR,train
C:/Users/Ankit/.cache/kagglehub/datasets/masoudnickparvar/brain-tumor-mri-dataset/versions/2/Training/glioma/Tr-gl_894.jpg,TUMOR,train
C:/Users/Ankit/.cache/kagglehub/datasets/masoudnickparvar/brain-tumor-mri-dataset/versions/2/Testing/meningioma/Te-me_196.jpg,TUMOR,train
C:/Users/Ankit/.cache/kagglehub/datasets/masoudnickparvar/brain-tumor-mri-dataset/versions/2/Training/pituitary/Tr-pi_1147.jpg,TUMOR,train
C:/Users/Ankit/.cache/kagglehub/datasets/masoudnickparvar/brain-tumor-mri-dataset/versions/2/Training/glioma/Tr-gl_573.jpg,TUMOR,train
C:/Users/Ankit/.cache/kagglehub/datasets/masoudnickparvar/brain-tumor-mri-dataset/versions/2/Training/glioma/Tr-gl_404.jpg,TUMOR,train
C:/Users/Ankit/.cache/kagglehub/datasets/masoudnickparvar/brain-tumor-mri-dataset/versions/2/Training/meningioma/Tr-me_980.jpg,TUMOR,train
C:/Users/Ankit/.cache/kagglehub/datasets/masoudnickparvar/brain-tumor-mri-dataset/versions/2/Training/meningioma/Tr-me_1199.jpg,TUMOR,train
C:/Users/Ankit/.cache/kagglehub/datasets/masoudnickparvar/brain-tumor-mri-dataset/versions/2/Training/pituitary/Tr-pi_724.jpg,TUMOR,train
C:/Users/Ankit/.cache/kagglehub/datasets/masoudnickparvar/brain-tumor-mri-dataset/versions/2/Training/pituitary/Tr-pi_846.jpg,TUMOR,train
C:/Users/Ankit/.cache/kagglehub/datasets/masoudnickparvar/brain-tumor-mri-dataset/versions/2/Training/meningioma/Tr-me_245.jpg,TUMOR,train
C:/Users/Ankit/.cache/kagglehub/datasets/masoudnickparvar/brain-tumor-mri-dataset/versions/2/Testing/glioma/Te-gl_247.jpg,TUMOR,train
C:/Users/Ankit/.cache/kagglehub/datasets/masoudnickparvar/brain-tumor-mri-dataset/versions/2/Training/pituitary/Tr-pi_131.jpg,TUMOR,train
C:/Users/Ankit/.cache/kagglehub/datasets/masoudnickparvar/brain-tumor-mri-dataset/versions/2/Training/pituitary/Tr-pi_1277.jpg,TUMOR,train
C:/Users/Ankit/.cache/kagglehub/datasets/masoudnickparvar/brain-tumor-mri-dataset/versions/2/Training/glioma/Tr-gl_535.jpg,TUMOR,train
C:/Users/Ankit/.cache/kagglehub/datasets/masoudnickparvar/brain-tumor-mri-dataset/versions/2/Training/meningioma/Tr-me_534.jpg,TUMOR,train
C:/Users/Ankit/.cache/kagglehub/datasets/masoudnickparvar/brain-tumor-mri-dataset/versions/2/Testing/pituitary/Te-pi_112.jpg,TUMOR,train
C:/Users/Ankit/.cache/kagglehub/datasets/masoudnickparvar/brain-tumor-mri-dataset/versions/2/Testing/meningioma/Te-me_178.jpg,TUMOR,train
C:/Users/Ankit/.cache/kagglehub/datasets/masoudnickparvar/brain-tumor-mri-dataset/versions/2/Training/pituitary/Tr-pi_1068.jpg,TUMOR,train
C:/Users/Ankit/.cache/kagglehub/datasets/masoudnickparvar/brain-tumor-mri-dataset/versions/2/Training/glioma/Tr-gl_1266.jpg,TUMOR,train
C:/Users/Ankit/.cache/kagglehub/datasets/masoudnickparvar/brain-tumor-mri-dataset/versions/2/Training/pituitary/Tr-pi_363.jpg,TUMOR,train
C:/Users/Ankit/.cache/kagglehub/datasets/masoudnickparvar/brain-tumor-mri-dataset/versions/2/Training/meningioma/Tr-me_548.jpg,TUMOR,train
C:/Users/Ankit/.cache/kagglehub/datasets/masoudnickparvar/brain-tumor-mri-dataset/versions/2/Training/glioma/Tr-gl_1294.jpg,TUMOR,train
C:/Users/Ankit/.cache/kagglehub/datasets/masoudnickparvar/brain-tumor-mri-dataset/versions/2/Training/glioma/Tr-gl_1370.jpg,TUMOR,train
C:/Users/Ankit/.cache/kagglehub/datasets/masoudnickparvar/brain-tumor-mri-dataset/versions/2/Training/meningioma/Tr-me_290.jpg,TUMOR,train
C:/Users/Ankit/.cache/kagglehub/datasets/masoudnickparvar/brain-tumor-mri-dataset/versions/2/Testing/meningioma/Te-me_120.jpg,TUMOR,train
C:/Users/Ankit/.cache/kagglehub/datasets/masoudnickparvar/brain-tumor-mri-dataset/versions/2/Testing/meningioma/Te-aug-me_84.jpg,TUMOR,train
C:/Users/Ankit/.cache/kagglehub/datasets/masoudnickparvar/brain-tumor-mri-dataset/versions/2/Training/glioma/Tr-gl_910.jpg,TUMOR,train
C:/Users/Ankit/.cache/kagglehub/datasets/masoudnickparvar/brain-tumor-mri-dataset/versions/2/Training/pituitary/Tr-pi_870.jpg,TUMOR,train
C:/Users/Ankit/.cache/kagglehub/datasets/masoudnickparvar/brain-tumor-mri-dataset/versions/2/Training/pituitary/Tr-pi_1087.jpg,TUMOR,train
C:/Users/Ankit/.cache/kagglehub/datasets/masoudnickparvar/brain-tumor-mri-dataset/versions/2/Training/pituitary/Tr-pi_1242.jpg,TUMOR,train
C:/Users/Ankit/.cache/kagglehub/datasets/masoudnickparvar/brain-tumor-mri-dataset/versions/2/Training/meningioma/Tr-me_435.jpg,TUMOR,train
C:/Users/Ankit/.cache/kagglehub/datasets/masoudnickparvar/brain-tumor-mri-dataset/versions/2/Training/pituitary/Tr-pi_1043.jpg,TUMOR,train
C:/Users/Ankit/.cache/kagglehub/datasets/masoudnickparvar/brain-tumor-mri-dataset/versions/2/Training/glioma/Tr-gl_318.jpg,TUMOR,train
C:/Users/Ankit/.cache/kagglehub/datasets/masoudnickparvar/brain-tumor-mri-dataset/versions/2/Training/glioma/Tr-gl_517.jpg,TUMOR,train
C:/Users/Ankit/.cache/kagglehub/datasets/masoudnickparvar/brain-tumor-mri-dataset/versions/2/Training/pituitary/Tr-pi_606.jpg,TUMOR,train
C:/Users/Ankit/.cache/kagglehub/datasets/masoudnickparvar/brain-tumor-mri-dataset/versions/2/Testing/glioma/Te-gl_370.jpg,TUMOR,train
C:/Users/Ankit/.cache/kagglehub/datasets/masoudnickparvar/brain-tumor-mri-dataset/versions/2/Testing/pituitary/Te-pi_83.jpg,TUMOR,train
C:/Users/Ankit/.cache/kagglehub/datasets/masoudnickparvar/brain-tumor-mri-dataset/versions/2/Training/pituitary/Tr-pi_659.jpg,TUMOR,train
C:/Users/Ankit/.cache/kagglehub/datasets/masoudnickparvar/brain-tumor-mri-dataset/versions/2/Training/glioma/Tr-gl_1254.jpg,TUMOR,train
C:/Users/Ankit/.cache/kagglehub/datasets/masoudnickparvar/brain-tumor-mri-dataset/versions/2/Testing/meningioma/Te-me_97.jpg,TUMOR,train
C:/Users/Ankit/.cache/kagglehub/datasets/masoudnickparvar/brain-tumor-mri-dataset/versions/2/Training/glioma/Tr-gl_73.jpg,TUMOR,train
C:/Users/Ankit/.cache/kagglehub/datasets/masoudnickparvar/brain-tumor-mri-dataset/versions/2/Training/glioma/Tr-gl_760.jpg,TUMOR,train
C:/Users/Ankit/.cache/kagglehub/datasets/masoudnickparvar/brain-tumor-mri-dataset/versions/2/Testing/glioma/Te-gl_288.jpg,TUMOR,train
C:/Users/Ankit/.cache/kagglehub/datasets/masoudnickparvar/brain-tumor-mri-dataset/versions/2/Training/meningioma/Tr-me_989.jpg,TUMOR,train
C:/Users/Ankit/.cache/kagglehub/datasets/masoudnickparvar/brain-tumor-mri-dataset/versions/2/Testing/glioma/Te-gl_266.jpg,TUMOR,train
C:/Users/Ankit/.cache/kagglehub/datasets/masoudnickparvar/brain-tumor-mri-dataset/versions/2/Training/meningioma/Tr-me_249.jpg,TUMOR,train
C:/Users/Ankit/.cache/kagglehub/datasets/masoudnickparvar/brain-tumor-mri-dataset/versions/2/Training/glioma/Tr-gl_144.jpg,TUMOR,train
C:/Users/Ankit/.cache/kagglehub/datasets/masoudnickparvar/brain-tumor-mri-dataset/versions/2/Training/meningioma/Tr-me_213.jpg,TUMOR,train
C:/Users/Ankit/.cache/kagglehub/datasets/masoudnickparvar/brain-tumor-mri-dataset/versions/2/Training/glioma/Tr-gl_1267.jpg,TUMOR,train
C:/Users/Ankit/.cache/kagglehub/datasets/masoudnickparvar/brain-tumor-mri-dataset/versions/2/Training/meningioma/Tr-me_968.jpg,TUMOR,train
C:/Users/Ankit/.cache/kagglehub/datasets/masoudnickparvar/brain-tumor-mri-dataset/versions/2/Training/pituitary/Tr-pi_795.jpg,TUMOR,train
C:/Users/Ankit/.cache/kagglehub/datasets/masoudnickparvar/brain-tumor-mri-dataset/versions/2/Testing/meningioma/Te-me_14.jpg,TUMOR,train
C:/Users/Ankit/.cache/kagglehub/datasets/masoudnickparvar/brain-tumor-mri-dataset/versions/2/Training/glioma/Tr-gl_247.jpg,TUMOR,train
C:/Users/Ankit/.cache/kagglehub/datasets/masoudnickparvar/brain-tumor-mri-dataset/versions/2/Testing/meningioma/Te-aug-me_42.jpg,TUMOR,train
C:/Users/Ankit/.cache/kagglehub/datasets/masoudnickparvar/brain-tumor-mri-dataset/versions/2/Testing/glioma/Te-gl_129.jpg,TUMOR,train
C:/Users/Ankit/.cache/kagglehub/datasets/masoudnickparvar/brain-tumor-mri-dataset/versions/2/Training/pituitary/Tr-pi_367.jpg,TUMOR,train
C:/Users/Ankit/.cache/kagglehub/datasets/masoudnickparvar/brain-tumor-mri-dataset/versions/2/Training/pituitary/Tr-pi_903.jpg,TUMOR,train
C:/Users/Ankit/.cache/kagglehub/datasets/masoudnickparvar/brain-tumor-mri-dataset/versions/2/Training/glioma/Tr-gl_393.jpg,TUMOR,train
C:/Users/Ankit/.cache/kagglehub/datasets/masoudnickparvar/brain-tumor-mri-dataset/versions/2/Training/meningioma/Tr-me_1047.jpg,TUMOR,train
C:/Users/Ankit/.cache/kagglehub/datasets/masoudnickparvar/brain-tumor-mri-dataset/versions/2/Training/meningioma/Tr-aug-me_80.jpg,TUMOR,train
C:/Users/Ankit/.cache/kagglehub/datasets/masoudnickparvar/brain-tumor-mri-dataset/versions/2/Training/glioma/Tr-gl_861.jpg,TUMOR,train
C:/Users/Ankit/.cache/kagglehub/datasets/masoudnickparvar/brain-tumor-mri-dataset/versions/2/Training/glioma/Tr-gl_483.jpg,TUMOR,train
C:/Users/Ankit/.cache/kagglehub/datasets/masoudnickparvar/brain-tumor-mri-dataset/versions/2/Testing/pituitary/Te-pi_56.jpg,TUMOR,train
C:/Users/Ankit/.cache/kagglehub/datasets/masoudnickparvar/brain-tumor-mri-dataset/versions/2/Training/pituitary/Tr-pi_1211.jpg,TUMOR,train
C:/Users/Ankit/.cache/kagglehub/datasets/masoudnickparvar/brain-tumor-mri-dataset/versions/2/Testing/glioma/Te-gl_279.jpg,TUMOR,train
C:/Users/Ankit/.cache/kagglehub/datasets/masoudnickparvar/brain-tumor-mri-dataset/versions/2/Training/pituitary/Tr-pi_226.jpg,TUMOR,train
C:/Users/Ankit/.cache/kagglehub/datasets/masoudnickparvar/brain-tumor-mri-dataset/versions/2/Training/glioma/Tr-gl_809.jpg,TUMOR,train
C:/Users/Ankit/.cache/kagglehub/datasets/masoudnickparvar/brain-tumor-mri-dataset/versions/2/Testing/pituitary/Te-pi_172.jpg,TUMOR,train
C:/Users/Ankit/.cache/kagglehub/datasets/masoudnickparvar/brain-tumor-mri-dataset/versions/2/Testing/pituitary/Te-pi_267.jpg,TUMOR,train
C:/Users/Ankit/.cache/kagglehub/datasets/masoudnickparvar/brain-tumor-mri-dataset/versions/2/Training/meningioma/Tr-me_652.jpg,TUMOR,train
C:/Users/Ankit/.cache/kagglehub/datasets/masoudnickparvar/brain-tumor-mri-dataset/versions/2/Training/glioma/Tr-gl_521.jpg,TUMOR,train
C:/Users/Ankit/.cache/kagglehub/datasets/masoudnickparvar/brain-tumor-mri-dataset/versions/2/Training/glioma/Tr-gl_1368.jpg,TUMOR,train
C:/Users/Ankit/.cache/kagglehub/datasets/masoudnickparvar/brain-tumor-mri-dataset/versions/2/Testing/glioma/Te-gl_70.jpg,TUMOR,train
C:/Users/Ankit/.cache/kagglehub/datasets/masoudnickparvar/brain-tumor-mri-dataset/versions/2/Training/pituitary/Tr-pi_875.jpg,TUMOR,train
C:/Users/Ankit/.cache/kagglehub/datasets/masoudnickparvar/brain-tumor-mri-dataset/versions/2/Training/pituitary/Tr-pi_501.jpg,TUMOR,train
C:/Users/Ankit/.cache/kagglehub/datasets/masoudnickparvar/brain-tumor-mri-dataset/versions/2/Training/pituitary/Tr-pi_1056.jpg,TUMOR,train
C:/Users/Ankit/.cache/kagglehub/datasets/masoudnickparvar/brain-tumor-mri-dataset/versions/2/Training/glioma/Tr-gl_497.jpg,TUMOR,train
C:/Users/Ankit/.cache/kagglehub/datasets/masoudnickparvar/brain-tumor-mri-dataset/versions/2/Training/pituitary/Tr-pi_24.jpg,TUMOR,train
C:/Users/Ankit/.cache/kagglehub/datasets/masoudnickparvar/brain-tumor-mri-dataset/versions/2/Training/glioma/Tr-gl_556.jpg,TUMOR,train
C:/Users/Ankit/.cache/kagglehub/datasets/masoudnickparvar/brain-tumor-mri-dataset/versions/2/Training/glioma/Tr-gl_495.jpg,TUMOR,train
C:/Users/Ankit/.cache/kagglehub/datasets/masoudnickparvar/brain-tumor-mri-dataset/versions/2/Testing/meningioma/Te-me_233.jpg,TUMOR,train
C:/Users/Ankit/.cache/kagglehub/datasets/masoudnickparvar/brain-tumor-mri-dataset/versions/2/Training/pituitary/Tr-pi_1343.jpg,TUMOR,train
C:/Users/Ankit/.cache/kagglehub/datasets/masoudnickparvar/brain-tumor-mri-dataset/versions/2/Testing/meningioma/Te-me_79.jpg,TUMOR,train
C:/Users/Ankit/.cache/kagglehub/datasets/masoudnickparvar/brain-tumor-mri-dataset/versions/2/Training/meningioma/Tr-me_308.jpg,TUMOR,train
C:/Users/Ankit/.cache/kagglehub/datasets/masoudnickparvar/brain-tumor-mri-dataset/versions/2/Training/pituitary/Tr-pi_700.jpg,TUMOR,train
C:/Users/Ankit/.cache/kagglehub/datasets/masoudnickparvar/brain-tumor-mri-dataset/versions/2/Training/glioma/Tr-gl_789.jpg,TUMOR,train
C:/Users/Ankit/.cache/kagglehub/datasets/masoudnickparvar/brain-tumor-mri-dataset/versions/2/Training/pituitary/Tr-pi_401.jpg,TUMOR,train
C:/Users/Ankit/.cache/kagglehub/datasets/masoudnickparvar/brain-tumor-mri-dataset/versions/2/Testing/meningioma/Te-me_235.jpg,TUMOR,train
C:/Users/Ankit/.cache/kagglehub/datasets/masoudnickparvar/brain-tumor-mri-dataset/versions/2/Testing/pituitary/Te-pi_294.jpg,TUMOR,train
C:/Users/Ankit/.cache/kagglehub/datasets/masoudnickparvar/brain-tumor-mri-dataset/versions/2/Training/glioma/Tr-gl_2.jpg,TUMOR,train
C:/Users/Ankit/.cache/kagglehub/datasets/masoudnickparvar/brain-tumor-mri-dataset/versions/2/Training/meningioma/Tr-me_675.jpg,TUMOR,train
C:/Users/Ankit/.cache/kagglehub/datasets/masoudnickparvar/brain-tumor-mri-dataset/versions/2/Training/glioma/Tr-gl_1334.jpg,TUMOR,train
C:/Users/Ankit/.cache/kagglehub/datasets/masoudnickparvar/brain-tumor-mri-dataset/versions/2/Testing/pituitary/Te-pi_89.jpg,TUMOR,train
C:/Users/Ankit/.cache/kagglehub/datasets/masoudnickparvar/brain-tumor-mri-dataset/versions/2/Testing/glioma/Te-gl_286.jpg,TUMOR,train
C:/Users/Ankit/.cache/kagglehub/datasets/masoudnickparvar/brain-tumor-mri-dataset/versions/2/Testing/glioma/Te-gl_96.jpg,TUMOR,train
C:/Users/Ankit/.cache/kagglehub/datasets/masoudnickparvar/brain-tumor-mri-dataset/versions/2/Testing/meningioma/Te-me_166.jpg,TUMOR,train
C:/Users/Ankit/.cache/kagglehub/datasets/masoudnickparvar/brain-tumor-mri-dataset/versions/2/Testing/pituitary/Te-pi_293.jpg,TUMOR,train
C:/Users/Ankit/.cache/kagglehub/datasets/masoudnickparvar/brain-tumor-mri-dataset/versions/2/Training/pituitary/Tr-pi_234.jpg,TUMOR,train
C:/Users/Ankit/.cache/kagglehub/datasets/masoudnickparvar/brain-tumor-mri-dataset/versions/2/Testing/pituitary/Te-pi_365.jpg,TUMOR,train
C:/Users/Ankit/.cache/kagglehub/datasets/masoudnickparvar/brain-tumor-mri-dataset/versions/2/Testing/meningioma/Te-aug-me_98.jpg,TUMOR,train
C:/Users/Ankit/.cache/kagglehub/datasets/masoudnickparvar/brain-tumor-mri-dataset/versions/2/Training/glioma/Tr-gl_378.jpg,TUMOR,train
C:/Users/Ankit/.cache/kagglehub/datasets/masoudnickparvar/brain-tumor-mri-dataset/versions/2/Training/meningioma/Tr-me_642.jpg,TUMOR,train
C:/Users/Ankit/.cache/kagglehub/datasets/masoudnickparvar/brain-tumor-mri-dataset/versions/2/Training/meningioma/Tr-me_306.jpg,TUMOR,train
C:/Users/Ankit/.cache/kagglehub/datasets/masoudnickparvar/brain-tumor-mri-dataset/versions/2/Testing/meningioma/Te-aug-me_37.jpg,TUMOR,train
C:/Users/Ankit/.cache/kagglehub/datasets/masoudnickparvar/brain-tumor-mri-dataset/versions/2/Training/meningioma/Tr-me_460.jpg,TUMOR,train
C:/Users/Ankit/.cache/kagglehub/datasets/masoudnickparvar/brain-tumor-mri-dataset/versions/2/Training/glioma/Tr-gl_557.jpg,TUMOR,train
C:/Users/Ankit/.cache/kagglehub/datasets/masoudnickparvar/brain-tumor-mri-dataset/versions/2/Training/glioma/Tr-gl_1284.jpg,TUMOR,train
C:/Users/Ankit/.cache/kagglehub/datasets/masoudnickparvar/brain-tumor-mri-dataset/versions/2/Training/meningioma/Tr-me_201.jpg,TUMOR,train
C:/Users/Ankit/.cache/kagglehub/datasets/masoudnickparvar/brain-tumor-mri-dataset/versions/2/Training/pituitary/Tr-pi_28.jpg,TUMOR,train
C:/Users/Ankit/.cache/kagglehub/datasets/masoudnickparvar/brain-tumor-mri-dataset/versions/2/Training/pituitary/Tr-pi_549.jpg,TUMOR,train
C:/Users/Ankit/.cache/kagglehub/datasets/masoudnickparvar/brain-tumor-mri-dataset/versions/2/Training/glioma/Tr-gl_1191.jpg,TUMOR,train
C:/Users/Ankit/.cache/kagglehub/datasets/masoudnickparvar/brain-tumor-mri-dataset/versions/2/Training/meningioma/Tr-me_1275.jpg,TUMOR,train
C:/Users/Ankit/.cache/kagglehub/datasets/masoudnickparvar/brain-tumor-mri-dataset/versions/2/Training/pituitary/Tr-pi_971.jpg,TUMOR,train
C:/Users/Ankit/.cache/kagglehub/datasets/masoudnickparvar/brain-tumor-mri-dataset/versions/2/Training/meningioma/Tr-me_1216.jpg,TUMOR,train
C:/Users/Ankit/.cache/kagglehub/datasets/masoudnickparvar/brain-tumor-mri-dataset/versions/2/Training/glioma/Tr-gl_1070.jpg,TUMOR,train
C:/Users/Ankit/.cache/kagglehub/datasets/masoudnickparvar/brain-tumor-mri-dataset/versions/2/Training/meningioma/Tr-me_640.jpg,TUMOR,train
C:/Users/Ankit/.cache/kagglehub/datasets/masoudnickparvar/brain-tumor-mri-dataset/versions/2/Training/glioma/Tr-gl_895.jpg,TUMOR,train
C:/Users/Ankit/.cache/kagglehub/datasets/masoudnickparvar/brain-tumor-mri-dataset/versions/2/Training/glioma/Tr-gl_1172.jpg,TUMOR,train
C:/Users/Ankit/.cache/kagglehub/datasets/masoudnickparvar/brain-tumor-mri-dataset/versions/2/Testing/pituitary/Te-pi_130.jpg,TUMOR,train
C:/Users/Ankit/.cache/kagglehub/datasets/masoudnickparvar/brain-tumor-mri-dataset/versions/2/Training/pituitary/Tr-pi_1322.jpg,TUMOR,train
C:/Users/Ankit/.cache/kagglehub/datasets/masoudnickparvar/brain-tumor-mri-dataset/versions/2/Training/glioma/Tr-gl_443.jpg,TUMOR,train
C:/Users/Ankit/.cache/kagglehub/datasets/masoudnickparvar/brain-tumor-mri-dataset/versions/2/Training/pituitary/Tr-pi_505.jpg,TUMOR,train
C:/Users/Ankit/.cache/kagglehub/datasets/masoudnickparvar/brain-tumor-mri-dataset/versions/2/Training/glioma/Tr-gl_279.jpg,TUMOR,train
C:/Users/Ankit/.cache/kagglehub/datasets/masoudnickparvar/brain-tumor-mri-dataset/versions/2/Testing/meningioma/Te-me_229.jpg,TUMOR,train
C:/Users/Ankit/.cache/kagglehub/datasets/masoudnickparvar/brain-tumor-mri-dataset/versions/2/Testing/glioma/Te-gl_32.jpg,TUMOR,train
C:/Users/Ankit/.cache/kagglehub/datasets/masoudnickparvar/brain-tumor-mri-dataset/versions/2/Training/meningioma/Tr-me_1106.jpg,TUMOR,train
C:/Users/Ankit/.cache/kagglehub/datasets/masoudnickparvar/brain-tumor-mri-dataset/versions/2/Testing/glioma/Te-gl_368.jpg,TUMOR,train
C:/Users/Ankit/.cache/kagglehub/datasets/masoudnickparvar/brain-tumor-mri-dataset/versions/2/Training/glioma/Tr-gl_33.jpg,TUMOR,train
C:/Users/Ankit/.cache/kagglehub/datasets/masoudnickparvar/brain-tumor-mri-dataset/versions/2/Training/glioma/Tr-gl_1014.jpg,TUMOR,train
C:/Users/Ankit/.cache/kagglehub/datasets/masoudnickparvar/brain-tumor-mri-dataset/versions/2/Training/meningioma/Tr-me_504.jpg,TUMOR,train
C:/Users/Ankit/.cache/kagglehub/datasets/masoudnickparvar/brain-tumor-mri-dataset/versions/2/Training/meningioma/Tr-me_1093.jpg,TUMOR,train
C:/Users/Ankit/.cache/kagglehub/datasets/masoudnickparvar/brain-tumor-mri-dataset/versions/2/Testing/pituitary/Te-pi_282.jpg,TUMOR,train
C:/Users/Ankit/.cache/kagglehub/datasets/masoudnickparvar/brain-tumor-mri-dataset/versions/2/Training/glioma/Tr-gl_439.jpg,TUMOR,train
C:/Users/Ankit/.cache/kagglehub/datasets/masoudnickparvar/brain-tumor-mri-dataset/versions/2/Training/glioma/Tr-gl_1031.jpg,TUMOR,train
C:/Users/Ankit/.cache/kagglehub/datasets/masoudnickparvar/brain-tumor-mri-dataset/versions/2/Training/meningioma/Tr-aug-me_35.jpg,TUMOR,train
C:/Users/Ankit/.cache/kagglehub/datasets/masoudnickparvar/brain-tumor-mri-dataset/versions/2/Testing/pituitary/Te-pi_87.jpg,TUMOR,train
C:/Users/Ankit/.cache/kagglehub/datasets/masoudnickparvar/brain-tumor-mri-dataset/versions/2/Training/meningioma/Tr-me_531.jpg,TUMOR,train
C:/Users/Ankit/.cache/kagglehub/datasets/masoudnickparvar/brain-tumor-mri-dataset/versions/2/Training/glioma/Tr-gl_970.jpg,TUMOR,train
C:/Users/Ankit/.cache/kagglehub/datasets/masoudnickparvar/brain-tumor-mri-dataset/versions/2/Training/glioma/Tr-gl_494.jpg,TUMOR,train
C:/Users/Ankit/.cache/kagglehub/datasets/masoudnickparvar/brain-tumor-mri-dataset/versions/2/Testing/glioma/Te-gl_210.jpg,TUMOR,train
C:/Users/Ankit/.cache/kagglehub/datasets/masoudnickparvar/brain-tumor-mri-dataset/versions/2/Training/pituitary/Tr-pi_73.jpg,TUMOR,train
C:/Users/Ankit/.cache/kagglehub/datasets/masoudnickparvar/brain-tumor-mri-dataset/versions/2/Training/meningioma/Tr-me_867.jpg,TUMOR,train
C:/Users/Ankit/.cache/kagglehub/datasets/masoudnickparvar/brain-tumor-mri-dataset/versions/2/Training/meningioma/Tr-me_633.jpg,TUMOR,train
C:/Users/Ankit/.cache/kagglehub/datasets/masoudnickparvar/brain-tumor-mri-dataset/versions/2/Training/glioma/Tr-gl_768.jpg,TUMOR,train
C:/Users/Ankit/.cache/kagglehub/datasets/masoudnickparvar/brain-tumor-mri-dataset/versions/2/Training/meningioma/Tr-me_225.jpg,TUMOR,train
C:/Users/Ankit/.cache/kagglehub/datasets/masoudnickparvar/brain-tumor-mri-dataset/versions/2/Testing/pituitary/Te-pi_156.jpg,TUMOR,train
C:/Users/Ankit/.cache/kagglehub/datasets/masoudnickparvar/brain-tumor-mri-dataset/versions/2/Training/meningioma/Tr-aug-me_7.jpg,TUMOR,train
C:/Users/Ankit/.cache/kagglehub/datasets/masoudnickparvar/brain-tumor-mri-dataset/versions/2/Testing/pituitary/Te-pi_355.jpg,TUMOR,train
C:/Users/Ankit/.cache/kagglehub/datasets/masoudnickparvar/brain-tumor-mri-dataset/versions/2/Training/glioma/Tr-gl_785.jpg,TUMOR,train
C:/Users/Ankit/.cache/kagglehub/datasets/masoudnickparvar/brain-tumor-mri-dataset/versions/2/Training/meningioma/Tr-me_774.jpg,TUMOR,train
C:/Users/Ankit/.cache/kagglehub/datasets/masoudnickparvar/brain-tumor-mri-dataset/versions/2/Training/meningioma/Tr-aug-me_33.jpg,TUMOR,train
C:/Users/Ankit/.cache/kagglehub/datasets/masoudnickparvar/brain-tumor-mri-dataset/versions/2/Training/pituitary/Tr-pi_1055.jpg,TUMOR,train
C:/Users/Ankit/.cache/kagglehub/datasets/masoudnickparvar/brain-tumor-mri-dataset/versions/2/Testing/glioma/Te-gl_399.jpg,TUMOR,train
C:/Users/Ankit/.cache/kagglehub/datasets/masoudnickparvar/brain-tumor-mri-dataset/versions/2/Testing/glioma/Te-gl_203.jpg,TUMOR,train
C:/Users/Ankit/.cache/kagglehub/datasets/masoudnickparvar/brain-tumor-mri-dataset/versions/2/Training/pituitary/Tr-pi_499.jpg,TUMOR,train
C:/Users/Ankit/.cache/kagglehub/datasets/masoudnickparvar/brain-tumor-mri-dataset/versions/2/Training/pituitary/Tr-pi_67.jpg,TUMOR,train
C:/Users/Ankit/.cache/kagglehub/datasets/masoudnickparvar/brain-tumor-mri-dataset/versions/2/Training/glioma/Tr-gl_1162.jpg,TUMOR,train
C:/Users/Ankit/.cache/kagglehub/datasets/masoudnickparvar/brain-tumor-mri-dataset/versions/2/Training/meningioma/Tr-me_94.jpg,TUMOR,train
C:/Users/Ankit/.cache/kagglehub/datasets/masoudnickparvar/brain-tumor-mri-dataset/versions/2/Training/meningioma/Tr-me_1224.jpg,TUMOR,train
C:/Users/Ankit/.cache/kagglehub/datasets/masoudnickparvar/brain-tumor-mri-dataset/versions/2/Training/glioma/Tr-gl_960.jpg,TUMOR,train
C:/Users/Ankit/.cache/kagglehub/datasets/masoudnickparvar/brain-tumor-mri-dataset/versions/2/Training/meningioma/Tr-aug-me_98.jpg,TUMOR,train
C:/Users/Ankit/.cache/kagglehub/datasets/masoudnickparvar/brain-tumor-mri-dataset/versions/2/Training/pituitary/Tr-pi_343.jpg,TUMOR,train
C:/Users/Ankit/.cache/kagglehub/datasets/masoudnickparvar/brain-tumor-mri-dataset/versions/2/Training/meningioma/Tr-me_779.jpg,TUMOR,train
C:/Users/Ankit/.cache/kagglehub/datasets/masoudnickparvar/brain-tumor-mri-dataset/versions/2/Training/glioma/Tr-gl_8.jpg,TUMOR,train
C:/Users/Ankit/.cache/kagglehub/datasets/masoudnickparvar/brain-tumor-mri-dataset/versions/2/Training/glioma/Tr-gl_840.jpg,TUMOR,train
C:/Users/Ankit/.cache/kagglehub/datasets/masoudnickparvar/brain-tumor-mri-dataset/versions/2/Testing/meningioma/Te-me_268.jpg,TUMOR,train
C:/Users/Ankit/.cache/kagglehub/datasets/masoudnickparvar/brain-tumor-mri-dataset/versions/2/Training/meningioma/Tr-aug-me_31.jpg,TUMOR,train
C:/Users/Ankit/.cache/kagglehub/datasets/masoudnickparvar/brain-tumor-mri-dataset/versions/2/Training/glioma/Tr-gl_510.jpg,TUMOR,train
C:/Users/Ankit/.cache/kagglehub/datasets/masoudnickparvar/brain-tumor-mri-dataset/versions/2/Training/meningioma/Tr-me_813.jpg,TUMOR,train
C:/Users/Ankit/.cache/kagglehub/datasets/masoudnickparvar/brain-tumor-mri-dataset/versions/2/Training/pituitary/Tr-pi_619.jpg,TUMOR,train
C:/Users/Ankit/.cache/kagglehub/datasets/masoudnickparvar/brain-tumor-mri-dataset/versions/2/Training/glioma/Tr-gl_923.jpg,TUMOR,train
C:/Users/Ankit/.cache/kagglehub/datasets/masoudnickparvar/brain-tumor-mri-dataset/versions/2/Training/meningioma/Tr-me_926.jpg,TUMOR,train
C:/Users/Ankit/.cache/kagglehub/datasets/masoudnickparvar/brain-tumor-mri-dataset/versions/2/Training/pituitary/Tr-pi_1139.jpg,TUMOR,train
C:/Users/Ankit/.cache/kagglehub/datasets/masoudnickparvar/brain-tumor-mri-dataset/versions/2/Testing/meningioma/Te-me_107.jpg,TUMOR,train
C:/Users/Ankit/.cache/kagglehub/datasets/masoudnickparvar/brain-tumor-mri-dataset/versions/2/Training/meningioma/Tr-me_796.jpg,TUMOR,train
C:/Users/Ankit/.cache/kagglehub/datasets/masoudnickparvar/brain-tumor-mri-dataset/versions/2/Training/glioma/Tr-gl_69.jpg,TUMOR,train
C:/Users/Ankit/.cache/kagglehub/datasets/masoudnickparvar/brain-tumor-mri-dataset/versions/2/Training/meningioma/Tr-aug-me_10.jpg,TUMOR,train
C:/Users/Ankit/.cache/kagglehub/datasets/masoudnickparvar/brain-tumor-mri-dataset/versions/2/Testing/pituitary/Te-pi_102.jpg,TUMOR,train
C:/Users/Ankit/.cache/kagglehub/datasets/masoudnickparvar/brain-tumor-mri-dataset/versions/2/Testing/pituitary/Te-pi_302.jpg,TUMOR,train
C:/Users/Ankit/.cache/kagglehub/datasets/masoudnickparvar/brain-tumor-mri-dataset/versions/2/Training/pituitary/Tr-pi_511.jpg,TUMOR,train
C:/Users/Ankit/.cache/kagglehub/datasets/masoudnickparvar/brain-tumor-mri-dataset/versions/2/Training/pituitary/Tr-pi_905.jpg,TUMOR,train
C:/Users/Ankit/.cache/kagglehub/datasets/masoudnickparvar/brain-tumor-mri-dataset/versions/2/Training/glioma/Tr-gl_571.jpg,TUMOR,train
C:/Users/Ankit/.cache/kagglehub/datasets/masoudnickparvar/brain-tumor-mri-dataset/versions/2/Training/glioma/Tr-gl_1194.jpg,TUMOR,train
C:/Users/Ankit/.cache/kagglehub/datasets/masoudnickparvar/brain-tumor-mri-dataset/versions/2/Testing/pituitary/Te-pi_21.jpg,TUMOR,train
C:/Users/Ankit/.cache/kagglehub/datasets/masoudnickparvar/brain-tumor-mri-dataset/versions/2/Training/meningioma/Tr-me_1183.jpg,TUMOR,train
C:/Users/Ankit/.cache/kagglehub/datasets/masoudnickparvar/brain-tumor-mri-dataset/versions/2/Training/glioma/Tr-gl_1107.jpg,TUMOR,train
C:/Users/Ankit/.cache/kagglehub/datasets/masoudnickparvar/brain-tumor-mri-dataset/versions/2/Training/meningioma/Tr-me_736.jpg,TUMOR,train
C:/Users/Ankit/.cache/kagglehub/datasets/masoudnickparvar/brain-tumor-mri-dataset/versions/2/Testing/meningioma/Te-me_253.jpg,TUMOR,train
C:/Users/Ankit/.cache/kagglehub/datasets/masoudnickparvar/brain-tumor-mri-dataset/versions/2/Training/glioma/Tr-gl_1039.jpg,TUMOR,train
C:/Users/Ankit/.cache/kagglehub/datasets/masoudnickparvar/brain-tumor-mri-dataset/versions/2/Training/pituitary/Tr-pi_149.jpg,TUMOR,train
C:/Users/Ankit/.cache/kagglehub/datasets/masoudnickparvar/brain-tumor-mri-dataset/versions/2/Training/glioma/Tr-gl_569.jpg,TUMOR,train
C:/Users/Ankit/.cache/kagglehub/datasets/masoudnickparvar/brain-tumor-mri-dataset/versions/2/Testing/meningioma/Te-me_103.jpg,TUMOR,train
C:/Users/Ankit/.cache/kagglehub/datasets/masoudnickparvar/brain-tumor-mri-dataset/versions/2/Training/pituitary/Tr-pi_597.jpg,TUMOR,train
C:/Users/Ankit/.cache/kagglehub/datasets/masoudnickparvar/brain-tumor-mri-dataset/versions/2/Training/meningioma/Tr-me_739.jpg,TUMOR,train
C:/Users/Ankit/.cache/kagglehub/datasets/masoudnickparvar/brain-tumor-mri-dataset/versions/2/Training/pituitary/Tr-pi_31.jpg,TUMOR,train
C:/Users/Ankit/.cache/kagglehub/datasets/masoudnickparvar/brain-tumor-mri-dataset/versions/2/Training/meningioma/Tr-me_830.jpg,TUMOR,train
C:/Users/Ankit/.cache/kagglehub/datasets/masoudnickparvar/brain-tumor-mri-dataset/versions/2/Training/meningioma/Tr-me_228.jpg,TUMOR,train
C:/Users/Ankit/.cache/kagglehub/datasets/masoudnickparvar/brain-tumor-mri-dataset/versions/2/Testing/meningioma/Te-me_5.jpg,TUMOR,train
C:/Users/Ankit/.cache/kagglehub/datasets/masoudnickparvar/brain-tumor-mri-dataset/versions/2/Training/glioma/Tr-gl_825.jpg,TUMOR,train
C:/Users/Ankit/.cache/kagglehub/datasets/masoudnickparvar/brain-tumor-mri-dataset/versions/2/Training/meningioma/Tr-aug-me_27.jpg,TUMOR,train
C:/Users/Ankit/.cache/kagglehub/datasets/masoudnickparvar/brain-tumor-mri-dataset/versions/2/Training/glioma/Tr-gl_691.jpg,TUMOR,train
C:/Users/Ankit/.cache/kagglehub/datasets/masoudnickparvar/brain-tumor-mri-dataset/versions/2/Training/meningioma/Tr-me_274.jpg,TUMOR,train
C:/Users/Ankit/.cache/kagglehub/datasets/masoudnickparvar/brain-tumor-mri-dataset/versions/2/Testing/meningioma/Te-me_119.jpg,TUMOR,train
C:/Users/Ankit/.cache/kagglehub/datasets/masoudnickparvar/brain-tumor-mri-dataset/versions/2/Training/glioma/Tr-gl_1189.jpg,TUMOR,train
C:/Users/Ankit/.cache/kagglehub/datasets/masoudnickparvar/brain-tumor-mri-dataset/versions/2/Training/glioma/Tr-gl_566.jpg,TUMOR,train
C:/Users/Ankit/.cache/kagglehub/datasets/masoudnickparvar/brain-tumor-mri-dataset/versions/2/Training/meningioma/Tr-me_1075.jpg,TUMOR,train
C:/Users/Ankit/.cache/kagglehub/datasets/masoudnickparvar/brain-tumor-mri-dataset/versions/2/Training/pituitary/Tr-pi_1200.jpg,TUMOR,train
C:/Users/Ankit/.cache/kagglehub/datasets/masoudnickparvar/brain-tumor-mri-dataset/versions/2/Training/glioma/Tr-gl_317.jpg,TUMOR,train
C:/Users/Ankit/.cache/kagglehub/datasets/masoudnickparvar/brain-tumor-mri-dataset/versions/2/Training/meningioma/Tr-me_447.jpg,TUMOR,train
C:/Users/Ankit/.cache/kagglehub/datasets/masoudnickparvar/brain-tumor-mri-dataset/versions/2/Training/meningioma/Tr-aug-me_37.jpg,TUMOR,train
C:/Users/Ankit/.cache/kagglehub/datasets/masoudnickparvar/brain-tumor-mri-dataset/versions/2/Training/glioma/Tr-gl_1087.jpg,TUMOR,train
C:/Users/Ankit/.cache/kagglehub/datasets/masoudnickparvar/brain-tumor-mri-dataset/versions/2/Testing/meningioma/Te-me_108.jpg,TUMOR,train
C:/Users/Ankit/.cache/kagglehub/datasets/masoudnickparvar/brain-tumor-mri-dataset/versions/2/Testing/glioma/Te-gl_371.jpg,TUMOR,train
C:/Users/Ankit/.cache/kagglehub/datasets/masoudnickparvar/brain-tumor-mri-dataset/versions/2/Training/pituitary/Tr-pi_312.jpg,TUMOR,train
C:/Users/Ankit/.cache/kagglehub/datasets/masoudnickparvar/brain-tumor-mri-dataset/versions/2/Training/glioma/Tr-gl_168.jpg,TUMOR,train
C:/Users/Ankit/.cache/kagglehub/datasets/masoudnickparvar/brain-tumor-mri-dataset/versions/2/Training/meningioma/Tr-me_233.jpg,TUMOR,train
C:/Users/Ankit/.cache/kagglehub/datasets/masoudnickparvar/brain-tumor-mri-dataset/versions/2/Training/pituitary/Tr-pi_1309.jpg,TUMOR,train
C:/Users/Ankit/.cache/kagglehub/datasets/masoudnickparvar/brain-tumor-mri-dataset/versions/2/Training/glioma/Tr-gl_597.jpg,TUMOR,train
C:/Users/Ankit/.cache/kagglehub/datasets/masoudnickparvar/brain-tumor-mri-dataset/versions/2/Training/meningioma/Tr-me_587.jpg,TUMOR,train
C:/Users/Ankit/.cache/kagglehub/datasets/masoudnickparvar/brain-tumor-mri-dataset/versions/2/Training/meningioma/Tr-me_1218.jpg,TUMOR,train
C:/Users/Ankit/.cache/kagglehub/datasets/masoudnickparvar/brain-tumor-mri-dataset/versions/2/Training/pituitary/Tr-pi_299.jpg,TUMOR,train
C:/Users/Ankit/.cache/kagglehub/datasets/masoudnickparvar/brain-tumor-mri-dataset/versions/2/Training/meningioma/Tr-me_471.jpg,TUMOR,train
C:/Users/Ankit/.cache/kagglehub/datasets/masoudnickparvar/brain-tumor-mri-dataset/versions/2/Training/pituitary/Tr-pi_856.jpg,TUMOR,train
C:/Users/Ankit/.cache/kagglehub/datasets/masoudnickparvar/brain-tumor-mri-dataset/versions/2/Training/meningioma/Tr-me_855.jpg,TUMOR,train
C:/Users/Ankit/.cache/kagglehub/datasets/masoudnickparvar/brain-tumor-mri-dataset/versions/2/Testing/glioma/Te-gl_57.jpg,TUMOR,train
C:/Users/Ankit/.cache/kagglehub/datasets/masoudnickparvar/brain-tumor-mri-dataset/versions/2/Training/meningioma/Tr-me_453.jpg,TUMOR,train
C:/Users/Ankit/.cache/kagglehub/datasets/masoudnickparvar/brain-tumor-mri-dataset/versions/2/Testing/meningioma/Te-me_124.jpg,TUMOR,train
C:/Users/Ankit/.cache/kagglehub/datasets/masoudnickparvar/brain-tumor-mri-dataset/versions/2/Training/glioma/Tr-gl_692.jpg,TUMOR,train
C:/Users/Ankit/.cache/kagglehub/datasets/masoudnickparvar/brain-tumor-mri-dataset/versions/2/Training/meningioma/Tr-me_360.jpg,TUMOR,train
C:/Users/Ankit/.cache/kagglehub/datasets/masoudnickparvar/brain-tumor-mri-dataset/versions/2/Training/glioma/Tr-gl_381.jpg,TUMOR,train
C:/Users/Ankit/.cache/kagglehub/datasets/masoudnickparvar/brain-tumor-mri-dataset/versions/2/Training/glioma/Tr-gl_1279.jpg,TUMOR,train
C:/Users/Ankit/.cache/kagglehub/datasets/masoudnickparvar/brain-tumor-mri-dataset/versions/2/Training/pituitary/Tr-pi_1294.jpg,TUMOR,train
C:/Users/Ankit/.cache/kagglehub/datasets/masoudnickparvar/brain-tumor-mri-dataset/versions/2/Training/meningioma/Tr-me_621.jpg,TUMOR,train
C:/Users/Ankit/.cache/kagglehub/datasets/masoudnickparvar/brain-tumor-mri-dataset/versions/2/Training/glioma/Tr-gl_1249.jpg,TUMOR,train
C:/Users/Ankit/.cache/kagglehub/datasets/masoudnickparvar/brain-tumor-mri-dataset/versions/2/Testing/glioma/Te-gl_196.jpg,TUMOR,train
C:/Users/Ankit/.cache/kagglehub/datasets/masoudnickparvar/brain-tumor-mri-dataset/versions/2/Training/pituitary/Tr-pi_755.jpg,TUMOR,train
C:/Users/Ankit/.cache/kagglehub/datasets/masoudnickparvar/brain-tumor-mri-dataset/versions/2/Training/meningioma/Tr-me_311.jpg,TUMOR,train
C:/Users/Ankit/.cache/kagglehub/datasets/masoudnickparvar/brain-tumor-mri-dataset/versions/2/Testing/pituitary/Te-pi_251.jpg,TUMOR,train
C:/Users/Ankit/.cache/kagglehub/datasets/masoudnickparvar/brain-tumor-mri-dataset/versions/2/Training/meningioma/Tr-me_68.jpg,TUMOR,train
C:/Users/Ankit/.cache/kagglehub/datasets/masoudnickparvar/brain-tumor-mri-dataset/versions/2/Training/meningioma/Tr-me_318.jpg,TUMOR,train
C:/Users/Ankit/.cache/kagglehub/datasets/masoudnickparvar/brain-tumor-mri-dataset/versions/2/Training/pituitary/Tr-pi_1344.jpg,TUMOR,train
C:/Users/Ankit/.cache/kagglehub/datasets/masoudnickparvar/brain-tumor-mri-dataset/versions/2/Testing/meningioma/Te-aug-me_94.jpg,TUMOR,train
C:/Users/Ankit/.cache/kagglehub/datasets/masoudnickparvar/brain-tumor-mri-dataset/versions/2/Testing/pituitary/Te-pi_205.jpg,TUMOR,train
C:/Users/Ankit/.cache/kagglehub/datasets/masoudnickparvar/brain-tumor-mri-dataset/versions/2/Training/glioma/Tr-gl_533.jpg,TUMOR,train
C:/Users/Ankit/.cache/kagglehub/datasets/masoudnickparvar/brain-tumor-mri-dataset/versions/2/Training/glioma/Tr-gl_1250.jpg,TUMOR,train
C:/Users/Ankit/.cache/kagglehub/datasets/masoudnickparvar/brain-tumor-mri-dataset/versions/2/Training/meningioma/Tr-me_323.jpg,TUMOR,train
C:/Users/Ankit/.cache/kagglehub/datasets/masoudnickparvar/brain-tumor-mri-dataset/versions/2/Testing/meningioma/Te-me_289.jpg,TUMOR,train
C:/Users/Ankit/.cache/kagglehub/datasets/masoudnickparvar/brain-tumor-mri-dataset/versions/2/Training/meningioma/Tr-aug-me_2.jpg,TUMOR,train
C:/Users/Ankit/.cache/kagglehub/datasets/masoudnickparvar/brain-tumor-mri-dataset/versions/2/Training/pituitary/Tr-pi_1175.jpg,TUMOR,train
C:/Users/Ankit/.cache/kagglehub/datasets/masoudnickparvar/brain-tumor-mri-dataset/versions/2/Training/meningioma/Tr-me_437.jpg,TUMOR,train
C:/Users/Ankit/.cache/kagglehub/datasets/masoudnickparvar/brain-tumor-mri-dataset/versions/2/Training/meningioma/Tr-me_1192.jpg,TUMOR,train
C:/Users/Ankit/.cache/kagglehub/datasets/masoudnickparvar/brain-tumor-mri-dataset/versions/2/Training/pituitary/Tr-pi_839.jpg,TUMOR,train
C:/Users/Ankit/.cache/kagglehub/datasets/masoudnickparvar/brain-tumor-mri-dataset/versions/2/Training/glioma/Tr-gl_1023.jpg,TUMOR,train
C:/Users/Ankit/.cache/kagglehub/datasets/masoudnickparvar/brain-tumor-mri-dataset/versions/2/Testing/pituitary/Te-pi_9.jpg,TUMOR,train
C:/Users/Ankit/.cache/kagglehub/datasets/masoudnickparvar/brain-tumor-mri-dataset/versions/2/Training/glioma/Tr-gl_657.jpg,TUMOR,train
C:/Users/Ankit/.cache/kagglehub/datasets/masoudnickparvar/brain-tumor-mri-dataset/versions/2/Training/pituitary/Tr-pi_1158.jpg,TUMOR,train
C:/Users/Ankit/.cache/kagglehub/datasets/masoudnickparvar/brain-tumor-mri-dataset/versions/2/Testing/glioma/Te-gl_338.jpg,TUMOR,train
C:/Users/Ankit/.cache/kagglehub/datasets/masoudnickparvar/brain-tumor-mri-dataset/versions/2/Training/pituitary/Tr-pi_101.jpg,TUMOR,train
C:/Users/Ankit/.cache/kagglehub/datasets/masoudnickparvar/brain-tumor-mri-dataset/versions/2/Training/pituitary/Tr-pi_253.jpg,TUMOR,train
C:/Users/Ankit/.cache/kagglehub/datasets/masoudnickparvar/brain-tumor-mri-dataset/versions/2/Training/meningioma/Tr-me_103.jpg,TUMOR,train
C:/Users/Ankit/.cache/kagglehub/datasets/masoudnickparvar/brain-tumor-mri-dataset/versions/2/Training/glioma/Tr-gl_1097.jpg,TUMOR,train
C:/Users/Ankit/.cache/kagglehub/datasets/masoudnickparvar/brain-tumor-mri-dataset/versions/2/Training/meningioma/Tr-me_1082.jpg,TUMOR,train
C:/Users/Ankit/.cache/kagglehub/datasets/masoudnickparvar/brain-tumor-mri-dataset/versions/2/Training/meningioma/Tr-me_386.jpg,TUMOR,train
C:/Users/Ankit/.cache/kagglehub/datasets/masoudnickparvar/brain-tumor-mri-dataset/versions/2/Testing/glioma/Te-gl_62.jpg,TUMOR,train
C:/Users/Ankit/.cache/kagglehub/datasets/masoudnickparvar/brain-tumor-mri-dataset/versions/2/Training/glioma/Tr-gl_3.jpg,TUMOR,train
C:/Users/Ankit/.cache/kagglehub/datasets/masoudnickparvar/brain-tumor-mri-dataset/versions/2/Training/meningioma/Tr-me_1198.jpg,TUMOR,train
C:/Users/Ankit/.cache/kagglehub/datasets/masoudnickparvar/brain-tumor-mri-dataset/versions/2/Testing/meningioma/Te-me_283.jpg,TUMOR,train
C:/Users/Ankit/.cache/kagglehub/datasets/masoudnickparvar/brain-tumor-mri-dataset/versions/2/Training/meningioma/Tr-me_917.jpg,TUMOR,train
C:/Users/Ankit/.cache/kagglehub/datasets/masoudnickparvar/brain-tumor-mri-dataset/versions/2/Training/meningioma/Tr-me_92.jpg,TUMOR,train
C:/Users/Ankit/.cache/kagglehub/datasets/masoudnickparvar/brain-tumor-mri-dataset/versions/2/Testing/meningioma/Te-me_146.jpg,TUMOR,train
C:/Users/Ankit/.cache/kagglehub/datasets/masoudnickparvar/brain-tumor-mri-dataset/versions/2/Testing/meningioma/Te-aug-me_99.jpg,TUMOR,train
C:/Users/Ankit/.cache/kagglehub/datasets/masoudnickparvar/brain-tumor-mri-dataset/versions/2/Training/pituitary/Tr-pi_696.jpg,TUMOR,train
C:/Users/Ankit/.cache/kagglehub/datasets/masoudnickparvar/brain-tumor-mri-dataset/versions/2/Training/pituitary/Tr-pi_365.jpg,TUMOR,train
C:/Users/Ankit/.cache/kagglehub/datasets/masoudnickparvar/brain-tumor-mri-dataset/versions/2/Training/meningioma/Tr-me_1126.jpg,TUMOR,train
C:/Users/Ankit/.cache/kagglehub/datasets/masoudnickparvar/brain-tumor-mri-dataset/versions/2/Testing/pituitary/Te-pi_71.jpg,TUMOR,train
C:/Users/Ankit/.cache/kagglehub/datasets/masoudnickparvar/brain-tumor-mri-dataset/versions/2/Training/glioma/Tr-gl_914.jpg,TUMOR,train
C:/Users/Ankit/.cache/kagglehub/datasets/masoudnickparvar/brain-tumor-mri-dataset/versions/2/Testing/pituitary/Te-pi_17.jpg,TUMOR,train
C:/Users/Ankit/.cache/kagglehub/datasets/masoudnickparvar/brain-tumor-mri-dataset/versions/2/Training/glioma/Tr-gl_302.jpg,TUMOR,train
C:/Users/Ankit/.cache/kagglehub/datasets/masoudnickparvar/brain-tumor-mri-dataset/versions/2/Training/meningioma/Tr-me_1163.jpg,TUMOR,train
C:/Users/Ankit/.cache/kagglehub/datasets/masoudnickparvar/brain-tumor-mri-dataset/versions/2/Testing/pituitary/Te-pi_339.jpg,TUMOR,train
C:/Users/Ankit/.cache/kagglehub/datasets/masoudnickparvar/brain-tumor-mri-dataset/versions/2/Training/meningioma/Tr-me_255.jpg,TUMOR,train
C:/Users/Ankit/.cache/kagglehub/datasets/masoudnickparvar/brain-tumor-mri-dataset/versions/2/Training/pituitary/Tr-pi_702.jpg,TUMOR,train
C:/Users/Ankit/.cache/kagglehub/datasets/masoudnickparvar/brain-tumor-mri-dataset/versions/2/Training/pituitary/Tr-pi_805.jpg,TUMOR,train
C:/Users/Ankit/.cache/kagglehub/datasets/masoudnickparvar/brain-tumor-mri-dataset/versions/2/Training/glioma/Tr-gl_729.jpg,TUMOR,train
C:/Users/Ankit/.cache/kagglehub/datasets/masoudnickparvar/brain-tumor-mri-dataset/versions/2/Training/glioma/Tr-gl_1345.jpg,TUMOR,train
C:/Users/Ankit/.cache/kagglehub/datasets/masoudnickparvar/brain-tumor-mri-dataset/versions/2/Training/glioma/Tr-gl_567.jpg,TUMOR,train
C:/Users/Ankit/.cache/kagglehub/datasets/masoudnickparvar/brain-tumor-mri-dataset/versions/2/Training/pituitary/Tr-pi_632.jpg,TUMOR,train
C:/Users/Ankit/.cache/kagglehub/datasets/masoudnickparvar/brain-tumor-mri-dataset/versions/2/Training/pituitary/Tr-pi_557.jpg,TUMOR,train
C:/Users/Ankit/.cache/kagglehub/datasets/masoudnickparvar/brain-tumor-mri-dataset/versions/2/Training/meningioma/Tr-me_1280.jpg,TUMOR,train
C:/Users/Ankit/.cache/kagglehub/datasets/masoudnickparvar/brain-tumor-mri-dataset/versions/2/Testing/glioma/Te-gl_195.jpg,TUMOR,train
C:/Users/Ankit/.cache/kagglehub/datasets/masoudnickparvar/brain-tumor-mri-dataset/versions/2/Testing/meningioma/Te-aug-me_64.jpg,TUMOR,train
C:/Users/Ankit/.cache/kagglehub/datasets/masoudnickparvar/brain-tumor-mri-dataset/versions/2/Training/pituitary/Tr-pi_955.jpg,TUMOR,train
C:/Users/Ankit/.cache/kagglehub/datasets/masoudnickparvar/brain-tumor-mri-dataset/versions/2/Testing/pituitary/Te-pi_46.jpg,TUMOR,train
C:/Users/Ankit/.cache/kagglehub/datasets/masoudnickparvar/brain-tumor-mri-dataset/versions/2/Training/meningioma/Tr-aug-me_63.jpg,TUMOR,train
C:/Users/Ankit/.cache/kagglehub/datasets/masoudnickparvar/brain-tumor-mri-dataset/versions/2/Training/glioma/Tr-gl_1077.jpg,TUMOR,train
C:/Users/Ankit/.cache/kagglehub/datasets/masoudnickparvar/brain-tumor-mri-dataset/versions/2/Training/glioma/Tr-gl_1386.jpg,TUMOR,train
C:/Users/Ankit/.cache/kagglehub/datasets/masoudnickparvar/brain-tumor-mri-dataset/versions/2/Training/pituitary/Tr-pi_77.jpg,TUMOR,train
C:/Users/Ankit/.cache/kagglehub/datasets/masoudnickparvar/brain-tumor-mri-dataset/versions/2/Training/glioma/Tr-gl_61.jpg,TUMOR,train
C:/Users/Ankit/.cache/kagglehub/datasets/masoudnickparvar/brain-tumor-mri-dataset/versions/2/Training/pituitary/Tr-pi_50.jpg,TUMOR,train
C:/Users/Ankit/.cache/kagglehub/datasets/masoudnickparvar/brain-tumor-mri-dataset/versions/2/Training/pituitary/Tr-pi_551.jpg,TUMOR,train
C:/Users/Ankit/.cache/kagglehub/datasets/masoudnickparvar/brain-tumor-mri-dataset/versions/2/Training/meningioma/Tr-me_911.jpg,TUMOR,train
C:/Users/Ankit/.cache/kagglehub/datasets/masoudnickparvar/brain-tumor-mri-dataset/versions/2/Training/pituitary/Tr-pi_498.jpg,TUMOR,train
C:/Users/Ankit/.cache/kagglehub/datasets/masoudnickparvar/brain-tumor-mri-dataset/versions/2/Training/pituitary/Tr-pi_827.jpg,TUMOR,train
C:/Users/Ankit/.cache/kagglehub/datasets/masoudnickparvar/brain-tumor-mri-dataset/versions/2/Training/glioma/Tr-gl_129.jpg,TUMOR,train
C:/Users/Ankit/.cache/kagglehub/datasets/masoudnickparvar/brain-tumor-mri-dataset/versions/2/Training/glioma/Tr-gl_1286.jpg,TUMOR,train
C:/Users/Ankit/.cache/kagglehub/datasets/masoudnickparvar/brain-tumor-mri-dataset/versions/2/Training/meningioma/Tr-me_898.jpg,TUMOR,train
C:/Users/Ankit/.cache/kagglehub/datasets/masoudnickparvar/brain-tumor-mri-dataset/versions/2/Training/meningioma/Tr-me_1071.jpg,TUMOR,train
C:/Users/Ankit/.cache/kagglehub/datasets/masoudnickparvar/brain-tumor-mri-dataset/versions/2/Testing/meningioma/Te-me_211.jpg,TUMOR,train
C:/Users/Ankit/.cache/kagglehub/datasets/masoudnickparvar/brain-tumor-mri-dataset/versions/2/Training/meningioma/Tr-me_891.jpg,TUMOR,train
C:/Users/Ankit/.cache/kagglehub/datasets/masoudnickparvar/brain-tumor-mri-dataset/versions/2/Testing/glioma/Te-gl_218.jpg,TUMOR,train
C:/Users/Ankit/.cache/kagglehub/datasets/masoudnickparvar/brain-tumor-mri-dataset/versions/2/Training/glioma/Tr-gl_75.jpg,TUMOR,train
C:/Users/Ankit/.cache/kagglehub/datasets/masoudnickparvar/brain-tumor-mri-dataset/versions/2/Training/glioma/Tr-gl_133.jpg,TUMOR,train
C:/Users/Ankit/.cache/kagglehub/datasets/masoudnickparvar/brain-tumor-mri-dataset/versions/2/Training/glioma/Tr-gl_1253.jpg,TUMOR,train
C:/Users/Ankit/.cache/kagglehub/datasets/masoudnickparvar/brain-tumor-mri-dataset/versions/2/Training/glioma/Tr-gl_1269.jpg,TUMOR,train
C:/Users/Ankit/.cache/kagglehub/datasets/masoudnickparvar/brain-tumor-mri-dataset/versions/2/Training/meningioma/Tr-aug-me_47.jpg,TUMOR,train
C:/Users/Ankit/.cache/kagglehub/datasets/masoudnickparvar/brain-tumor-mri-dataset/versions/2/Training/meningioma/Tr-me_268.jpg,TUMOR,train
C:/Users/Ankit/.cache/kagglehub/datasets/masoudnickparvar/brain-tumor-mri-dataset/versions/2/Testing/pituitary/Te-pi_249.jpg,TUMOR,train
C:/Users/Ankit/.cache/kagglehub/datasets/masoudnickparvar/brain-tumor-mri-dataset/versions/2/Testing/glioma/Te-gl_347.jpg,TUMOR,train
C:/Users/Ankit/.cache/kagglehub/datasets/masoudnickparvar/brain-tumor-mri-dataset/versions/2/Training/pituitary/Tr-pi_1247.jpg,TUMOR,train
C:/Users/Ankit/.cache/kagglehub/datasets/masoudnickparvar/brain-tumor-mri-dataset/versions/2/Testing/glioma/Te-gl_227.jpg,TUMOR,train
C:/Users/Ankit/.cache/kagglehub/datasets/masoudnickparvar/brain-tumor-mri-dataset/versions/2/Training/pituitary/Tr-pi_1291.jpg,TUMOR,train
C:/Users/Ankit/.cache/kagglehub/datasets/masoudnickparvar/brain-tumor-mri-dataset/versions/2/Training/meningioma/Tr-me_279.jpg,TUMOR,train
C:/Users/Ankit/.cache/kagglehub/datasets/masoudnickparvar/brain-tumor-mri-dataset/versions/2/Training/pituitary/Tr-pi_1061.jpg,TUMOR,train
C:/Users/Ankit/.cache/kagglehub/datasets/masoudnickparvar/brain-tumor-mri-dataset/versions/2/Training/glioma/Tr-gl_899.jpg,TUMOR,train
C:/Users/Ankit/.cache/kagglehub/datasets/masoudnickparvar/brain-tumor-mri-dataset/versions/2/Training/pituitary/Tr-pi_230.jpg,TUMOR,train
C:/Users/Ankit/.cache/kagglehub/datasets/masoudnickparvar/brain-tumor-mri-dataset/versions/2/Testing/glioma/Te-gl_213.jpg,TUMOR,train
C:/Users/Ankit/.cache/kagglehub/datasets/masoudnickparvar/brain-tumor-mri-dataset/versions/2/Testing/meningioma/Te-me_236.jpg,TUMOR,train
C:/Users/Ankit/.cache/kagglehub/datasets/masoudnickparvar/brain-tumor-mri-dataset/versions/2/Training/meningioma/Tr-me_1072.jpg,TUMOR,train
C:/Users/Ankit/.cache/kagglehub/datasets/masoudnickparvar/brain-tumor-mri-dataset/versions/2/Training/meningioma/Tr-me_162.jpg,TUMOR,train
C:/Users/Ankit/.cache/kagglehub/datasets/masoudnickparvar/brain-tumor-mri-dataset/versions/2/Training/meningioma/Tr-me_54.jpg,TUMOR,train
C:/Users/Ankit/.cache/kagglehub/datasets/masoudnickparvar/brain-tumor-mri-dataset/versions/2/Training/glioma/Tr-gl_55.jpg,TUMOR,train
C:/Users/Ankit/.cache/kagglehub/datasets/masoudnickparvar/brain-tumor-mri-dataset/versions/2/Training/pituitary/Tr-pi_436.jpg,TUMOR,train
C:/Users/Ankit/.cache/kagglehub/datasets/masoudnickparvar/brain-tumor-mri-dataset/versions/2/Training/glioma/Tr-gl_155.jpg,TUMOR,train
C:/Users/Ankit/.cache/kagglehub/datasets/masoudnickparvar/brain-tumor-mri-dataset/versions/2/Training/meningioma/Tr-aug-me_19.jpg,TUMOR,train
C:/Users/Ankit/.cache/kagglehub/datasets/masoudnickparvar/brain-tumor-mri-dataset/versions/2/Training/meningioma/Tr-me_1042.jpg,TUMOR,train
C:/Users/Ankit/.cache/kagglehub/datasets/masoudnickparvar/brain-tumor-mri-dataset/versions/2/Testing/glioma/Te-gl_376.jpg,TUMOR,train
C:/Users/Ankit/.cache/kagglehub/datasets/masoudnickparvar/brain-tumor-mri-dataset/versions/2/Testing/glioma/Te-gl_31.jpg,TUMOR,train
C:/Users/Ankit/.cache/kagglehub/datasets/masoudnickparvar/brain-tumor-mri-dataset/versions/2/Training/meningioma/Tr-me_688.jpg,TUMOR,train
C:/Users/Ankit/.cache/kagglehub/datasets/masoudnickparvar/brain-tumor-mri-dataset/versions/2/Training/pituitary/Tr-pi_485.jpg,TUMOR,train
C:/Users/Ankit/.cache/kagglehub/datasets/masoudnickparvar/brain-tumor-mri-dataset/versions/2/Testing/pituitary/Te-pi_391.jpg,TUMOR,train
C:/Users/Ankit/.cache/kagglehub/datasets/masoudnickparvar/brain-tumor-mri-dataset/versions/2/Training/glioma/Tr-gl_261.jpg,TUMOR,train
C:/Users/Ankit/.cache/kagglehub/datasets/masoudnickparvar/brain-tumor-mri-dataset/versions/2/Training/meningioma/Tr-me_637.jpg,TUMOR,train
C:/Users/Ankit/.cache/kagglehub/datasets/masoudnickparvar/brain-tumor-mri-dataset/versions/2/Training/glioma/Tr-gl_1218.jpg,TUMOR,train
C:/Users/Ankit/.cache/kagglehub/datasets/masoudnickparvar/brain-tumor-mri-dataset/versions/2/Training/meningioma/Tr-me_1248.jpg,TUMOR,train
C:/Users/Ankit/.cache/kagglehub/datasets/masoudnickparvar/brain-tumor-mri-dataset/versions/2/Training/pituitary/Tr-pi_1020.jpg,TUMOR,train
C:/Users/Ankit/.cache/kagglehub/datasets/masoudnickparvar/brain-tumor-mri-dataset/versions/2/Training/glioma/Tr-gl_306.jpg,TUMOR,train
C:/Users/Ankit/.cache/kagglehub/datasets/masoudnickparvar/brain-tumor-mri-dataset/versions/2/Training/glioma/Tr-gl_1213.jpg,TUMOR,train
C:/Users/Ankit/.cache/kagglehub/datasets/masoudnickparvar/brain-tumor-mri-dataset/versions/2/Training/glioma/Tr-gl_295.jpg,TUMOR,train
C:/Users/Ankit/.cache/kagglehub/datasets/masoudnickparvar/brain-tumor-mri-dataset/versions/2/Training/meningioma/Tr-me_1110.jpg,TUMOR,train
C:/Users/Ankit/.cache/kagglehub/datasets/masoudnickparvar/brain-tumor-mri-dataset/versions/2/Testing/meningioma/Te-me_260.jpg,TUMOR,train
C:/Users/Ankit/.cache/kagglehub/datasets/masoudnickparvar/brain-tumor-mri-dataset/versions/2/Training/glioma/Tr-gl_229.jpg,TUMOR,train
C:/Users/Ankit/.cache/kagglehub/datasets/masoudnickparvar/brain-tumor-mri-dataset/versions/2/Training/meningioma/Tr-me_1213.jpg,TUMOR,train
C:/Users/Ankit/.cache/kagglehub/datasets/masoudnickparvar/brain-tumor-mri-dataset/versions/2/Training/pituitary/Tr-pi_446.jpg,TUMOR,train
C:/Users/Ankit/.cache/kagglehub/datasets/masoudnickparvar/brain-tumor-mri-dataset/versions/2/Training/pituitary/Tr-pi_608.jpg,TUMOR,train
C:/Users/Ankit/.cache/kagglehub/datasets/masoudnickparvar/brain-tumor-mri-dataset/versions/2/Training/glioma/Tr-gl_1048.jpg,TUMOR,train
C:/Users/Ankit/.cache/kagglehub/datasets/masoudnickparvar/brain-tumor-mri-dataset/versions/2/Training/glioma/Tr-gl_1007.jpg,TUMOR,train
C:/Users/Ankit/.cache/kagglehub/datasets/masoudnickparvar/brain-tumor-mri-dataset/versions/2/Training/meningioma/Tr-me_1004.jpg,TUMOR,train
C:/Users/Ankit/.cache/kagglehub/datasets/masoudnickparvar/brain-tumor-mri-dataset/versions/2/Training/pituitary/Tr-pi_1040.jpg,TUMOR,train
C:/Users/Ankit/.cache/kagglehub/datasets/masoudnickparvar/brain-tumor-mri-dataset/versions/2/Testing/glioma/Te-gl_394.jpg,TUMOR,train
C:/Users/Ankit/.cache/kagglehub/datasets/masoudnickparvar/brain-tumor-mri-dataset/versions/2/Training/meningioma/Tr-me_723.jpg,TUMOR,train
C:/Users/Ankit/.cache/kagglehub/datasets/masoudnickparvar/brain-tumor-mri-dataset/versions/2/Training/glioma/Tr-gl_1101.jpg,TUMOR,train
C:/Users/Ankit/.cache/kagglehub/datasets/masoudnickparvar/brain-tumor-mri-dataset/versions/2/Training/glioma/Tr-gl_1000.jpg,TUMOR,train
C:/Users/Ankit/.cache/kagglehub/datasets/masoudnickparvar/brain-tumor-mri-dataset/versions/2/Training/glioma/Tr-gl_67.jpg,TUMOR,train
C:/Users/Ankit/.cache/kagglehub/datasets/masoudnickparvar/brain-tumor-mri-dataset/versions/2/Training/pituitary/Tr-pi_1261.jpg,TUMOR,train
C:/Users/Ankit/.cache/kagglehub/datasets/masoudnickparvar/brain-tumor-mri-dataset/versions/2/Training/meningioma/Tr-me_43.jpg,TUMOR,train
C:/Users/Ankit/.cache/kagglehub/datasets/masoudnickparvar/brain-tumor-mri-dataset/versions/2/Training/meningioma/Tr-me_957.jpg,TUMOR,train
C:/Users/Ankit/.cache/kagglehub/datasets/masoudnickparvar/brain-tumor-mri-dataset/versions/2/Training/pituitary/Tr-pi_890.jpg,TUMOR,train
C:/Users/Ankit/.cache/kagglehub/datasets/masoudnickparvar/brain-tumor-mri-dataset/versions/2/Testing/glioma/Te-gl_390.jpg,TUMOR,train
C:/Users/Ankit/.cache/kagglehub/datasets/masoudnickparvar/brain-tumor-mri-dataset/versions/2/Training/glioma/Tr-gl_222.jpg,TUMOR,train
C:/Users/Ankit/.cache/kagglehub/datasets/masoudnickparvar/brain-tumor-mri-dataset/versions/2/Training/meningioma/Tr-me_667.jpg,TUMOR,train
C:/Users/Ankit/.cache/kagglehub/datasets/masoudnickparvar/brain-tumor-mri-dataset/versions/2/Testing/glioma/Te-gl_43.jpg,TUMOR,train
C:/Users/Ankit/.cache/kagglehub/datasets/masoudnickparvar/brain-tumor-mri-dataset/versions/2/Training/meningioma/Tr-me_733.jpg,TUMOR,train
C:/Users/Ankit/.cache/kagglehub/datasets/masoudnickparvar/brain-tumor-mri-dataset/versions/2/Training/pituitary/Tr-pi_508.jpg,TUMOR,train
C:/Users/Ankit/.cache/kagglehub/datasets/masoudnickparvar/brain-tumor-mri-dataset/versions/2/Training/glioma/Tr-gl_572.jpg,TUMOR,train
C:/Users/Ankit/.cache/kagglehub/datasets/masoudnickparvar/brain-tumor-mri-dataset/versions/2/Training/meningioma/Tr-me_337.jpg,TUMOR,train
C:/Users/Ankit/.cache/kagglehub/datasets/masoudnickparvar/brain-tumor-mri-dataset/versions/2/Training/glioma/Tr-gl_1272.jpg,TUMOR,train
C:/Users/Ankit/.cache/kagglehub/datasets/masoudnickparvar/brain-tumor-mri-dataset/versions/2/Training/pituitary/Tr-pi_1038.jpg,TUMOR,train
C:/Users/Ankit/.cache/kagglehub/datasets/masoudnickparvar/brain-tumor-mri-dataset/versions/2/Training/meningioma/Tr-me_1119.jpg,TUMOR,train
C:/Users/Ankit/.cache/kagglehub/datasets/masoudnickparvar/brain-tumor-mri-dataset/versions/2/Training/pituitary/Tr-pi_62.jpg,TUMOR,train
C:/Users/Ankit/.cache/kagglehub/datasets/masoudnickparvar/brain-tumor-mri-dataset/versions/2/Training/pituitary/Tr-pi_96.jpg,TUMOR,train
C:/Users/Ankit/.cache/kagglehub/datasets/masoudnickparvar/brain-tumor-mri-dataset/versions/2/Training/glioma/Tr-gl_1168.jpg,TUMOR,train
C:/Users/Ankit/.cache/kagglehub/datasets/masoudnickparvar/brain-tumor-mri-dataset/versions/2/Training/meningioma/Tr-me_850.jpg,TUMOR,train
C:/Users/Ankit/.cache/kagglehub/datasets/masoudnickparvar/brain-tumor-mri-dataset/versions/2/Training/meningioma/Tr-me_967.jpg,TUMOR,train
C:/Users/Ankit/.cache/kagglehub/datasets/masoudnickparvar/brain-tumor-mri-dataset/versions/2/Training/meningioma/Tr-me_138.jpg,TUMOR,train
C:/Users/Ankit/.cache/kagglehub/datasets/masoudnickparvar/brain-tumor-mri-dataset/versions/2/Training/glioma/Tr-gl_1393.jpg,TUMOR,train
C:/Users/Ankit/.cache/kagglehub/datasets/masoudnickparvar/brain-tumor-mri-dataset/versions/2/Training/glioma/Tr-gl_269.jpg,TUMOR,train
C:/Users/Ankit/.cache/kagglehub/datasets/masoudnickparvar/brain-tumor-mri-dataset/versions/2/Training/glioma/Tr-gl_1275.jpg,TUMOR,train
C:/Users/Ankit/.cache/kagglehub/datasets/masoudnickparvar/brain-tumor-mri-dataset/versions/2/Training/pituitary/Tr-pi_6.jpg,TUMOR,train
C:/Users/Ankit/.cache/kagglehub/datasets/masoudnickparvar/brain-tumor-mri-dataset/versions/2/Testing/meningioma/Te-me_104.jpg,TUMOR,train
C:/Users/Ankit/.cache/kagglehub/datasets/masoudnickparvar/brain-tumor-mri-dataset/versions/2/Testing/pituitary/Te-pi_387.jpg,TUMOR,train
C:/Users/Ankit/.cache/kagglehub/datasets/masoudnickparvar/brain-tumor-mri-dataset/versions/2/Training/pituitary/Tr-pi_229.jpg,TUMOR,train
C:/Users/Ankit/.cache/kagglehub/datasets/masoudnickparvar/brain-tumor-mri-dataset/versions/2/Training/meningioma/Tr-aug-me_86.jpg,TUMOR,train
C:/Users/Ankit/.cache/kagglehub/datasets/masoudnickparvar/brain-tumor-mri-dataset/versions/2/Training/pituitary/Tr-pi_172.jpg,TUMOR,train
C:/Users/Ankit/.cache/kagglehub/datasets/masoudnickparvar/brain-tumor-mri-dataset/versions/2/Training/pituitary/Tr-pi_86.jpg,TUMOR,train
C:/Users/Ankit/.cache/kagglehub/datasets/masoudnickparvar/brain-tumor-mri-dataset/versions/2/Training/meningioma/Tr-me_610.jpg,TUMOR,train
C:/Users/Ankit/.cache/kagglehub/datasets/masoudnickparvar/brain-tumor-mri-dataset/versions/2/Testing/pituitary/Te-pi_73.jpg,TUMOR,train
C:/Users/Ankit/.cache/kagglehub/datasets/masoudnickparvar/brain-tumor-mri-dataset/versions/2/Testing/meningioma/Te-me_83.jpg,TUMOR,train
C:/Users/Ankit/.cache/kagglehub/datasets/masoudnickparvar/brain-tumor-mri-dataset/versions/2/Training/meningioma/Tr-aug-me_53.jpg,TUMOR,train
C:/Users/Ankit/.cache/kagglehub/datasets/masoudnickparvar/brain-tumor-mri-dataset/versions/2/Training/meningioma/Tr-me_175.jpg,TUMOR,train
C:/Users/Ankit/.cache/kagglehub/datasets/masoudnickparvar/brain-tumor-mri-dataset/versions/2/Testing/glioma/Te-gl_233.jpg,TUMOR,train
C:/Users/Ankit/.cache/kagglehub/datasets/masoudnickparvar/brain-tumor-mri-dataset/versions/2/Testing/pituitary/Te-pi_312.jpg,TUMOR,train
C:/Users/Ankit/.cache/kagglehub/datasets/masoudnickparvar/brain-tumor-mri-dataset/versions/2/Training/pituitary/Tr-pi_627.jpg,TUMOR,train
C:/Users/Ankit/.cache/kagglehub/datasets/masoudnickparvar/brain-tumor-mri-dataset/versions/2/Training/glioma/Tr-gl_660.jpg,TUMOR,train
C:/Users/Ankit/.cache/kagglehub/datasets/masoudnickparvar/brain-tumor-mri-dataset/versions/2/Training/pituitary/Tr-pi_475.jpg,TUMOR,train
C:/Users/Ankit/.cache/kagglehub/datasets/masoudnickparvar/brain-tumor-mri-dataset/versions/2/Training/pituitary/Tr-pi_1307.jpg,TUMOR,train
C:/Users/Ankit/.cache/kagglehub/datasets/masoudnickparvar/brain-tumor-mri-dataset/versions/2/Training/glioma/Tr-gl_559.jpg,TUMOR,train
C:/Users/Ankit/.cache/kagglehub/datasets/masoudnickparvar/brain-tumor-mri-dataset/versions/2/Training/meningioma/Tr-me_835.jpg,TUMOR,train
C:/Users/Ankit/.cache/kagglehub/datasets/masoudnickparvar/brain-tumor-mri-dataset/versions/2/Training/pituitary/Tr-pi_685.jpg,TUMOR,train
C:/Users/Ankit/.cache/kagglehub/datasets/masoudnickparvar/brain-tumor-mri-dataset/versions/2/Testing/glioma/Te-gl_253.jpg,TUMOR,train
C:/Users/Ankit/.cache/kagglehub/datasets/masoudnickparvar/brain-tumor-mri-dataset/versions/2/Training/meningioma/Tr-me_734.jpg,TUMOR,train
C:/Users/Ankit/.cache/kagglehub/datasets/masoudnickparvar/brain-tumor-mri-dataset/versions/2/Training/meningioma/Tr-me_314.jpg,TUMOR,train
C:/Users/Ankit/.cache/kagglehub/datasets/masoudnickparvar/brain-tumor-mri-dataset/versions/2/Training/pituitary/Tr-pi_878.jpg,TUMOR,train
C:/Users/Ankit/.cache/kagglehub/datasets/masoudnickparvar/brain-tumor-mri-dataset/versions/2/Testing/pituitary/Te-pi_121.jpg,TUMOR,train
C:/Users/Ankit/.cache/kagglehub/datasets/masoudnickparvar/brain-tumor-mri-dataset/versions/2/Training/glioma/Tr-gl_10.jpg,TUMOR,train
C:/Users/Ankit/.cache/kagglehub/datasets/masoudnickparvar/brain-tumor-mri-dataset/versions/2/Testing/glioma/Te-gl_235.jpg,TUMOR,train
C:/Users/Ankit/.cache/kagglehub/datasets/masoudnickparvar/brain-tumor-mri-dataset/versions/2/Training/glioma/Tr-gl_345.jpg,TUMOR,train
C:/Users/Ankit/.cache/kagglehub/datasets/masoudnickparvar/brain-tumor-mri-dataset/versions/2/Training/pituitary/Tr-pi_264.jpg,TUMOR,train
C:/Users/Ankit/.cache/kagglehub/datasets/masoudnickparvar/brain-tumor-mri-dataset/versions/2/Training/meningioma/Tr-me_1207.jpg,TUMOR,train
C:/Users/Ankit/.cache/kagglehub/datasets/masoudnickparvar/brain-tumor-mri-dataset/versions/2/Testing/glioma/Te-gl_331.jpg,TUMOR,train
C:/Users/Ankit/.cache/kagglehub/datasets/masoudnickparvar/brain-tumor-mri-dataset/versions/2/Training/pituitary/Tr-pi_803.jpg,TUMOR,train
C:/Users/Ankit/.cache/kagglehub/datasets/masoudnickparvar/brain-tumor-mri-dataset/versions/2/Training/meningioma/Tr-me_39.jpg,TUMOR,train
C:/Users/Ankit/.cache/kagglehub/datasets/masoudnickparvar/brain-tumor-mri-dataset/versions/2/Testing/meningioma/Te-me_50.jpg,TUMOR,train
C:/Users/Ankit/.cache/kagglehub/datasets/masoudnickparvar/brain-tumor-mri-dataset/versions/2/Training/glioma/Tr-gl_988.jpg,TUMOR,train
C:/Users/Ankit/.cache/kagglehub/datasets/masoudnickparvar/brain-tumor-mri-dataset/versions/2/Training/pituitary/Tr-pi_163.jpg,TUMOR,train
C:/Users/Ankit/.cache/kagglehub/datasets/masoudnickparvar/brain-tumor-mri-dataset/versions/2/Training/meningioma/Tr-me_1131.jpg,TUMOR,train
C:/Users/Ankit/.cache/kagglehub/datasets/masoudnickparvar/brain-tumor-mri-dataset/versions/2/Training/glioma/Tr-gl_371.jpg,TUMOR,train
C:/Users/Ankit/.cache/kagglehub/datasets/masoudnickparvar/brain-tumor-mri-dataset/versions/2/Training/meningioma/Tr-me_1092.jpg,TUMOR,train
C:/Users/Ankit/.cache/kagglehub/datasets/masoudnickparvar/brain-tumor-mri-dataset/versions/2/Training/pituitary/Tr-pi_451.jpg,TUMOR,train
C:/Users/Ankit/.cache/kagglehub/datasets/masoudnickparvar/brain-tumor-mri-dataset/versions/2/Training/meningioma/Tr-me_46.jpg,TUMOR,train
C:/Users/Ankit/.cache/kagglehub/datasets/masoudnickparvar/brain-tumor-mri-dataset/versions/2/Testing/meningioma/Te-me_292.jpg,TUMOR,train
C:/Users/Ankit/.cache/kagglehub/datasets/masoudnickparvar/brain-tumor-mri-dataset/versions/2/Training/meningioma/Tr-aug-me_38.jpg,TUMOR,train
C:/Users/Ankit/.cache/kagglehub/datasets/masoudnickparvar/brain-tumor-mri-dataset/versions/2/Training/meningioma/Tr-me_398.jpg,TUMOR,train
C:/Users/Ankit/.cache/kagglehub/datasets/masoudnickparvar/brain-tumor-mri-dataset/versions/2/Training/glioma/Tr-gl_1166.jpg,TUMOR,train
C:/Users/Ankit/.cache/kagglehub/datasets/masoudnickparvar/brain-tumor-mri-dataset/versions/2/Training/glioma/Tr-gl_671.jpg,TUMOR,train
C:/Users/Ankit/.cache/kagglehub/datasets/masoudnickparvar/brain-tumor-mri-dataset/versions/2/Training/glioma/Tr-gl_1217.jpg,TUMOR,train
C:/Users/Ankit/.cache/kagglehub/datasets/masoudnickparvar/brain-tumor-mri-dataset/versions/2/Testing/glioma/Te-gl_262.jpg,TUMOR,train
C:/Users/Ankit/.cache/kagglehub/datasets/masoudnickparvar/brain-tumor-mri-dataset/versions/2/Testing/meningioma/Te-me_138.jpg,TUMOR,train
C:/Users/Ankit/.cache/kagglehub/datasets/masoudnickparvar/brain-tumor-mri-dataset/versions/2/Training/glioma/Tr-gl_1143.jpg,TUMOR,train
C:/Users/Ankit/.cache/kagglehub/datasets/masoudnickparvar/brain-tumor-mri-dataset/versions/2/Training/meningioma/Tr-me_188.jpg,TUMOR,train
C:/Users/Ankit/.cache/kagglehub/datasets/masoudnickparvar/brain-tumor-mri-dataset/versions/2/Training/pituitary/Tr-pi_1111.jpg,TUMOR,train
C:/Users/Ankit/.cache/kagglehub/datasets/masoudnickparvar/brain-tumor-mri-dataset/versions/2/Training/glioma/Tr-gl_803.jpg,TUMOR,train
C:/Users/Ankit/.cache/kagglehub/datasets/masoudnickparvar/brain-tumor-mri-dataset/versions/2/Training/meningioma/Tr-me_242.jpg,TUMOR,train
C:/Users/Ankit/.cache/kagglehub/datasets/masoudnickparvar/brain-tumor-mri-dataset/versions/2/Testing/meningioma/Te-aug-me_28.jpg,TUMOR,train
C:/Users/Ankit/.cache/kagglehub/datasets/masoudnickparvar/brain-tumor-mri-dataset/versions/2/Training/pituitary/Tr-pi_706.jpg,TUMOR,train
C:/Users/Ankit/.cache/kagglehub/datasets/masoudnickparvar/brain-tumor-mri-dataset/versions/2/Training/pituitary/Tr-pi_120.jpg,TUMOR,train
C:/Users/Ankit/.cache/kagglehub/datasets/masoudnickparvar/brain-tumor-mri-dataset/versions/2/Training/meningioma/Tr-me_1270.jpg,TUMOR,train
C:/Users/Ankit/.cache/kagglehub/datasets/masoudnickparvar/brain-tumor-mri-dataset/versions/2/Testing/pituitary/Te-pi_268.jpg,TUMOR,train
C:/Users/Ankit/.cache/kagglehub/datasets/masoudnickparvar/brain-tumor-mri-dataset/versions/2/Training/glioma/Tr-gl_119.jpg,TUMOR,train
C:/Users/Ankit/.cache/kagglehub/datasets/masoudnickparvar/brain-tumor-mri-dataset/versions/2/Testing/glioma/Te-gl_348.jpg,TUMOR,train
C:/Users/Ankit/.cache/kagglehub/datasets/masoudnickparvar/brain-tumor-mri-dataset/versions/2/Training/meningioma/Tr-me_304.jpg,TUMOR,train
C:/Users/Ankit/.cache/kagglehub/datasets/masoudnickparvar/brain-tumor-mri-dataset/versions/2/Training/pituitary/Tr-pi_594.jpg,TUMOR,train
C:/Users/Ankit/.cache/kagglehub/datasets/masoudnickparvar/brain-tumor-mri-dataset/versions/2/Training/pituitary/Tr-pi_1297.jpg,TUMOR,train
C:/Users/Ankit/.cache/kagglehub/datasets/masoudnickparvar/brain-tumor-mri-dataset/versions/2/Training/meningioma/Tr-me_153.jpg,TUMOR,train
C:/Users/Ankit/.cache/kagglehub/datasets/masoudnickparvar/brain-tumor-mri-dataset/versions/2/Training/pituitary/Tr-pi_1183.jpg,TUMOR,train
C:/Users/Ankit/.cache/kagglehub/datasets/masoudnickparvar/brain-tumor-mri-dataset/versions/2/Training/glioma/Tr-gl_1295.jpg,TUMOR,train
C:/Users/Ankit/.cache/kagglehub/datasets/masoudnickparvar/brain-tumor-mri-dataset/versions/2/Training/glioma/Tr-gl_1344.jpg,TUMOR,train
C:/Users/Ankit/.cache/kagglehub/datasets/masoudnickparvar/brain-tumor-mri-dataset/versions/2/Training/meningioma/Tr-aug-me_11.jpg,TUMOR,train
C:/Users/Ankit/.cache/kagglehub/datasets/masoudnickparvar/brain-tumor-mri-dataset/versions/2/Training/pituitary/Tr-pi_370.jpg,TUMOR,train
C:/Users/Ankit/.cache/kagglehub/datasets/masoudnickparvar/brain-tumor-mri-dataset/versions/2/Training/glioma/Tr-gl_391.jpg,TUMOR,train
C:/Users/Ankit/.cache/kagglehub/datasets/masoudnickparvar/brain-tumor-mri-dataset/versions/2/Training/meningioma/Tr-me_618.jpg,TUMOR,train
C:/Users/Ankit/.cache/kagglehub/datasets/masoudnickparvar/brain-tumor-mri-dataset/versions/2/Training/glioma/Tr-gl_1358.jpg,TUMOR,train
C:/Users/Ankit/.cache/kagglehub/datasets/masoudnickparvar/brain-tumor-mri-dataset/versions/2/Training/pituitary/Tr-pi_346.jpg,TUMOR,train
C:/Users/Ankit/.cache/kagglehub/datasets/masoudnickparvar/brain-tumor-mri-dataset/versions/2/Training/glioma/Tr-gl_700.jpg,TUMOR,train
C:/Users/Ankit/.cache/kagglehub/datasets/masoudnickparvar/brain-tumor-mri-dataset/versions/2/Training/meningioma/Tr-me_793.jpg,TUMOR,train
C:/Users/Ankit/.cache/kagglehub/datasets/masoudnickparvar/brain-tumor-mri-dataset/versions/2/Training/meningioma/Tr-me_298.jpg,TUMOR,train
C:/Users/Ankit/.cache/kagglehub/datasets/masoudnickparvar/brain-tumor-mri-dataset/versions/2/Training/pituitary/Tr-pi_281.jpg,TUMOR,train
C:/Users/Ankit/.cache/kagglehub/datasets/masoudnickparvar/brain-tumor-mri-dataset/versions/2/Training/glioma/Tr-gl_664.jpg,TUMOR,train
C:/Users/Ankit/.cache/kagglehub/datasets/masoudnickparvar/brain-tumor-mri-dataset/versions/2/Training/glioma/Tr-gl_598.jpg,TUMOR,train
C:/Users/Ankit/.cache/kagglehub/datasets/masoudnickparvar/brain-tumor-mri-dataset/versions/2/Testing/glioma/Te-gl_349.jpg,TUMOR,train
C:/Users/Ankit/.cache/kagglehub/datasets/masoudnickparvar/brain-tumor-mri-dataset/versions/2/Training/pituitary/Tr-pi_1104.jpg,TUMOR,train
C:/Users/Ankit/.cache/kagglehub/datasets/masoudnickparvar/brain-tumor-mri-dataset/versions/2/Training/glioma/Tr-gl_589.jpg,TUMOR,train
C:/Users/Ankit/.cache/kagglehub/datasets/masoudnickparvar/brain-tumor-mri-dataset/versions/2/Testing/glioma/Te-gl_54.jpg,TUMOR,train
C:/Users/Ankit/.cache/kagglehub/datasets/masoudnickparvar/brain-tumor-mri-dataset/versions/2/Training/meningioma/Tr-me_1031.jpg,TUMOR,train
C:/Users/Ankit/.cache/kagglehub/datasets/masoudnickparvar/brain-tumor-mri-dataset/versions/2/Training/pituitary/Tr-pi_621.jpg,TUMOR,train
C:/Users/Ankit/.cache/kagglehub/datasets/masoudnickparvar/brain-tumor-mri-dataset/versions/2/Training/pituitary/Tr-pi_986.jpg,TUMOR,train
C:/Users/Ankit/.cache/kagglehub/datasets/masoudnickparvar/brain-tumor-mri-dataset/versions/2/Training/glioma/Tr-gl_194.jpg,TUMOR,train
C:/Users/Ankit/.cache/kagglehub/datasets/masoudnickparvar/brain-tumor-mri-dataset/versions/2/Training/glioma/Tr-gl_762.jpg,TUMOR,train
C:/Users/Ankit/.cache/kagglehub/datasets/masoudnickparvar/brain-tumor-mri-dataset/versions/2/Testing/pituitary/Te-pi_266.jpg,TUMOR,train
C:/Users/Ankit/.cache/kagglehub/datasets/masoudnickparvar/brain-tumor-mri-dataset/versions/2/Training/glioma/Tr-gl_1219.jpg,TUMOR,train
C:/Users/Ankit/.cache/kagglehub/datasets/masoudnickparvar/brain-tumor-mri-dataset/versions/2/Training/glioma/Tr-gl_925.jpg,TUMOR,train
C:/Users/Ankit/.cache/kagglehub/datasets/masoudnickparvar/brain-tumor-mri-dataset/versions/2/Testing/glioma/Te-gl_104.jpg,TUMOR,train
C:/Users/Ankit/.cache/kagglehub/datasets/masoudnickparvar/brain-tumor-mri-dataset/versions/2/Training/pituitary/Tr-pi_1165.jpg,TUMOR,train
C:/Users/Ankit/.cache/kagglehub/datasets/masoudnickparvar/brain-tumor-mri-dataset/versions/2/Testing/pituitary/Te-pi_93.jpg,TUMOR,train
C:/Users/Ankit/.cache/kagglehub/datasets/masoudnickparvar/brain-tumor-mri-dataset/versions/2/Testing/meningioma/Te-me_176.jpg,TUMOR,train
C:/Users/Ankit/.cache/kagglehub/datasets/masoudnickparvar/brain-tumor-mri-dataset/versions/2/Training/meningioma/Tr-me_1217.jpg,TUMOR,train
C:/Users/Ankit/.cache/kagglehub/datasets/masoudnickparvar/brain-tumor-mri-dataset/versions/2/Testing/pituitary/Te-pi_270.jpg,TUMOR,train
C:/Users/Ankit/.cache/kagglehub/datasets/masoudnickparvar/brain-tumor-mri-dataset/versions/2/Training/glioma/Tr-gl_779.jpg,TUMOR,train
C:/Users/Ankit/.cache/kagglehub/datasets/masoudnickparvar/brain-tumor-mri-dataset/versions/2/Training/glioma/Tr-gl_558.jpg,TUMOR,train
C:/Users/Ankit/.cache/kagglehub/datasets/masoudnickparvar/brain-tumor-mri-dataset/versions/2/Training/glioma/Tr-gl_989.jpg,TUMOR,train
C:/Users/Ankit/.cache/kagglehub/datasets/masoudnickparvar/brain-tumor-mri-dataset/versions/2/Testing/glioma/Te-gl_16.jpg,TUMOR,train
C:/Users/Ankit/.cache/kagglehub/datasets/masoudnickparvar/brain-tumor-mri-dataset/versions/2/Training/glioma/Tr-gl_634.jpg,TUMOR,train
C:/Users/Ankit/.cache/kagglehub/datasets/masoudnickparvar/brain-tumor-mri-dataset/versions/2/Training/pituitary/Tr-pi_859.jpg,TUMOR,train
C:/Users/Ankit/.cache/kagglehub/datasets/masoudnickparvar/brain-tumor-mri-dataset/versions/2/Training/glioma/Tr-gl_500.jpg,TUMOR,train
C:/Users/Ankit/.cache/kagglehub/datasets/masoudnickparvar/brain-tumor-mri-dataset/versions/2/Training/meningioma/Tr-me_483.jpg,TUMOR,train
C:/Users/Ankit/.cache/kagglehub/datasets/masoudnickparvar/brain-tumor-mri-dataset/versions/2/Training/pituitary/Tr-pi_1063.jpg,TUMOR,train
C:/Users/Ankit/.cache/kagglehub/datasets/masoudnickparvar/brain-tumor-mri-dataset/versions/2/Training/pituitary/Tr-pi_802.jpg,TUMOR,train
C:/Users/Ankit/.cache/kagglehub/datasets/masoudnickparvar/brain-tumor-mri-dataset/versions/2/Training/glioma/Tr-gl_343.jpg,TUMOR,train
C:/Users/Ankit/.cache/kagglehub/datasets/masoudnickparvar/brain-tumor-mri-dataset/versions/2/Training/glioma/Tr-gl_955.jpg,TUMOR,train
C:/Users/Ankit/.cache/kagglehub/datasets/masoudnickparvar/brain-tumor-mri-dataset/versions/2/Training/meningioma/Tr-me_324.jpg,TUMOR,train
C:/Users/Ankit/.cache/kagglehub/datasets/masoudnickparvar/brain-tumor-mri-dataset/versions/2/Training/meningioma/Tr-aug-me_24.jpg,TUMOR,train
C:/Users/Ankit/.cache/kagglehub/datasets/masoudnickparvar/brain-tumor-mri-dataset/versions/2/Training/glioma/Tr-gl_205.jpg,TUMOR,train
C:/Users/Ankit/.cache/kagglehub/datasets/masoudnickparvar/brain-tumor-mri-dataset/versions/2/Testing/pituitary/Te-pi_258.jpg,TUMOR,train
C:/Users/Ankit/.cache/kagglehub/datasets/masoudnickparvar/brain-tumor-mri-dataset/versions/2/Testing/glioma/Te-gl_275.jpg,TUMOR,train
C:/Users/Ankit/.cache/kagglehub/datasets/masoudnickparvar/brain-tumor-mri-dataset/versions/2/Training/pituitary/Tr-pi_736.jpg,TUMOR,train
C:/Users/Ankit/.cache/kagglehub/datasets/masoudnickparvar/brain-tumor-mri-dataset/versions/2/Training/glioma/Tr-gl_1028.jpg,TUMOR,train
C:/Users/Ankit/.cache/kagglehub/datasets/masoudnickparvar/brain-tumor-mri-dataset/versions/2/Testing/pituitary/Te-pi_255.jpg,TUMOR,train
C:/Users/Ankit/.cache/kagglehub/datasets/masoudnickparvar/brain-tumor-mri-dataset/versions/2/Training/pituitary/Tr-pi_1364.jpg,TUMOR,train
C:/Users/Ankit/.cache/kagglehub/datasets/masoudnickparvar/brain-tumor-mri-dataset/versions/2/Training/meningioma/Tr-me_970.jpg,TUMOR,train
C:/Users/Ankit/.cache/kagglehub/datasets/masoudnickparvar/brain-tumor-mri-dataset/versions/2/Testing/meningioma/Te-aug-me_56.jpg,TUMOR,train
C:/Users/Ankit/.cache/kagglehub/datasets/masoudnickparvar/brain-tumor-mri-dataset/versions/2/Training/pituitary/Tr-pi_431.jpg,TUMOR,train
C:/Users/Ankit/.cache/kagglehub/datasets/masoudnickparvar/brain-tumor-mri-dataset/versions/2/Training/glioma/Tr-gl_603.jpg,TUMOR,train
C:/Users/Ankit/.cache/kagglehub/datasets/masoudnickparvar/brain-tumor-mri-dataset/versions/2/Training/pituitary/Tr-pi_124.jpg,TUMOR,train
C:/Users/Ankit/.cache/kagglehub/datasets/masoudnickparvar/brain-tumor-mri-dataset/versions/2/Training/meningioma/Tr-me_1249.jpg,TUMOR,train
C:/Users/Ankit/.cache/kagglehub/datasets/masoudnickparvar/brain-tumor-mri-dataset/versions/2/Training/pituitary/Tr-pi_738.jpg,TUMOR,train
C:/Users/Ankit/.cache/kagglehub/datasets/masoudnickparvar/brain-tumor-mri-dataset/versions/2/Training/pituitary/Tr-pi_1361.jpg,TUMOR,train
C:/Users/Ankit/.cache/kagglehub/datasets/masoudnickparvar/brain-tumor-mri-dataset/versions/2/Training/meningioma/Tr-me_749.jpg,TUMOR,train
C:/Users/Ankit/.cache/kagglehub/datasets/masoudnickparvar/brain-tumor-mri-dataset/versions/2/Testing/pituitary/Te-pi_174.jpg,TUMOR,train
C:/Users/Ankit/.cache/kagglehub/datasets/masoudnickparvar/brain-tumor-mri-dataset/versions/2/Training/meningioma/Tr-me_96.jpg,TUMOR,train
C:/Users/Ankit/.cache/kagglehub/datasets/masoudnickparvar/brain-tumor-mri-dataset/versions/2/Testing/glioma/Te-gl_169.jpg,TUMOR,train
C:/Users/Ankit/.cache/kagglehub/datasets/masoudnickparvar/brain-tumor-mri-dataset/versions/2/Testing/glioma/Te-gl_391.jpg,TUMOR,train
C:/Users/Ankit/.cache/kagglehub/datasets/masoudnickparvar/brain-tumor-mri-dataset/versions/2/Training/pituitary/Tr-pi_737.jpg,TUMOR,train
C:/Users/Ankit/.cache/kagglehub/datasets/masoudnickparvar/brain-tumor-mri-dataset/versions/2/Training/glioma/Tr-gl_927.jpg,TUMOR,train
C:/Users/Ankit/.cache/kagglehub/datasets/masoudnickparvar/brain-tumor-mri-dataset/versions/2/Training/pituitary/Tr-pi_1114.jpg,TUMOR,train
C:/Users/Ankit/.cache/kagglehub/datasets/masoudnickparvar/brain-tumor-mri-dataset/versions/2/Training/pituitary/Tr-pi_430.jpg,TUMOR,train
C:/Users/Ankit/.cache/kagglehub/datasets/masoudnickparvar/brain-tumor-mri-dataset/versions/2/Training/meningioma/Tr-me_1169.jpg,TUMOR,train
C:/Users/Ankit/.cache/kagglehub/datasets/masoudnickparvar/brain-tumor-mri-dataset/versions/2/Training/pituitary/Tr-pi_922.jpg,TUMOR,train
C:/Users/Ankit/.cache/kagglehub/datasets/masoudnickparvar/brain-tumor-mri-dataset/versions/2/Training/pituitary/Tr-pi_602.jpg,TUMOR,train
C:/Users/Ankit/.cache/kagglehub/datasets/masoudnickparvar/brain-tumor-mri-dataset/versions/2/Training/meningioma/Tr-me_462.jpg,TUMOR,train
C:/Users/Ankit/.cache/kagglehub/datasets/masoudnickparvar/brain-tumor-mri-dataset/versions/2/Training/meningioma/Tr-me_1134.jpg,TUMOR,train
C:/Users/Ankit/.cache/kagglehub/datasets/masoudnickparvar/brain-tumor-mri-dataset/versions/2/Training/glioma/Tr-gl_40.jpg,TUMOR,train
C:/Users/Ankit/.cache/kagglehub/datasets/masoudnickparvar/brain-tumor-mri-dataset/versions/2/Training/pituitary/Tr-pi_123.jpg,TUMOR,train
C:/Users/Ankit/.cache/kagglehub/datasets/masoudnickparvar/brain-tumor-mri-dataset/versions/2/Training/meningioma/Tr-me_912.jpg,TUMOR,train
C:/Users/Ankit/.cache/kagglehub/datasets/masoudnickparvar/brain-tumor-mri-dataset/versions/2/Testing/glioma/Te-gl_24.jpg,TUMOR,train
C:/Users/Ankit/.cache/kagglehub/datasets/masoudnickparvar/brain-tumor-mri-dataset/versions/2/Training/meningioma/Tr-me_8.jpg,TUMOR,train
C:/Users/Ankit/.cache/kagglehub/datasets/masoudnickparvar/brain-tumor-mri-dataset/versions/2/Testing/meningioma/Te-me_185.jpg,TUMOR,train
C:/Users/Ankit/.cache/kagglehub/datasets/masoudnickparvar/brain-tumor-mri-dataset/versions/2/Training/pituitary/Tr-pi_906.jpg,TUMOR,train
C:/Users/Ankit/.cache/kagglehub/datasets/masoudnickparvar/brain-tumor-mri-dataset/versions/2/Training/glioma/Tr-gl_1154.jpg,TUMOR,train
C:/Users/Ankit/.cache/kagglehub/datasets/masoudnickparvar/brain-tumor-mri-dataset/versions/2/Training/pituitary/Tr-pi_355.jpg,TUMOR,train
C:/Users/Ankit/.cache/kagglehub/datasets/masoudnickparvar/brain-tumor-mri-dataset/versions/2/Training/meningioma/Tr-me_1202.jpg,TUMOR,train
C:/Users/Ankit/.cache/kagglehub/datasets/masoudnickparvar/brain-tumor-mri-dataset/versions/2/Training/meningioma/Tr-me_492.jpg,TUMOR,train
C:/Users/Ankit/.cache/kagglehub/datasets/masoudnickparvar/brain-tumor-mri-dataset/versions/2/Testing/meningioma/Te-aug-me_103.jpg,TUMOR,train
C:/Users/Ankit/.cache/kagglehub/datasets/masoudnickparvar/brain-tumor-mri-dataset/versions/2/Training/glioma/Tr-gl_1093.jpg,TUMOR,train
C:/Users/Ankit/.cache/kagglehub/datasets/masoudnickparvar/brain-tumor-mri-dataset/versions/2/Training/pituitary/Tr-pi_711.jpg,TUMOR,train
C:/Users/Ankit/.cache/kagglehub/datasets/masoudnickparvar/brain-tumor-mri-dataset/versions/2/Testing/pituitary/Te-pi_206.jpg,TUMOR,train
C:/Users/Ankit/.cache/kagglehub/datasets/masoudnickparvar/brain-tumor-mri-dataset/versions/2/Training/glioma/Tr-gl_130.jpg,TUMOR,train
C:/Users/Ankit/.cache/kagglehub/datasets/masoudnickparvar/brain-tumor-mri-dataset/versions/2/Training/pituitary/Tr-pi_1078.jpg,TUMOR,train
C:/Users/Ankit/.cache/kagglehub/datasets/masoudnickparvar/brain-tumor-mri-dataset/versions/2/Training/glioma/Tr-gl_1341.jpg,TUMOR,train
C:/Users/Ankit/.cache/kagglehub/datasets/masoudnickparvar/brain-tumor-mri-dataset/versions/2/Testing/pituitary/Te-pi_248.jpg,TUMOR,train
C:/Users/Ankit/.cache/kagglehub/datasets/masoudnickparvar/brain-tumor-mri-dataset/versions/2/Training/glioma/Tr-gl_1297.jpg,TUMOR,train
C:/Users/Ankit/.cache/kagglehub/datasets/masoudnickparvar/brain-tumor-mri-dataset/versions/2/Training/glioma/Tr-gl_509.jpg,TUMOR,train
C:/Users/Ankit/.cache/kagglehub/datasets/masoudnickparvar/brain-tumor-mri-dataset/versions/2/Training/glioma/Tr-gl_138.jpg,TUMOR,train
C:/Users/Ankit/.cache/kagglehub/datasets/masoudnickparvar/brain-tumor-mri-dataset/versions/2/Testing/glioma/Te-gl_296.jpg,TUMOR,train
C:/Users/Ankit/.cache/kagglehub/datasets/masoudnickparvar/brain-tumor-mri-dataset/versions/2/Training/glioma/Tr-gl_188.jpg,TUMOR,train
C:/Users/Ankit/.cache/kagglehub/datasets/masoudnickparvar/brain-tumor-mri-dataset/versions/2/Testing/glioma/Te-gl_198.jpg,TUMOR,train
C:/Users/Ankit/.cache/kagglehub/datasets/masoudnickparvar/brain-tumor-mri-dataset/versions/2/Training/pituitary/Tr-pi_139.jpg,TUMOR,train
C:/Users/Ankit/.cache/kagglehub/datasets/masoudnickparvar/brain-tumor-mri-dataset/versions/2/Training/meningioma/Tr-me_66.jpg,TUMOR,train
C:/Users/Ankit/.cache/kagglehub/datasets/masoudnickparvar/brain-tumor-mri-dataset/versions/2/Training/glioma/Tr-gl_320.jpg,TUMOR,train
C:/Users/Ankit/.cache/kagglehub/datasets/masoudnickparvar/brain-tumor-mri-dataset/versions/2/Training/meningioma/Tr-me_735.jpg,TUMOR,train
C:/Users/Ankit/.cache/kagglehub/datasets/masoudnickparvar/brain-tumor-mri-dataset/versions/2/Testing/pituitary/Te-pi_198.jpg,TUMOR,train
C:/Users/Ankit/.cache/kagglehub/datasets/masoudnickparvar/brain-tumor-mri-dataset/versions/2/Training/pituitary/Tr-pi_945.jpg,TUMOR,train
C:/Users/Ankit/.cache/kagglehub/datasets/masoudnickparvar/brain-tumor-mri-dataset/versions/2/Training/pituitary/Tr-pi_985.jpg,TUMOR,train
C:/Users/Ankit/.cache/kagglehub/datasets/masoudnickparvar/brain-tumor-mri-dataset/versions/2/Training/pituitary/Tr-pi_1279.jpg,TUMOR,train
C:/Users/Ankit/.cache/kagglehub/datasets/masoudnickparvar/brain-tumor-mri-dataset/versions/2/Testing/meningioma/Te-me_19.jpg,TUMOR,train
C:/Users/Ankit/.cache/kagglehub/datasets/masoudnickparvar/brain-tumor-mri-dataset/versions/2/Training/glioma/Tr-gl_550.jpg,TUMOR,train
C:/Users/Ankit/.cache/kagglehub/datasets/masoudnickparvar/brain-tumor-mri-dataset/versions/2/Training/pituitary/Tr-pi_158.jpg,TUMOR,train
C:/Users/Ankit/.cache/kagglehub/datasets/masoudnickparvar/brain-tumor-mri-dataset/versions/2/Testing/pituitary/Te-pi_385.jpg,TUMOR,train
C:/Users/Ankit/.cache/kagglehub/datasets/masoudnickparvar/brain-tumor-mri-dataset/versions/2/Training/pituitary/Tr-pi_726.jpg,TUMOR,train
C:/Users/Ankit/.cache/kagglehub/datasets/masoudnickparvar/brain-tumor-mri-dataset/versions/2/Training/meningioma/Tr-me_210.jpg,TUMOR,train
C:/Users/Ankit/.cache/kagglehub/datasets/masoudnickparvar/brain-tumor-mri-dataset/versions/2/Testing/glioma/Te-gl_48.jpg,TUMOR,train
C:/Users/Ankit/.cache/kagglehub/datasets/masoudnickparvar/brain-tumor-mri-dataset/versions/2/Training/meningioma/Tr-me_760.jpg,TUMOR,train
C:/Users/Ankit/.cache/kagglehub/datasets/masoudnickparvar/brain-tumor-mri-dataset/versions/2/Training/pituitary/Tr-pi_470.jpg,TUMOR,train
C:/Users/Ankit/.cache/kagglehub/datasets/masoudnickparvar/brain-tumor-mri-dataset/versions/2/Training/meningioma/Tr-me_536.jpg,TUMOR,train
C:/Users/Ankit/.cache/kagglehub/datasets/masoudnickparvar/brain-tumor-mri-dataset/versions/2/Training/glioma/Tr-gl_560.jpg,TUMOR,train
C:/Users/Ankit/.cache/kagglehub/datasets/masoudnickparvar/brain-tumor-mri-dataset/versions/2/Training/pituitary/Tr-pi_1122.jpg,TUMOR,train
C:/Users/Ankit/.cache/kagglehub/datasets/masoudnickparvar/brain-tumor-mri-dataset/versions/2/Training/meningioma/Tr-me_1190.jpg,TUMOR,train
C:/Users/Ankit/.cache/kagglehub/datasets/masoudnickparvar/brain-tumor-mri-dataset/versions/2/Training/pituitary/Tr-pi_283.jpg,TUMOR,train
C:/Users/Ankit/.cache/kagglehub/datasets/masoudnickparvar/brain-tumor-mri-dataset/versions/2/Training/pituitary/Tr-pi_1198.jpg,TUMOR,train
C:/Users/Ankit/.cache/kagglehub/datasets/masoudnickparvar/brain-tumor-mri-dataset/versions/2/Training/glioma/Tr-gl_1287.jpg,TUMOR,train
C:/Users/Ankit/.cache/kagglehub/datasets/masoudnickparvar/brain-tumor-mri-dataset/versions/2/Training/meningioma/Tr-me_620.jpg,TUMOR,train
C:/Users/Ankit/.cache/kagglehub/datasets/masoudnickparvar/brain-tumor-mri-dataset/versions/2/Training/pituitary/Tr-pi_339.jpg,TUMOR,train
C:/Users/Ankit/.cache/kagglehub/datasets/masoudnickparvar/brain-tumor-mri-dataset/versions/2/Training/meningioma/Tr-aug-me_32.jpg,TUMOR,train
C:/Users/Ankit/.cache/kagglehub/datasets/masoudnickparvar/brain-tumor-mri-dataset/versions/2/Testing/glioma/Te-gl_291.jpg,TUMOR,train
C:/Users/Ankit/.cache/kagglehub/datasets/masoudnickparvar/brain-tumor-mri-dataset/versions/2/Testing/pituitary/Te-pi_300.jpg,TUMOR,train
C:/Users/Ankit/.cache/kagglehub/datasets/masoudnickparvar/brain-tumor-mri-dataset/versions/2/Training/meningioma/Tr-me_616.jpg,TUMOR,train
C:/Users/Ankit/.cache/kagglehub/datasets/masoudnickparvar/brain-tumor-mri-dataset/versions/2/Training/pituitary/Tr-pi_836.jpg,TUMOR,train
C:/Users/Ankit/.cache/kagglehub/datasets/masoudnickparvar/brain-tumor-mri-dataset/versions/2/Training/pituitary/Tr-pi_30.jpg,TUMOR,train
C:/Users/Ankit/.cache/kagglehub/datasets/masoudnickparvar/brain-tumor-mri-dataset/versions/2/Training/meningioma/Tr-me_351.jpg,TUMOR,train
C:/Users/Ankit/.cache/kagglehub/datasets/masoudnickparvar/brain-tumor-mri-dataset/versions/2/Testing/pituitary/Te-pi_114.jpg,TUMOR,train
C:/Users/Ankit/.cache/kagglehub/datasets/masoudnickparvar/brain-tumor-mri-dataset/versions/2/Training/pituitary/Tr-pi_198.jpg,TUMOR,train
C:/Users/Ankit/.cache/kagglehub/datasets/masoudnickparvar/brain-tumor-mri-dataset/versions/2/Testing/meningioma/Te-me_243.jpg,TUMOR,train
C:/Users/Ankit/.cache/kagglehub/datasets/masoudnickparvar/brain-tumor-mri-dataset/versions/2/Training/glioma/Tr-gl_200.jpg,TUMOR,train
C:/Users/Ankit/.cache/kagglehub/datasets/masoudnickparvar/brain-tumor-mri-dataset/versions/2/Training/glioma/Tr-gl_602.jpg,TUMOR,train
C:/Users/Ankit/.cache/kagglehub/datasets/masoudnickparvar/brain-tumor-mri-dataset/versions/2/Training/pituitary/Tr-pi_318.jpg,TUMOR,train
C:/Users/Ankit/.cache/kagglehub/datasets/masoudnickparvar/brain-tumor-mri-dataset/versions/2/Training/glioma/Tr-gl_1326.jpg,TUMOR,train
C:/Users/Ankit/.cache/kagglehub/datasets/masoudnickparvar/brain-tumor-mri-dataset/versions/2/Training/meningioma/Tr-me_267.jpg,TUMOR,train
C:/Users/Ankit/.cache/kagglehub/datasets/masoudnickparvar/brain-tumor-mri-dataset/versions/2/Testing/pituitary/Te-pi_58.jpg,TUMOR,train
C:/Users/Ankit/.cache/kagglehub/datasets/masoudnickparvar/brain-tumor-mri-dataset/versions/2/Training/pituitary/Tr-pi_1306.jpg,TUMOR,train
C:/Users/Ankit/.cache/kagglehub/datasets/masoudnickparvar/brain-tumor-mri-dataset/versions/2/Training/meningioma/Tr-me_918.jpg,TUMOR,train
C:/Users/Ankit/.cache/kagglehub/datasets/masoudnickparvar/brain-tumor-mri-dataset/versions/2/Training/pituitary/Tr-pi_809.jpg,TUMOR,train
C:/Users/Ankit/.cache/kagglehub/datasets/masoudnickparvar/brain-tumor-mri-dataset/versions/2/Training/pituitary/Tr-pi_746.jpg,TUMOR,train
C:/Users/Ankit/.cache/kagglehub/datasets/masoudnickparvar/brain-tumor-mri-dataset/versions/2/Training/pituitary/Tr-pi_1267.jpg,TUMOR,train
C:/Users/Ankit/.cache/kagglehub/datasets/masoudnickparvar/brain-tumor-mri-dataset/versions/2/Training/glioma/Tr-gl_1274.jpg,TUMOR,train
C:/Users/Ankit/.cache/kagglehub/datasets/masoudnickparvar/brain-tumor-mri-dataset/versions/2/Training/pituitary/Tr-pi_166.jpg,TUMOR,train
C:/Users/Ankit/.cache/kagglehub/datasets/masoudnickparvar/brain-tumor-mri-dataset/versions/2/Training/meningioma/Tr-me_790.jpg,TUMOR,train
C:/Users/Ankit/.cache/kagglehub/datasets/masoudnickparvar/brain-tumor-mri-dataset/versions/2/Training/pituitary/Tr-pi_1176.jpg,TUMOR,train
C:/Users/Ankit/.cache/kagglehub/datasets/masoudnickparvar/brain-tumor-mri-dataset/versions/2/Training/glioma/Tr-gl_388.jpg,TUMOR,train
C:/Users/Ankit/.cache/kagglehub/datasets/masoudnickparvar/brain-tumor-mri-dataset/versions/2/Training/meningioma/Tr-me_29.jpg,TUMOR,train
C:/Users/Ankit/.cache/kagglehub/datasets/masoudnickparvar/brain-tumor-mri-dataset/versions/2/Training/pituitary/Tr-pi_331.jpg,TUMOR,train
C:/Users/Ankit/.cache/kagglehub/datasets/masoudnickparvar/brain-tumor-mri-dataset/versions/2/Training/pituitary/Tr-pi_1116.jpg,TUMOR,train
C:/Users/Ankit/.cache/kagglehub/datasets/masoudnickparvar/brain-tumor-mri-dataset/versions/2/Training/pituitary/Tr-pi_313.jpg,TUMOR,train
C:/Users/Ankit/.cache/kagglehub/datasets/masoudnickparvar/brain-tumor-mri-dataset/versions/2/Training/pituitary/Tr-pi_17.jpg,TUMOR,train
C:/Users/Ankit/.cache/kagglehub/datasets/masoudnickparvar/brain-tumor-mri-dataset/versions/2/Testing/pituitary/Te-pi_241.jpg,TUMOR,train
C:/Users/Ankit/.cache/kagglehub/datasets/masoudnickparvar/brain-tumor-mri-dataset/versions/2/Training/meningioma/Tr-me_942.jpg,TUMOR,train
C:/Users/Ankit/.cache/kagglehub/datasets/masoudnickparvar/brain-tumor-mri-dataset/versions/2/Training/meningioma/Tr-me_288.jpg,TUMOR,train
C:/Users/Ankit/.cache/kagglehub/datasets/masoudnickparvar/brain-tumor-mri-dataset/versions/2/Training/pituitary/Tr-pi_568.jpg,TUMOR,train
C:/Users/Ankit/.cache/kagglehub/datasets/masoudnickparvar/brain-tumor-mri-dataset/versions/2/Training/pituitary/Tr-pi_1092.jpg,TUMOR,train
C:/Users/Ankit/.cache/kagglehub/datasets/masoudnickparvar/brain-tumor-mri-dataset/versions/2/Testing/pituitary/Te-pi_7.jpg,TUMOR,train
C:/Users/Ankit/.cache/kagglehub/datasets/masoudnickparvar/brain-tumor-mri-dataset/versions/2/Training/pituitary/Tr-pi_61.jpg,TUMOR,train
C:/Users/Ankit/.cache/kagglehub/datasets/masoudnickparvar/brain-tumor-mri-dataset/versions/2/Training/glioma/Tr-gl_296.jpg,TUMOR,train
C:/Users/Ankit/.cache/kagglehub/datasets/masoudnickparvar/brain-tumor-mri-dataset/versions/2/Testing/pituitary/Te-pi_254.jpg,TUMOR,train
C:/Users/Ankit/.cache/kagglehub/datasets/masoudnickparvar/brain-tumor-mri-dataset/versions/2/Training/meningioma/Tr-me_1220.jpg,TUMOR,train
C:/Users/Ankit/.cache/kagglehub/datasets/masoudnickparvar/brain-tumor-mri-dataset/versions/2/Training/meningioma/Tr-me_1061.jpg,TUMOR,train
C:/Users/Ankit/.cache/kagglehub/datasets/masoudnickparvar/brain-tumor-mri-dataset/versions/2/Training/glioma/Tr-gl_1261.jpg,TUMOR,train
C:/Users/Ankit/.cache/kagglehub/datasets/masoudnickparvar/brain-tumor-mri-dataset/versions/2/Training/glioma/Tr-gl_172.jpg,TUMOR,train
C:/Users/Ankit/.cache/kagglehub/datasets/masoudnickparvar/brain-tumor-mri-dataset/versions/2/Testing/glioma/Te-gl_26.jpg,TUMOR,train
C:/Users/Ankit/.cache/kagglehub/datasets/masoudnickparvar/brain-tumor-mri-dataset/versions/2/Training/pituitary/Tr-pi_516.jpg,TUMOR,train
C:/Users/Ankit/.cache/kagglehub/datasets/masoudnickparvar/brain-tumor-mri-dataset/versions/2/Training/meningioma/Tr-me_1226.jpg,TUMOR,train
C:/Users/Ankit/.cache/kagglehub/datasets/masoudnickparvar/brain-tumor-mri-dataset/versions/2/Testing/meningioma/Te-me_257.jpg,TUMOR,train
C:/Users/Ankit/.cache/kagglehub/datasets/masoudnickparvar/brain-tumor-mri-dataset/versions/2/Training/meningioma/Tr-me_726.jpg,TUMOR,train
C:/Users/Ankit/.cache/kagglehub/datasets/masoudnickparvar/brain-tumor-mri-dataset/versions/2/Training/meningioma/Tr-me_380.jpg,TUMOR,train
C:/Users/Ankit/.cache/kagglehub/datasets/masoudnickparvar/brain-tumor-mri-dataset/versions/2/Training/meningioma/Tr-me_936.jpg,TUMOR,train
C:/Users/Ankit/.cache/kagglehub/datasets/masoudnickparvar/brain-tumor-mri-dataset/versions/2/Training/meningioma/Tr-me_240.jpg,TUMOR,train
C:/Users/Ankit/.cache/kagglehub/datasets/masoudnickparvar/brain-tumor-mri-dataset/versions/2/Training/meningioma/Tr-me_1121.jpg,TUMOR,train
C:/Users/Ankit/.cache/kagglehub/datasets/masoudnickparvar/brain-tumor-mri-dataset/versions/2/Training/meningioma/Tr-me_463.jpg,TUMOR,train
C:/Users/Ankit/.cache/kagglehub/datasets/masoudnickparvar/brain-tumor-mri-dataset/versions/2/Training/pituitary/Tr-pi_1347.jpg,TUMOR,train
C:/Users/Ankit/.cache/kagglehub/datasets/masoudnickparvar/brain-tumor-mri-dataset/versions/2/Testing/meningioma/Te-me_244.jpg,TUMOR,train
C:/Users/Ankit/.cache/kagglehub/datasets/masoudnickparvar/brain-tumor-mri-dataset/versions/2/Testing/meningioma/Te-me_214.jpg,TUMOR,train
C:/Users/Ankit/.cache/kagglehub/datasets/masoudnickparvar/brain-tumor-mri-dataset/versions/2/Training/glioma/Tr-gl_1307.jpg,TUMOR,train
C:/Users/Ankit/.cache/kagglehub/datasets/masoudnickparvar/brain-tumor-mri-dataset/versions/2/Training/pituitary/Tr-pi_460.jpg,TUMOR,train
C:/Users/Ankit/.cache/kagglehub/datasets/masoudnickparvar/brain-tumor-mri-dataset/versions/2/Testing/meningioma/Te-me_129.jpg,TUMOR,train
C:/Users/Ankit/.cache/kagglehub/datasets/masoudnickparvar/brain-tumor-mri-dataset/versions/2/Training/pituitary/Tr-pi_10.jpg,TUMOR,train
C:/Users/Ankit/.cache/kagglehub/datasets/masoudnickparvar/brain-tumor-mri-dataset/versions/2/Training/pituitary/Tr-pi_437.jpg,TUMOR,train
C:/Users/Ankit/.cache/kagglehub/datasets/masoudnickparvar/brain-tumor-mri-dataset/versions/2/Training/pituitary/Tr-pi_167.jpg,TUMOR,train
C:/Users/Ankit/.cache/kagglehub/datasets/masoudnickparvar/brain-tumor-mri-dataset/versions/2/Training/glioma/Tr-gl_116.jpg,TUMOR,train
C:/Users/Ankit/.cache/kagglehub/datasets/masoudnickparvar/brain-tumor-mri-dataset/versions/2/Training/pituitary/Tr-pi_1075.jpg,TUMOR,train
C:/Users/Ankit/.cache/kagglehub/datasets/masoudnickparvar/brain-tumor-mri-dataset/versions/2/Training/meningioma/Tr-me_916.jpg,TUMOR,train
C:/Users/Ankit/.cache/kagglehub/datasets/masoudnickparvar/brain-tumor-mri-dataset/versions/2/Training/meningioma/Tr-me_814.jpg,TUMOR,train
C:/Users/Ankit/.cache/kagglehub/datasets/masoudnickparvar/brain-tumor-mri-dataset/versions/2/Training/pituitary/Tr-pi_546.jpg,TUMOR,train
C:/Users/Ankit/.cache/kagglehub/datasets/masoudnickparvar/brain-tumor-mri-dataset/versions/2/Training/meningioma/Tr-me_1291.jpg,TUMOR,train
C:/Users/Ankit/.cache/kagglehub/datasets/masoudnickparvar/brain-tumor-mri-dataset/versions/2/Training/meningioma/Tr-me_477.jpg,TUMOR,train
C:/Users/Ankit/.cache/kagglehub/datasets/masoudnickparvar/brain-tumor-mri-dataset/versions/2/Training/glioma/Tr-gl_648.jpg,TUMOR,train
C:/Users/Ankit/.cache/kagglehub/datasets/masoudnickparvar/brain-tumor-mri-dataset/versions/2/Training/meningioma/Tr-me_24.jpg,TUMOR,train
C:/Users/Ankit/.cache/kagglehub/datasets/masoudnickparvar/brain-tumor-mri-dataset/versions/2/Training/glioma/Tr-gl_53.jpg,TUMOR,train
C:/Users/Ankit/.cache/kagglehub/datasets/masoudnickparvar/brain-tumor-mri-dataset/versions/2/Training/pituitary/Tr-pi_1208.jpg,TUMOR,train
C:/Users/Ankit/.cache/kagglehub/datasets/masoudnickparvar/brain-tumor-mri-dataset/versions/2/Training/meningioma/Tr-me_303.jpg,TUMOR,train
C:/Users/Ankit/.cache/kagglehub/datasets/masoudnickparvar/brain-tumor-mri-dataset/versions/2/Training/pituitary/Tr-pi_884.jpg,TUMOR,train
C:/Users/Ankit/.cache/kagglehub/datasets/masoudnickparvar/brain-tumor-mri-dataset/versions/2/Training/glioma/Tr-gl_1008.jpg,TUMOR,train
C:/Users/Ankit/.cache/kagglehub/datasets/masoudnickparvar/brain-tumor-mri-dataset/versions/2/Testing/glioma/Te-gl_384.jpg,TUMOR,train
C:/Users/Ankit/.cache/kagglehub/datasets/masoudnickparvar/brain-tumor-mri-dataset/versions/2/Training/pituitary/Tr-pi_49.jpg,TUMOR,train
C:/Users/Ankit/.cache/kagglehub/datasets/masoudnickparvar/brain-tumor-mri-dataset/versions/2/Training/pituitary/Tr-pi_689.jpg,TUMOR,train
C:/Users/Ankit/.cache/kagglehub/datasets/masoudnickparvar/brain-tumor-mri-dataset/versions/2/Testing/pituitary/Te-pi_213.jpg,TUMOR,train
C:/Users/Ankit/.cache/kagglehub/datasets/masoudnickparvar/brain-tumor-mri-dataset/versions/2/Testing/meningioma/Te-me_87.jpg,TUMOR,train
C:/Users/Ankit/.cache/kagglehub/datasets/masoudnickparvar/brain-tumor-mri-dataset/versions/2/Training/glioma/Tr-gl_450.jpg,TUMOR,train
C:/Users/Ankit/.cache/kagglehub/datasets/masoudnickparvar/brain-tumor-mri-dataset/versions/2/Training/meningioma/Tr-me_222.jpg,TUMOR,train
C:/Users/Ankit/.cache/kagglehub/datasets/masoudnickparvar/brain-tumor-mri-dataset/versions/2/Training/glioma/Tr-gl_1178.jpg,TUMOR,train
C:/Users/Ankit/.cache/kagglehub/datasets/masoudnickparvar/brain-tumor-mri-dataset/versions/2/Testing/pituitary/Te-pi_169.jpg,TUMOR,train
C:/Users/Ankit/.cache/kagglehub/datasets/masoudnickparvar/brain-tumor-mri-dataset/versions/2/Training/pituitary/Tr-pi_1281.jpg,TUMOR,train
C:/Users/Ankit/.cache/kagglehub/datasets/masoudnickparvar/brain-tumor-mri-dataset/versions/2/Training/pituitary/Tr-pi_1230.jpg,TUMOR,train
C:/Users/Ankit/.cache/kagglehub/datasets/masoudnickparvar/brain-tumor-mri-dataset/versions/2/Training/glioma/Tr-gl_1255.jpg,TUMOR,train
C:/Users/Ankit/.cache/kagglehub/datasets/masoudnickparvar/brain-tumor-mri-dataset/versions/2/Testing/glioma/Te-gl_166.jpg,TUMOR,train
C:/Users/Ankit/.cache/kagglehub/datasets/masoudnickparvar/brain-tumor-mri-dataset/versions/2/Training/meningioma/Tr-me_996.jpg,TUMOR,train
C:/Users/Ankit/.cache/kagglehub/datasets/masoudnickparvar/brain-tumor-mri-dataset/versions/2/Training/glioma/Tr-gl_532.jpg,TUMOR,train
C:/Users/Ankit/.cache/kagglehub/datasets/masoudnickparvar/brain-tumor-mri-dataset/versions/2/Training/glioma/Tr-gl_219.jpg,TUMOR,train
C:/Users/Ankit/.cache/kagglehub/datasets/masoudnickparvar/brain-tumor-mri-dataset/versions/2/Training/meningioma/Tr-me_104.jpg,TUMOR,train
C:/Users/Ankit/.cache/kagglehub/datasets/masoudnickparvar/brain-tumor-mri-dataset/versions/2/Training/meningioma/Tr-me_879.jpg,TUMOR,train
C:/Users/Ankit/.cache/kagglehub/datasets/masoudnickparvar/brain-tumor-mri-dataset/versions/2/Testing/glioma/Te-gl_83.jpg,TUMOR,train
C:/Users/Ankit/.cache/kagglehub/datasets/masoudnickparvar/brain-tumor-mri-dataset/versions/2/Training/glioma/Tr-gl_6.jpg,TUMOR,train
C:/Users/Ankit/.cache/kagglehub/datasets/masoudnickparvar/brain-tumor-mri-dataset/versions/2/Training/meningioma/Tr-me_762.jpg,TUMOR,train
C:/Users/Ankit/.cache/kagglehub/datasets/masoudnickparvar/brain-tumor-mri-dataset/versions/2/Training/meningioma/Tr-me_1095.jpg,TUMOR,train
C:/Users/Ankit/.cache/kagglehub/datasets/masoudnickparvar/brain-tumor-mri-dataset/versions/2/Training/meningioma/Tr-me_90.jpg,TUMOR,train
C:/Users/Ankit/.cache/kagglehub/datasets/masoudnickparvar/brain-tumor-mri-dataset/versions/2/Training/pituitary/Tr-pi_526.jpg,TUMOR,train
C:/Users/Ankit/.cache/kagglehub/datasets/masoudnickparvar/brain-tumor-mri-dataset/versions/2/Training/meningioma/Tr-me_1159.jpg,TUMOR,train
C:/Users/Ankit/.cache/kagglehub/datasets/masoudnickparvar/brain-tumor-mri-dataset/versions/2/Training/meningioma/Tr-me_1038.jpg,TUMOR,train
C:/Users/Ankit/.cache/kagglehub/datasets/masoudnickparvar/brain-tumor-mri-dataset/versions/2/Testing/meningioma/Te-me_117.jpg,TUMOR,train
C:/Users/Ankit/.cache/kagglehub/datasets/masoudnickparvar/brain-tumor-mri-dataset/versions/2/Training/meningioma/Tr-me_396.jpg,TUMOR,train
C:/Users/Ankit/.cache/kagglehub/datasets/masoudnickparvar/brain-tumor-mri-dataset/versions/2/Training/glioma/Tr-gl_1129.jpg,TUMOR,train
C:/Users/Ankit/.cache/kagglehub/datasets/masoudnickparvar/brain-tumor-mri-dataset/versions/2/Training/pituitary/Tr-pi_680.jpg,TUMOR,train
C:/Users/Ankit/.cache/kagglehub/datasets/masoudnickparvar/brain-tumor-mri-dataset/versions/2/Training/meningioma/Tr-aug-me_40.jpg,TUMOR,train
C:/Users/Ankit/.cache/kagglehub/datasets/masoudnickparvar/brain-tumor-mri-dataset/versions/2/Training/glioma/Tr-gl_1306.jpg,TUMOR,train
C:/Users/Ankit/.cache/kagglehub/datasets/masoudnickparvar/brain-tumor-mri-dataset/versions/2/Training/glioma/Tr-gl_719.jpg,TUMOR,train
C:/Users/Ankit/.cache/kagglehub/datasets/masoudnickparvar/brain-tumor-mri-dataset/versions/2/Training/pituitary/Tr-pi_742.jpg,TUMOR,train
C:/Users/Ankit/.cache/kagglehub/datasets/masoudnickparvar/brain-tumor-mri-dataset/versions/2/Testing/glioma/Te-gl_51.jpg,TUMOR,train
C:/Users/Ankit/.cache/kagglehub/datasets/masoudnickparvar/brain-tumor-mri-dataset/versions/2/Training/meningioma/Tr-me_1181.jpg,TUMOR,train
C:/Users/Ankit/.cache/kagglehub/datasets/masoudnickparvar/brain-tumor-mri-dataset/versions/2/Training/glioma/Tr-gl_852.jpg,TUMOR,train
C:/Users/Ankit/.cache/kagglehub/datasets/masoudnickparvar/brain-tumor-mri-dataset/versions/2/Testing/meningioma/Te-me_121.jpg,TUMOR,train
C:/Users/Ankit/.cache/kagglehub/datasets/masoudnickparvar/brain-tumor-mri-dataset/versions/2/Training/glioma/Tr-gl_1363.jpg,TUMOR,train
C:/Users/Ankit/.cache/kagglehub/datasets/masoudnickparvar/brain-tumor-mri-dataset/versions/2/Training/pituitary/Tr-pi_669.jpg,TUMOR,train
C:/Users/Ankit/.cache/kagglehub/datasets/masoudnickparvar/brain-tumor-mri-dataset/versions/2/Training/meningioma/Tr-me_1142.jpg,TUMOR,train
C:/Users/Ankit/.cache/kagglehub/datasets/masoudnickparvar/brain-tumor-mri-dataset/versions/2/Training/pituitary/Tr-pi_1249.jpg,TUMOR,train
C:/Users/Ankit/.cache/kagglehub/datasets/masoudnickparvar/brain-tumor-mri-dataset/versions/2/Training/meningioma/Tr-me_984.jpg,TUMOR,train
C:/Users/Ankit/.cache/kagglehub/datasets/masoudnickparvar/brain-tumor-mri-dataset/versions/2/Training/glioma/Tr-gl_1207.jpg,TUMOR,train
C:/Users/Ankit/.cache/kagglehub/datasets/masoudnickparvar/brain-tumor-mri-dataset/versions/2/Training/pituitary/Tr-pi_698.jpg,TUMOR,train
C:/Users/Ankit/.cache/kagglehub/datasets/masoudnickparvar/brain-tumor-mri-dataset/versions/2/Testing/meningioma/Te-me_168.jpg,TUMOR,train
C:/Users/Ankit/.cache/kagglehub/datasets/masoudnickparvar/brain-tumor-mri-dataset/versions/2/Training/meningioma/Tr-me_1014.jpg,TUMOR,train
C:/Users/Ankit/.cache/kagglehub/datasets/masoudnickparvar/brain-tumor-mri-dataset/versions/2/Training/glioma/Tr-gl_806.jpg,TUMOR,train
C:/Users/Ankit/.cache/kagglehub/datasets/masoudnickparvar/brain-tumor-mri-dataset/versions/2/Testing/glioma/Te-gl_4.jpg,TUMOR,train
C:/Users/Ankit/.cache/kagglehub/datasets/masoudnickparvar/brain-tumor-mri-dataset/versions/2/Training/glioma/Tr-gl_1147.jpg,TUMOR,train
C:/Users/Ankit/.cache/kagglehub/datasets/masoudnickparvar/brain-tumor-mri-dataset/versions/2/Testing/meningioma/Te-me_20.jpg,TUMOR,train
C:/Users/Ankit/.cache/kagglehub/datasets/masoudnickparvar/brain-tumor-mri-dataset/versions/2/Training/meningioma/Tr-me_617.jpg,TUMOR,train
C:/Users/Ankit/.cache/kagglehub/datasets/masoudnickparvar/brain-tumor-mri-dataset/versions/2/Training/glioma/Tr-gl_880.jpg,TUMOR,train
C:/Users/Ankit/.cache/kagglehub/datasets/masoudnickparvar/brain-tumor-mri-dataset/versions/2/Training/meningioma/Tr-me_74.jpg,TUMOR,train
C:/Users/Ankit/.cache/kagglehub/datasets/masoudnickparvar/brain-tumor-mri-dataset/versions/2/Training/pituitary/Tr-pi_604.jpg,TUMOR,train
C:/Users/Ankit/.cache/kagglehub/datasets/masoudnickparvar/brain-tumor-mri-dataset/versions/2/Training/meningioma/Tr-me_538.jpg,TUMOR,train
C:/Users/Ankit/.cache/kagglehub/datasets/masoudnickparvar/brain-tumor-mri-dataset/versions/2/Training/meningioma/Tr-me_1236.jpg,TUMOR,train
C:/Users/Ankit/.cache/kagglehub/datasets/masoudnickparvar/brain-tumor-mri-dataset/versions/2/Testing/pituitary/Te-pi_308.jpg,TUMOR,train
C:/Users/Ankit/.cache/kagglehub/datasets/masoudnickparvar/brain-tumor-mri-dataset/versions/2/Testing/pituitary/Te-pi_66.jpg,TUMOR,train
C:/Users/Ankit/.cache/kagglehub/datasets/masoudnickparvar/brain-tumor-mri-dataset/versions/2/Training/glioma/Tr-gl_1343.jpg,TUMOR,train
C:/Users/Ankit/.cache/kagglehub/datasets/masoudnickparvar/brain-tumor-mri-dataset/versions/2/Training/meningioma/Tr-me_1069.jpg,TUMOR,train
C:/Users/Ankit/.cache/kagglehub/datasets/masoudnickparvar/brain-tumor-mri-dataset/versions/2/Training/glioma/Tr-gl_715.jpg,TUMOR,train
C:/Users/Ankit/.cache/kagglehub/datasets/masoudnickparvar/brain-tumor-mri-dataset/versions/2/Testing/glioma/Te-gl_88.jpg,TUMOR,train
C:/Users/Ankit/.cache/kagglehub/datasets/masoudnickparvar/brain-tumor-mri-dataset/versions/2/Training/glioma/Tr-gl_1133.jpg,TUMOR,train
C:/Users/Ankit/.cache/kagglehub/datasets/masoudnickparvar/brain-tumor-mri-dataset/versions/2/Testing/glioma/Te-gl_341.jpg,TUMOR,train
C:/Users/Ankit/.cache/kagglehub/datasets/masoudnickparvar/brain-tumor-mri-dataset/versions/2/Training/glioma/Tr-gl_1151.jpg,TUMOR,train
C:/Users/Ankit/.cache/kagglehub/datasets/masoudnickparvar/brain-tumor-mri-dataset/versions/2/Training/meningioma/Tr-aug-me_55.jpg,TUMOR,train
C:/Users/Ankit/.cache/kagglehub/datasets/masoudnickparvar/brain-tumor-mri-dataset/versions/2/Training/pituitary/Tr-pi_314.jpg,TUMOR,train
C:/Users/Ankit/.cache/kagglehub/datasets/masoudnickparvar/brain-tumor-mri-dataset/versions/2/Training/pituitary/Tr-pi_1260.jpg,TUMOR,train
C:/Users/Ankit/.cache/kagglehub/datasets/masoudnickparvar/brain-tumor-mri-dataset/versions/2/Testing/glioma/Te-gl_292.jpg,TUMOR,train
C:/Users/Ankit/.cache/kagglehub/datasets/masoudnickparvar/brain-tumor-mri-dataset/versions/2/Training/glioma/Tr-gl_862.jpg,TUMOR,train
C:/Users/Ankit/.cache/kagglehub/datasets/masoudnickparvar/brain-tumor-mri-dataset/versions/2/Training/meningioma/Tr-me_1070.jpg,TUMOR,train
C:/Users/Ankit/.cache/kagglehub/datasets/masoudnickparvar/brain-tumor-mri-dataset/versions/2/Training/glioma/Tr-gl_1165.jpg,TUMOR,train
C:/Users/Ankit/.cache/kagglehub/datasets/masoudnickparvar/brain-tumor-mri-dataset/versions/2/Training/meningioma/Tr-me_253.jpg,TUMOR,train
C:/Users/Ankit/.cache/kagglehub/datasets/masoudnickparvar/brain-tumor-mri-dataset/versions/2/Training/glioma/Tr-gl_165.jpg,TUMOR,train
C:/Users/Ankit/.cache/kagglehub/datasets/masoudnickparvar/brain-tumor-mri-dataset/versions/2/Training/glioma/Tr-gl_1346.jpg,TUMOR,train
C:/Users/Ankit/.cache/kagglehub/datasets/masoudnickparvar/brain-tumor-mri-dataset/versions/2/Testing/pituitary/Te-pi_61.jpg,TUMOR,train
C:/Users/Ankit/.cache/kagglehub/datasets/masoudnickparvar/brain-tumor-mri-dataset/versions/2/Training/meningioma/Tr-me_782.jpg,TUMOR,train
C:/Users/Ankit/.cache/kagglehub/datasets/masoudnickparvar/brain-tumor-mri-dataset/versions/2/Training/glioma/Tr-gl_1293.jpg,TUMOR,train
C:/Users/Ankit/.cache/kagglehub/datasets/masoudnickparvar/brain-tumor-mri-dataset/versions/2/Training/glioma/Tr-gl_126.jpg,TUMOR,train
C:/Users/Ankit/.cache/kagglehub/datasets/masoudnickparvar/brain-tumor-mri-dataset/versions/2/Testing/meningioma/Te-me_231.jpg,TUMOR,train
C:/Users/Ankit/.cache/kagglehub/datasets/masoudnickparvar/brain-tumor-mri-dataset/versions/2/Training/glioma/Tr-gl_906.jpg,TUMOR,train
C:/Users/Ankit/.cache/kagglehub/datasets/masoudnickparvar/brain-tumor-mri-dataset/versions/2/Training/glioma/Tr-gl_586.jpg,TUMOR,train
C:/Users/Ankit/.cache/kagglehub/datasets/masoudnickparvar/brain-tumor-mri-dataset/versions/2/Training/meningioma/Tr-me_988.jpg,TUMOR,train
C:/Users/Ankit/.cache/kagglehub/datasets/masoudnickparvar/brain-tumor-mri-dataset/versions/2/Training/pituitary/Tr-pi_919.jpg,TUMOR,train
C:/Users/Ankit/.cache/kagglehub/datasets/masoudnickparvar/brain-tumor-mri-dataset/versions/2/Training/glioma/Tr-gl_272.jpg,TUMOR,train
C:/Users/Ankit/.cache/kagglehub/datasets/masoudnickparvar/brain-tumor-mri-dataset/versions/2/Training/meningioma/Tr-me_1177.jpg,TUMOR,train
C:/Users/Ankit/.cache/kagglehub/datasets/masoudnickparvar/brain-tumor-mri-dataset/versions/2/Testing/pituitary/Te-pi_292.jpg,TUMOR,train
C:/Users/Ankit/.cache/kagglehub/datasets/masoudnickparvar/brain-tumor-mri-dataset/versions/2/Training/pituitary/Tr-pi_466.jpg,TUMOR,train
C:/Users/Ankit/.cache/kagglehub/datasets/masoudnickparvar/brain-tumor-mri-dataset/versions/2/Testing/meningioma/Te-me_282.jpg,TUMOR,train
C:/Users/Ankit/.cache/kagglehub/datasets/masoudnickparvar/brain-tumor-mri-dataset/versions/2/Training/meningioma/Tr-aug-me_50.jpg,TUMOR,train
C:/Users/Ankit/.cache/kagglehub/datasets/masoudnickparvar/brain-tumor-mri-dataset/versions/2/Training/pituitary/Tr-pi_425.jpg,TUMOR,train
C:/Users/Ankit/.cache/kagglehub/datasets/masoudnickparvar/brain-tumor-mri-dataset/versions/2/Testing/glioma/Te-gl_5.jpg,TUMOR,train
C:/Users/Ankit/.cache/kagglehub/datasets/masoudnickparvar/brain-tumor-mri-dataset/versions/2/Training/meningioma/Tr-me_1200.jpg,TUMOR,train
C:/Users/Ankit/.cache/kagglehub/datasets/masoudnickparvar/brain-tumor-mri-dataset/versions/2/Training/glioma/Tr-gl_1184.jpg,TUMOR,train
C:/Users/Ankit/.cache/kagglehub/datasets/masoudnickparvar/brain-tumor-mri-dataset/versions/2/Training/meningioma/Tr-me_485.jpg,TUMOR,train
C:/Users/Ankit/.cache/kagglehub/datasets/masoudnickparvar/brain-tumor-mri-dataset/versions/2/Training/meningioma/Tr-me_712.jpg,TUMOR,train
C:/Users/Ankit/.cache/kagglehub/datasets/masoudnickparvar/brain-tumor-mri-dataset/versions/2/Training/meningioma/Tr-me_388.jpg,TUMOR,train
C:/Users/Ankit/.cache/kagglehub/datasets/masoudnickparvar/brain-tumor-mri-dataset/versions/2/Testing/meningioma/Te-aug-me_27.jpg,TUMOR,train
C:/Users/Ankit/.cache/kagglehub/datasets/masoudnickparvar/brain-tumor-mri-dataset/versions/2/Training/glioma/Tr-gl_319.jpg,TUMOR,train
C:/Users/Ankit/.cache/kagglehub/datasets/masoudnickparvar/brain-tumor-mri-dataset/versions/2/Testing/glioma/Te-gl_327.jpg,TUMOR,train
C:/Users/Ankit/.cache/kagglehub/datasets/masoudnickparvar/brain-tumor-mri-dataset/versions/2/Training/pituitary/Tr-pi_766.jpg,TUMOR,train
C:/Users/Ankit/.cache/kagglehub/datasets/masoudnickparvar/brain-tumor-mri-dataset/versions/2/Training/pituitary/Tr-pi_1195.jpg,TUMOR,train
C:/Users/Ankit/.cache/kagglehub/datasets/masoudnickparvar/brain-tumor-mri-dataset/versions/2/Training/glioma/Tr-gl_411.jpg,TUMOR,train
C:/Users/Ankit/.cache/kagglehub/datasets/masoudnickparvar/brain-tumor-mri-dataset/versions/2/Training/pituitary/Tr-pi_682.jpg,TUMOR,train
C:/Users/Ankit/.cache/kagglehub/datasets/masoudnickparvar/brain-tumor-mri-dataset/versions/2/Training/glioma/Tr-gl_1102.jpg,TUMOR,train
C:/Users/Ankit/.cache/kagglehub/datasets/masoudnickparvar/brain-tumor-mri-dataset/versions/2/Testing/meningioma/Te-me_73.jpg,TUMOR,train
C:/Users/Ankit/.cache/kagglehub/datasets/masoudnickparvar/brain-tumor-mri-dataset/versions/2/Training/meningioma/Tr-aug-me_71.jpg,TUMOR,train
C:/Users/Ankit/.cache/kagglehub/datasets/masoudnickparvar/brain-tumor-mri-dataset/versions/2/Training/glioma/Tr-gl_766.jpg,TUMOR,train
C:/Users/Ankit/.cache/kagglehub/datasets/masoudnickparvar/brain-tumor-mri-dataset/versions/2/Training/meningioma/Tr-me_384.jpg,TUMOR,train
C:/Users/Ankit/.cache/kagglehub/datasets/masoudnickparvar/brain-tumor-mri-dataset/versions/2/Training/meningioma/Tr-me_75.jpg,TUMOR,train
C:/Users/Ankit/.cache/kagglehub/datasets/masoudnickparvar/brain-tumor-mri-dataset/versions/2/Training/glioma/Tr-gl_316.jpg,TUMOR,train
C:/Users/Ankit/.cache/kagglehub/datasets/masoudnickparvar/brain-tumor-mri-dataset/versions/2/Testing/glioma/Te-gl_250.jpg,TUMOR,train
C:/Users/Ankit/.cache/kagglehub/datasets/masoudnickparvar/brain-tumor-mri-dataset/versions/2/Training/meningioma/Tr-me_700.jpg,TUMOR,train
C:/Users/Ankit/.cache/kagglehub/datasets/masoudnickparvar/brain-tumor-mri-dataset/versions/2/Training/meningioma/Tr-me_1292.jpg,TUMOR,train
C:/Users/Ankit/.cache/kagglehub/datasets/masoudnickparvar/brain-tumor-mri-dataset/versions/2/Training/meningioma/Tr-me_317.jpg,TUMOR,train
C:/Users/Ankit/.cache/kagglehub/datasets/masoudnickparvar/brain-tumor-mri-dataset/versions/2/Training/glioma/Tr-gl_701.jpg,TUMOR,train
C:/Users/Ankit/.cache/kagglehub/datasets/masoudnickparvar/brain-tumor-mri-dataset/versions/2/Training/glioma/Tr-gl_799.jpg,TUMOR,train
C:/Users/Ankit/.cache/kagglehub/datasets/masoudnickparvar/brain-tumor-mri-dataset/versions/2/Training/glioma/Tr-gl_364.jpg,TUMOR,train
C:/Users/Ankit/.cache/kagglehub/datasets/masoudnickparvar/brain-tumor-mri-dataset/versions/2/Training/glioma/Tr-gl_1335.jpg,TUMOR,train
C:/Users/Ankit/.cache/kagglehub/datasets/masoudnickparvar/brain-tumor-mri-dataset/versions/2/Training/glioma/Tr-gl_527.jpg,TUMOR,train
C:/Users/Ankit/.cache/kagglehub/datasets/masoudnickparvar/brain-tumor-mri-dataset/versions/2/Training/glioma/Tr-gl_849.jpg,TUMOR,train
C:/Users/Ankit/.cache/kagglehub/datasets/masoudnickparvar/brain-tumor-mri-dataset/versions/2/Training/pituitary/Tr-pi_228.jpg,TUMOR,train
C:/Users/Ankit/.cache/kagglehub/datasets/masoudnickparvar/brain-tumor-mri-dataset/versions/2/Testing/glioma/Te-gl_71.jpg,TUMOR,train
C:/Users/Ankit/.cache/kagglehub/datasets/masoudnickparvar/brain-tumor-mri-dataset/versions/2/Training/pituitary/Tr-pi_650.jpg,TUMOR,train
C:/Users/Ankit/.cache/kagglehub/datasets/masoudnickparvar/brain-tumor-mri-dataset/versions/2/Training/meningioma/Tr-me_934.jpg,TUMOR,train
C:/Users/Ankit/.cache/kagglehub/datasets/masoudnickparvar/brain-tumor-mri-dataset/versions/2/Training/pituitary/Tr-pi_214.jpg,TUMOR,train
C:/Users/Ankit/.cache/kagglehub/datasets/masoudnickparvar/brain-tumor-mri-dataset/versions/2/Testing/glioma/Te-gl_382.jpg,TUMOR,train
C:/Users/Ankit/.cache/kagglehub/datasets/masoudnickparvar/brain-tumor-mri-dataset/versions/2/Testing/pituitary/Te-pi_77.jpg,TUMOR,train
C:/Users/Ankit/.cache/kagglehub/datasets/masoudnickparvar/brain-tumor-mri-dataset/versions/2/Training/pituitary/Tr-pi_471.jpg,TUMOR,train
C:/Users/Ankit/.cache/kagglehub/datasets/masoudnickparvar/brain-tumor-mri-dataset/versions/2/Training/pituitary/Tr-pi_284.jpg,TUMOR,train
C:/Users/Ankit/.cache/kagglehub/datasets/masoudnickparvar/brain-tumor-mri-dataset/versions/2/Testing/glioma/Te-gl_309.jpg,TUMOR,train
C:/Users/Ankit/.cache/kagglehub/datasets/masoudnickparvar/brain-tumor-mri-dataset/versions/2/Testing/glioma/Te-gl_238.jpg,TUMOR,train
C:/Users/Ankit/.cache/kagglehub/datasets/masoudnickparvar/brain-tumor-mri-dataset/versions/2/Training/glioma/Tr-gl_324.jpg,TUMOR,train
C:/Users/Ankit/.cache/kagglehub/datasets/masoudnickparvar/brain-tumor-mri-dataset/versions/2/Training/glioma/Tr-gl_360.jpg,TUMOR,train
C:/Users/Ankit/.cache/kagglehub/datasets/masoudnickparvar/brain-tumor-mri-dataset/versions/2/Training/glioma/Tr-gl_1062.jpg,TUMOR,train
C:/Users/Ankit/.cache/kagglehub/datasets/masoudnickparvar/brain-tumor-mri-dataset/versions/2/Training/pituitary/Tr-pi_1373.jpg,TUMOR,train
C:/Users/Ankit/.cache/kagglehub/datasets/masoudnickparvar/brain-tumor-mri-dataset/versions/2/Training/glioma/Tr-gl_529.jpg,TUMOR,train
C:/Users/Ankit/.cache/kagglehub/datasets/masoudnickparvar/brain-tumor-mri-dataset/versions/2/Training/glioma/Tr-gl_1215.jpg,TUMOR,train
C:/Users/Ankit/.cache/kagglehub/datasets/masoudnickparvar/brain-tumor-mri-dataset/versions/2/Testing/glioma/Te-gl_306.jpg,TUMOR,train
C:/Users/Ankit/.cache/kagglehub/datasets/masoudnickparvar/brain-tumor-mri-dataset/versions/2/Training/pituitary/Tr-pi_563.jpg,TUMOR,train
C:/Users/Ankit/.cache/kagglehub/datasets/masoudnickparvar/brain-tumor-mri-dataset/versions/2/Testing/pituitary/Te-pi_392.jpg,TUMOR,train
C:/Users/Ankit/.cache/kagglehub/datasets/masoudnickparvar/brain-tumor-mri-dataset/versions/2/Training/pituitary/Tr-pi_1215.jpg,TUMOR,train
C:/Users/Ankit/.cache/kagglehub/datasets/masoudnickparvar/brain-tumor-mri-dataset/versions/2/Training/glioma/Tr-gl_1034.jpg,TUMOR,train
C:/Users/Ankit/.cache/kagglehub/datasets/masoudnickparvar/brain-tumor-mri-dataset/versions/2/Training/glioma/Tr-gl_987.jpg,TUMOR,train
C:/Users/Ankit/.cache/kagglehub/datasets/masoudnickparvar/brain-tumor-mri-dataset/versions/2/Training/glioma/Tr-gl_289.jpg,TUMOR,train
C:/Users/Ankit/.cache/kagglehub/datasets/masoudnickparvar/brain-tumor-mri-dataset/versions/2/Training/pituitary/Tr-pi_488.jpg,TUMOR,train
C:/Users/Ankit/.cache/kagglehub/datasets/masoudnickparvar/brain-tumor-mri-dataset/versions/2/Testing/glioma/Te-gl_350.jpg,TUMOR,train
C:/Users/Ankit/.cache/kagglehub/datasets/masoudnickparvar/brain-tumor-mri-dataset/versions/2/Training/glioma/Tr-gl_28.jpg,TUMOR,train
C:/Users/Ankit/.cache/kagglehub/datasets/masoudnickparvar/brain-tumor-mri-dataset/versions/2/Testing/meningioma/Te-me_202.jpg,TUMOR,train
C:/Users/Ankit/.cache/kagglehub/datasets/masoudnickparvar/brain-tumor-mri-dataset/versions/2/Training/pituitary/Tr-pi_1315.jpg,TUMOR,train
C:/Users/Ankit/.cache/kagglehub/datasets/masoudnickparvar/brain-tumor-mri-dataset/versions/2/Training/pituitary/Tr-pi_587.jpg,TUMOR,train
C:/Users/Ankit/.cache/kagglehub/datasets/masoudnickparvar/brain-tumor-mri-dataset/versions/2/Training/pituitary/Tr-pi_215.jpg,TUMOR,train
C:/Users/Ankit/.cache/kagglehub/datasets/masoudnickparvar/brain-tumor-mri-dataset/versions/2/Training/pituitary/Tr-pi_653.jpg,TUMOR,train
C:/Users/Ankit/.cache/kagglehub/datasets/masoudnickparvar/brain-tumor-mri-dataset/versions/2/Training/glioma/Tr-gl_961.jpg,TUMOR,train
C:/Users/Ankit/.cache/kagglehub/datasets/masoudnickparvar/brain-tumor-mri-dataset/versions/2/Training/meningioma/Tr-aug-me_100.jpg,TUMOR,train
C:/Users/Ankit/.cache/kagglehub/datasets/masoudnickparvar/brain-tumor-mri-dataset/versions/2/Training/meningioma/Tr-aug-me_39.jpg,TUMOR,train
C:/Users/Ankit/.cache/kagglehub/datasets/masoudnickparvar/brain-tumor-mri-dataset/versions/2/Training/glioma/Tr-gl_74.jpg,TUMOR,train
C:/Users/Ankit/.cache/kagglehub/datasets/masoudnickparvar/brain-tumor-mri-dataset/versions/2/Training/meningioma/Tr-me_65.jpg,TUMOR,train
C:/Users/Ankit/.cache/kagglehub/datasets/masoudnickparvar/brain-tumor-mri-dataset/versions/2/Training/meningioma/Tr-me_805.jpg,TUMOR,train
C:/Users/Ankit/.cache/kagglehub/datasets/masoudnickparvar/brain-tumor-mri-dataset/versions/2/Training/meningioma/Tr-me_1079.jpg,TUMOR,train
C:/Users/Ankit/.cache/kagglehub/datasets/masoudnickparvar/brain-tumor-mri-dataset/versions/2/Training/glioma/Tr-gl_312.jpg,TUMOR,train
C:/Users/Ankit/.cache/kagglehub/datasets/masoudnickparvar/brain-tumor-mri-dataset/versions/2/Training/glioma/Tr-gl_795.jpg,TUMOR,train
C:/Users/Ankit/.cache/kagglehub/datasets/masoudnickparvar/brain-tumor-mri-dataset/versions/2/Training/pituitary/Tr-pi_963.jpg,TUMOR,train
C:/Users/Ankit/.cache/kagglehub/datasets/masoudnickparvar/brain-tumor-mri-dataset/versions/2/Training/glioma/Tr-gl_737.jpg,TUMOR,train
C:/Users/Ankit/.cache/kagglehub/datasets/masoudnickparvar/brain-tumor-mri-dataset/versions/2/Training/pituitary/Tr-pi_1081.jpg,TUMOR,train
C:/Users/Ankit/.cache/kagglehub/datasets/masoudnickparvar/brain-tumor-mri-dataset/versions/2/Training/glioma/Tr-gl_369.jpg,TUMOR,train
C:/Users/Ankit/.cache/kagglehub/datasets/masoudnickparvar/brain-tumor-mri-dataset/versions/2/Training/glioma/Tr-gl_48.jpg,TUMOR,train
C:/Users/Ankit/.cache/kagglehub/datasets/masoudnickparvar/brain-tumor-mri-dataset/versions/2/Training/glioma/Tr-gl_974.jpg,TUMOR,train
C:/Users/Ankit/.cache/kagglehub/datasets/masoudnickparvar/brain-tumor-mri-dataset/versions/2/Training/meningioma/Tr-me_247.jpg,TUMOR,train
C:/Users/Ankit/.cache/kagglehub/datasets/masoudnickparvar/brain-tumor-mri-dataset/versions/2/Training/meningioma/Tr-me_905.jpg,TUMOR,train
C:/Users/Ankit/.cache/kagglehub/datasets/masoudnickparvar/brain-tumor-mri-dataset/versions/2/Testing/meningioma/Te-me_31.jpg,TUMOR,train
C:/Users/Ankit/.cache/kagglehub/datasets/masoudnickparvar/brain-tumor-mri-dataset/versions/2/Testing/glioma/Te-gl_377.jpg,TUMOR,train
C:/Users/Ankit/.cache/kagglehub/datasets/masoudnickparvar/brain-tumor-mri-dataset/versions/2/Training/meningioma/Tr-aug-me_85.jpg,TUMOR,train
C:/Users/Ankit/.cache/kagglehub/datasets/masoudnickparvar/brain-tumor-mri-dataset/versions/2/Training/meningioma/Tr-me_197.jpg,TUMOR,train
C:/Users/Ankit/.cache/kagglehub/datasets/masoudnickparvar/brain-tumor-mri-dataset/versions/2/Training/pituitary/Tr-pi_1354.jpg,TUMOR,train
C:/Users/Ankit/.cache/kagglehub/datasets/masoudnickparvar/brain-tumor-mri-dataset/versions/2/Testing/meningioma/Te-me_21.jpg,TUMOR,train
C:/Users/Ankit/.cache/kagglehub/datasets/masoudnickparvar/brain-tumor-mri-dataset/versions/2/Training/glioma/Tr-gl_88.jpg,TUMOR,train
C:/Users/Ankit/.cache/kagglehub/datasets/masoudnickparvar/brain-tumor-mri-dataset/versions/2/Testing/meningioma/Te-me_286.jpg,TUMOR,train
C:/Users/Ankit/.cache/kagglehub/datasets/masoudnickparvar/brain-tumor-mri-dataset/versions/2/Testing/pituitary/Te-pi_106.jpg,TUMOR,train
C:/Users/Ankit/.cache/kagglehub/datasets/masoudnickparvar/brain-tumor-mri-dataset/versions/2/Testing/pituitary/Te-pi_322.jpg,TUMOR,train
C:/Users/Ankit/.cache/kagglehub/datasets/masoudnickparvar/brain-tumor-mri-dataset/versions/2/Testing/meningioma/Te-me_186.jpg,TUMOR,train
C:/Users/Ankit/.cache/kagglehub/datasets/masoudnickparvar/brain-tumor-mri-dataset/versions/2/Training/pituitary/Tr-pi_1121.jpg,TUMOR,train
C:/Users/Ankit/.cache/kagglehub/datasets/masoudnickparvar/brain-tumor-mri-dataset/versions/2/Testing/pituitary/Te-pi_25.jpg,TUMOR,train
C:/Users/Ankit/.cache/kagglehub/datasets/masoudnickparvar/brain-tumor-mri-dataset/versions/2/Testing/meningioma/Te-me_190.jpg,TUMOR,train
C:/Users/Ankit/.cache/kagglehub/datasets/masoudnickparvar/brain-tumor-mri-dataset/versions/2/Training/meningioma/Tr-me_402.jpg,TUMOR,train
C:/Users/Ankit/.cache/kagglehub/datasets/masoudnickparvar/brain-tumor-mri-dataset/versions/2/Training/meningioma/Tr-aug-me_48.jpg,TUMOR,train
C:/Users/Ankit/.cache/kagglehub/datasets/masoudnickparvar/brain-tumor-mri-dataset/versions/2/Training/meningioma/Tr-me_417.jpg,TUMOR,train
C:/Users/Ankit/.cache/kagglehub/datasets/masoudnickparvar/brain-tumor-mri-dataset/versions/2/Training/meningioma/Tr-me_930.jpg,TUMOR,train
C:/Users/Ankit/.cache/kagglehub/datasets/masoudnickparvar/brain-tumor-mri-dataset/versions/2/Training/meningioma/Tr-me_125.jpg,TUMOR,train
C:/Users/Ankit/.cache/kagglehub/datasets/masoudnickparvar/brain-tumor-mri-dataset/versions/2/Training/pituitary/Tr-pi_1278.jpg,TUMOR,train
C:/Users/Ankit/.cache/kagglehub/datasets/masoudnickparvar/brain-tumor-mri-dataset/versions/2/Training/glioma/Tr-gl_1206.jpg,TUMOR,train
C:/Users/Ankit/.cache/kagglehub/datasets/masoudnickparvar/brain-tumor-mri-dataset/versions/2/Training/meningioma/Tr-me_26.jpg,TUMOR,train
C:/Users/Ankit/.cache/kagglehub/datasets/masoudnickparvar/brain-tumor-mri-dataset/versions/2/Training/meningioma/Tr-me_738.jpg,TUMOR,train
C:/Users/Ankit/.cache/kagglehub/datasets/masoudnickparvar/brain-tumor-mri-dataset/versions/2/Training/pituitary/Tr-pi_787.jpg,TUMOR,train
C:/Users/Ankit/.cache/kagglehub/datasets/masoudnickparvar/brain-tumor-mri-dataset/versions/2/Training/pituitary/Tr-pi_1138.jpg,TUMOR,train
C:/Users/Ankit/.cache/kagglehub/datasets/masoudnickparvar/brain-tumor-mri-dataset/versions/2/Training/pituitary/Tr-pi_1185.jpg,TUMOR,train
C:/Users/Ankit/.cache/kagglehub/datasets/masoudnickparvar/brain-tumor-mri-dataset/versions/2/Testing/meningioma/Te-aug-me_67.jpg,TUMOR,train
C:/Users/Ankit/.cache/kagglehub/datasets/masoudnickparvar/brain-tumor-mri-dataset/versions/2/Training/glioma/Tr-gl_993.jpg,TUMOR,train
C:/Users/Ankit/.cache/kagglehub/datasets/masoudnickparvar/brain-tumor-mri-dataset/versions/2/Training/glioma/Tr-gl_54.jpg,TUMOR,train
C:/Users/Ankit/.cache/kagglehub/datasets/masoudnickparvar/brain-tumor-mri-dataset/versions/2/Testing/glioma/Te-gl_380.jpg,TUMOR,train
C:/Users/Ankit/.cache/kagglehub/datasets/masoudnickparvar/brain-tumor-mri-dataset/versions/2/Testing/meningioma/Te-me_266.jpg,TUMOR,train
C:/Users/Ankit/.cache/kagglehub/datasets/masoudnickparvar/brain-tumor-mri-dataset/versions/2/Training/meningioma/Tr-me_270.jpg,TUMOR,train
C:/Users/Ankit/.cache/kagglehub/datasets/masoudnickparvar/brain-tumor-mri-dataset/versions/2/Training/glioma/Tr-gl_1146.jpg,TUMOR,train
C:/Users/Ankit/.cache/kagglehub/datasets/masoudnickparvar/brain-tumor-mri-dataset/versions/2/Testing/pituitary/Te-pi_196.jpg,TUMOR,train
C:/Users/Ankit/.cache/kagglehub/datasets/masoudnickparvar/brain-tumor-mri-dataset/versions/2/Training/pituitary/Tr-pi_541.jpg,TUMOR,train
C:/Users/Ankit/.cache/kagglehub/datasets/masoudnickparvar/brain-tumor-mri-dataset/versions/2/Training/meningioma/Tr-me_147.jpg,TUMOR,train
C:/Users/Ankit/.cache/kagglehub/datasets/masoudnickparvar/brain-tumor-mri-dataset/versions/2/Training/glioma/Tr-gl_1061.jpg,TUMOR,train
C:/Users/Ankit/.cache/kagglehub/datasets/masoudnickparvar/brain-tumor-mri-dataset/versions/2/Training/meningioma/Tr-me_607.jpg,TUMOR,train
C:/Users/Ankit/.cache/kagglehub/datasets/masoudnickparvar/brain-tumor-mri-dataset/versions/2/Training/glioma/Tr-gl_1378.jpg,TUMOR,train
C:/Users/Ankit/.cache/kagglehub/datasets/masoudnickparvar/brain-tumor-mri-dataset/versions/2/Training/pituitary/Tr-pi_1287.jpg,TUMOR,train
C:/Users/Ankit/.cache/kagglehub/datasets/masoudnickparvar/brain-tumor-mri-dataset/versions/2/Training/glioma/Tr-gl_590.jpg,TUMOR,train
C:/Users/Ankit/.cache/kagglehub/datasets/masoudnickparvar/brain-tumor-mri-dataset/versions/2/Training/glioma/Tr-gl_1395.jpg,TUMOR,train
C:/Users/Ankit/.cache/kagglehub/datasets/masoudnickparvar/brain-tumor-mri-dataset/versions/2/Training/glioma/Tr-gl_83.jpg,TUMOR,train
C:/Users/Ankit/.cache/kagglehub/datasets/masoudnickparvar/brain-tumor-mri-dataset/versions/2/Training/glioma/Tr-gl_264.jpg,TUMOR,train
C:/Users/Ankit/.cache/kagglehub/datasets/masoudnickparvar/brain-tumor-mri-dataset/versions/2/Testing/pituitary/Te-pi_276.jpg,TUMOR,train
C:/Users/Ankit/.cache/kagglehub/datasets/masoudnickparvar/brain-tumor-mri-dataset/versions/2/Testing/meningioma/Te-aug-me_36.jpg,TUMOR,train
C:/Users/Ankit/.cache/kagglehub/datasets/masoudnickparvar/brain-tumor-mri-dataset/versions/2/Training/meningioma/Tr-me_511.jpg,TUMOR,train
C:/Users/Ankit/.cache/kagglehub/datasets/masoudnickparvar/brain-tumor-mri-dataset/versions/2/Training/glioma/Tr-gl_268.jpg,TUMOR,train
C:/Users/Ankit/.cache/kagglehub/datasets/masoudnickparvar/brain-tumor-mri-dataset/versions/2/Testing/glioma/Te-gl_63.jpg,TUMOR,train
C:/Users/Ankit/.cache/kagglehub/datasets/masoudnickparvar/brain-tumor-mri-dataset/versions/2/Training/glioma/Tr-gl_1252.jpg,TUMOR,train
C:/Users/Ankit/.cache/kagglehub/datasets/masoudnickparvar/brain-tumor-mri-dataset/versions/2/Training/meningioma/Tr-me_79.jpg,TUMOR,train
C:/Users/Ankit/.cache/kagglehub/datasets/masoudnickparvar/brain-tumor-mri-dataset/versions/2/Training/meningioma/Tr-me_111.jpg,TUMOR,train
C:/Users/Ankit/.cache/kagglehub/datasets/masoudnickparvar/brain-tumor-mri-dataset/versions/2/Training/pituitary/Tr-pi_727.jpg,TUMOR,train
C:/Users/Ankit/.cache/kagglehub/datasets/masoudnickparvar/brain-tumor-mri-dataset/versions/2/Training/glioma/Tr-gl_354.jpg,TUMOR,train
C:/Users/Ankit/.cache/kagglehub/datasets/masoudnickparvar/brain-tumor-mri-dataset/versions/2/Training/pituitary/Tr-pi_1102.jpg,TUMOR,train
C:/Users/Ankit/.cache/kagglehub/datasets/masoudnickparvar/brain-tumor-mri-dataset/versions/2/Training/meningioma/Tr-me_892.jpg,TUMOR,train
C:/Users/Ankit/.cache/kagglehub/datasets/masoudnickparvar/brain-tumor-mri-dataset/versions/2/Training/pituitary/Tr-pi_279.jpg,TUMOR,train
C:/Users/Ankit/.cache/kagglehub/datasets/masoudnickparvar/brain-tumor-mri-dataset/versions/2/Testing/meningioma/Te-me_28.jpg,TUMOR,train
C:/Users/Ankit/.cache/kagglehub/datasets/masoudnickparvar/brain-tumor-mri-dataset/versions/2/Training/glioma/Tr-gl_1115.jpg,TUMOR,train
C:/Users/Ankit/.cache/kagglehub/datasets/masoudnickparvar/brain-tumor-mri-dataset/versions/2/Training/meningioma/Tr-me_960.jpg,TUMOR,train
C:/Users/Ankit/.cache/kagglehub/datasets/masoudnickparvar/brain-tumor-mri-dataset/versions/2/Testing/glioma/Te-gl_176.jpg,TUMOR,train
C:/Users/Ankit/.cache/kagglehub/datasets/masoudnickparvar/brain-tumor-mri-dataset/versions/2/Training/glioma/Tr-gl_151.jpg,TUMOR,train
C:/Users/Ankit/.cache/kagglehub/datasets/masoudnickparvar/brain-tumor-mri-dataset/versions/2/Testing/meningioma/Te-aug-me_70.jpg,TUMOR,train
C:/Users/Ankit/.cache/kagglehub/datasets/masoudnickparvar/brain-tumor-mri-dataset/versions/2/Training/pituitary/Tr-pi_1041.jpg,TUMOR,train
C:/Users/Ankit/.cache/kagglehub/datasets/masoudnickparvar/brain-tumor-mri-dataset/versions/2/Training/glioma/Tr-gl_198.jpg,TUMOR,train
C:/Users/Ankit/.cache/kagglehub/datasets/masoudnickparvar/brain-tumor-mri-dataset/versions/2/Training/meningioma/Tr-aug-me_29.jpg,TUMOR,train
C:/Users/Ankit/.cache/kagglehub/datasets/masoudnickparvar/brain-tumor-mri-dataset/versions/2/Training/pituitary/Tr-pi_351.jpg,TUMOR,train
C:/Users/Ankit/.cache/kagglehub/datasets/masoudnickparvar/brain-tumor-mri-dataset/versions/2/Training/glioma/Tr-gl_149.jpg,TUMOR,train
C:/Users/Ankit/.cache/kagglehub/datasets/masoudnickparvar/brain-tumor-mri-dataset/versions/2/Training/glioma/Tr-gl_772.jpg,TUMOR,train
C:/Users/Ankit/.cache/kagglehub/datasets/masoudnickparvar/brain-tumor-mri-dataset/versions/2/Training/glioma/Tr-gl_240.jpg,TUMOR,train
C:/Users/Ankit/.cache/kagglehub/datasets/masoudnickparvar/brain-tumor-mri-dataset/versions/2/Training/glioma/Tr-gl_781.jpg,TUMOR,train
C:/Users/Ankit/.cache/kagglehub/datasets/masoudnickparvar/brain-tumor-mri-dataset/versions/2/Training/pituitary/Tr-pi_250.jpg,TUMOR,train
C:/Users/Ankit/.cache/kagglehub/datasets/masoudnickparvar/brain-tumor-mri-dataset/versions/2/Training/pituitary/Tr-pi_786.jpg,TUMOR,train
C:/Users/Ankit/.cache/kagglehub/datasets/masoudnickparvar/brain-tumor-mri-dataset/versions/2/Testing/glioma/Te-gl_386.jpg,TUMOR,train
C:/Users/Ankit/.cache/kagglehub/datasets/masoudnickparvar/brain-tumor-mri-dataset/versions/2/Training/meningioma/Tr-me_795.jpg,TUMOR,train
C:/Users/Ankit/.cache/kagglehub/datasets/masoudnickparvar/brain-tumor-mri-dataset/versions/2/Training/glioma/Tr-gl_353.jpg,TUMOR,train
C:/Users/Ankit/.cache/kagglehub/datasets/masoudnickparvar/brain-tumor-mri-dataset/versions/2/Training/pituitary/Tr-pi_1318.jpg,TUMOR,train
C:/Users/Ankit/.cache/kagglehub/datasets/masoudnickparvar/brain-tumor-mri-dataset/versions/2/Training/glioma/Tr-gl_266.jpg,TUMOR,train
C:/Users/Ankit/.cache/kagglehub/datasets/masoudnickparvar/brain-tumor-mri-dataset/versions/2/Testing/glioma/Te-gl_255.jpg,TUMOR,train
C:/Users/Ankit/.cache/kagglehub/datasets/masoudnickparvar/brain-tumor-mri-dataset/versions/2/Training/pituitary/Tr-pi_1232.jpg,TUMOR,train
C:/Users/Ankit/.cache/kagglehub/datasets/masoudnickparvar/brain-tumor-mri-dataset/versions/2/Training/meningioma/Tr-me_575.jpg,TUMOR,train
C:/Users/Ankit/.cache/kagglehub/datasets/masoudnickparvar/brain-tumor-mri-dataset/versions/2/Training/glioma/Tr-gl_1382.jpg,TUMOR,train
C:/Users/Ankit/.cache/kagglehub/datasets/masoudnickparvar/brain-tumor-mri-dataset/versions/2/Training/pituitary/Tr-pi_644.jpg,TUMOR,train
C:/Users/Ankit/.cache/kagglehub/datasets/masoudnickparvar/brain-tumor-mri-dataset/versions/2/Training/pituitary/Tr-pi_625.jpg,TUMOR,train
C:/Users/Ankit/.cache/kagglehub/datasets/masoudnickparvar/brain-tumor-mri-dataset/versions/2/Training/meningioma/Tr-me_370.jpg,TUMOR,train
C:/Users/Ankit/.cache/kagglehub/datasets/masoudnickparvar/brain-tumor-mri-dataset/versions/2/Training/meningioma/Tr-me_1030.jpg,TUMOR,train
C:/Users/Ankit/.cache/kagglehub/datasets/masoudnickparvar/brain-tumor-mri-dataset/versions/2/Training/meningioma/Tr-me_470.jpg,TUMOR,train
C:/Users/Ankit/.cache/kagglehub/datasets/masoudnickparvar/brain-tumor-mri-dataset/versions/2/Training/glioma/Tr-gl_718.jpg,TUMOR,train
C:/Users/Ankit/.cache/kagglehub/datasets/masoudnickparvar/brain-tumor-mri-dataset/versions/2/Training/glioma/Tr-gl_502.jpg,TUMOR,train
C:/Users/Ankit/.cache/kagglehub/datasets/masoudnickparvar/brain-tumor-mri-dataset/versions/2/Testing/pituitary/Te-pi_227.jpg,TUMOR,train
C:/Users/Ankit/.cache/kagglehub/datasets/masoudnickparvar/brain-tumor-mri-dataset/versions/2/Training/pituitary/Tr-pi_321.jpg,TUMOR,train
C:/Users/Ankit/.cache/kagglehub/datasets/masoudnickparvar/brain-tumor-mri-dataset/versions/2/Training/glioma/Tr-gl_621.jpg,TUMOR,train
C:/Users/Ankit/.cache/kagglehub/datasets/masoudnickparvar/brain-tumor-mri-dataset/versions/2/Training/pituitary/Tr-pi_1290.jpg,TUMOR,train
C:/Users/Ankit/.cache/kagglehub/datasets/masoudnickparvar/brain-tumor-mri-dataset/versions/2/Testing/meningioma/Te-me_122.jpg,TUMOR,train
C:/Users/Ankit/.cache/kagglehub/datasets/masoudnickparvar/brain-tumor-mri-dataset/versions/2/Testing/meningioma/Te-me_294.jpg,TUMOR,train
C:/Users/Ankit/.cache/kagglehub/datasets/masoudnickparvar/brain-tumor-mri-dataset/versions/2/Training/pituitary/Tr-pi_967.jpg,TUMOR,train
C:/Users/Ankit/.cache/kagglehub/datasets/masoudnickparvar/brain-tumor-mri-dataset/versions/2/Training/pituitary/Tr-pi_821.jpg,TUMOR,train
C:/Users/Ankit/.cache/kagglehub/datasets/masoudnickparvar/brain-tumor-mri-dataset/versions/2/Training/glioma/Tr-gl_492.jpg,TUMOR,train
C:/Users/Ankit/.cache/kagglehub/datasets/masoudnickparvar/brain-tumor-mri-dataset/versions/2/Training/pituitary/Tr-pi_796.jpg,TUMOR,train
C:/Users/Ankit/.cache/kagglehub/datasets/masoudnickparvar/brain-tumor-mri-dataset/versions/2/Training/pituitary/Tr-pi_1127.jpg,TUMOR,train
C:/Users/Ankit/.cache/kagglehub/datasets/masoudnickparvar/brain-tumor-mri-dataset/versions/2/Training/glioma/Tr-gl_1127.jpg,TUMOR,train
C:/Users/Ankit/.cache/kagglehub/datasets/masoudnickparvar/brain-tumor-mri-dataset/versions/2/Training/pituitary/Tr-pi_1197.jpg,TUMOR,train
C:/Users/Ankit/.cache/kagglehub/datasets/masoudnickparvar/brain-tumor-mri-dataset/versions/2/Testing/pituitary/Te-pi_320.jpg,TUMOR,train
C:/Users/Ankit/.cache/kagglehub/datasets/masoudnickparvar/brain-tumor-mri-dataset/versions/2/Training/meningioma/Tr-me_215.jpg,TUMOR,train
C:/Users/Ankit/.cache/kagglehub/datasets/masoudnickparvar/brain-tumor-mri-dataset/versions/2/Training/pituitary/Tr-pi_1203.jpg,TUMOR,train
C:/Users/Ankit/.cache/kagglehub/datasets/masoudnickparvar/brain-tumor-mri-dataset/versions/2/Training/meningioma/Tr-me_227.jpg,TUMOR,train
C:/Users/Ankit/.cache/kagglehub/datasets/masoudnickparvar/brain-tumor-mri-dataset/versions/2/Testing/pituitary/Te-pi_158.jpg,TUMOR,train
C:/Users/Ankit/.cache/kagglehub/datasets/masoudnickparvar/brain-tumor-mri-dataset/versions/2/Training/pituitary/Tr-pi_792.jpg,TUMOR,train
C:/Users/Ankit/.cache/kagglehub/datasets/masoudnickparvar/brain-tumor-mri-dataset/versions/2/Training/glioma/Tr-gl_1029.jpg,TUMOR,train
C:/Users/Ankit/.cache/kagglehub/datasets/masoudnickparvar/brain-tumor-mri-dataset/versions/2/Training/pituitary/Tr-pi_965.jpg,TUMOR,train
C:/Users/Ankit/.cache/kagglehub/datasets/masoudnickparvar/brain-tumor-mri-dataset/versions/2/Testing/glioma/Te-gl_127.jpg,TUMOR,train
C:/Users/Ankit/.cache/kagglehub/datasets/masoudnickparvar/brain-tumor-mri-dataset/versions/2/Testing/glioma/Te-gl_300.jpg,TUMOR,train
C:/Users/Ankit/.cache/kagglehub/datasets/masoudnickparvar/brain-tumor-mri-dataset/versions/2/Training/glioma/Tr-gl_868.jpg,TUMOR,train
C:/Users/Ankit/.cache/kagglehub/datasets/masoudnickparvar/brain-tumor-mri-dataset/versions/2/Training/pituitary/Tr-pi_1027.jpg,TUMOR,train
C:/Users/Ankit/.cache/kagglehub/datasets/masoudnickparvar/brain-tumor-mri-dataset/versions/2/Training/glioma/Tr-gl_1375.jpg,TUMOR,train
C:/Users/Ankit/.cache/kagglehub/datasets/masoudnickparvar/brain-tumor-mri-dataset/versions/2/Testing/pituitary/Te-pi_192.jpg,TUMOR,train
C:/Users/Ankit/.cache/kagglehub/datasets/masoudnickparvar/brain-tumor-mri-dataset/versions/2/Testing/glioma/Te-gl_267.jpg,TUMOR,train
C:/Users/Ankit/.cache/kagglehub/datasets/masoudnickparvar/brain-tumor-mri-dataset/versions/2/Training/glioma/Tr-gl_1055.jpg,TUMOR,train
C:/Users/Ankit/.cache/kagglehub/datasets/masoudnickparvar/brain-tumor-mri-dataset/versions/2/Training/pituitary/Tr-pi_345.jpg,TUMOR,train
C:/Users/Ankit/.cache/kagglehub/datasets/masoudnickparvar/brain-tumor-mri-dataset/versions/2/Training/glioma/Tr-gl_600.jpg,TUMOR,train
C:/Users/Ankit/.cache/kagglehub/datasets/masoudnickparvar/brain-tumor-mri-dataset/versions/2/Training/pituitary/Tr-pi_330.jpg,TUMOR,train
C:/Users/Ankit/.cache/kagglehub/datasets/masoudnickparvar/brain-tumor-mri-dataset/versions/2/Training/glioma/Tr-gl_845.jpg,TUMOR,train
C:/Users/Ankit/.cache/kagglehub/datasets/masoudnickparvar/brain-tumor-mri-dataset/versions/2/Training/pituitary/Tr-pi_778.jpg,TUMOR,train
C:/Users/Ankit/.cache/kagglehub/datasets/masoudnickparvar/brain-tumor-mri-dataset/versions/2/Training/meningioma/Tr-me_1068.jpg,TUMOR,train
C:/Users/Ankit/.cache/kagglehub/datasets/masoudnickparvar/brain-tumor-mri-dataset/versions/2/Testing/pituitary/Te-pi_63.jpg,TUMOR,train
C:/Users/Ankit/.cache/kagglehub/datasets/masoudnickparvar/brain-tumor-mri-dataset/versions/2/Testing/meningioma/Te-aug-me_55.jpg,TUMOR,train
C:/Users/Ankit/.cache/kagglehub/datasets/masoudnickparvar/brain-tumor-mri-dataset/versions/2/Training/glioma/Tr-gl_242.jpg,TUMOR,train
C:/Users/Ankit/.cache/kagglehub/datasets/masoudnickparvar/brain-tumor-mri-dataset/versions/2/Training/glioma/Tr-gl_1190.jpg,TUMOR,train
C:/Users/Ankit/.cache/kagglehub/datasets/masoudnickparvar/brain-tumor-mri-dataset/versions/2/Testing/meningioma/Te-aug-me_66.jpg,TUMOR,train
C:/Users/Ankit/.cache/kagglehub/datasets/masoudnickparvar/brain-tumor-mri-dataset/versions/2/Training/glioma/Tr-gl_547.jpg,TUMOR,train
C:/Users/Ankit/.cache/kagglehub/datasets/masoudnickparvar/brain-tumor-mri-dataset/versions/2/Training/meningioma/Tr-me_181.jpg,TUMOR,train
C:/Users/Ankit/.cache/kagglehub/datasets/masoudnickparvar/brain-tumor-mri-dataset/versions/2/Testing/pituitary/Te-pi_173.jpg,TUMOR,train
C:/Users/Ankit/.cache/kagglehub/datasets/masoudnickparvar/brain-tumor-mri-dataset/versions/2/Training/pituitary/Tr-pi_141.jpg,TUMOR,train
C:/Users/Ankit/.cache/kagglehub/datasets/masoudnickparvar/brain-tumor-mri-dataset/versions/2/Training/glioma/Tr-gl_185.jpg,TUMOR,train
C:/Users/Ankit/.cache/kagglehub/datasets/masoudnickparvar/brain-tumor-mri-dataset/versions/2/Training/glioma/Tr-gl_288.jpg,TUMOR,train
C:/Users/Ankit/.cache/kagglehub/datasets/masoudnickparvar/brain-tumor-mri-dataset/versions/2/Training/glioma/Tr-gl_897.jpg,TUMOR,train
C:/Users/Ankit/.cache/kagglehub/datasets/masoudnickparvar/brain-tumor-mri-dataset/versions/2/Training/pituitary/Tr-pi_393.jpg,TUMOR,train
C:/Users/Ankit/.cache/kagglehub/datasets/masoudnickparvar/brain-tumor-mri-dataset/versions/2/Training/glioma/Tr-gl_220.jpg,TUMOR,train
C:/Users/Ankit/.cache/kagglehub/datasets/masoudnickparvar/brain-tumor-mri-dataset/versions/2/Training/meningioma/Tr-me_1008.jpg,TUMOR,train
C:/Users/Ankit/.cache/kagglehub/datasets/masoudnickparvar/brain-tumor-mri-dataset/versions/2/Training/pituitary/Tr-pi_1174.jpg,TUMOR,train
C:/Users/Ankit/.cache/kagglehub/datasets/masoudnickparvar/brain-tumor-mri-dataset/versions/2/Testing/pituitary/Te-pi_382.jpg,TUMOR,train
C:/Users/Ankit/.cache/kagglehub/datasets/masoudnickparvar/brain-tumor-mri-dataset/versions/2/Testing/glioma/Te-gl_40.jpg,TUMOR,train
C:/Users/Ankit/.cache/kagglehub/datasets/masoudnickparvar/brain-tumor-mri-dataset/versions/2/Training/meningioma/Tr-me_1052.jpg,TUMOR,train
C:/Users/Ankit/.cache/kagglehub/datasets/masoudnickparvar/brain-tumor-mri-dataset/versions/2/Training/pituitary/Tr-pi_623.jpg,TUMOR,train
C:/Users/Ankit/.cache/kagglehub/datasets/masoudnickparvar/brain-tumor-mri-dataset/versions/2/Training/pituitary/Tr-pi_1286.jpg,TUMOR,train
C:/Users/Ankit/.cache/kagglehub/datasets/masoudnickparvar/brain-tumor-mri-dataset/versions/2/Training/pituitary/Tr-pi_1387.jpg,TUMOR,train
C:/Users/Ankit/.cache/kagglehub/datasets/masoudnickparvar/brain-tumor-mri-dataset/versions/2/Testing/meningioma/Te-me_226.jpg,TUMOR,train
C:/Users/Ankit/.cache/kagglehub/datasets/masoudnickparvar/brain-tumor-mri-dataset/versions/2/Testing/meningioma/Te-me_22.jpg,TUMOR,train
C:/Users/Ankit/.cache/kagglehub/datasets/masoudnickparvar/brain-tumor-mri-dataset/versions/2/Testing/meningioma/Te-aug-me_33.jpg,TUMOR,train
C:/Users/Ankit/.cache/kagglehub/datasets/masoudnickparvar/brain-tumor-mri-dataset/versions/2/Testing/meningioma/Te-me_272.jpg,TUMOR,train
C:/Users/Ankit/.cache/kagglehub/datasets/masoudnickparvar/brain-tumor-mri-dataset/versions/2/Training/pituitary/Tr-pi_1339.jpg,TUMOR,train
C:/Users/Ankit/.cache/kagglehub/datasets/masoudnickparvar/brain-tumor-mri-dataset/versions/2/Training/glioma/Tr-gl_956.jpg,TUMOR,train
C:/Users/Ankit/.cache/kagglehub/datasets/masoudnickparvar/brain-tumor-mri-dataset/versions/2/Training/meningioma/Tr-me_1297.jpg,TUMOR,train
C:/Users/Ankit/.cache/kagglehub/datasets/masoudnickparvar/brain-tumor-mri-dataset/versions/2/Training/pituitary/Tr-pi_729.jpg,TUMOR,train
C:/Users/Ankit/.cache/kagglehub/datasets/masoudnickparvar/brain-tumor-mri-dataset/versions/2/Training/meningioma/Tr-me_1081.jpg,TUMOR,train
C:/Users/Ankit/.cache/kagglehub/datasets/masoudnickparvar/brain-tumor-mri-dataset/versions/2/Training/pituitary/Tr-pi_60.jpg,TUMOR,train
C:/Users/Ankit/.cache/kagglehub/datasets/masoudnickparvar/brain-tumor-mri-dataset/versions/2/Training/meningioma/Tr-me_494.jpg,TUMOR,train
C:/Users/Ankit/.cache/kagglehub/datasets/masoudnickparvar/brain-tumor-mri-dataset/versions/2/Training/meningioma/Tr-me_171.jpg,TUMOR,train
C:/Users/Ankit/.cache/kagglehub/datasets/masoudnickparvar/brain-tumor-mri-dataset/versions/2/Training/glioma/Tr-gl_244.jpg,TUMOR,train
C:/Users/Ankit/.cache/kagglehub/datasets/masoudnickparvar/brain-tumor-mri-dataset/versions/2/Testing/meningioma/Te-me_55.jpg,TUMOR,train
C:/Users/Ankit/.cache/kagglehub/datasets/masoudnickparvar/brain-tumor-mri-dataset/versions/2/Testing/glioma/Te-gl_325.jpg,TUMOR,train
C:/Users/Ankit/.cache/kagglehub/datasets/masoudnickparvar/brain-tumor-mri-dataset/versions/2/Testing/pituitary/Te-pi_65.jpg,TUMOR,train
C:/Users/Ankit/.cache/kagglehub/datasets/masoudnickparvar/brain-tumor-mri-dataset/versions/2/Testing/meningioma/Te-me_16.jpg,TUMOR,train
C:/Users/Ankit/.cache/kagglehub/datasets/masoudnickparvar/brain-tumor-mri-dataset/versions/2/Training/meningioma/Tr-me_353.jpg,TUMOR,train
C:/Users/Ankit/.cache/kagglehub/datasets/masoudnickparvar/brain-tumor-mri-dataset/versions/2/Testing/pituitary/Te-pi_75.jpg,TUMOR,train
C:/Users/Ankit/.cache/kagglehub/datasets/masoudnickparvar/brain-tumor-mri-dataset/versions/2/Training/pituitary/Tr-pi_202.jpg,TUMOR,train
C:/Users/Ankit/.cache/kagglehub/datasets/masoudnickparvar/brain-tumor-mri-dataset/versions/2/Testing/glioma/Te-gl_144.jpg,TUMOR,train
C:/Users/Ankit/.cache/kagglehub/datasets/masoudnickparvar/brain-tumor-mri-dataset/versions/2/Training/meningioma/Tr-me_1156.jpg,TUMOR,train
C:/Users/Ankit/.cache/kagglehub/datasets/masoudnickparvar/brain-tumor-mri-dataset/versions/2/Training/meningioma/Tr-me_1073.jpg,TUMOR,train
C:/Users/Ankit/.cache/kagglehub/datasets/masoudnickparvar/brain-tumor-mri-dataset/versions/2/Training/glioma/Tr-gl_937.jpg,TUMOR,train
C:/Users/Ankit/.cache/kagglehub/datasets/masoudnickparvar/brain-tumor-mri-dataset/versions/2/Training/glioma/Tr-gl_673.jpg,TUMOR,train
C:/Users/Ankit/.cache/kagglehub/datasets/masoudnickparvar/brain-tumor-mri-dataset/versions/2/Training/glioma/Tr-gl_1248.jpg,TUMOR,train
C:/Users/Ankit/.cache/kagglehub/datasets/masoudnickparvar/brain-tumor-mri-dataset/versions/2/Training/pituitary/Tr-pi_1340.jpg,TUMOR,train
C:/Users/Ankit/.cache/kagglehub/datasets/masoudnickparvar/brain-tumor-mri-dataset/versions/2/Training/glioma/Tr-gl_63.jpg,TUMOR,train
C:/Users/Ankit/.cache/kagglehub/datasets/masoudnickparvar/brain-tumor-mri-dataset/versions/2/Testing/glioma/Te-gl_293.jpg,TUMOR,train
C:/Users/Ankit/.cache/kagglehub/datasets/masoudnickparvar/brain-tumor-mri-dataset/versions/2/Training/meningioma/Tr-me_562.jpg,TUMOR,train
C:/Users/Ankit/.cache/kagglehub/datasets/masoudnickparvar/brain-tumor-mri-dataset/versions/2/Training/glioma/Tr-gl_325.jpg,TUMOR,train
C:/Users/Ankit/.cache/kagglehub/datasets/masoudnickparvar/brain-tumor-mri-dataset/versions/2/Training/pituitary/Tr-pi_603.jpg,TUMOR,train
C:/Users/Ankit/.cache/kagglehub/datasets/masoudnickparvar/brain-tumor-mri-dataset/versions/2/Testing/pituitary/Te-pi_226.jpg,TUMOR,train
C:/Users/Ankit/.cache/kagglehub/datasets/masoudnickparvar/brain-tumor-mri-dataset/versions/2/Training/meningioma/Tr-me_1279.jpg,TUMOR,train
C:/Users/Ankit/.cache/kagglehub/datasets/masoudnickparvar/brain-tumor-mri-dataset/versions/2/Training/meningioma/Tr-me_115.jpg,TUMOR,train
C:/Users/Ankit/.cache/kagglehub/datasets/masoudnickparvar/brain-tumor-mri-dataset/versions/2/Testing/pituitary/Te-pi_177.jpg,TUMOR,train
C:/Users/Ankit/.cache/kagglehub/datasets/masoudnickparvar/brain-tumor-mri-dataset/versions/2/Training/glioma/Tr-gl_311.jpg,TUMOR,train
C:/Users/Ankit/.cache/kagglehub/datasets/masoudnickparvar/brain-tumor-mri-dataset/versions/2/Training/meningioma/Tr-me_954.jpg,TUMOR,train
C:/Users/Ankit/.cache/kagglehub/datasets/masoudnickparvar/brain-tumor-mri-dataset/versions/2/Training/glioma/Tr-gl_1059.jpg,TUMOR,train
C:/Users/Ankit/.cache/kagglehub/datasets/masoudnickparvar/brain-tumor-mri-dataset/versions/2/Training/glioma/Tr-gl_226.jpg,TUMOR,train
C:/Users/Ankit/.cache/kagglehub/datasets/masoudnickparvar/brain-tumor-mri-dataset/versions/2/Training/pituitary/Tr-pi_677.jpg,TUMOR,train
C:/Users/Ankit/.cache/kagglehub/datasets/masoudnickparvar/brain-tumor-mri-dataset/versions/2/Training/meningioma/Tr-me_1160.jpg,TUMOR,train
C:/Users/Ankit/.cache/kagglehub/datasets/masoudnickparvar/brain-tumor-mri-dataset/versions/2/Training/glioma/Tr-gl_962.jpg,TUMOR,train
C:/Users/Ankit/.cache/kagglehub/datasets/masoudnickparvar/brain-tumor-mri-dataset/versions/2/Training/pituitary/Tr-pi_1316.jpg,TUMOR,train
C:/Users/Ankit/.cache/kagglehub/datasets/masoudnickparvar/brain-tumor-mri-dataset/versions/2/Testing/meningioma/Te-aug-me_25.jpg,TUMOR,train
C:/Users/Ankit/.cache/kagglehub/datasets/masoudnickparvar/brain-tumor-mri-dataset/versions/2/Training/meningioma/Tr-me_516.jpg,TUMOR,train
C:/Users/Ankit/.cache/kagglehub/datasets/masoudnickparvar/brain-tumor-mri-dataset/versions/2/Training/meningioma/Tr-me_1175.jpg,TUMOR,train
C:/Users/Ankit/.cache/kagglehub/datasets/masoudnickparvar/brain-tumor-mri-dataset/versions/2/Training/pituitary/Tr-pi_484.jpg,TUMOR,train
C:/Users/Ankit/.cache/kagglehub/datasets/masoudnickparvar/brain-tumor-mri-dataset/versions/2/Testing/pituitary/Te-pi_280.jpg,TUMOR,train
C:/Users/Ankit/.cache/kagglehub/datasets/masoudnickparvar/brain-tumor-mri-dataset/versions/2/Training/meningioma/Tr-me_1.jpg,TUMOR,train
C:/Users/Ankit/.cache/kagglehub/datasets/masoudnickparvar/brain-tumor-mri-dataset/versions/2/Testing/meningioma/Te-aug-me_89.jpg,TUMOR,train
C:/Users/Ankit/.cache/kagglehub/datasets/masoudnickparvar/brain-tumor-mri-dataset/versions/2/Testing/pituitary/Te-pi_338.jpg,TUMOR,train
C:/Users/Ankit/.cache/kagglehub/datasets/masoudnickparvar/brain-tumor-mri-dataset/versions/2/Training/meningioma/Tr-me_145.jpg,TUMOR,train
C:/Users/Ankit/.cache/kagglehub/datasets/masoudnickparvar/brain-tumor-mri-dataset/versions/2/Testing/meningioma/Te-me_91.jpg,TUMOR,train
C:/Users/Ankit/.cache/kagglehub/datasets/masoudnickparvar/brain-tumor-mri-dataset/versions/2/Training/meningioma/Tr-me_582.jpg,TUMOR,train
C:/Users/Ankit/.cache/kagglehub/datasets/masoudnickparvar/brain-tumor-mri-dataset/versions/2/Training/pituitary/Tr-pi_991.jpg,TUMOR,train
C:/Users/Ankit/.cache/kagglehub/datasets/masoudnickparvar/brain-tumor-mri-dataset/versions/2/Testing/meningioma/Te-me_276.jpg,TUMOR,train
C:/Users/Ankit/.cache/kagglehub/datasets/masoudnickparvar/brain-tumor-mri-dataset/versions/2/Training/pituitary/Tr-pi_20.jpg,TUMOR,train
C:/Users/Ankit/.cache/kagglehub/datasets/masoudnickparvar/brain-tumor-mri-dataset/versions/2/Testing/meningioma/Te-me_140.jpg,TUMOR,train
C:/Users/Ankit/.cache/kagglehub/datasets/masoudnickparvar/brain-tumor-mri-dataset/versions/2/Training/meningioma/Tr-me_896.jpg,TUMOR,train
C:/Users/Ankit/.cache/kagglehub/datasets/masoudnickparvar/brain-tumor-mri-dataset/versions/2/Training/glioma/Tr-gl_1043.jpg,TUMOR,train
C:/Users/Ankit/.cache/kagglehub/datasets/masoudnickparvar/brain-tumor-mri-dataset/versions/2/Training/meningioma/Tr-me_158.jpg,TUMOR,train
C:/Users/Ankit/.cache/kagglehub/datasets/masoudnickparvar/brain-tumor-mri-dataset/versions/2/Training/glioma/Tr-gl_538.jpg,TUMOR,train
C:/Users/Ankit/.cache/kagglehub/datasets/masoudnickparvar/brain-tumor-mri-dataset/versions/2/Training/pituitary/Tr-pi_920.jpg,TUMOR,train
C:/Users/Ankit/.cache/kagglehub/datasets/masoudnickparvar/brain-tumor-mri-dataset/versions/2/Training/meningioma/Tr-me_545.jpg,TUMOR,train
C:/Users/Ankit/.cache/kagglehub/datasets/masoudnickparvar/brain-tumor-mri-dataset/versions/2/Training/glioma/Tr-gl_963.jpg,TUMOR,train
C:/Users/Ankit/.cache/kagglehub/datasets/masoudnickparvar/brain-tumor-mri-dataset/versions/2/Testing/meningioma/Te-me_8.jpg,TUMOR,train
C:/Users/Ankit/.cache/kagglehub/datasets/masoudnickparvar/brain-tumor-mri-dataset/versions/2/Training/meningioma/Tr-me_465.jpg,TUMOR,train
C:/Users/Ankit/.cache/kagglehub/datasets/masoudnickparvar/brain-tumor-mri-dataset/versions/2/Training/meningioma/Tr-me_338.jpg,TUMOR,train
C:/Users/Ankit/.cache/kagglehub/datasets/masoudnickparvar/brain-tumor-mri-dataset/versions/2/Training/meningioma/Tr-me_742.jpg,TUMOR,train
C:/Users/Ankit/.cache/kagglehub/datasets/masoudnickparvar/brain-tumor-mri-dataset/versions/2/Training/meningioma/Tr-me_1067.jpg,TUMOR,train
C:/Users/Ankit/.cache/kagglehub/datasets/masoudnickparvar/brain-tumor-mri-dataset/versions/2/Training/meningioma/Tr-me_449.jpg,TUMOR,train
C:/Users/Ankit/.cache/kagglehub/datasets/masoudnickparvar/brain-tumor-mri-dataset/versions/2/Training/glioma/Tr-gl_342.jpg,TUMOR,train
C:/Users/Ankit/.cache/kagglehub/datasets/masoudnickparvar/brain-tumor-mri-dataset/versions/2/Training/meningioma/Tr-me_728.jpg,TUMOR,train
C:/Users/Ankit/.cache/kagglehub/datasets/masoudnickparvar/brain-tumor-mri-dataset/versions/2/Training/meningioma/Tr-me_57.jpg,TUMOR,train
C:/Users/Ankit/.cache/kagglehub/datasets/masoudnickparvar/brain-tumor-mri-dataset/versions/2/Training/glioma/Tr-gl_243.jpg,TUMOR,train
C:/Users/Ankit/.cache/kagglehub/datasets/masoudnickparvar/brain-tumor-mri-dataset/versions/2/Training/pituitary/Tr-pi_409.jpg,TUMOR,train
C:/Users/Ankit/.cache/kagglehub/datasets/masoudnickparvar/brain-tumor-mri-dataset/versions/2/Training/pituitary/Tr-pi_26.jpg,TUMOR,train
C:/Users/Ankit/.cache/kagglehub/datasets/masoudnickparvar/brain-tumor-mri-dataset/versions/2/Training/meningioma/Tr-me_570.jpg,TUMOR,train
C:/Users/Ankit/.cache/kagglehub/datasets/masoudnickparvar/brain-tumor-mri-dataset/versions/2/Training/pituitary/Tr-pi_1125.jpg,TUMOR,train
C:/Users/Ankit/.cache/kagglehub/datasets/masoudnickparvar/brain-tumor-mri-dataset/versions/2/Training/pituitary/Tr-pi_1233.jpg,TUMOR,train
C:/Users/Ankit/.cache/kagglehub/datasets/masoudnickparvar/brain-tumor-mri-dataset/versions/2/Training/glioma/Tr-gl_832.jpg,TUMOR,train
C:/Users/Ankit/.cache/kagglehub/datasets/masoudnickparvar/brain-tumor-mri-dataset/versions/2/Training/meningioma/Tr-me_206.jpg,TUMOR,train
C:/Users/Ankit/.cache/kagglehub/datasets/masoudnickparvar/brain-tumor-mri-dataset/versions/2/Training/meningioma/Tr-aug-me_66.jpg,TUMOR,train
C:/Users/Ankit/.cache/kagglehub/datasets/masoudnickparvar/brain-tumor-mri-dataset/versions/2/Training/glioma/Tr-gl_686.jpg,TUMOR,train
C:/Users/Ankit/.cache/kagglehub/datasets/masoudnickparvar/brain-tumor-mri-dataset/versions/2/Testing/pituitary/Te-pi_309.jpg,TUMOR,train
C:/Users/Ankit/.cache/kagglehub/datasets/masoudnickparvar/brain-tumor-mri-dataset/versions/2/Testing/meningioma/Te-me_130.jpg,TUMOR,train
C:/Users/Ankit/.cache/kagglehub/datasets/masoudnickparvar/brain-tumor-mri-dataset/versions/2/Training/glioma/Tr-gl_1011.jpg,TUMOR,train
C:/Users/Ankit/.cache/kagglehub/datasets/masoudnickparvar/brain-tumor-mri-dataset/versions/2/Training/meningioma/Tr-aug-me_43.jpg,TUMOR,train
C:/Users/Ankit/.cache/kagglehub/datasets/masoudnickparvar/brain-tumor-mri-dataset/versions/2/Testing/meningioma/Te-me_241.jpg,TUMOR,train
C:/Users/Ankit/.cache/kagglehub/datasets/masoudnickparvar/brain-tumor-mri-dataset/versions/2/Testing/meningioma/Te-me_189.jpg,TUMOR,train
C:/Users/Ankit/.cache/kagglehub/datasets/masoudnickparvar/brain-tumor-mri-dataset/versions/2/Training/meningioma/Tr-me_669.jpg,TUMOR,train
C:/Users/Ankit/.cache/kagglehub/datasets/masoudnickparvar/brain-tumor-mri-dataset/versions/2/Training/pituitary/Tr-pi_1012.jpg,TUMOR,train
C:/Users/Ankit/.cache/kagglehub/datasets/masoudnickparvar/brain-tumor-mri-dataset/versions/2/Testing/pituitary/Te-pi_175.jpg,TUMOR,train
C:/Users/Ankit/.cache/kagglehub/datasets/masoudnickparvar/brain-tumor-mri-dataset/versions/2/Training/meningioma/Tr-me_541.jpg,TUMOR,train
C:/Users/Ankit/.cache/kagglehub/datasets/masoudnickparvar/brain-tumor-mri-dataset/versions/2/Training/meningioma/Tr-me_36.jpg,TUMOR,train
C:/Users/Ankit/.cache/kagglehub/datasets/masoudnickparvar/brain-tumor-mri-dataset/versions/2/Training/meningioma/Tr-me_93.jpg,TUMOR,train
C:/Users/Ankit/.cache/kagglehub/datasets/masoudnickparvar/brain-tumor-mri-dataset/versions/2/Testing/meningioma/Te-aug-me_95.jpg,TUMOR,train
C:/Users/Ankit/.cache/kagglehub/datasets/masoudnickparvar/brain-tumor-mri-dataset/versions/2/Testing/glioma/Te-gl_329.jpg,TUMOR,train
C:/Users/Ankit/.cache/kagglehub/datasets/masoudnickparvar/brain-tumor-mri-dataset/versions/2/Training/meningioma/Tr-me_776.jpg,TUMOR,train
C:/Users/Ankit/.cache/kagglehub/datasets/masoudnickparvar/brain-tumor-mri-dataset/versions/2/Training/pituitary/Tr-pi_391.jpg,TUMOR,train
C:/Users/Ankit/.cache/kagglehub/datasets/masoudnickparvar/brain-tumor-mri-dataset/versions/2/Training/pituitary/Tr-pi_958.jpg,TUMOR,train
C:/Users/Ankit/.cache/kagglehub/datasets/masoudnickparvar/brain-tumor-mri-dataset/versions/2/Training/glioma/Tr-gl_291.jpg,TUMOR,train
C:/Users/Ankit/.cache/kagglehub/datasets/masoudnickparvar/brain-tumor-mri-dataset/versions/2/Training/pituitary/Tr-pi_1112.jpg,TUMOR,train
C:/Users/Ankit/.cache/kagglehub/datasets/masoudnickparvar/brain-tumor-mri-dataset/versions/2/Training/meningioma/Tr-me_730.jpg,TUMOR,train
C:/Users/Ankit/.cache/kagglehub/datasets/masoudnickparvar/brain-tumor-mri-dataset/versions/2/Testing/pituitary/Te-pi_183.jpg,TUMOR,train
C:/Users/Ankit/.cache/kagglehub/datasets/masoudnickparvar/brain-tumor-mri-dataset/versions/2/Training/pituitary/Tr-pi_894.jpg,TUMOR,train
C:/Users/Ankit/.cache/kagglehub/datasets/masoudnickparvar/brain-tumor-mri-dataset/versions/2/Training/meningioma/Tr-me_703.jpg,TUMOR,train
C:/Users/Ankit/.cache/kagglehub/datasets/masoudnickparvar/brain-tumor-mri-dataset/versions/2/Training/meningioma/Tr-me_91.jpg,TUMOR,train
C:/Users/Ankit/.cache/kagglehub/datasets/masoudnickparvar/brain-tumor-mri-dataset/versions/2/Training/pituitary/Tr-pi_882.jpg,TUMOR,train
C:/Users/Ankit/.cache/kagglehub/datasets/masoudnickparvar/brain-tumor-mri-dataset/versions/2/Testing/pituitary/Te-pi_217.jpg,TUMOR,train
C:/Users/Ankit/.cache/kagglehub/datasets/masoudnickparvar/brain-tumor-mri-dataset/versions/2/Training/meningioma/Tr-me_501.jpg,TUMOR,train
C:/Users/Ankit/.cache/kagglehub/datasets/masoudnickparvar/brain-tumor-mri-dataset/versions/2/Testing/pituitary/Te-pi_313.jpg,TUMOR,train
C:/Users/Ankit/.cache/kagglehub/datasets/masoudnickparvar/brain-tumor-mri-dataset/versions/2/Testing/meningioma/Te-aug-me_32.jpg,TUMOR,train
C:/Users/Ankit/.cache/kagglehub/datasets/masoudnickparvar/brain-tumor-mri-dataset/versions/2/Training/glioma/Tr-gl_614.jpg,TUMOR,train
C:/Users/Ankit/.cache/kagglehub/datasets/masoudnickparvar/brain-tumor-mri-dataset/versions/2/Training/glioma/Tr-gl_1202.jpg,TUMOR,train
C:/Users/Ankit/.cache/kagglehub/datasets/masoudnickparvar/brain-tumor-mri-dataset/versions/2/Testing/glioma/Te-gl_215.jpg,TUMOR,train
C:/Users/Ankit/.cache/kagglehub/datasets/masoudnickparvar/brain-tumor-mri-dataset/versions/2/Training/meningioma/Tr-aug-me_56.jpg,TUMOR,train
C:/Users/Ankit/.cache/kagglehub/datasets/masoudnickparvar/brain-tumor-mri-dataset/versions/2/Training/pituitary/Tr-pi_8.jpg,TUMOR,train
C:/Users/Ankit/.cache/kagglehub/datasets/masoudnickparvar/brain-tumor-mri-dataset/versions/2/Training/meningioma/Tr-me_1209.jpg,TUMOR,train
C:/Users/Ankit/.cache/kagglehub/datasets/masoudnickparvar/brain-tumor-mri-dataset/versions/2/Testing/glioma/Te-gl_208.jpg,TUMOR,train
C:/Users/Ankit/.cache/kagglehub/datasets/masoudnickparvar/brain-tumor-mri-dataset/versions/2/Testing/pituitary/Te-pi_350.jpg,TUMOR,train
C:/Users/Ankit/.cache/kagglehub/datasets/masoudnickparvar/brain-tumor-mri-dataset/versions/2/Training/pituitary/Tr-pi_212.jpg,TUMOR,train
C:/Users/Ankit/.cache/kagglehub/datasets/masoudnickparvar/brain-tumor-mri-dataset/versions/2/Testing/pituitary/Te-pi_19.jpg,TUMOR,train
C:/Users/Ankit/.cache/kagglehub/datasets/masoudnickparvar/brain-tumor-mri-dataset/versions/2/Training/glioma/Tr-gl_1204.jpg,TUMOR,train
C:/Users/Ankit/.cache/kagglehub/datasets/masoudnickparvar/brain-tumor-mri-dataset/versions/2/Training/pituitary/Tr-pi_129.jpg,TUMOR,train
C:/Users/Ankit/.cache/kagglehub/datasets/masoudnickparvar/brain-tumor-mri-dataset/versions/2/Testing/pituitary/Te-pi_337.jpg,TUMOR,train
C:/Users/Ankit/.cache/kagglehub/datasets/masoudnickparvar/brain-tumor-mri-dataset/versions/2/Testing/pituitary/Te-pi_86.jpg,TUMOR,train
C:/Users/Ankit/.cache/kagglehub/datasets/masoudnickparvar/brain-tumor-mri-dataset/versions/2/Training/pituitary/Tr-pi_495.jpg,TUMOR,train
C:/Users/Ankit/.cache/kagglehub/datasets/masoudnickparvar/brain-tumor-mri-dataset/versions/2/Testing/glioma/Te-gl_12.jpg,TUMOR,train
C:/Users/Ankit/.cache/kagglehub/datasets/masoudnickparvar/brain-tumor-mri-dataset/versions/2/Training/pituitary/Tr-pi_52.jpg,TUMOR,train
C:/Users/Ankit/.cache/kagglehub/datasets/masoudnickparvar/brain-tumor-mri-dataset/versions/2/Training/pituitary/Tr-pi_1356.jpg,TUMOR,train
C:/Users/Ankit/.cache/kagglehub/datasets/masoudnickparvar/brain-tumor-mri-dataset/versions/2/Training/glioma/Tr-gl_376.jpg,TUMOR,train
C:/Users/Ankit/.cache/kagglehub/datasets/masoudnickparvar/brain-tumor-mri-dataset/versions/2/Training/glioma/Tr-gl_250.jpg,TUMOR,train
C:/Users/Ankit/.cache/kagglehub/datasets/masoudnickparvar/brain-tumor-mri-dataset/versions/2/Training/glioma/Tr-gl_186.jpg,TUMOR,train
C:/Users/Ankit/.cache/kagglehub/datasets/masoudnickparvar/brain-tumor-mri-dataset/versions/2/Training/pituitary/Tr-pi_418.jpg,TUMOR,train
C:/Users/Ankit/.cache/kagglehub/datasets/masoudnickparvar/brain-tumor-mri-dataset/versions/2/Training/glioma/Tr-gl_171.jpg,TUMOR,train
C:/Users/Ankit/.cache/kagglehub/datasets/masoudnickparvar/brain-tumor-mri-dataset/versions/2/Testing/pituitary/Te-pi_307.jpg,TUMOR,train
C:/Users/Ankit/.cache/kagglehub/datasets/masoudnickparvar/brain-tumor-mri-dataset/versions/2/Training/glioma/Tr-gl_454.jpg,TUMOR,train
C:/Users/Ankit/.cache/kagglehub/datasets/masoudnickparvar/brain-tumor-mri-dataset/versions/2/Training/pituitary/Tr-pi_656.jpg,TUMOR,train
C:/Users/Ankit/.cache/kagglehub/datasets/masoudnickparvar/brain-tumor-mri-dataset/versions/2/Training/pituitary/Tr-pi_762.jpg,TUMOR,train
C:/Users/Ankit/.cache/kagglehub/datasets/masoudnickparvar/brain-tumor-mri-dataset/versions/2/Testing/glioma/Te-gl_256.jpg,TUMOR,train
C:/Users/Ankit/.cache/kagglehub/datasets/masoudnickparvar/brain-tumor-mri-dataset/versions/2/Training/pituitary/Tr-pi_352.jpg,TUMOR,train
C:/Users/Ankit/.cache/kagglehub/datasets/masoudnickparvar/brain-tumor-mri-dataset/versions/2/Testing/meningioma/Te-me_54.jpg,TUMOR,train
C:/Users/Ankit/.cache/kagglehub/datasets/masoudnickparvar/brain-tumor-mri-dataset/versions/2/Training/pituitary/Tr-pi_1257.jpg,TUMOR,train
C:/Users/Ankit/.cache/kagglehub/datasets/masoudnickparvar/brain-tumor-mri-dataset/versions/2/Testing/pituitary/Te-pi_28.jpg,TUMOR,train
C:/Users/Ankit/.cache/kagglehub/datasets/masoudnickparvar/brain-tumor-mri-dataset/versions/2/Training/glioma/Tr-gl_1317.jpg,TUMOR,train
C:/Users/Ankit/.cache/kagglehub/datasets/masoudnickparvar/brain-tumor-mri-dataset/versions/2/Training/glioma/Tr-gl_693.jpg,TUMOR,train
C:/Users/Ankit/.cache/kagglehub/datasets/masoudnickparvar/brain-tumor-mri-dataset/versions/2/Training/meningioma/Tr-me_333.jpg,TUMOR,train
C:/Users/Ankit/.cache/kagglehub/datasets/masoudnickparvar/brain-tumor-mri-dataset/versions/2/Training/pituitary/Tr-pi_78.jpg,TUMOR,train
C:/Users/Ankit/.cache/kagglehub/datasets/masoudnickparvar/brain-tumor-mri-dataset/versions/2/Training/meningioma/Tr-me_1212.jpg,TUMOR,train
C:/Users/Ankit/.cache/kagglehub/datasets/masoudnickparvar/brain-tumor-mri-dataset/versions/2/Training/meningioma/Tr-me_1277.jpg,TUMOR,train
C:/Users/Ankit/.cache/kagglehub/datasets/masoudnickparvar/brain-tumor-mri-dataset/versions/2/Testing/pituitary/Te-pi_110.jpg,TUMOR,train
C:/Users/Ankit/.cache/kagglehub/datasets/masoudnickparvar/brain-tumor-mri-dataset/versions/2/Training/meningioma/Tr-me_1242.jpg,TUMOR,train
C:/Users/Ankit/.cache/kagglehub/datasets/masoudnickparvar/brain-tumor-mri-dataset/versions/2/Training/glioma/Tr-gl_4.jpg,TUMOR,train
C:/Users/Ankit/.cache/kagglehub/datasets/masoudnickparvar/brain-tumor-mri-dataset/versions/2/Training/meningioma/Tr-me_677.jpg,TUMOR,train
C:/Users/Ankit/.cache/kagglehub/datasets/masoudnickparvar/brain-tumor-mri-dataset/versions/2/Training/meningioma/Tr-me_668.jpg,TUMOR,train
C:/Users/Ankit/.cache/kagglehub/datasets/masoudnickparvar/brain-tumor-mri-dataset/versions/2/Training/glioma/Tr-gl_26.jpg,TUMOR,train
C:/Users/Ankit/.cache/kagglehub/datasets/masoudnickparvar/brain-tumor-mri-dataset/versions/2/Training/pituitary/Tr-pi_385.jpg,TUMOR,train
C:/Users/Ankit/.cache/kagglehub/datasets/masoudnickparvar/brain-tumor-mri-dataset/versions/2/Testing/glioma/Te-gl_340.jpg,TUMOR,train
C:/Users/Ankit/.cache/kagglehub/datasets/masoudnickparvar/brain-tumor-mri-dataset/versions/2/Training/glioma/Tr-gl_720.jpg,TUMOR,train
C:/Users/Ankit/.cache/kagglehub/datasets/masoudnickparvar/brain-tumor-mri-dataset/versions/2/Training/meningioma/Tr-me_407.jpg,TUMOR,train
C:/Users/Ankit/.cache/kagglehub/datasets/masoudnickparvar/brain-tumor-mri-dataset/versions/2/Training/pituitary/Tr-pi_1005.jpg,TUMOR,train
C:/Users/Ankit/.cache/kagglehub/datasets/masoudnickparvar/brain-tumor-mri-dataset/versions/2/Testing/pituitary/Te-pi_109.jpg,TUMOR,train
C:/Users/Ankit/.cache/kagglehub/datasets/masoudnickparvar/brain-tumor-mri-dataset/versions/2/Training/pituitary/Tr-pi_812.jpg,TUMOR,train
C:/Users/Ankit/.cache/kagglehub/datasets/masoudnickparvar/brain-tumor-mri-dataset/versions/2/Training/glioma/Tr-gl_1057.jpg,TUMOR,train
C:/Users/Ankit/.cache/kagglehub/datasets/masoudnickparvar/brain-tumor-mri-dataset/versions/2/Training/meningioma/Tr-me_489.jpg,TUMOR,train
C:/Users/Ankit/.cache/kagglehub/datasets/masoudnickparvar/brain-tumor-mri-dataset/versions/2/Training/meningioma/Tr-me_133.jpg,TUMOR,train
C:/Users/Ankit/.cache/kagglehub/datasets/masoudnickparvar/brain-tumor-mri-dataset/versions/2/Training/pituitary/Tr-pi_866.jpg,TUMOR,train
C:/Users/Ankit/.cache/kagglehub/datasets/masoudnickparvar/brain-tumor-mri-dataset/versions/2/Training/meningioma/Tr-me_263.jpg,TUMOR,train
C:/Users/Ankit/.cache/kagglehub/datasets/masoudnickparvar/brain-tumor-mri-dataset/versions/2/Training/pituitary/Tr-pi_438.jpg,TUMOR,train
C:/Users/Ankit/.cache/kagglehub/datasets/masoudnickparvar/brain-tumor-mri-dataset/versions/2/Training/pituitary/Tr-pi_135.jpg,TUMOR,train
C:/Users/Ankit/.cache/kagglehub/datasets/masoudnickparvar/brain-tumor-mri-dataset/versions/2/Testing/meningioma/Te-me_96.jpg,TUMOR,train
C:/Users/Ankit/.cache/kagglehub/datasets/masoudnickparvar/brain-tumor-mri-dataset/versions/2/Testing/pituitary/Te-pi_235.jpg,TUMOR,train
C:/Users/Ankit/.cache/kagglehub/datasets/masoudnickparvar/brain-tumor-mri-dataset/versions/2/Training/pituitary/Tr-pi_103.jpg,TUMOR,train
C:/Users/Ankit/.cache/kagglehub/datasets/masoudnickparvar/brain-tumor-mri-dataset/versions/2/Training/glioma/Tr-gl_902.jpg,TUMOR,train
C:/Users/Ankit/.cache/kagglehub/datasets/masoudnickparvar/brain-tumor-mri-dataset/versions/2/Testing/glioma/Te-gl_373.jpg,TUMOR,train
C:/Users/Ankit/.cache/kagglehub/datasets/masoudnickparvar/brain-tumor-mri-dataset/versions/2/Testing/glioma/Te-gl_73.jpg,TUMOR,train
C:/Users/Ankit/.cache/kagglehub/datasets/masoudnickparvar/brain-tumor-mri-dataset/versions/2/Testing/pituitary/Te-pi_5.jpg,TUMOR,train
C:/Users/Ankit/.cache/kagglehub/datasets/masoudnickparvar/brain-tumor-mri-dataset/versions/2/Testing/pituitary/Te-pi_239.jpg,TUMOR,train
C:/Users/Ankit/.cache/kagglehub/datasets/masoudnickparvar/brain-tumor-mri-dataset/versions/2/Training/meningioma/Tr-me_408.jpg,TUMOR,train
C:/Users/Ankit/.cache/kagglehub/datasets/masoudnickparvar/brain-tumor-mri-dataset/versions/2/Training/glioma/Tr-gl_887.jpg,TUMOR,train
C:/Users/Ankit/.cache/kagglehub/datasets/masoudnickparvar/brain-tumor-mri-dataset/versions/2/Training/meningioma/Tr-me_821.jpg,TUMOR,train
C:/Users/Ankit/.cache/kagglehub/datasets/masoudnickparvar/brain-tumor-mri-dataset/versions/2/Testing/meningioma/Te-me_111.jpg,TUMOR,train
C:/Users/Ankit/.cache/kagglehub/datasets/masoudnickparvar/brain-tumor-mri-dataset/versions/2/Training/glioma/Tr-gl_290.jpg,TUMOR,train
C:/Users/Ankit/.cache/kagglehub/datasets/masoudnickparvar/brain-tumor-mri-dataset/versions/2/Training/meningioma/Tr-aug-me_88.jpg,TUMOR,train
C:/Users/Ankit/.cache/kagglehub/datasets/masoudnickparvar/brain-tumor-mri-dataset/versions/2/Testing/glioma/Te-gl_284.jpg,TUMOR,train
C:/Users/Ankit/.cache/kagglehub/datasets/masoudnickparvar/brain-tumor-mri-dataset/versions/2/Training/meningioma/Tr-me_875.jpg,TUMOR,train
C:/Users/Ankit/.cache/kagglehub/datasets/masoudnickparvar/brain-tumor-mri-dataset/versions/2/Training/glioma/Tr-gl_382.jpg,TUMOR,train
C:/Users/Ankit/.cache/kagglehub/datasets/masoudnickparvar/brain-tumor-mri-dataset/versions/2/Testing/pituitary/Te-pi_178.jpg,TUMOR,train
C:/Users/Ankit/.cache/kagglehub/datasets/masoudnickparvar/brain-tumor-mri-dataset/versions/2/Training/meningioma/Tr-me_137.jpg,TUMOR,train
C:/Users/Ankit/.cache/kagglehub/datasets/masoudnickparvar/brain-tumor-mri-dataset/versions/2/Training/meningioma/Tr-me_207.jpg,TUMOR,train
C:/Users/Ankit/.cache/kagglehub/datasets/masoudnickparvar/brain-tumor-mri-dataset/versions/2/Training/glioma/Tr-gl_591.jpg,TUMOR,train
C:/Users/Ankit/.cache/kagglehub/datasets/masoudnickparvar/brain-tumor-mri-dataset/versions/2/Training/meningioma/Tr-me_1286.jpg,TUMOR,train
C:/Users/Ankit/.cache/kagglehub/datasets/masoudnickparvar/brain-tumor-mri-dataset/versions/2/Training/pituitary/Tr-pi_188.jpg,TUMOR,train
C:/Users/Ankit/.cache/kagglehub/datasets/masoudnickparvar/brain-tumor-mri-dataset/versions/2/Testing/pituitary/Te-pi_290.jpg,TUMOR,train
C:/Users/Ankit/.cache/kagglehub/datasets/masoudnickparvar/brain-tumor-mri-dataset/versions/2/Training/pituitary/Tr-pi_675.jpg,TUMOR,train
C:/Users/Ankit/.cache/kagglehub/datasets/masoudnickparvar/brain-tumor-mri-dataset/versions/2/Testing/glioma/Te-gl_201.jpg,TUMOR,train
C:/Users/Ankit/.cache/kagglehub/datasets/masoudnickparvar/brain-tumor-mri-dataset/versions/2/Training/meningioma/Tr-me_307.jpg,TUMOR,train
C:/Users/Ankit/.cache/kagglehub/datasets/masoudnickparvar/brain-tumor-mri-dataset/versions/2/Testing/meningioma/Te-me_44.jpg,TUMOR,train
C:/Users/Ankit/.cache/kagglehub/datasets/masoudnickparvar/brain-tumor-mri-dataset/versions/2/Training/meningioma/Tr-me_1265.jpg,TUMOR,train
C:/Users/Ankit/.cache/kagglehub/datasets/masoudnickparvar/brain-tumor-mri-dataset/versions/2/Training/meningioma/Tr-me_328.jpg,TUMOR,train
C:/Users/Ankit/.cache/kagglehub/datasets/masoudnickparvar/brain-tumor-mri-dataset/versions/2/Training/pituitary/Tr-pi_268.jpg,TUMOR,train
C:/Users/Ankit/.cache/kagglehub/datasets/masoudnickparvar/brain-tumor-mri-dataset/versions/2/Testing/pituitary/Te-pi_57.jpg,TUMOR,train
C:/Users/Ankit/.cache/kagglehub/datasets/masoudnickparvar/brain-tumor-mri-dataset/versions/2/Training/pituitary/Tr-pi_647.jpg,TUMOR,train
C:/Users/Ankit/.cache/kagglehub/datasets/masoudnickparvar/brain-tumor-mri-dataset/versions/2/Training/meningioma/Tr-me_851.jpg,TUMOR,train
C:/Users/Ankit/.cache/kagglehub/datasets/masoudnickparvar/brain-tumor-mri-dataset/versions/2/Testing/pituitary/Te-pi_228.jpg,TUMOR,train
C:/Users/Ankit/.cache/kagglehub/datasets/masoudnickparvar/brain-tumor-mri-dataset/versions/2/Training/meningioma/Tr-me_1065.jpg,TUMOR,train
C:/Users/Ankit/.cache/kagglehub/datasets/masoudnickparvar/brain-tumor-mri-dataset/versions/2/Training/pituitary/Tr-pi_1280.jpg,TUMOR,train
C:/Users/Ankit/.cache/kagglehub/datasets/masoudnickparvar/brain-tumor-mri-dataset/versions/2/Training/meningioma/Tr-me_951.jpg,TUMOR,train
C:/Users/Ankit/.cache/kagglehub/datasets/masoudnickparvar/brain-tumor-mri-dataset/versions/2/Training/glioma/Tr-gl_553.jpg,TUMOR,train
C:/Users/Ankit/.cache/kagglehub/datasets/masoudnickparvar/brain-tumor-mri-dataset/versions/2/Training/glioma/Tr-gl_1130.jpg,TUMOR,train
C:/Users/Ankit/.cache/kagglehub/datasets/masoudnickparvar/brain-tumor-mri-dataset/versions/2/Training/glioma/Tr-gl_668.jpg,TUMOR,train
C:/Users/Ankit/.cache/kagglehub/datasets/masoudnickparvar/brain-tumor-mri-dataset/versions/2/Training/pituitary/Tr-pi_1098.jpg,TUMOR,train
C:/Users/Ankit/.cache/kagglehub/datasets/masoudnickparvar/brain-tumor-mri-dataset/versions/2/Training/meningioma/Tr-me_1266.jpg,TUMOR,train
C:/Users/Ankit/.cache/kagglehub/datasets/masoudnickparvar/brain-tumor-mri-dataset/versions/2/Testing/pituitary/Te-pi_353.jpg,TUMOR,train
C:/Users/Ankit/.cache/kagglehub/datasets/masoudnickparvar/brain-tumor-mri-dataset/versions/2/Training/glioma/Tr-gl_1399.jpg,TUMOR,train
C:/Users/Ankit/.cache/kagglehub/datasets/masoudnickparvar/brain-tumor-mri-dataset/versions/2/Training/glioma/Tr-gl_1212.jpg,TUMOR,train
C:/Users/Ankit/.cache/kagglehub/datasets/masoudnickparvar/brain-tumor-mri-dataset/versions/2/Training/pituitary/Tr-pi_15.jpg,TUMOR,train
C:/Users/Ankit/.cache/kagglehub/datasets/masoudnickparvar/brain-tumor-mri-dataset/versions/2/Training/meningioma/Tr-aug-me_78.jpg,TUMOR,train
C:/Users/Ankit/.cache/kagglehub/datasets/masoudnickparvar/brain-tumor-mri-dataset/versions/2/Training/glioma/Tr-gl_834.jpg,TUMOR,train
C:/Users/Ankit/.cache/kagglehub/datasets/masoudnickparvar/brain-tumor-mri-dataset/versions/2/Testing/meningioma/Te-me_43.jpg,TUMOR,train
C:/Users/Ankit/.cache/kagglehub/datasets/masoudnickparvar/brain-tumor-mri-dataset/versions/2/Testing/pituitary/Te-pi_348.jpg,TUMOR,train
C:/Users/Ankit/.cache/kagglehub/datasets/masoudnickparvar/brain-tumor-mri-dataset/versions/2/Training/pituitary/Tr-pi_936.jpg,TUMOR,train
C:/Users/Ankit/.cache/kagglehub/datasets/masoudnickparvar/brain-tumor-mri-dataset/versions/2/Testing/glioma/Te-gl_345.jpg,TUMOR,train
C:/Users/Ankit/.cache/kagglehub/datasets/masoudnickparvar/brain-tumor-mri-dataset/versions/2/Training/meningioma/Tr-me_649.jpg,TUMOR,train
C:/Users/Ankit/.cache/kagglehub/datasets/masoudnickparvar/brain-tumor-mri-dataset/versions/2/Training/glioma/Tr-gl_936.jpg,TUMOR,train
C:/Users/Ankit/.cache/kagglehub/datasets/masoudnickparvar/brain-tumor-mri-dataset/versions/2/Testing/glioma/Te-gl_39.jpg,TUMOR,val
C:/Users/Ankit/.cache/kagglehub/datasets/masoudnickparvar/brain-tumor-mri-dataset/versions/2/Testing/meningioma/Te-me_95.jpg,TUMOR,val
C:/Users/Ankit/.cache/kagglehub/datasets/masoudnickparvar/brain-tumor-mri-dataset/versions/2/Testing/pituitary/Te-pi_388.jpg,TUMOR,val
C:/Users/Ankit/.cache/kagglehub/datasets/masoudnickparvar/brain-tumor-mri-dataset/versions/2/Training/glioma/Tr-gl_506.jpg,TUMOR,val
C:/Users/Ankit/.cache/kagglehub/datasets/masoudnickparvar/brain-tumor-mri-dataset/versions/2/Training/pituitary/Tr-pi_581.jpg,TUMOR,val
C:/Users/Ankit/.cache/kagglehub/datasets/masoudnickparvar/brain-tumor-mri-dataset/versions/2/Training/glioma/Tr-gl_273.jpg,TUMOR,val
C:/Users/Ankit/.cache/kagglehub/datasets/masoudnickparvar/brain-tumor-mri-dataset/versions/2/Training/meningioma/Tr-me_1166.jpg,TUMOR,val
C:/Users/Ankit/.cache/kagglehub/datasets/masoudnickparvar/brain-tumor-mri-dataset/versions/2/Training/pituitary/Tr-pi_810.jpg,TUMOR,val
C:/Users/Ankit/.cache/kagglehub/datasets/masoudnickparvar/brain-tumor-mri-dataset/versions/2/Training/glioma/Tr-gl_769.jpg,TUMOR,val
C:/Users/Ankit/.cache/kagglehub/datasets/masoudnickparvar/brain-tumor-mri-dataset/versions/2/Training/pituitary/Tr-pi_1060.jpg,TUMOR,val
C:/Users/Ankit/.cache/kagglehub/datasets/masoudnickparvar/brain-tumor-mri-dataset/versions/2/Testing/meningioma/Te-aug-me_10.jpg,TUMOR,val
C:/Users/Ankit/.cache/kagglehub/datasets/masoudnickparvar/brain-tumor-mri-dataset/versions/2/Testing/glioma/Te-gl_159.jpg,TUMOR,val
C:/Users/Ankit/.cache/kagglehub/datasets/masoudnickparvar/brain-tumor-mri-dataset/versions/2/Training/glioma/Tr-gl_682.jpg,TUMOR,val
C:/Users/Ankit/.cache/kagglehub/datasets/masoudnickparvar/brain-tumor-mri-dataset/versions/2/Training/pituitary/Tr-pi_703.jpg,TUMOR,val
C:/Users/Ankit/.cache/kagglehub/datasets/masoudnickparvar/brain-tumor-mri-dataset/versions/2/Testing/glioma/Te-gl_260.jpg,TUMOR,val
C:/Users/Ankit/.cache/kagglehub/datasets/masoudnickparvar/brain-tumor-mri-dataset/versions/2/Training/glioma/Tr-gl_835.jpg,TUMOR,val
C:/Users/Ankit/.cache/kagglehub/datasets/masoudnickparvar/brain-tumor-mri-dataset/versions/2/Training/glioma/Tr-gl_84.jpg,TUMOR,val
C:/Users/Ankit/.cache/kagglehub/datasets/masoudnickparvar/brain-tumor-mri-dataset/versions/2/Training/pituitary/Tr-pi_961.jpg,TUMOR,val
C:/Users/Ankit/.cache/kagglehub/datasets/masoudnickparvar/brain-tumor-mri-dataset/versions/2/Training/meningioma/Tr-me_21.jpg,TUMOR,val
C:/Users/Ankit/.cache/kagglehub/datasets/masoudnickparvar/brain-tumor-mri-dataset/versions/2/Training/glioma/Tr-gl_407.jpg,TUMOR,val
C:/Users/Ankit/.cache/kagglehub/datasets/masoudnickparvar/brain-tumor-mri-dataset/versions/2/Training/pituitary/Tr-pi_518.jpg,TUMOR,val
C:/Users/Ankit/.cache/kagglehub/datasets/masoudnickparvar/brain-tumor-mri-dataset/versions/2/Training/meningioma/Tr-me_961.jpg,TUMOR,val
C:/Users/Ankit/.cache/kagglehub/datasets/masoudnickparvar/brain-tumor-mri-dataset/versions/2/Training/meningioma/Tr-me_234.jpg,TUMOR,val
C:/Users/Ankit/.cache/kagglehub/datasets/masoudnickparvar/brain-tumor-mri-dataset/versions/2/Training/pituitary/Tr-pi_533.jpg,TUMOR,val
C:/Users/Ankit/.cache/kagglehub/datasets/masoudnickparvar/brain-tumor-mri-dataset/versions/2/Training/glioma/Tr-gl_886.jpg,TUMOR,val
C:/Users/Ankit/.cache/kagglehub/datasets/masoudnickparvar/brain-tumor-mri-dataset/versions/2/Training/meningioma/Tr-me_767.jpg,TUMOR,val
C:/Users/Ankit/.cache/kagglehub/datasets/masoudnickparvar/brain-tumor-mri-dataset/versions/2/Training/glioma/Tr-gl_501.jpg,TUMOR,val
C:/Users/Ankit/.cache/kagglehub/datasets/masoudnickparvar/brain-tumor-mri-dataset/versions/2/Training/meningioma/Tr-me_526.jpg,TUMOR,val
C:/Users/Ankit/.cache/kagglehub/datasets/masoudnickparvar/brain-tumor-mri-dataset/versions/2/Training/glioma/Tr-gl_864.jpg,TUMOR,val
C:/Users/Ankit/.cache/kagglehub/datasets/masoudnickparvar/brain-tumor-mri-dataset/versions/2/Training/meningioma/Tr-me_1115.jpg,TUMOR,val
C:/Users/Ankit/.cache/kagglehub/datasets/masoudnickparvar/brain-tumor-mri-dataset/versions/2/Training/meningioma/Tr-me_655.jpg,TUMOR,val
C:/Users/Ankit/.cache/kagglehub/datasets/masoudnickparvar/brain-tumor-mri-dataset/versions/2/Testing/meningioma/Te-me_191.jpg,TUMOR,val
C:/Users/Ankit/.cache/kagglehub/datasets/masoudnickparvar/brain-tumor-mri-dataset/versions/2/Training/glioma/Tr-gl_1083.jpg,TUMOR,val
C:/Users/Ankit/.cache/kagglehub/datasets/masoudnickparvar/brain-tumor-mri-dataset/versions/2/Training/glioma/Tr-gl_78.jpg,TUMOR,val
C:/Users/Ankit/.cache/kagglehub/datasets/masoudnickparvar/brain-tumor-mri-dataset/versions/2/Training/meningioma/Tr-me_829.jpg,TUMOR,val
C:/Users/Ankit/.cache/kagglehub/datasets/masoudnickparvar/brain-tumor-mri-dataset/versions/2/Training/pituitary/Tr-pi_95.jpg,TUMOR,val
C:/Users/Ankit/.cache/kagglehub/datasets/masoudnickparvar/brain-tumor-mri-dataset/versions/2/Training/glioma/Tr-gl_540.jpg,TUMOR,val
C:/Users/Ankit/.cache/kagglehub/datasets/masoudnickparvar/brain-tumor-mri-dataset/versions/2/Training/meningioma/Tr-me_787.jpg,TUMOR,val
C:/Users/Ankit/.cache/kagglehub/datasets/masoudnickparvar/brain-tumor-mri-dataset/versions/2/Training/glioma/Tr-gl_530.jpg,TUMOR,val
C:/Users/Ankit/.cache/kagglehub/datasets/masoudnickparvar/brain-tumor-mri-dataset/versions/2/Training/meningioma/Tr-me_799.jpg,TUMOR,val
C:/Users/Ankit/.cache/kagglehub/datasets/masoudnickparvar/brain-tumor-mri-dataset/versions/2/Training/glioma/Tr-gl_370.jpg,TUMOR,val
C:/Users/Ankit/.cache/kagglehub/datasets/masoudnickparvar/brain-tumor-mri-dataset/versions/2/Testing/pituitary/Te-pi_74.jpg,TUMOR,val
C:/Users/Ankit/.cache/kagglehub/datasets/masoudnickparvar/brain-tumor-mri-dataset/versions/2/Training/pituitary/Tr-pi_1067.jpg,TUMOR,val
C:/Users/Ankit/.cache/kagglehub/datasets/masoudnickparvar/brain-tumor-mri-dataset/versions/2/Training/glioma/Tr-gl_433.jpg,TUMOR,val
C:/Users/Ankit/.cache/kagglehub/datasets/masoudnickparvar/brain-tumor-mri-dataset/versions/2/Training/pituitary/Tr-pi_616.jpg,TUMOR,val
C:/Users/Ankit/.cache/kagglehub/datasets/masoudnickparvar/brain-tumor-mri-dataset/versions/2/Testing/meningioma/Te-me_228.jpg,TUMOR,val
C:/Users/Ankit/.cache/kagglehub/datasets/masoudnickparvar/brain-tumor-mri-dataset/versions/2/Training/glioma/Tr-gl_1209.jpg,TUMOR,val
C:/Users/Ankit/.cache/kagglehub/datasets/masoudnickparvar/brain-tumor-mri-dataset/versions/2/Training/glioma/Tr-gl_1171.jpg,TUMOR,val
C:/Users/Ankit/.cache/kagglehub/datasets/masoudnickparvar/brain-tumor-mri-dataset/versions/2/Training/glioma/Tr-gl_1246.jpg,TUMOR,val
C:/Users/Ankit/.cache/kagglehub/datasets/masoudnickparvar/brain-tumor-mri-dataset/versions/2/Training/meningioma/Tr-me_436.jpg,TUMOR,val
C:/Users/Ankit/.cache/kagglehub/datasets/masoudnickparvar/brain-tumor-mri-dataset/versions/2/Training/pituitary/Tr-pi_506.jpg,TUMOR,val
C:/Users/Ankit/.cache/kagglehub/datasets/masoudnickparvar/brain-tumor-mri-dataset/versions/2/Training/glioma/Tr-gl_459.jpg,TUMOR,val
C:/Users/Ankit/.cache/kagglehub/datasets/masoudnickparvar/brain-tumor-mri-dataset/versions/2/Testing/pituitary/Te-pi_92.jpg,TUMOR,val
C:/Users/Ankit/.cache/kagglehub/datasets/masoudnickparvar/brain-tumor-mri-dataset/versions/2/Training/meningioma/Tr-me_574.jpg,TUMOR,val
C:/Users/Ankit/.cache/kagglehub/datasets/masoudnickparvar/brain-tumor-mri-dataset/versions/2/Training/meningioma/Tr-me_161.jpg,TUMOR,val
C:/Users/Ankit/.cache/kagglehub/datasets/masoudnickparvar/brain-tumor-mri-dataset/versions/2/Training/meningioma/Tr-me_1210.jpg,TUMOR,val
C:/Users/Ankit/.cache/kagglehub/datasets/masoudnickparvar/brain-tumor-mri-dataset/versions/2/Training/glioma/Tr-gl_821.jpg,TUMOR,val
C:/Users/Ankit/.cache/kagglehub/datasets/masoudnickparvar/brain-tumor-mri-dataset/versions/2/Testing/meningioma/Te-aug-me_6.jpg,TUMOR,val
C:/Users/Ankit/.cache/kagglehub/datasets/masoudnickparvar/brain-tumor-mri-dataset/versions/2/Training/meningioma/Tr-aug-me_60.jpg,TUMOR,val
C:/Users/Ankit/.cache/kagglehub/datasets/masoudnickparvar/brain-tumor-mri-dataset/versions/2/Testing/glioma/Te-gl_78.jpg,TUMOR,val
C:/Users/Ankit/.cache/kagglehub/datasets/masoudnickparvar/brain-tumor-mri-dataset/versions/2/Training/pituitary/Tr-pi_450.jpg,TUMOR,val
C:/Users/Ankit/.cache/kagglehub/datasets/masoudnickparvar/brain-tumor-mri-dataset/versions/2/Training/glioma/Tr-gl_867.jpg,TUMOR,val
C:/Users/Ankit/.cache/kagglehub/datasets/masoudnickparvar/brain-tumor-mri-dataset/versions/2/Training/pituitary/Tr-pi_758.jpg,TUMOR,val
C:/Users/Ankit/.cache/kagglehub/datasets/masoudnickparvar/brain-tumor-mri-dataset/versions/2/Training/meningioma/Tr-me_67.jpg,TUMOR,val
C:/Users/Ankit/.cache/kagglehub/datasets/masoudnickparvar/brain-tumor-mri-dataset/versions/2/Training/pituitary/Tr-pi_710.jpg,TUMOR,val
C:/Users/Ankit/.cache/kagglehub/datasets/masoudnickparvar/brain-tumor-mri-dataset/versions/2/Training/pituitary/Tr-pi_780.jpg,TUMOR,val
C:/Users/Ankit/.cache/kagglehub/datasets/masoudnickparvar/brain-tumor-mri-dataset/versions/2/Training/meningioma/Tr-me_599.jpg,TUMOR,val
C:/Users/Ankit/.cache/kagglehub/datasets/masoudnickparvar/brain-tumor-mri-dataset/versions/2/Testing/meningioma/Te-me_45.jpg,TUMOR,val
C:/Users/Ankit/.cache/kagglehub/datasets/masoudnickparvar/brain-tumor-mri-dataset/versions/2/Training/pituitary/Tr-pi_302.jpg,TUMOR,val
C:/Users/Ankit/.cache/kagglehub/datasets/masoudnickparvar/brain-tumor-mri-dataset/versions/2/Training/glioma/Tr-gl_778.jpg,TUMOR,val
C:/Users/Ankit/.cache/kagglehub/datasets/masoudnickparvar/brain-tumor-mri-dataset/versions/2/Training/glioma/Tr-gl_39.jpg,TUMOR,val
C:/Users/Ankit/.cache/kagglehub/datasets/masoudnickparvar/brain-tumor-mri-dataset/versions/2/Testing/meningioma/Te-me_150.jpg,TUMOR,val
C:/Users/Ankit/.cache/kagglehub/datasets/masoudnickparvar/brain-tumor-mri-dataset/versions/2/Testing/glioma/Te-gl_364.jpg,TUMOR,val
C:/Users/Ankit/.cache/kagglehub/datasets/masoudnickparvar/brain-tumor-mri-dataset/versions/2/Training/meningioma/Tr-me_997.jpg,TUMOR,val
C:/Users/Ankit/.cache/kagglehub/datasets/masoudnickparvar/brain-tumor-mri-dataset/versions/2/Training/glioma/Tr-gl_994.jpg,TUMOR,val
C:/Users/Ankit/.cache/kagglehub/datasets/masoudnickparvar/brain-tumor-mri-dataset/versions/2/Training/pituitary/Tr-pi_94.jpg,TUMOR,val
C:/Users/Ankit/.cache/kagglehub/datasets/masoudnickparvar/brain-tumor-mri-dataset/versions/2/Training/pituitary/Tr-pi_1332.jpg,TUMOR,val
C:/Users/Ankit/.cache/kagglehub/datasets/masoudnickparvar/brain-tumor-mri-dataset/versions/2/Training/meningioma/Tr-aug-me_91.jpg,TUMOR,val
C:/Users/Ankit/.cache/kagglehub/datasets/masoudnickparvar/brain-tumor-mri-dataset/versions/2/Testing/meningioma/Te-me_238.jpg,TUMOR,val
C:/Users/Ankit/.cache/kagglehub/datasets/masoudnickparvar/brain-tumor-mri-dataset/versions/2/Training/meningioma/Tr-me_329.jpg,TUMOR,val
C:/Users/Ankit/.cache/kagglehub/datasets/masoudnickparvar/brain-tumor-mri-dataset/versions/2/Training/meningioma/Tr-me_1064.jpg,TUMOR,val
C:/Users/Ankit/.cache/kagglehub/datasets/masoudnickparvar/brain-tumor-mri-dataset/versions/2/Training/pituitary/Tr-pi_83.jpg,TUMOR,val
C:/Users/Ankit/.cache/kagglehub/datasets/masoudnickparvar/brain-tumor-mri-dataset/versions/2/Training/meningioma/Tr-me_860.jpg,TUMOR,val
C:/Users/Ankit/.cache/kagglehub/datasets/masoudnickparvar/brain-tumor-mri-dataset/versions/2/Testing/meningioma/Te-me_198.jpg,TUMOR,val
C:/Users/Ankit/.cache/kagglehub/datasets/masoudnickparvar/brain-tumor-mri-dataset/versions/2/Training/glioma/Tr-gl_1056.jpg,TUMOR,val
C:/Users/Ankit/.cache/kagglehub/datasets/masoudnickparvar/brain-tumor-mri-dataset/versions/2/Training/meningioma/Tr-me_420.jpg,TUMOR,val
C:/Users/Ankit/.cache/kagglehub/datasets/masoudnickparvar/brain-tumor-mri-dataset/versions/2/Testing/pituitary/Te-pi_81.jpg,TUMOR,val
C:/Users/Ankit/.cache/kagglehub/datasets/masoudnickparvar/brain-tumor-mri-dataset/versions/2/Testing/glioma/Te-gl_211.jpg,TUMOR,val
C:/Users/Ankit/.cache/kagglehub/datasets/masoudnickparvar/brain-tumor-mri-dataset/versions/2/Training/meningioma/Tr-me_768.jpg,TUMOR,val
C:/Users/Ankit/.cache/kagglehub/datasets/masoudnickparvar/brain-tumor-mri-dataset/versions/2/Training/pituitary/Tr-pi_1276.jpg,TUMOR,val
C:/Users/Ankit/.cache/kagglehub/datasets/masoudnickparvar/brain-tumor-mri-dataset/versions/2/Testing/pituitary/Te-pi_113.jpg,TUMOR,val
C:/Users/Ankit/.cache/kagglehub/datasets/masoudnickparvar/brain-tumor-mri-dataset/versions/2/Training/meningioma/Tr-me_644.jpg,TUMOR,val
C:/Users/Ankit/.cache/kagglehub/datasets/masoudnickparvar/brain-tumor-mri-dataset/versions/2/Testing/pituitary/Te-pi_119.jpg,TUMOR,val
C:/Users/Ankit/.cache/kagglehub/datasets/masoudnickparvar/brain-tumor-mri-dataset/versions/2/Training/meningioma/Tr-me_1015.jpg,TUMOR,val
C:/Users/Ankit/.cache/kagglehub/datasets/masoudnickparvar/brain-tumor-mri-dataset/versions/2/Training/pituitary/Tr-pi_1100.jpg,TUMOR,val
C:/Users/Ankit/.cache/kagglehub/datasets/masoudnickparvar/brain-tumor-mri-dataset/versions/2/Training/pituitary/Tr-pi_292.jpg,TUMOR,val
C:/Users/Ankit/.cache/kagglehub/datasets/masoudnickparvar/brain-tumor-mri-dataset/versions/2/Testing/glioma/Te-gl_372.jpg,TUMOR,val
C:/Users/Ankit/.cache/kagglehub/datasets/masoudnickparvar/brain-tumor-mri-dataset/versions/2/Training/pituitary/Tr-pi_105.jpg,TUMOR,val
C:/Users/Ankit/.cache/kagglehub/datasets/masoudnickparvar/brain-tumor-mri-dataset/versions/2/Training/glioma/Tr-gl_104.jpg,TUMOR,val
C:/Users/Ankit/.cache/kagglehub/datasets/masoudnickparvar/brain-tumor-mri-dataset/versions/2/Training/meningioma/Tr-me_244.jpg,TUMOR,val
C:/Users/Ankit/.cache/kagglehub/datasets/masoudnickparvar/brain-tumor-mri-dataset/versions/2/Training/meningioma/Tr-me_209.jpg,TUMOR,val
C:/Users/Ankit/.cache/kagglehub/datasets/masoudnickparvar/brain-tumor-mri-dataset/versions/2/Training/pituitary/Tr-pi_790.jpg,TUMOR,val
C:/Users/Ankit/.cache/kagglehub/datasets/masoudnickparvar/brain-tumor-mri-dataset/versions/2/Training/meningioma/Tr-aug-me_14.jpg,TUMOR,val
C:/Users/Ankit/.cache/kagglehub/datasets/masoudnickparvar/brain-tumor-mri-dataset/versions/2/Testing/glioma/Te-gl_60.jpg,TUMOR,val
C:/Users/Ankit/.cache/kagglehub/datasets/masoudnickparvar/brain-tumor-mri-dataset/versions/2/Training/meningioma/Tr-me_427.jpg,TUMOR,val
C:/Users/Ankit/.cache/kagglehub/datasets/masoudnickparvar/brain-tumor-mri-dataset/versions/2/Training/glioma/Tr-gl_380.jpg,TUMOR,val
C:/Users/Ankit/.cache/kagglehub/datasets/masoudnickparvar/brain-tumor-mri-dataset/versions/2/Training/pituitary/Tr-pi_48.jpg,TUMOR,val
C:/Users/Ankit/.cache/kagglehub/datasets/masoudnickparvar/brain-tumor-mri-dataset/versions/2/Training/glioma/Tr-gl_419.jpg,TUMOR,val
C:/Users/Ankit/.cache/kagglehub/datasets/masoudnickparvar/brain-tumor-mri-dataset/versions/2/Training/glioma/Tr-gl_1309.jpg,TUMOR,val
C:/Users/Ankit/.cache/kagglehub/datasets/masoudnickparvar/brain-tumor-mri-dataset/versions/2/Training/meningioma/Tr-aug-me_41.jpg,TUMOR,val
C:/Users/Ankit/.cache/kagglehub/datasets/masoudnickparvar/brain-tumor-mri-dataset/versions/2/Training/pituitary/Tr-pi_527.jpg,TUMOR,val
C:/Users/Ankit/.cache/kagglehub/datasets/masoudnickparvar/brain-tumor-mri-dataset/versions/2/Training/meningioma/Tr-me_18.jpg,TUMOR,val
C:/Users/Ankit/.cache/kagglehub/datasets/masoudnickparvar/brain-tumor-mri-dataset/versions/2/Training/meningioma/Tr-me_1019.jpg,TUMOR,val
C:/Users/Ankit/.cache/kagglehub/datasets/masoudnickparvar/brain-tumor-mri-dataset/versions/2/Training/meningioma/Tr-me_1112.jpg,TUMOR,val
C:/Users/Ankit/.cache/kagglehub/datasets/masoudnickparvar/brain-tumor-mri-dataset/versions/2/Training/meningioma/Tr-me_97.jpg,TUMOR,val
C:/Users/Ankit/.cache/kagglehub/datasets/masoudnickparvar/brain-tumor-mri-dataset/versions/2/Training/pituitary/Tr-pi_137.jpg,TUMOR,val
C:/Users/Ankit/.cache/kagglehub/datasets/masoudnickparvar/brain-tumor-mri-dataset/versions/2/Training/meningioma/Tr-me_691.jpg,TUMOR,val
C:/Users/Ankit/.cache/kagglehub/datasets/masoudnickparvar/brain-tumor-mri-dataset/versions/2/Training/glioma/Tr-gl_1013.jpg,TUMOR,val
C:/Users/Ankit/.cache/kagglehub/datasets/masoudnickparvar/brain-tumor-mri-dataset/versions/2/Training/pituitary/Tr-pi_1008.jpg,TUMOR,val
C:/Users/Ankit/.cache/kagglehub/datasets/masoudnickparvar/brain-tumor-mri-dataset/versions/2/Training/glioma/Tr-gl_86.jpg,TUMOR,val
C:/Users/Ankit/.cache/kagglehub/datasets/masoudnickparvar/brain-tumor-mri-dataset/versions/2/Training/glioma/Tr-gl_744.jpg,TUMOR,val
C:/Users/Ankit/.cache/kagglehub/datasets/masoudnickparvar/brain-tumor-mri-dataset/versions/2/Training/pituitary/Tr-pi_25.jpg,TUMOR,val
C:/Users/Ankit/.cache/kagglehub/datasets/masoudnickparvar/brain-tumor-mri-dataset/versions/2/Training/glioma/Tr-gl_628.jpg,TUMOR,val
C:/Users/Ankit/.cache/kagglehub/datasets/masoudnickparvar/brain-tumor-mri-dataset/versions/2/Training/pituitary/Tr-pi_1141.jpg,TUMOR,val
C:/Users/Ankit/.cache/kagglehub/datasets/masoudnickparvar/brain-tumor-mri-dataset/versions/2/Training/meningioma/Tr-me_1074.jpg,TUMOR,val
C:/Users/Ankit/.cache/kagglehub/datasets/masoudnickparvar/brain-tumor-mri-dataset/versions/2/Training/meningioma/Tr-me_458.jpg,TUMOR,val
C:/Users/Ankit/.cache/kagglehub/datasets/masoudnickparvar/brain-tumor-mri-dataset/versions/2/Training/pituitary/Tr-pi_794.jpg,TUMOR,val
C:/Users/Ankit/.cache/kagglehub/datasets/masoudnickparvar/brain-tumor-mri-dataset/versions/2/Testing/meningioma/Te-me_160.jpg,TUMOR,val
C:/Users/Ankit/.cache/kagglehub/datasets/masoudnickparvar/brain-tumor-mri-dataset/versions/2/Testing/pituitary/Te-pi_386.jpg,TUMOR,val
C:/Users/Ankit/.cache/kagglehub/datasets/masoudnickparvar/brain-tumor-mri-dataset/versions/2/Training/pituitary/Tr-pi_1145.jpg,TUMOR,val
C:/Users/Ankit/.cache/kagglehub/datasets/masoudnickparvar/brain-tumor-mri-dataset/versions/2/Training/glioma/Tr-gl_1323.jpg,TUMOR,val
C:/Users/Ankit/.cache/kagglehub/datasets/masoudnickparvar/brain-tumor-mri-dataset/versions/2/Training/meningioma/Tr-me_226.jpg,TUMOR,val
C:/Users/Ankit/.cache/kagglehub/datasets/masoudnickparvar/brain-tumor-mri-dataset/versions/2/Testing/pituitary/Te-pi_85.jpg,TUMOR,val
C:/Users/Ankit/.cache/kagglehub/datasets/masoudnickparvar/brain-tumor-mri-dataset/versions/2/Training/meningioma/Tr-me_766.jpg,TUMOR,val
C:/Users/Ankit/.cache/kagglehub/datasets/masoudnickparvar/brain-tumor-mri-dataset/versions/2/Training/glioma/Tr-gl_455.jpg,TUMOR,val
C:/Users/Ankit/.cache/kagglehub/datasets/masoudnickparvar/brain-tumor-mri-dataset/versions/2/Training/meningioma/Tr-me_880.jpg,TUMOR,val
C:/Users/Ankit/.cache/kagglehub/datasets/masoudnickparvar/brain-tumor-mri-dataset/versions/2/Training/meningioma/Tr-me_956.jpg,TUMOR,val
C:/Users/Ankit/.cache/kagglehub/datasets/masoudnickparvar/brain-tumor-mri-dataset/versions/2/Training/meningioma/Tr-me_461.jpg,TUMOR,val
C:/Users/Ankit/.cache/kagglehub/datasets/masoudnickparvar/brain-tumor-mri-dataset/versions/2/Training/glioma/Tr-gl_674.jpg,TUMOR,val
C:/Users/Ankit/.cache/kagglehub/datasets/masoudnickparvar/brain-tumor-mri-dataset/versions/2/Training/pituitary/Tr-pi_115.jpg,TUMOR,val
C:/Users/Ankit/.cache/kagglehub/datasets/masoudnickparvar/brain-tumor-mri-dataset/versions/2/Training/glioma/Tr-gl_81.jpg,TUMOR,val
C:/Users/Ankit/.cache/kagglehub/datasets/masoudnickparvar/brain-tumor-mri-dataset/versions/2/Training/pituitary/Tr-pi_1072.jpg,TUMOR,val
C:/Users/Ankit/.cache/kagglehub/datasets/masoudnickparvar/brain-tumor-mri-dataset/versions/2/Training/glioma/Tr-gl_1053.jpg,TUMOR,val
C:/Users/Ankit/.cache/kagglehub/datasets/masoudnickparvar/brain-tumor-mri-dataset/versions/2/Testing/pituitary/Te-pi_245.jpg,TUMOR,val
C:/Users/Ankit/.cache/kagglehub/datasets/masoudnickparvar/brain-tumor-mri-dataset/versions/2/Training/meningioma/Tr-me_800.jpg,TUMOR,val
C:/Users/Ankit/.cache/kagglehub/datasets/masoudnickparvar/brain-tumor-mri-dataset/versions/2/Testing/pituitary/Te-pi_215.jpg,TUMOR,val
C:/Users/Ankit/.cache/kagglehub/datasets/masoudnickparvar/brain-tumor-mri-dataset/versions/2/Training/pituitary/Tr-pi_534.jpg,TUMOR,val
C:/Users/Ankit/.cache/kagglehub/datasets/masoudnickparvar/brain-tumor-mri-dataset/versions/2/Testing/meningioma/Te-me_66.jpg,TUMOR,val
C:/Users/Ankit/.cache/kagglehub/datasets/masoudnickparvar/brain-tumor-mri-dataset/versions/2/Training/meningioma/Tr-me_406.jpg,TUMOR,val
C:/Users/Ankit/.cache/kagglehub/datasets/masoudnickparvar/brain-tumor-mri-dataset/versions/2/Testing/glioma/Te-gl_20.jpg,TUMOR,val
C:/Users/Ankit/.cache/kagglehub/datasets/masoudnickparvar/brain-tumor-mri-dataset/versions/2/Training/glioma/Tr-gl_95.jpg,TUMOR,val
C:/Users/Ankit/.cache/kagglehub/datasets/masoudnickparvar/brain-tumor-mri-dataset/versions/2/Training/glioma/Tr-gl_1086.jpg,TUMOR,val
C:/Users/Ankit/.cache/kagglehub/datasets/masoudnickparvar/brain-tumor-mri-dataset/versions/2/Training/glioma/Tr-gl_422.jpg,TUMOR,val
C:/Users/Ankit/.cache/kagglehub/datasets/masoudnickparvar/brain-tumor-mri-dataset/versions/2/Testing/glioma/Te-gl_311.jpg,TUMOR,val
C:/Users/Ankit/.cache/kagglehub/datasets/masoudnickparvar/brain-tumor-mri-dataset/versions/2/Training/pituitary/Tr-pi_51.jpg,TUMOR,val
C:/Users/Ankit/.cache/kagglehub/datasets/masoudnickparvar/brain-tumor-mri-dataset/versions/2/Training/meningioma/Tr-me_972.jpg,TUMOR,val
C:/Users/Ankit/.cache/kagglehub/datasets/masoudnickparvar/brain-tumor-mri-dataset/versions/2/Training/pituitary/Tr-pi_684.jpg,TUMOR,val
C:/Users/Ankit/.cache/kagglehub/datasets/masoudnickparvar/brain-tumor-mri-dataset/versions/2/Training/glioma/Tr-gl_782.jpg,TUMOR,val
C:/Users/Ankit/.cache/kagglehub/datasets/masoudnickparvar/brain-tumor-mri-dataset/versions/2/Testing/pituitary/Te-pi_345.jpg,TUMOR,val
C:/Users/Ankit/.cache/kagglehub/datasets/masoudnickparvar/brain-tumor-mri-dataset/versions/2/Training/pituitary/Tr-pi_931.jpg,TUMOR,val
C:/Users/Ankit/.cache/kagglehub/datasets/masoudnickparvar/brain-tumor-mri-dataset/versions/2/Training/pituitary/Tr-pi_666.jpg,TUMOR,val
C:/Users/Ankit/.cache/kagglehub/datasets/masoudnickparvar/brain-tumor-mri-dataset/versions/2/Testing/meningioma/Te-aug-me_26.jpg,TUMOR,val
C:/Users/Ankit/.cache/kagglehub/datasets/masoudnickparvar/brain-tumor-mri-dataset/versions/2/Training/meningioma/Tr-me_658.jpg,TUMOR,val
C:/Users/Ankit/.cache/kagglehub/datasets/masoudnickparvar/brain-tumor-mri-dataset/versions/2/Training/pituitary/Tr-pi_1073.jpg,TUMOR,val
C:/Users/Ankit/.cache/kagglehub/datasets/masoudnickparvar/brain-tumor-mri-dataset/versions/2/Training/meningioma/Tr-me_1235.jpg,TUMOR,val
C:/Users/Ankit/.cache/kagglehub/datasets/masoudnickparvar/brain-tumor-mri-dataset/versions/2/Training/pituitary/Tr-pi_1220.jpg,TUMOR,val
C:/Users/Ankit/.cache/kagglehub/datasets/masoudnickparvar/brain-tumor-mri-dataset/versions/2/Training/glioma/Tr-gl_1300.jpg,TUMOR,val
C:/Users/Ankit/.cache/kagglehub/datasets/masoudnickparvar/brain-tumor-mri-dataset/versions/2/Testing/meningioma/Te-aug-me_46.jpg,TUMOR,val
C:/Users/Ankit/.cache/kagglehub/datasets/masoudnickparvar/brain-tumor-mri-dataset/versions/2/Training/meningioma/Tr-me_445.jpg,TUMOR,val
C:/Users/Ankit/.cache/kagglehub/datasets/masoudnickparvar/brain-tumor-mri-dataset/versions/2/Training/meningioma/Tr-me_804.jpg,TUMOR,val
C:/Users/Ankit/.cache/kagglehub/datasets/masoudnickparvar/brain-tumor-mri-dataset/versions/2/Training/pituitary/Tr-pi_1399.jpg,TUMOR,val
C:/Users/Ankit/.cache/kagglehub/datasets/masoudnickparvar/brain-tumor-mri-dataset/versions/2/Testing/glioma/Te-gl_107.jpg,TUMOR,val
C:/Users/Ankit/.cache/kagglehub/datasets/masoudnickparvar/brain-tumor-mri-dataset/versions/2/Training/pituitary/Tr-pi_1192.jpg,TUMOR,val
C:/Users/Ankit/.cache/kagglehub/datasets/masoudnickparvar/brain-tumor-mri-dataset/versions/2/Training/meningioma/Tr-me_379.jpg,TUMOR,val
C:/Users/Ankit/.cache/kagglehub/datasets/masoudnickparvar/brain-tumor-mri-dataset/versions/2/Testing/pituitary/Te-pi_233.jpg,TUMOR,val
C:/Users/Ankit/.cache/kagglehub/datasets/masoudnickparvar/brain-tumor-mri-dataset/versions/2/Training/meningioma/Tr-aug-me_52.jpg,TUMOR,val
C:/Users/Ankit/.cache/kagglehub/datasets/masoudnickparvar/brain-tumor-mri-dataset/versions/2/Training/glioma/Tr-gl_519.jpg,TUMOR,val
C:/Users/Ankit/.cache/kagglehub/datasets/masoudnickparvar/brain-tumor-mri-dataset/versions/2/Training/glioma/Tr-gl_978.jpg,TUMOR,val
C:/Users/Ankit/.cache/kagglehub/datasets/masoudnickparvar/brain-tumor-mri-dataset/versions/2/Testing/meningioma/Te-me_296.jpg,TUMOR,val
C:/Users/Ankit/.cache/kagglehub/datasets/masoudnickparvar/brain-tumor-mri-dataset/versions/2/Training/meningioma/Tr-me_751.jpg,TUMOR,val
C:/Users/Ankit/.cache/kagglehub/datasets/masoudnickparvar/brain-tumor-mri-dataset/versions/2/Testing/glioma/Te-gl_37.jpg,TUMOR,val
C:/Users/Ankit/.cache/kagglehub/datasets/masoudnickparvar/brain-tumor-mri-dataset/versions/2/Training/meningioma/Tr-me_350.jpg,TUMOR,val
C:/Users/Ankit/.cache/kagglehub/datasets/masoudnickparvar/brain-tumor-mri-dataset/versions/2/Training/glioma/Tr-gl_784.jpg,TUMOR,val
C:/Users/Ankit/.cache/kagglehub/datasets/masoudnickparvar/brain-tumor-mri-dataset/versions/2/Training/pituitary/Tr-pi_1050.jpg,TUMOR,val
C:/Users/Ankit/.cache/kagglehub/datasets/masoudnickparvar/brain-tumor-mri-dataset/versions/2/Training/pituitary/Tr-pi_620.jpg,TUMOR,val
C:/Users/Ankit/.cache/kagglehub/datasets/masoudnickparvar/brain-tumor-mri-dataset/versions/2/Training/meningioma/Tr-me_10.jpg,TUMOR,val
C:/Users/Ankit/.cache/kagglehub/datasets/masoudnickparvar/brain-tumor-mri-dataset/versions/2/Training/glioma/Tr-gl_1103.jpg,TUMOR,val
C:/Users/Ankit/.cache/kagglehub/datasets/masoudnickparvar/brain-tumor-mri-dataset/versions/2/Testing/pituitary/Te-pi_15.jpg,TUMOR,val
C:/Users/Ankit/.cache/kagglehub/datasets/masoudnickparvar/brain-tumor-mri-dataset/versions/2/Training/meningioma/Tr-aug-me_36.jpg,TUMOR,val
C:/Users/Ankit/.cache/kagglehub/datasets/masoudnickparvar/brain-tumor-mri-dataset/versions/2/Training/meningioma/Tr-me_1025.jpg,TUMOR,val
C:/Users/Ankit/.cache/kagglehub/datasets/masoudnickparvar/brain-tumor-mri-dataset/versions/2/Training/pituitary/Tr-pi_566.jpg,TUMOR,val
C:/Users/Ankit/.cache/kagglehub/datasets/masoudnickparvar/brain-tumor-mri-dataset/versions/2/Training/meningioma/Tr-me_1133.jpg,TUMOR,val
C:/Users/Ankit/.cache/kagglehub/datasets/masoudnickparvar/brain-tumor-mri-dataset/versions/2/Training/meningioma/Tr-me_864.jpg,TUMOR,val
C:/Users/Ankit/.cache/kagglehub/datasets/masoudnickparvar/brain-tumor-mri-dataset/versions/2/Testing/meningioma/Te-me_51.jpg,TUMOR,val
C:/Users/Ankit/.cache/kagglehub/datasets/masoudnickparvar/brain-tumor-mri-dataset/versions/2/Training/pituitary/Tr-pi_278.jpg,TUMOR,val
C:/Users/Ankit/.cache/kagglehub/datasets/masoudnickparvar/brain-tumor-mri-dataset/versions/2/Training/pituitary/Tr-pi_452.jpg,TUMOR,val
C:/Users/Ankit/.cache/kagglehub/datasets/masoudnickparvar/brain-tumor-mri-dataset/versions/2/Training/glioma/Tr-gl_1256.jpg,TUMOR,val
C:/Users/Ankit/.cache/kagglehub/datasets/masoudnickparvar/brain-tumor-mri-dataset/versions/2/Training/pituitary/Tr-pi_973.jpg,TUMOR,val
C:/Users/Ankit/.cache/kagglehub/datasets/masoudnickparvar/brain-tumor-mri-dataset/versions/2/Training/pituitary/Tr-pi_545.jpg,TUMOR,val
C:/Users/Ankit/.cache/kagglehub/datasets/masoudnickparvar/brain-tumor-mri-dataset/versions/2/Training/pituitary/Tr-pi_1224.jpg,TUMOR,val
C:/Users/Ankit/.cache/kagglehub/datasets/masoudnickparvar/brain-tumor-mri-dataset/versions/2/Training/meningioma/Tr-me_868.jpg,TUMOR,val
C:/Users/Ankit/.cache/kagglehub/datasets/masoudnickparvar/brain-tumor-mri-dataset/versions/2/Training/glioma/Tr-gl_121.jpg,TUMOR,val
C:/Users/Ankit/.cache/kagglehub/datasets/masoudnickparvar/brain-tumor-mri-dataset/versions/2/Training/pituitary/Tr-pi_417.jpg,TUMOR,val
C:/Users/Ankit/.cache/kagglehub/datasets/masoudnickparvar/brain-tumor-mri-dataset/versions/2/Training/glioma/Tr-gl_645.jpg,TUMOR,val
C:/Users/Ankit/.cache/kagglehub/datasets/masoudnickparvar/brain-tumor-mri-dataset/versions/2/Testing/glioma/Te-gl_251.jpg,TUMOR,val
C:/Users/Ankit/.cache/kagglehub/datasets/masoudnickparvar/brain-tumor-mri-dataset/versions/2/Training/pituitary/Tr-pi_804.jpg,TUMOR,val
C:/Users/Ankit/.cache/kagglehub/datasets/masoudnickparvar/brain-tumor-mri-dataset/versions/2/Testing/meningioma/Te-me_52.jpg,TUMOR,val
C:/Users/Ankit/.cache/kagglehub/datasets/masoudnickparvar/brain-tumor-mri-dataset/versions/2/Testing/glioma/Te-gl_29.jpg,TUMOR,val
C:/Users/Ankit/.cache/kagglehub/datasets/masoudnickparvar/brain-tumor-mri-dataset/versions/2/Training/glioma/Tr-gl_504.jpg,TUMOR,val
C:/Users/Ankit/.cache/kagglehub/datasets/masoudnickparvar/brain-tumor-mri-dataset/versions/2/Training/pituitary/Tr-pi_366.jpg,TUMOR,val
C:/Users/Ankit/.cache/kagglehub/datasets/masoudnickparvar/brain-tumor-mri-dataset/versions/2/Training/meningioma/Tr-me_584.jpg,TUMOR,val
C:/Users/Ankit/.cache/kagglehub/datasets/masoudnickparvar/brain-tumor-mri-dataset/versions/2/Training/pituitary/Tr-pi_635.jpg,TUMOR,val
C:/Users/Ankit/.cache/kagglehub/datasets/masoudnickparvar/brain-tumor-mri-dataset/versions/2/Testing/meningioma/Te-me_239.jpg,TUMOR,val
C:/Users/Ankit/.cache/kagglehub/datasets/masoudnickparvar/brain-tumor-mri-dataset/versions/2/Training/meningioma/Tr-me_626.jpg,TUMOR,val
C:/Users/Ankit/.cache/kagglehub/datasets/masoudnickparvar/brain-tumor-mri-dataset/versions/2/Training/pituitary/Tr-pi_1039.jpg,TUMOR,val
C:/Users/Ankit/.cache/kagglehub/datasets/masoudnickparvar/brain-tumor-mri-dataset/versions/2/Training/pituitary/Tr-pi_138.jpg,TUMOR,val
C:/Users/Ankit/.cache/kagglehub/datasets/masoudnickparvar/brain-tumor-mri-dataset/versions/2/Training/pituitary/Tr-pi_1088.jpg,TUMOR,val
C:/Users/Ankit/.cache/kagglehub/datasets/masoudnickparvar/brain-tumor-mri-dataset/versions/2/Training/glioma/Tr-gl_666.jpg,TUMOR,val
C:/Users/Ankit/.cache/kagglehub/datasets/masoudnickparvar/brain-tumor-mri-dataset/versions/2/Training/meningioma/Tr-me_366.jpg,TUMOR,val
C:/Users/Ankit/.cache/kagglehub/datasets/masoudnickparvar/brain-tumor-mri-dataset/versions/2/Training/glioma/Tr-gl_900.jpg,TUMOR,val
C:/Users/Ankit/.cache/kagglehub/datasets/masoudnickparvar/brain-tumor-mri-dataset/versions/2/Training/meningioma/Tr-me_854.jpg,TUMOR,val
C:/Users/Ankit/.cache/kagglehub/datasets/masoudnickparvar/brain-tumor-mri-dataset/versions/2/Testing/pituitary/Te-pi_296.jpg,TUMOR,val
C:/Users/Ankit/.cache/kagglehub/datasets/masoudnickparvar/brain-tumor-mri-dataset/versions/2/Training/meningioma/Tr-me_636.jpg,TUMOR,val
C:/Users/Ankit/.cache/kagglehub/datasets/masoudnickparvar/brain-tumor-mri-dataset/versions/2/Training/glioma/Tr-gl_787.jpg,TUMOR,val
C:/Users/Ankit/.cache/kagglehub/datasets/masoudnickparvar/brain-tumor-mri-dataset/versions/2/Training/pituitary/Tr-pi_843.jpg,TUMOR,val
C:/Users/Ankit/.cache/kagglehub/datasets/masoudnickparvar/brain-tumor-mri-dataset/versions/2/Training/glioma/Tr-gl_1141.jpg,TUMOR,val
C:/Users/Ankit/.cache/kagglehub/datasets/masoudnickparvar/brain-tumor-mri-dataset/versions/2/Testing/meningioma/Te-aug-me_86.jpg,TUMOR,val
C:/Users/Ankit/.cache/kagglehub/datasets/masoudnickparvar/brain-tumor-mri-dataset/versions/2/Training/pituitary/Tr-pi_979.jpg,TUMOR,val
C:/Users/Ankit/.cache/kagglehub/datasets/masoudnickparvar/brain-tumor-mri-dataset/versions/2/Testing/pituitary/Te-pi_68.jpg,TUMOR,val
C:/Users/Ankit/.cache/kagglehub/datasets/masoudnickparvar/brain-tumor-mri-dataset/versions/2/Training/glioma/Tr-gl_617.jpg,TUMOR,val
C:/Users/Ankit/.cache/kagglehub/datasets/masoudnickparvar/brain-tumor-mri-dataset/versions/2/Training/glioma/Tr-gl_1016.jpg,TUMOR,val
C:/Users/Ankit/.cache/kagglehub/datasets/masoudnickparvar/brain-tumor-mri-dataset/versions/2/Training/glioma/Tr-gl_315.jpg,TUMOR,val
C:/Users/Ankit/.cache/kagglehub/datasets/masoudnickparvar/brain-tumor-mri-dataset/versions/2/Training/pituitary/Tr-pi_153.jpg,TUMOR,val
C:/Users/Ankit/.cache/kagglehub/datasets/masoudnickparvar/brain-tumor-mri-dataset/versions/2/Testing/pituitary/Te-pi_225.jpg,TUMOR,val
C:/Users/Ankit/.cache/kagglehub/datasets/masoudnickparvar/brain-tumor-mri-dataset/versions/2/Training/pituitary/Tr-pi_517.jpg,TUMOR,val
C:/Users/Ankit/.cache/kagglehub/datasets/masoudnickparvar/brain-tumor-mri-dataset/versions/2/Training/glioma/Tr-gl_1377.jpg,TUMOR,val
C:/Users/Ankit/.cache/kagglehub/datasets/masoudnickparvar/brain-tumor-mri-dataset/versions/2/Training/pituitary/Tr-pi_257.jpg,TUMOR,val
C:/Users/Ankit/.cache/kagglehub/datasets/masoudnickparvar/brain-tumor-mri-dataset/versions/2/Training/glioma/Tr-gl_38.jpg,TUMOR,val
C:/Users/Ankit/.cache/kagglehub/datasets/masoudnickparvar/brain-tumor-mri-dataset/versions/2/Testing/meningioma/Te-me_171.jpg,TUMOR,val
C:/Users/Ankit/.cache/kagglehub/datasets/masoudnickparvar/brain-tumor-mri-dataset/versions/2/Training/meningioma/Tr-me_746.jpg,TUMOR,val
C:/Users/Ankit/.cache/kagglehub/datasets/masoudnickparvar/brain-tumor-mri-dataset/versions/2/Training/glioma/Tr-gl_743.jpg,TUMOR,val
C:/Users/Ankit/.cache/kagglehub/datasets/masoudnickparvar/brain-tumor-mri-dataset/versions/2/Training/glioma/Tr-gl_783.jpg,TUMOR,val
C:/Users/Ankit/.cache/kagglehub/datasets/masoudnickparvar/brain-tumor-mri-dataset/versions/2/Training/glioma/Tr-gl_365.jpg,TUMOR,val
C:/Users/Ankit/.cache/kagglehub/datasets/masoudnickparvar/brain-tumor-mri-dataset/versions/2/Testing/glioma/Te-gl_34.jpg,TUMOR,val
C:/Users/Ankit/.cache/kagglehub/datasets/masoudnickparvar/brain-tumor-mri-dataset/versions/2/Training/glioma/Tr-gl_805.jpg,TUMOR,val
C:/Users/Ankit/.cache/kagglehub/datasets/masoudnickparvar/brain-tumor-mri-dataset/versions/2/Training/meningioma/Tr-me_863.jpg,TUMOR,val
C:/Users/Ankit/.cache/kagglehub/datasets/masoudnickparvar/brain-tumor-mri-dataset/versions/2/Training/pituitary/Tr-pi_265.jpg,TUMOR,val
C:/Users/Ankit/.cache/kagglehub/datasets/masoudnickparvar/brain-tumor-mri-dataset/versions/2/Training/meningioma/Tr-me_41.jpg,TUMOR,val
C:/Users/Ankit/.cache/kagglehub/datasets/masoudnickparvar/brain-tumor-mri-dataset/versions/2/Testing/glioma/Te-gl_118.jpg,TUMOR,val
C:/Users/Ankit/.cache/kagglehub/datasets/masoudnickparvar/brain-tumor-mri-dataset/versions/2/Training/glioma/Tr-gl_1072.jpg,TUMOR,val
C:/Users/Ankit/.cache/kagglehub/datasets/masoudnickparvar/brain-tumor-mri-dataset/versions/2/Testing/meningioma/Te-me_2.jpg,TUMOR,val
C:/Users/Ankit/.cache/kagglehub/datasets/masoudnickparvar/brain-tumor-mri-dataset/versions/2/Training/pituitary/Tr-pi_207.jpg,TUMOR,val
C:/Users/Ankit/.cache/kagglehub/datasets/masoudnickparvar/brain-tumor-mri-dataset/versions/2/Training/glioma/Tr-gl_12.jpg,TUMOR,val
C:/Users/Ankit/.cache/kagglehub/datasets/masoudnickparvar/brain-tumor-mri-dataset/versions/2/Training/glioma/Tr-gl_426.jpg,TUMOR,val
C:/Users/Ankit/.cache/kagglehub/datasets/masoudnickparvar/brain-tumor-mri-dataset/versions/2/Training/glioma/Tr-gl_1076.jpg,TUMOR,val
C:/Users/Ankit/.cache/kagglehub/datasets/masoudnickparvar/brain-tumor-mri-dataset/versions/2/Testing/meningioma/Te-me_245.jpg,TUMOR,val
C:/Users/Ankit/.cache/kagglehub/datasets/masoudnickparvar/brain-tumor-mri-dataset/versions/2/Training/glioma/Tr-gl_609.jpg,TUMOR,val
C:/Users/Ankit/.cache/kagglehub/datasets/masoudnickparvar/brain-tumor-mri-dataset/versions/2/Training/pituitary/Tr-pi_910.jpg,TUMOR,val
C:/Users/Ankit/.cache/kagglehub/datasets/masoudnickparvar/brain-tumor-mri-dataset/versions/2/Training/glioma/Tr-gl_190.jpg,TUMOR,val
C:/Users/Ankit/.cache/kagglehub/datasets/masoudnickparvar/brain-tumor-mri-dataset/versions/2/Testing/pituitary/Te-pi_11.jpg,TUMOR,val
C:/Users/Ankit/.cache/kagglehub/datasets/masoudnickparvar/brain-tumor-mri-dataset/versions/2/Testing/meningioma/Te-aug-me_90.jpg,TUMOR,val
C:/Users/Ankit/.cache/kagglehub/datasets/masoudnickparvar/brain-tumor-mri-dataset/versions/2/Training/glioma/Tr-gl_91.jpg,TUMOR,val
C:/Users/Ankit/.cache/kagglehub/datasets/masoudnickparvar/brain-tumor-mri-dataset/versions/2/Training/meningioma/Tr-me_56.jpg,TUMOR,val
C:/Users/Ankit/.cache/kagglehub/datasets/masoudnickparvar/brain-tumor-mri-dataset/versions/2/Training/glioma/Tr-gl_850.jpg,TUMOR,val
C:/Users/Ankit/.cache/kagglehub/datasets/masoudnickparvar/brain-tumor-mri-dataset/versions/2/Training/meningioma/Tr-me_662.jpg,TUMOR,val
C:/Users/Ankit/.cache/kagglehub/datasets/masoudnickparvar/brain-tumor-mri-dataset/versions/2/Training/meningioma/Tr-me_72.jpg,TUMOR,val
C:/Users/Ankit/.cache/kagglehub/datasets/masoudnickparvar/brain-tumor-mri-dataset/versions/2/Training/pituitary/Tr-pi_464.jpg,TUMOR,val
C:/Users/Ankit/.cache/kagglehub/datasets/masoudnickparvar/brain-tumor-mri-dataset/versions/2/Training/pituitary/Tr-pi_1250.jpg,TUMOR,val
C:/Users/Ankit/.cache/kagglehub/datasets/masoudnickparvar/brain-tumor-mri-dataset/versions/2/Training/glioma/Tr-gl_321.jpg,TUMOR,val
C:/Users/Ankit/.cache/kagglehub/datasets/masoudnickparvar/brain-tumor-mri-dataset/versions/2/Training/meningioma/Tr-me_467.jpg,TUMOR,val
C:/Users/Ankit/.cache/kagglehub/datasets/masoudnickparvar/brain-tumor-mri-dataset/versions/2/Training/pituitary/Tr-pi_252.jpg,TUMOR,val
C:/Users/Ankit/.cache/kagglehub/datasets/masoudnickparvar/brain-tumor-mri-dataset/versions/2/Testing/pituitary/Te-pi_252.jpg,TUMOR,val
C:/Users/Ankit/.cache/kagglehub/datasets/masoudnickparvar/brain-tumor-mri-dataset/versions/2/Training/glioma/Tr-gl_489.jpg,TUMOR,val
C:/Users/Ankit/.cache/kagglehub/datasets/masoudnickparvar/brain-tumor-mri-dataset/versions/2/Testing/meningioma/Te-me_274.jpg,TUMOR,val
C:/Users/Ankit/.cache/kagglehub/datasets/masoudnickparvar/brain-tumor-mri-dataset/versions/2/Training/pituitary/Tr-pi_552.jpg,TUMOR,val
C:/Users/Ankit/.cache/kagglehub/datasets/masoudnickparvar/brain-tumor-mri-dataset/versions/2/Training/glioma/Tr-gl_1018.jpg,TUMOR,val
C:/Users/Ankit/.cache/kagglehub/datasets/masoudnickparvar/brain-tumor-mri-dataset/versions/2/Training/glioma/Tr-gl_1036.jpg,TUMOR,val
C:/Users/Ankit/.cache/kagglehub/datasets/masoudnickparvar/brain-tumor-mri-dataset/versions/2/Testing/meningioma/Te-aug-me_41.jpg,TUMOR,val
C:/Users/Ankit/.cache/kagglehub/datasets/masoudnickparvar/brain-tumor-mri-dataset/versions/2/Testing/meningioma/Te-me_192.jpg,TUMOR,val
C:/Users/Ankit/.cache/kagglehub/datasets/masoudnickparvar/brain-tumor-mri-dataset/versions/2/Training/pituitary/Tr-pi_1023.jpg,TUMOR,val
C:/Users/Ankit/.cache/kagglehub/datasets/masoudnickparvar/brain-tumor-mri-dataset/versions/2/Training/meningioma/Tr-me_352.jpg,TUMOR,val
C:/Users/Ankit/.cache/kagglehub/datasets/masoudnickparvar/brain-tumor-mri-dataset/versions/2/Testing/meningioma/Te-me_128.jpg,TUMOR,val
C:/Users/Ankit/.cache/kagglehub/datasets/masoudnickparvar/brain-tumor-mri-dataset/versions/2/Testing/pituitary/Te-pi_22.jpg,TUMOR,val
C:/Users/Ankit/.cache/kagglehub/datasets/masoudnickparvar/brain-tumor-mri-dataset/versions/2/Training/meningioma/Tr-me_920.jpg,TUMOR,val
C:/Users/Ankit/.cache/kagglehub/datasets/masoudnickparvar/brain-tumor-mri-dataset/versions/2/Training/glioma/Tr-gl_52.jpg,TUMOR,val
C:/Users/Ankit/.cache/kagglehub/datasets/masoudnickparvar/brain-tumor-mri-dataset/versions/2/Testing/meningioma/Te-aug-me_24.jpg,TUMOR,val
C:/Users/Ankit/.cache/kagglehub/datasets/masoudnickparvar/brain-tumor-mri-dataset/versions/2/Training/glioma/Tr-gl_1278.jpg,TUMOR,val
C:/Users/Ankit/.cache/kagglehub/datasets/masoudnickparvar/brain-tumor-mri-dataset/versions/2/Training/meningioma/Tr-me_1080.jpg,TUMOR,val
C:/Users/Ankit/.cache/kagglehub/datasets/masoudnickparvar/brain-tumor-mri-dataset/versions/2/Training/meningioma/Tr-me_646.jpg,TUMOR,val
C:/Users/Ankit/.cache/kagglehub/datasets/masoudnickparvar/brain-tumor-mri-dataset/versions/2/Training/meningioma/Tr-me_928.jpg,TUMOR,val
C:/Users/Ankit/.cache/kagglehub/datasets/masoudnickparvar/brain-tumor-mri-dataset/versions/2/Training/meningioma/Tr-me_86.jpg,TUMOR,val
C:/Users/Ankit/.cache/kagglehub/datasets/masoudnickparvar/brain-tumor-mri-dataset/versions/2/Training/glioma/Tr-gl_755.jpg,TUMOR,val
C:/Users/Ankit/.cache/kagglehub/datasets/masoudnickparvar/brain-tumor-mri-dataset/versions/2/Testing/glioma/Te-gl_19.jpg,TUMOR,val
C:/Users/Ankit/.cache/kagglehub/datasets/masoudnickparvar/brain-tumor-mri-dataset/versions/2/Testing/pituitary/Te-pi_135.jpg,TUMOR,val
C:/Users/Ankit/.cache/kagglehub/datasets/masoudnickparvar/brain-tumor-mri-dataset/versions/2/Training/pituitary/Tr-pi_1017.jpg,TUMOR,val
C:/Users/Ankit/.cache/kagglehub/datasets/masoudnickparvar/brain-tumor-mri-dataset/versions/2/Training/pituitary/Tr-pi_410.jpg,TUMOR,val
C:/Users/Ankit/.cache/kagglehub/datasets/masoudnickparvar/brain-tumor-mri-dataset/versions/2/Training/glioma/Tr-gl_812.jpg,TUMOR,val
C:/Users/Ankit/.cache/kagglehub/datasets/masoudnickparvar/brain-tumor-mri-dataset/versions/2/Training/pituitary/Tr-pi_218.jpg,TUMOR,val
C:/Users/Ankit/.cache/kagglehub/datasets/masoudnickparvar/brain-tumor-mri-dataset/versions/2/Testing/meningioma/Te-aug-me_48.jpg,TUMOR,val
C:/Users/Ankit/.cache/kagglehub/datasets/masoudnickparvar/brain-tumor-mri-dataset/versions/2/Testing/glioma/Te-gl_74.jpg,TUMOR,val
C:/Users/Ankit/.cache/kagglehub/datasets/masoudnickparvar/brain-tumor-mri-dataset/versions/2/Training/glioma/Tr-gl_681.jpg,TUMOR,val
C:/Users/Ankit/.cache/kagglehub/datasets/masoudnickparvar/brain-tumor-mri-dataset/versions/2/Testing/pituitary/Te-pi_311.jpg,TUMOR,val
C:/Users/Ankit/.cache/kagglehub/datasets/masoudnickparvar/brain-tumor-mri-dataset/versions/2/Training/pituitary/Tr-pi_467.jpg,TUMOR,val
C:/Users/Ankit/.cache/kagglehub/datasets/masoudnickparvar/brain-tumor-mri-dataset/versions/2/Testing/glioma/Te-gl_202.jpg,TUMOR,val
C:/Users/Ankit/.cache/kagglehub/datasets/masoudnickparvar/brain-tumor-mri-dataset/versions/2/Training/glioma/Tr-gl_888.jpg,TUMOR,val
C:/Users/Ankit/.cache/kagglehub/datasets/masoudnickparvar/brain-tumor-mri-dataset/versions/2/Training/pituitary/Tr-pi_622.jpg,TUMOR,val
C:/Users/Ankit/.cache/kagglehub/datasets/masoudnickparvar/brain-tumor-mri-dataset/versions/2/Training/meningioma/Tr-me_1229.jpg,TUMOR,val
C:/Users/Ankit/.cache/kagglehub/datasets/masoudnickparvar/brain-tumor-mri-dataset/versions/2/Training/glioma/Tr-gl_335.jpg,TUMOR,val
C:/Users/Ankit/.cache/kagglehub/datasets/masoudnickparvar/brain-tumor-mri-dataset/versions/2/Training/glioma/Tr-gl_842.jpg,TUMOR,val
C:/Users/Ankit/.cache/kagglehub/datasets/masoudnickparvar/brain-tumor-mri-dataset/versions/2/Training/glioma/Tr-gl_135.jpg,TUMOR,val
C:/Users/Ankit/.cache/kagglehub/datasets/masoudnickparvar/brain-tumor-mri-dataset/versions/2/Testing/pituitary/Te-pi_12.jpg,TUMOR,val
C:/Users/Ankit/.cache/kagglehub/datasets/masoudnickparvar/brain-tumor-mri-dataset/versions/2/Training/glioma/Tr-gl_745.jpg,TUMOR,val
C:/Users/Ankit/.cache/kagglehub/datasets/masoudnickparvar/brain-tumor-mri-dataset/versions/2/Training/pituitary/Tr-pi_1266.jpg,TUMOR,val
C:/Users/Ankit/.cache/kagglehub/datasets/masoudnickparvar/brain-tumor-mri-dataset/versions/2/Training/glioma/Tr-gl_698.jpg,TUMOR,val
C:/Users/Ankit/.cache/kagglehub/datasets/masoudnickparvar/brain-tumor-mri-dataset/versions/2/Training/meningioma/Tr-me_969.jpg,TUMOR,val
C:/Users/Ankit/.cache/kagglehub/datasets/masoudnickparvar/brain-tumor-mri-dataset/versions/2/Training/glioma/Tr-gl_253.jpg,TUMOR,val
C:/Users/Ankit/.cache/kagglehub/datasets/masoudnickparvar/brain-tumor-mri-dataset/versions/2/Training/pituitary/Tr-pi_775.jpg,TUMOR,val
C:/Users/Ankit/.cache/kagglehub/datasets/masoudnickparvar/brain-tumor-mri-dataset/versions/2/Training/glioma/Tr-gl_1283.jpg,TUMOR,val
C:/Users/Ankit/.cache/kagglehub/datasets/masoudnickparvar/brain-tumor-mri-dataset/versions/2/Training/pituitary/Tr-pi_1349.jpg,TUMOR,val
C:/Users/Ankit/.cache/kagglehub/datasets/masoudnickparvar/brain-tumor-mri-dataset/versions/2/Testing/pituitary/Te-pi_260.jpg,TUMOR,val
C:/Users/Ankit/.cache/kagglehub/datasets/masoudnickparvar/brain-tumor-mri-dataset/versions/2/Training/pituitary/Tr-pi_914.jpg,TUMOR,val
C:/Users/Ankit/.cache/kagglehub/datasets/masoudnickparvar/brain-tumor-mri-dataset/versions/2/Training/glioma/Tr-gl_1338.jpg,TUMOR,val
C:/Users/Ankit/.cache/kagglehub/datasets/masoudnickparvar/brain-tumor-mri-dataset/versions/2/Testing/pituitary/Te-pi_269.jpg,TUMOR,val
C:/Users/Ankit/.cache/kagglehub/datasets/masoudnickparvar/brain-tumor-mri-dataset/versions/2/Training/glioma/Tr-gl_358.jpg,TUMOR,val
C:/Users/Ankit/.cache/kagglehub/datasets/masoudnickparvar/brain-tumor-mri-dataset/versions/2/Training/pituitary/Tr-pi_877.jpg,TUMOR,val
C:/Users/Ankit/.cache/kagglehub/datasets/masoudnickparvar/brain-tumor-mri-dataset/versions/2/Training/glioma/Tr-gl_919.jpg,TUMOR,val
C:/Users/Ankit/.cache/kagglehub/datasets/masoudnickparvar/brain-tumor-mri-dataset/versions/2/Training/glioma/Tr-gl_656.jpg,TUMOR,val
C:/Users/Ankit/.cache/kagglehub/datasets/masoudnickparvar/brain-tumor-mri-dataset/versions/2/Training/meningioma/Tr-me_744.jpg,TUMOR,val
C:/Users/Ankit/.cache/kagglehub/datasets/masoudnickparvar/brain-tumor-mri-dataset/versions/2/Training/meningioma/Tr-me_1162.jpg,TUMOR,val
C:/Users/Ankit/.cache/kagglehub/datasets/masoudnickparvar/brain-tumor-mri-dataset/versions/2/Training/meningioma/Tr-me_1006.jpg,TUMOR,val
C:/Users/Ankit/.cache/kagglehub/datasets/masoudnickparvar/brain-tumor-mri-dataset/versions/2/Training/pituitary/Tr-pi_764.jpg,TUMOR,val
C:/Users/Ankit/.cache/kagglehub/datasets/masoudnickparvar/brain-tumor-mri-dataset/versions/2/Training/meningioma/Tr-me_535.jpg,TUMOR,val
C:/Users/Ankit/.cache/kagglehub/datasets/masoudnickparvar/brain-tumor-mri-dataset/versions/2/Training/meningioma/Tr-me_1102.jpg,TUMOR,val
C:/Users/Ankit/.cache/kagglehub/datasets/masoudnickparvar/brain-tumor-mri-dataset/versions/2/Training/pituitary/Tr-pi_1312.jpg,TUMOR,val
C:/Users/Ankit/.cache/kagglehub/datasets/masoudnickparvar/brain-tumor-mri-dataset/versions/2/Training/pituitary/Tr-pi_219.jpg,TUMOR,val
C:/Users/Ankit/.cache/kagglehub/datasets/masoudnickparvar/brain-tumor-mri-dataset/versions/2/Training/pituitary/Tr-pi_542.jpg,TUMOR,val
C:/Users/Ankit/.cache/kagglehub/datasets/masoudnickparvar/brain-tumor-mri-dataset/versions/2/Training/meningioma/Tr-me_129.jpg,TUMOR,val
C:/Users/Ankit/.cache/kagglehub/datasets/masoudnickparvar/brain-tumor-mri-dataset/versions/2/Training/glioma/Tr-gl_916.jpg,TUMOR,val
C:/Users/Ankit/.cache/kagglehub/datasets/masoudnickparvar/brain-tumor-mri-dataset/versions/2/Training/glioma/Tr-gl_452.jpg,TUMOR,val
C:/Users/Ankit/.cache/kagglehub/datasets/masoudnickparvar/brain-tumor-mri-dataset/versions/2/Training/pituitary/Tr-pi_898.jpg,TUMOR,val
C:/Users/Ankit/.cache/kagglehub/datasets/masoudnickparvar/brain-tumor-mri-dataset/versions/2/Training/glioma/Tr-gl_292.jpg,TUMOR,val
C:/Users/Ankit/.cache/kagglehub/datasets/masoudnickparvar/brain-tumor-mri-dataset/versions/2/Training/glioma/Tr-gl_828.jpg,TUMOR,val
C:/Users/Ankit/.cache/kagglehub/datasets/masoudnickparvar/brain-tumor-mri-dataset/versions/2/Testing/meningioma/Te-me_65.jpg,TUMOR,val
C:/Users/Ankit/.cache/kagglehub/datasets/masoudnickparvar/brain-tumor-mri-dataset/versions/2/Testing/glioma/Te-gl_226.jpg,TUMOR,val
C:/Users/Ankit/.cache/kagglehub/datasets/masoudnickparvar/brain-tumor-mri-dataset/versions/2/Training/meningioma/Tr-me_702.jpg,TUMOR,val
C:/Users/Ankit/.cache/kagglehub/datasets/masoudnickparvar/brain-tumor-mri-dataset/versions/2/Training/pituitary/Tr-pi_1016.jpg,TUMOR,val
C:/Users/Ankit/.cache/kagglehub/datasets/masoudnickparvar/brain-tumor-mri-dataset/versions/2/Training/meningioma/Tr-me_909.jpg,TUMOR,val
C:/Users/Ankit/.cache/kagglehub/datasets/masoudnickparvar/brain-tumor-mri-dataset/versions/2/Training/glioma/Tr-gl_43.jpg,TUMOR,val
C:/Users/Ankit/.cache/kagglehub/datasets/masoudnickparvar/brain-tumor-mri-dataset/versions/2/Training/pituitary/Tr-pi_231.jpg,TUMOR,val
C:/Users/Ankit/.cache/kagglehub/datasets/masoudnickparvar/brain-tumor-mri-dataset/versions/2/Training/pituitary/Tr-pi_663.jpg,TUMOR,val
C:/Users/Ankit/.cache/kagglehub/datasets/masoudnickparvar/brain-tumor-mri-dataset/versions/2/Training/pituitary/Tr-pi_629.jpg,TUMOR,val
C:/Users/Ankit/.cache/kagglehub/datasets/masoudnickparvar/brain-tumor-mri-dataset/versions/2/Training/glioma/Tr-gl_438.jpg,TUMOR,val
C:/Users/Ankit/.cache/kagglehub/datasets/masoudnickparvar/brain-tumor-mri-dataset/versions/2/Training/pituitary/Tr-pi_838.jpg,TUMOR,val
C:/Users/Ankit/.cache/kagglehub/datasets/masoudnickparvar/brain-tumor-mri-dataset/versions/2/Training/glioma/Tr-gl_1327.jpg,TUMOR,val
C:/Users/Ankit/.cache/kagglehub/datasets/masoudnickparvar/brain-tumor-mri-dataset/versions/2/Training/pituitary/Tr-pi_1207.jpg,TUMOR,val
C:/Users/Ankit/.cache/kagglehub/datasets/masoudnickparvar/brain-tumor-mri-dataset/versions/2/Testing/glioma/Te-gl_174.jpg,TUMOR,val
C:/Users/Ankit/.cache/kagglehub/datasets/masoudnickparvar/brain-tumor-mri-dataset/versions/2/Training/pituitary/Tr-pi_236.jpg,TUMOR,val
C:/Users/Ankit/.cache/kagglehub/datasets/masoudnickparvar/brain-tumor-mri-dataset/versions/2/Training/glioma/Tr-gl_696.jpg,TUMOR,val
C:/Users/Ankit/.cache/kagglehub/datasets/masoudnickparvar/brain-tumor-mri-dataset/versions/2/Training/glioma/Tr-gl_72.jpg,TUMOR,val
C:/Users/Ankit/.cache/kagglehub/datasets/masoudnickparvar/brain-tumor-mri-dataset/versions/2/Training/meningioma/Tr-me_1078.jpg,TUMOR,val
C:/Users/Ankit/.cache/kagglehub/datasets/masoudnickparvar/brain-tumor-mri-dataset/versions/2/Training/glioma/Tr-gl_563.jpg,TUMOR,val
C:/Users/Ankit/.cache/kagglehub/datasets/masoudnickparvar/brain-tumor-mri-dataset/versions/2/Training/meningioma/Tr-me_1184.jpg,TUMOR,val
C:/Users/Ankit/.cache/kagglehub/datasets/masoudnickparvar/brain-tumor-mri-dataset/versions/2/Training/glioma/Tr-gl_221.jpg,TUMOR,val
C:/Users/Ankit/.cache/kagglehub/datasets/masoudnickparvar/brain-tumor-mri-dataset/versions/2/Training/meningioma/Tr-me_994.jpg,TUMOR,val
C:/Users/Ankit/.cache/kagglehub/datasets/masoudnickparvar/brain-tumor-mri-dataset/versions/2/Training/glioma/Tr-gl_1259.jpg,TUMOR,val
C:/Users/Ankit/.cache/kagglehub/datasets/masoudnickparvar/brain-tumor-mri-dataset/versions/2/Training/meningioma/Tr-aug-me_65.jpg,TUMOR,val
C:/Users/Ankit/.cache/kagglehub/datasets/masoudnickparvar/brain-tumor-mri-dataset/versions/2/Training/pituitary/Tr-pi_522.jpg,TUMOR,val
C:/Users/Ankit/.cache/kagglehub/datasets/masoudnickparvar/brain-tumor-mri-dataset/versions/2/Testing/glioma/Te-gl_310.jpg,TUMOR,val
C:/Users/Ankit/.cache/kagglehub/datasets/masoudnickparvar/brain-tumor-mri-dataset/versions/2/Training/meningioma/Tr-me_1048.jpg,TUMOR,val
C:/Users/Ankit/.cache/kagglehub/datasets/masoudnickparvar/brain-tumor-mri-dataset/versions/2/Training/pituitary/Tr-pi_750.jpg,TUMOR,val
C:/Users/Ankit/.cache/kagglehub/datasets/masoudnickparvar/brain-tumor-mri-dataset/versions/2/Training/pituitary/Tr-pi_34.jpg,TUMOR,val
C:/Users/Ankit/.cache/kagglehub/datasets/masoudnickparvar/brain-tumor-mri-dataset/versions/2/Training/pituitary/Tr-pi_507.jpg,TUMOR,val
C:/Users/Ankit/.cache/kagglehub/datasets/masoudnickparvar/brain-tumor-mri-dataset/versions/2/Training/glioma/Tr-gl_456.jpg,TUMOR,val
C:/Users/Ankit/.cache/kagglehub/datasets/masoudnickparvar/brain-tumor-mri-dataset/versions/2/Training/meningioma/Tr-me_721.jpg,TUMOR,val
C:/Users/Ankit/.cache/kagglehub/datasets/masoudnickparvar/brain-tumor-mri-dataset/versions/2/Training/glioma/Tr-gl_714.jpg,TUMOR,val
C:/Users/Ankit/.cache/kagglehub/datasets/masoudnickparvar/brain-tumor-mri-dataset/versions/2/Testing/meningioma/Te-me_285.jpg,TUMOR,val
C:/Users/Ankit/.cache/kagglehub/datasets/masoudnickparvar/brain-tumor-mri-dataset/versions/2/Training/glioma/Tr-gl_469.jpg,TUMOR,val
C:/Users/Ankit/.cache/kagglehub/datasets/masoudnickparvar/brain-tumor-mri-dataset/versions/2/Training/meningioma/Tr-aug-me_45.jpg,TUMOR,val
C:/Users/Ankit/.cache/kagglehub/datasets/masoudnickparvar/brain-tumor-mri-dataset/versions/2/Training/glioma/Tr-gl_637.jpg,TUMOR,val
C:/Users/Ankit/.cache/kagglehub/datasets/masoudnickparvar/brain-tumor-mri-dataset/versions/2/Training/meningioma/Tr-me_61.jpg,TUMOR,val
C:/Users/Ankit/.cache/kagglehub/datasets/masoudnickparvar/brain-tumor-mri-dataset/versions/2/Training/meningioma/Tr-me_826.jpg,TUMOR,val
C:/Users/Ankit/.cache/kagglehub/datasets/masoudnickparvar/brain-tumor-mri-dataset/versions/2/Training/meningioma/Tr-me_963.jpg,TUMOR,val
C:/Users/Ankit/.cache/kagglehub/datasets/masoudnickparvar/brain-tumor-mri-dataset/versions/2/Training/pituitary/Tr-pi_1366.jpg,TUMOR,val
C:/Users/Ankit/.cache/kagglehub/datasets/masoudnickparvar/brain-tumor-mri-dataset/versions/2/Training/glioma/Tr-gl_65.jpg,TUMOR,val
C:/Users/Ankit/.cache/kagglehub/datasets/masoudnickparvar/brain-tumor-mri-dataset/versions/2/Training/pituitary/Tr-pi_1245.jpg,TUMOR,val
C:/Users/Ankit/.cache/kagglehub/datasets/masoudnickparvar/brain-tumor-mri-dataset/versions/2/Training/glioma/Tr-gl_1216.jpg,TUMOR,val
C:/Users/Ankit/.cache/kagglehub/datasets/masoudnickparvar/brain-tumor-mri-dataset/versions/2/Training/meningioma/Tr-me_609.jpg,TUMOR,val
C:/Users/Ankit/.cache/kagglehub/datasets/masoudnickparvar/brain-tumor-mri-dataset/versions/2/Training/glioma/Tr-gl_1046.jpg,TUMOR,val
C:/Users/Ankit/.cache/kagglehub/datasets/masoudnickparvar/brain-tumor-mri-dataset/versions/2/Training/meningioma/Tr-me_789.jpg,TUMOR,val
C:/Users/Ankit/.cache/kagglehub/datasets/masoudnickparvar/brain-tumor-mri-dataset/versions/2/Training/meningioma/Tr-me_1239.jpg,TUMOR,val
C:/Users/Ankit/.cache/kagglehub/datasets/masoudnickparvar/brain-tumor-mri-dataset/versions/2/Training/meningioma/Tr-me_595.jpg,TUMOR,val
C:/Users/Ankit/.cache/kagglehub/datasets/masoudnickparvar/brain-tumor-mri-dataset/versions/2/Testing/pituitary/Te-pi_157.jpg,TUMOR,val
C:/Users/Ankit/.cache/kagglehub/datasets/masoudnickparvar/brain-tumor-mri-dataset/versions/2/Training/pituitary/Tr-pi_1011.jpg,TUMOR,val
C:/Users/Ankit/.cache/kagglehub/datasets/masoudnickparvar/brain-tumor-mri-dataset/versions/2/Training/pituitary/Tr-pi_469.jpg,TUMOR,val
C:/Users/Ankit/.cache/kagglehub/datasets/masoudnickparvar/brain-tumor-mri-dataset/versions/2/Testing/glioma/Te-gl_192.jpg,TUMOR,val
C:/Users/Ankit/.cache/kagglehub/datasets/masoudnickparvar/brain-tumor-mri-dataset/versions/2/Training/meningioma/Tr-me_1084.jpg,TUMOR,val
C:/Users/Ankit/.cache/kagglehub/datasets/masoudnickparvar/brain-tumor-mri-dataset/versions/2/Training/pituitary/Tr-pi_692.jpg,TUMOR,val
C:/Users/Ankit/.cache/kagglehub/datasets/masoudnickparvar/brain-tumor-mri-dataset/versions/2/Testing/meningioma/Te-me_154.jpg,TUMOR,val
C:/Users/Ankit/.cache/kagglehub/datasets/masoudnickparvar/brain-tumor-mri-dataset/versions/2/Training/meningioma/Tr-me_130.jpg,TUMOR,val
C:/Users/Ankit/.cache/kagglehub/datasets/masoudnickparvar/brain-tumor-mri-dataset/versions/2/Training/pituitary/Tr-pi_897.jpg,TUMOR,val
C:/Users/Ankit/.cache/kagglehub/datasets/masoudnickparvar/brain-tumor-mri-dataset/versions/2/Training/pituitary/Tr-pi_1326.jpg,TUMOR,val
C:/Users/Ankit/.cache/kagglehub/datasets/masoudnickparvar/brain-tumor-mri-dataset/versions/2/Training/meningioma/Tr-me_1128.jpg,TUMOR,val
C:/Users/Ankit/.cache/kagglehub/datasets/masoudnickparvar/brain-tumor-mri-dataset/versions/2/Testing/glioma/Te-gl_41.jpg,TUMOR,val
C:/Users/Ankit/.cache/kagglehub/datasets/masoudnickparvar/brain-tumor-mri-dataset/versions/2/Training/pituitary/Tr-pi_310.jpg,TUMOR,val
C:/Users/Ankit/.cache/kagglehub/datasets/masoudnickparvar/brain-tumor-mri-dataset/versions/2/Training/pituitary/Tr-pi_818.jpg,TUMOR,val
C:/Users/Ankit/.cache/kagglehub/datasets/masoudnickparvar/brain-tumor-mri-dataset/versions/2/Training/glioma/Tr-gl_882.jpg,TUMOR,val
C:/Users/Ankit/.cache/kagglehub/datasets/masoudnickparvar/brain-tumor-mri-dataset/versions/2/Testing/pituitary/Te-pi_13.jpg,TUMOR,val
C:/Users/Ankit/.cache/kagglehub/datasets/masoudnickparvar/brain-tumor-mri-dataset/versions/2/Training/glioma/Tr-gl_449.jpg,TUMOR,val
C:/Users/Ankit/.cache/kagglehub/datasets/masoudnickparvar/brain-tumor-mri-dataset/versions/2/Testing/meningioma/Te-me_206.jpg,TUMOR,val
C:/Users/Ankit/.cache/kagglehub/datasets/masoudnickparvar/brain-tumor-mri-dataset/versions/2/Training/glioma/Tr-gl_1380.jpg,TUMOR,val
C:/Users/Ankit/.cache/kagglehub/datasets/masoudnickparvar/brain-tumor-mri-dataset/versions/2/Training/meningioma/Tr-me_322.jpg,TUMOR,val
C:/Users/Ankit/.cache/kagglehub/datasets/masoudnickparvar/brain-tumor-mri-dataset/versions/2/Training/meningioma/Tr-me_165.jpg,TUMOR,val
C:/Users/Ankit/.cache/kagglehub/datasets/masoudnickparvar/brain-tumor-mri-dataset/versions/2/Training/pituitary/Tr-pi_465.jpg,TUMOR,val
C:/Users/Ankit/.cache/kagglehub/datasets/masoudnickparvar/brain-tumor-mri-dataset/versions/2/Training/glioma/Tr-gl_959.jpg,TUMOR,val
C:/Users/Ankit/.cache/kagglehub/datasets/masoudnickparvar/brain-tumor-mri-dataset/versions/2/Testing/glioma/Te-gl_289.jpg,TUMOR,val
C:/Users/Ankit/.cache/kagglehub/datasets/masoudnickparvar/brain-tumor-mri-dataset/versions/2/Training/pituitary/Tr-pi_617.jpg,TUMOR,val
C:/Users/Ankit/.cache/kagglehub/datasets/masoudnickparvar/brain-tumor-mri-dataset/versions/2/Training/glioma/Tr-gl_952.jpg,TUMOR,val
C:/Users/Ankit/.cache/kagglehub/datasets/masoudnickparvar/brain-tumor-mri-dataset/versions/2/Training/glioma/Tr-gl_1125.jpg,TUMOR,val
C:/Users/Ankit/.cache/kagglehub/datasets/masoudnickparvar/brain-tumor-mri-dataset/versions/2/Training/pituitary/Tr-pi_874.jpg,TUMOR,val
C:/Users/Ankit/.cache/kagglehub/datasets/masoudnickparvar/brain-tumor-mri-dataset/versions/2/Training/glioma/Tr-gl_1155.jpg,TUMOR,val
C:/Users/Ankit/.cache/kagglehub/datasets/masoudnickparvar/brain-tumor-mri-dataset/versions/2/Training/meningioma/Tr-me_1288.jpg,TUMOR,val
C:/Users/Ankit/.cache/kagglehub/datasets/masoudnickparvar/brain-tumor-mri-dataset/versions/2/Training/glioma/Tr-gl_548.jpg,TUMOR,val
C:/Users/Ankit/.cache/kagglehub/datasets/masoudnickparvar/brain-tumor-mri-dataset/versions/2/Training/pituitary/Tr-pi_547.jpg,TUMOR,val
C:/Users/Ankit/.cache/kagglehub/datasets/masoudnickparvar/brain-tumor-mri-dataset/versions/2/Training/glioma/Tr-gl_265.jpg,TUMOR,val
C:/Users/Ankit/.cache/kagglehub/datasets/masoudnickparvar/brain-tumor-mri-dataset/versions/2/Training/pituitary/Tr-pi_297.jpg,TUMOR,val
C:/Users/Ankit/.cache/kagglehub/datasets/masoudnickparvar/brain-tumor-mri-dataset/versions/2/Testing/pituitary/Te-pi_222.jpg,TUMOR,val
C:/Users/Ankit/.cache/kagglehub/datasets/masoudnickparvar/brain-tumor-mri-dataset/versions/2/Training/meningioma/Tr-me_890.jpg,TUMOR,val
C:/Users/Ankit/.cache/kagglehub/datasets/masoudnickparvar/brain-tumor-mri-dataset/versions/2/Testing/pituitary/Te-pi_31.jpg,TUMOR,val
C:/Users/Ankit/.cache/kagglehub/datasets/masoudnickparvar/brain-tumor-mri-dataset/versions/2/Training/glioma/Tr-gl_417.jpg,TUMOR,val
C:/Users/Ankit/.cache/kagglehub/datasets/masoudnickparvar/brain-tumor-mri-dataset/versions/2/Training/glioma/Tr-gl_1041.jpg,TUMOR,val
C:/Users/Ankit/.cache/kagglehub/datasets/masoudnickparvar/brain-tumor-mri-dataset/versions/2/Testing/glioma/Te-gl_249.jpg,TUMOR,val
C:/Users/Ankit/.cache/kagglehub/datasets/masoudnickparvar/brain-tumor-mri-dataset/versions/2/Training/glioma/Tr-gl_1389.jpg,TUMOR,val
C:/Users/Ankit/.cache/kagglehub/datasets/masoudnickparvar/brain-tumor-mri-dataset/versions/2/Training/pituitary/Tr-pi_496.jpg,TUMOR,val
C:/Users/Ankit/.cache/kagglehub/datasets/masoudnickparvar/brain-tumor-mri-dataset/versions/2/Testing/glioma/Te-gl_328.jpg,TUMOR,val
C:/Users/Ankit/.cache/kagglehub/datasets/masoudnickparvar/brain-tumor-mri-dataset/versions/2/Testing/glioma/Te-gl_396.jpg,TUMOR,val
C:/Users/Ankit/.cache/kagglehub/datasets/masoudnickparvar/brain-tumor-mri-dataset/versions/2/Testing/meningioma/Te-me_152.jpg,TUMOR,val
C:/Users/Ankit/.cache/kagglehub/datasets/masoudnickparvar/brain-tumor-mri-dataset/versions/2/Training/glioma/Tr-gl_310.jpg,TUMOR,val
C:/Users/Ankit/.cache/kagglehub/datasets/masoudnickparvar/brain-tumor-mri-dataset/versions/2/Training/meningioma/Tr-me_1148.jpg,TUMOR,val
C:/Users/Ankit/.cache/kagglehub/datasets/masoudnickparvar/brain-tumor-mri-dataset/versions/2/Testing/meningioma/Te-aug-me_3.jpg,TUMOR,val
C:/Users/Ankit/.cache/kagglehub/datasets/masoudnickparvar/brain-tumor-mri-dataset/versions/2/Training/pituitary/Tr-pi_851.jpg,TUMOR,val
C:/Users/Ankit/.cache/kagglehub/datasets/masoudnickparvar/brain-tumor-mri-dataset/versions/2/Testing/glioma/Te-gl_241.jpg,TUMOR,val
C:/Users/Ankit/.cache/kagglehub/datasets/masoudnickparvar/brain-tumor-mri-dataset/versions/2/Training/meningioma/Tr-me_866.jpg,TUMOR,val
C:/Users/Ankit/.cache/kagglehub/datasets/masoudnickparvar/brain-tumor-mri-dataset/versions/2/Testing/meningioma/Te-me_25.jpg,TUMOR,val
C:/Users/Ankit/.cache/kagglehub/datasets/masoudnickparvar/brain-tumor-mri-dataset/versions/2/Training/glioma/Tr-gl_518.jpg,TUMOR,val
C:/Users/Ankit/.cache/kagglehub/datasets/masoudnickparvar/brain-tumor-mri-dataset/versions/2/Training/meningioma/Tr-me_506.jpg,TUMOR,val
C:/Users/Ankit/.cache/kagglehub/datasets/masoudnickparvar/brain-tumor-mri-dataset/versions/2/Training/glioma/Tr-gl_71.jpg,TUMOR,val
C:/Users/Ankit/.cache/kagglehub/datasets/masoudnickparvar/brain-tumor-mri-dataset/versions/2/Training/pituitary/Tr-pi_433.jpg,TUMOR,val
C:/Users/Ankit/.cache/kagglehub/datasets/masoudnickparvar/brain-tumor-mri-dataset/versions/2/Training/meningioma/Tr-me_1056.jpg,TUMOR,val
C:/Users/Ankit/.cache/kagglehub/datasets/masoudnickparvar/brain-tumor-mri-dataset/versions/2/Training/meningioma/Tr-aug-me_79.jpg,TUMOR,val
C:/Users/Ankit/.cache/kagglehub/datasets/masoudnickparvar/brain-tumor-mri-dataset/versions/2/Training/meningioma/Tr-me_750.jpg,TUMOR,val
C:/Users/Ankit/.cache/kagglehub/datasets/masoudnickparvar/brain-tumor-mri-dataset/versions/2/Training/glioma/Tr-gl_218.jpg,TUMOR,val
C:/Users/Ankit/.cache/kagglehub/datasets/masoudnickparvar/brain-tumor-mri-dataset/versions/2/Training/meningioma/Tr-aug-me_82.jpg,TUMOR,val
C:/Users/Ankit/.cache/kagglehub/datasets/masoudnickparvar/brain-tumor-mri-dataset/versions/2/Training/pituitary/Tr-pi_559.jpg,TUMOR,val
C:/Users/Ankit/.cache/kagglehub/datasets/masoudnickparvar/brain-tumor-mri-dataset/versions/2/Training/glioma/Tr-gl_577.jpg,TUMOR,val
C:/Users/Ankit/.cache/kagglehub/datasets/masoudnickparvar/brain-tumor-mri-dataset/versions/2/Training/pituitary/Tr-pi_512.jpg,TUMOR,val
C:/Users/Ankit/.cache/kagglehub/datasets/masoudnickparvar/brain-tumor-mri-dataset/versions/2/Training/glioma/Tr-gl_1258.jpg,TUMOR,val
C:/Users/Ankit/.cache/kagglehub/datasets/masoudnickparvar/brain-tumor-mri-dataset/versions/2/Training/meningioma/Tr-me_802.jpg,TUMOR,val
C:/Users/Ankit/.cache/kagglehub/datasets/masoudnickparvar/brain-tumor-mri-dataset/versions/2/Testing/pituitary/Te-pi_38.jpg,TUMOR,val
C:/Users/Ankit/.cache/kagglehub/datasets/masoudnickparvar/brain-tumor-mri-dataset/versions/2/Training/meningioma/Tr-me_559.jpg,TUMOR,val
C:/Users/Ankit/.cache/kagglehub/datasets/masoudnickparvar/brain-tumor-mri-dataset/versions/2/Testing/meningioma/Te-me_265.jpg,TUMOR,val
C:/Users/Ankit/.cache/kagglehub/datasets/masoudnickparvar/brain-tumor-mri-dataset/versions/2/Testing/glioma/Te-gl_3.jpg,TUMOR,val
C:/Users/Ankit/.cache/kagglehub/datasets/masoudnickparvar/brain-tumor-mri-dataset/versions/2/Training/pituitary/Tr-pi_3.jpg,TUMOR,val
C:/Users/Ankit/.cache/kagglehub/datasets/masoudnickparvar/brain-tumor-mri-dataset/versions/2/Training/meningioma/Tr-me_302.jpg,TUMOR,val
C:/Users/Ankit/.cache/kagglehub/datasets/masoudnickparvar/brain-tumor-mri-dataset/versions/2/Testing/glioma/Te-gl_298.jpg,TUMOR,val
C:/Users/Ankit/.cache/kagglehub/datasets/masoudnickparvar/brain-tumor-mri-dataset/versions/2/Training/pituitary/Tr-pi_926.jpg,TUMOR,val
C:/Users/Ankit/.cache/kagglehub/datasets/masoudnickparvar/brain-tumor-mri-dataset/versions/2/Testing/pituitary/Te-pi_32.jpg,TUMOR,val
C:/Users/Ankit/.cache/kagglehub/datasets/masoudnickparvar/brain-tumor-mri-dataset/versions/2/Training/meningioma/Tr-me_844.jpg,TUMOR,val
C:/Users/Ankit/.cache/kagglehub/datasets/masoudnickparvar/brain-tumor-mri-dataset/versions/2/Training/pituitary/Tr-pi_830.jpg,TUMOR,val
C:/Users/Ankit/.cache/kagglehub/datasets/masoudnickparvar/brain-tumor-mri-dataset/versions/2/Training/meningioma/Tr-me_38.jpg,TUMOR,val
C:/Users/Ankit/.cache/kagglehub/datasets/masoudnickparvar/brain-tumor-mri-dataset/versions/2/Training/meningioma/Tr-me_1046.jpg,TUMOR,val
C:/Users/Ankit/.cache/kagglehub/datasets/masoudnickparvar/brain-tumor-mri-dataset/versions/2/Training/meningioma/Tr-me_265.jpg,TUMOR,val
C:/Users/Ankit/.cache/kagglehub/datasets/masoudnickparvar/brain-tumor-mri-dataset/versions/2/Testing/glioma/Te-gl_312.jpg,TUMOR,val
C:/Users/Ankit/.cache/kagglehub/datasets/masoudnickparvar/brain-tumor-mri-dataset/versions/2/Training/pituitary/Tr-pi_756.jpg,TUMOR,val
C:/Users/Ankit/.cache/kagglehub/datasets/masoudnickparvar/brain-tumor-mri-dataset/versions/2/Training/meningioma/Tr-me_611.jpg,TUMOR,val
C:/Users/Ankit/.cache/kagglehub/datasets/masoudnickparvar/brain-tumor-mri-dataset/versions/2/Training/glioma/Tr-gl_670.jpg,TUMOR,val
C:/Users/Ankit/.cache/kagglehub/datasets/masoudnickparvar/brain-tumor-mri-dataset/versions/2/Training/glioma/Tr-gl_276.jpg,TUMOR,val
C:/Users/Ankit/.cache/kagglehub/datasets/masoudnickparvar/brain-tumor-mri-dataset/versions/2/Training/meningioma/Tr-me_999.jpg,TUMOR,val
C:/Users/Ankit/.cache/kagglehub/datasets/masoudnickparvar/brain-tumor-mri-dataset/versions/2/Training/glioma/Tr-gl_284.jpg,TUMOR,val
C:/Users/Ankit/.cache/kagglehub/datasets/masoudnickparvar/brain-tumor-mri-dataset/versions/2/Training/pituitary/Tr-pi_164.jpg,TUMOR,val
C:/Users/Ankit/.cache/kagglehub/datasets/masoudnickparvar/brain-tumor-mri-dataset/versions/2/Training/pituitary/Tr-pi_1367.jpg,TUMOR,val
C:/Users/Ankit/.cache/kagglehub/datasets/masoudnickparvar/brain-tumor-mri-dataset/versions/2/Training/meningioma/Tr-me_488.jpg,TUMOR,val
C:/Users/Ankit/.cache/kagglehub/datasets/masoudnickparvar/brain-tumor-mri-dataset/versions/2/Training/meningioma/Tr-me_273.jpg,TUMOR,val
C:/Users/Ankit/.cache/kagglehub/datasets/masoudnickparvar/brain-tumor-mri-dataset/versions/2/Training/glioma/Tr-gl_860.jpg,TUMOR,val
C:/Users/Ankit/.cache/kagglehub/datasets/masoudnickparvar/brain-tumor-mri-dataset/versions/2/Training/meningioma/Tr-me_1161.jpg,TUMOR,val
C:/Users/Ankit/.cache/kagglehub/datasets/masoudnickparvar/brain-tumor-mri-dataset/versions/2/Testing/glioma/Te-gl_142.jpg,TUMOR,val
C:/Users/Ankit/.cache/kagglehub/datasets/masoudnickparvar/brain-tumor-mri-dataset/versions/2/Training/meningioma/Tr-me_915.jpg,TUMOR,val
C:/Users/Ankit/.cache/kagglehub/datasets/masoudnickparvar/brain-tumor-mri-dataset/versions/2/Training/meningioma/Tr-me_202.jpg,TUMOR,val
C:/Users/Ankit/.cache/kagglehub/datasets/masoudnickparvar/brain-tumor-mri-dataset/versions/2/Training/pituitary/Tr-pi_383.jpg,TUMOR,val
C:/Users/Ankit/.cache/kagglehub/datasets/masoudnickparvar/brain-tumor-mri-dataset/versions/2/Testing/glioma/Te-gl_243.jpg,TUMOR,val
C:/Users/Ankit/.cache/kagglehub/datasets/masoudnickparvar/brain-tumor-mri-dataset/versions/2/Training/pituitary/Tr-pi_444.jpg,TUMOR,val
C:/Users/Ankit/.cache/kagglehub/datasets/masoudnickparvar/brain-tumor-mri-dataset/versions/2/Training/meningioma/Tr-me_27.jpg,TUMOR,val
C:/Users/Ankit/.cache/kagglehub/datasets/masoudnickparvar/brain-tumor-mri-dataset/versions/2/Training/meningioma/Tr-me_496.jpg,TUMOR,val
C:/Users/Ankit/.cache/kagglehub/datasets/masoudnickparvar/brain-tumor-mri-dataset/versions/2/Training/glioma/Tr-gl_183.jpg,TUMOR,val
C:/Users/Ankit/.cache/kagglehub/datasets/masoudnickparvar/brain-tumor-mri-dataset/versions/2/Testing/meningioma/Te-me_105.jpg,TUMOR,val
C:/Users/Ankit/.cache/kagglehub/datasets/masoudnickparvar/brain-tumor-mri-dataset/versions/2/Training/meningioma/Tr-me_464.jpg,TUMOR,val
C:/Users/Ankit/.cache/kagglehub/datasets/masoudnickparvar/brain-tumor-mri-dataset/versions/2/Training/meningioma/Tr-me_833.jpg,TUMOR,val
C:/Users/Ankit/.cache/kagglehub/datasets/masoudnickparvar/brain-tumor-mri-dataset/versions/2/Training/pituitary/Tr-pi_14.jpg,TUMOR,val
C:/Users/Ankit/.cache/kagglehub/datasets/masoudnickparvar/brain-tumor-mri-dataset/versions/2/Training/meningioma/Tr-me_1007.jpg,TUMOR,val
C:/Users/Ankit/.cache/kagglehub/datasets/masoudnickparvar/brain-tumor-mri-dataset/versions/2/Training/meningioma/Tr-me_403.jpg,TUMOR,val
C:/Users/Ankit/.cache/kagglehub/datasets/masoudnickparvar/brain-tumor-mri-dataset/versions/2/Training/meningioma/Tr-me_457.jpg,TUMOR,val
C:/Users/Ankit/.cache/kagglehub/datasets/masoudnickparvar/brain-tumor-mri-dataset/versions/2/Testing/meningioma/Te-me_12.jpg,TUMOR,val
C:/Users/Ankit/.cache/kagglehub/datasets/masoudnickparvar/brain-tumor-mri-dataset/versions/2/Training/glioma/Tr-gl_235.jpg,TUMOR,val
C:/Users/Ankit/.cache/kagglehub/datasets/masoudnickparvar/brain-tumor-mri-dataset/versions/2/Training/glioma/Tr-gl_1044.jpg,TUMOR,val
C:/Users/Ankit/.cache/kagglehub/datasets/masoudnickparvar/brain-tumor-mri-dataset/versions/2/Training/meningioma/Tr-me_221.jpg,TUMOR,val
C:/Users/Ankit/.cache/kagglehub/datasets/masoudnickparvar/brain-tumor-mri-dataset/versions/2/Training/glioma/Tr-gl_363.jpg,TUMOR,val
C:/Users/Ankit/.cache/kagglehub/datasets/masoudnickparvar/brain-tumor-mri-dataset/versions/2/Training/glioma/Tr-gl_103.jpg,TUMOR,val
C:/Users/Ankit/.cache/kagglehub/datasets/masoudnickparvar/brain-tumor-mri-dataset/versions/2/Training/pituitary/Tr-pi_892.jpg,TUMOR,val
C:/Users/Ankit/.cache/kagglehub/datasets/masoudnickparvar/brain-tumor-mri-dataset/versions/2/Testing/meningioma/Te-me_240.jpg,TUMOR,val
C:/Users/Ankit/.cache/kagglehub/datasets/masoudnickparvar/brain-tumor-mri-dataset/versions/2/Training/pituitary/Tr-pi_1380.jpg,TUMOR,val
C:/Users/Ankit/.cache/kagglehub/datasets/masoudnickparvar/brain-tumor-mri-dataset/versions/2/Training/meningioma/Tr-aug-me_26.jpg,TUMOR,val
C:/Users/Ankit/.cache/kagglehub/datasets/masoudnickparvar/brain-tumor-mri-dataset/versions/2/Training/meningioma/Tr-me_1044.jpg,TUMOR,val
C:/Users/Ankit/.cache/kagglehub/datasets/masoudnickparvar/brain-tumor-mri-dataset/versions/2/Training/glioma/Tr-gl_661.jpg,TUMOR,val
C:/Users/Ankit/.cache/kagglehub/datasets/masoudnickparvar/brain-tumor-mri-dataset/versions/2/Training/glioma/Tr-gl_387.jpg,TUMOR,val
C:/Users/Ankit/.cache/kagglehub/datasets/masoudnickparvar/brain-tumor-mri-dataset/versions/2/Training/glioma/Tr-gl_765.jpg,TUMOR,val
C:/Users/Ankit/.cache/kagglehub/datasets/masoudnickparvar/brain-tumor-mri-dataset/versions/2/Testing/meningioma/Te-me_217.jpg,TUMOR,val
C:/Users/Ankit/.cache/kagglehub/datasets/masoudnickparvar/brain-tumor-mri-dataset/versions/2/Training/meningioma/Tr-me_641.jpg,TUMOR,val
C:/Users/Ankit/.cache/kagglehub/datasets/masoudnickparvar/brain-tumor-mri-dataset/versions/2/Training/glioma/Tr-gl_683.jpg,TUMOR,val
C:/Users/Ankit/.cache/kagglehub/datasets/masoudnickparvar/brain-tumor-mri-dataset/versions/2/Training/glioma/Tr-gl_421.jpg,TUMOR,val
C:/Users/Ankit/.cache/kagglehub/datasets/masoudnickparvar/brain-tumor-mri-dataset/versions/2/Training/meningioma/Tr-me_971.jpg,TUMOR,val
C:/Users/Ankit/.cache/kagglehub/datasets/masoudnickparvar/brain-tumor-mri-dataset/versions/2/Training/pituitary/Tr-pi_1241.jpg,TUMOR,val
C:/Users/Ankit/.cache/kagglehub/datasets/masoudnickparvar/brain-tumor-mri-dataset/versions/2/Training/glioma/Tr-gl_702.jpg,TUMOR,val
C:/Users/Ankit/.cache/kagglehub/datasets/masoudnickparvar/brain-tumor-mri-dataset/versions/2/Training/glioma/Tr-gl_481.jpg,TUMOR,val
C:/Users/Ankit/.cache/kagglehub/datasets/masoudnickparvar/brain-tumor-mri-dataset/versions/2/Training/glioma/Tr-gl_57.jpg,TUMOR,val
C:/Users/Ankit/.cache/kagglehub/datasets/masoudnickparvar/brain-tumor-mri-dataset/versions/2/Training/meningioma/Tr-me_716.jpg,TUMOR,val
C:/Users/Ankit/.cache/kagglehub/datasets/masoudnickparvar/brain-tumor-mri-dataset/versions/2/Training/meningioma/Tr-me_899.jpg,TUMOR,val
C:/Users/Ankit/.cache/kagglehub/datasets/masoudnickparvar/brain-tumor-mri-dataset/versions/2/Training/glioma/Tr-gl_1091.jpg,TUMOR,val
C:/Users/Ankit/.cache/kagglehub/datasets/masoudnickparvar/brain-tumor-mri-dataset/versions/2/Training/meningioma/Tr-me_686.jpg,TUMOR,val
C:/Users/Ankit/.cache/kagglehub/datasets/masoudnickparvar/brain-tumor-mri-dataset/versions/2/Training/pituitary/Tr-pi_849.jpg,TUMOR,val
C:/Users/Ankit/.cache/kagglehub/datasets/masoudnickparvar/brain-tumor-mri-dataset/versions/2/Training/meningioma/Tr-me_544.jpg,TUMOR,val
C:/Users/Ankit/.cache/kagglehub/datasets/masoudnickparvar/brain-tumor-mri-dataset/versions/2/Training/pituitary/Tr-pi_112.jpg,TUMOR,val
C:/Users/Ankit/.cache/kagglehub/datasets/masoudnickparvar/brain-tumor-mri-dataset/versions/2/Training/meningioma/Tr-me_661.jpg,TUMOR,val
C:/Users/Ankit/.cache/kagglehub/datasets/masoudnickparvar/brain-tumor-mri-dataset/versions/2/Training/glioma/Tr-gl_999.jpg,TUMOR,val
C:/Users/Ankit/.cache/kagglehub/datasets/masoudnickparvar/brain-tumor-mri-dataset/versions/2/Training/pituitary/Tr-pi_259.jpg,TUMOR,val
C:/Users/Ankit/.cache/kagglehub/datasets/masoudnickparvar/brain-tumor-mri-dataset/versions/2/Training/pituitary/Tr-pi_1314.jpg,TUMOR,val
C:/Users/Ankit/.cache/kagglehub/datasets/masoudnickparvar/brain-tumor-mri-dataset/versions/2/Training/meningioma/Tr-me_824.jpg,TUMOR,val
C:/Users/Ankit/.cache/kagglehub/datasets/masoudnickparvar/brain-tumor-mri-dataset/versions/2/Testing/pituitary/Te-pi_362.jpg,TUMOR,val
C:/Users/Ankit/.cache/kagglehub/datasets/masoudnickparvar/brain-tumor-mri-dataset/versions/2/Training/meningioma/Tr-me_764.jpg,TUMOR,val
C:/Users/Ankit/.cache/kagglehub/datasets/masoudnickparvar/brain-tumor-mri-dataset/versions/2/Testing/pituitary/Te-pi_274.jpg,TUMOR,val
C:/Users/Ankit/.cache/kagglehub/datasets/masoudnickparvar/brain-tumor-mri-dataset/versions/2/Training/glioma/Tr-gl_496.jpg,TUMOR,val
C:/Users/Ankit/.cache/kagglehub/datasets/masoudnickparvar/brain-tumor-mri-dataset/versions/2/Training/pituitary/Tr-pi_248.jpg,TUMOR,val
C:/Users/Ankit/.cache/kagglehub/datasets/masoudnickparvar/brain-tumor-mri-dataset/versions/2/Testing/meningioma/Te-aug-me_16.jpg,TUMOR,test
C:/Users/Ankit/.cache/kagglehub/datasets/masoudnickparvar/brain-tumor-mri-dataset/versions/2/Training/meningioma/Tr-me_823.jpg,TUMOR,test
C:/Users/Ankit/.cache/kagglehub/datasets/masoudnickparvar/brain-tumor-mri-dataset/versions/2/Training/pituitary/Tr-pi_1217.jpg,TUMOR,test
C:/Users/Ankit/.cache/kagglehub/datasets/masoudnickparvar/brain-tumor-mri-dataset/versions/2/Training/glioma/Tr-gl_1214.jpg,TUMOR,test
C:/Users/Ankit/.cache/kagglehub/datasets/masoudnickparvar/brain-tumor-mri-dataset/versions/2/Training/glioma/Tr-gl_271.jpg,TUMOR,test
C:/Users/Ankit/.cache/kagglehub/datasets/masoudnickparvar/brain-tumor-mri-dataset/versions/2/Training/meningioma/Tr-me_532.jpg,TUMOR,test
C:/Users/Ankit/.cache/kagglehub/datasets/masoudnickparvar/brain-tumor-mri-dataset/versions/2/Testing/pituitary/Te-pi_165.jpg,TUMOR,test
C:/Users/Ankit/.cache/kagglehub/datasets/masoudnickparvar/brain-tumor-mri-dataset/versions/2/Testing/glioma/Te-gl_14.jpg,TUMOR,test
C:/Users/Ankit/.cache/kagglehub/datasets/masoudnickparvar/brain-tumor-mri-dataset/versions/2/Training/glioma/Tr-gl_1005.jpg,TUMOR,test
C:/Users/Ankit/.cache/kagglehub/datasets/masoudnickparvar/brain-tumor-mri-dataset/versions/2/Training/glioma/Tr-gl_457.jpg,TUMOR,test
C:/Users/Ankit/.cache/kagglehub/datasets/masoudnickparvar/brain-tumor-mri-dataset/versions/2/Training/meningioma/Tr-me_344.jpg,TUMOR,test
C:/Users/Ankit/.cache/kagglehub/datasets/masoudnickparvar/brain-tumor-mri-dataset/versions/2/Training/pituitary/Tr-pi_1042.jpg,TUMOR,test
C:/Users/Ankit/.cache/kagglehub/datasets/masoudnickparvar/brain-tumor-mri-dataset/versions/2/Training/meningioma/Tr-me_229.jpg,TUMOR,test
C:/Users/Ankit/.cache/kagglehub/datasets/masoudnickparvar/brain-tumor-mri-dataset/versions/2/Training/glioma/Tr-gl_1351.jpg,TUMOR,test
C:/Users/Ankit/.cache/kagglehub/datasets/masoudnickparvar/brain-tumor-mri-dataset/versions/2/Training/pituitary/Tr-pi_382.jpg,TUMOR,test
C:/Users/Ankit/.cache/kagglehub/datasets/masoudnickparvar/brain-tumor-mri-dataset/versions/2/Training/meningioma/Tr-me_454.jpg,TUMOR,test
C:/Users/Ankit/.cache/kagglehub/datasets/masoudnickparvar/brain-tumor-mri-dataset/versions/2/Training/meningioma/Tr-me_756.jpg,TUMOR,test
C:/Users/Ankit/.cache/kagglehub/datasets/masoudnickparvar/brain-tumor-mri-dataset/versions/2/Testing/meningioma/Te-me_183.jpg,TUMOR,test
C:/Users/Ankit/.cache/kagglehub/datasets/masoudnickparvar/brain-tumor-mri-dataset/versions/2/Training/meningioma/Tr-me_901.jpg,TUMOR,test
C:/Users/Ankit/.cache/kagglehub/datasets/masoudnickparvar/brain-tumor-mri-dataset/versions/2/Training/pituitary/Tr-pi_925.jpg,TUMOR,test
C:/Users/Ankit/.cache/kagglehub/datasets/masoudnickparvar/brain-tumor-mri-dataset/versions/2/Testing/glioma/Te-gl_8.jpg,TUMOR,test
C:/Users/Ankit/.cache/kagglehub/datasets/masoudnickparvar/brain-tumor-mri-dataset/versions/2/Testing/glioma/Te-gl_28.jpg,TUMOR,test
C:/Users/Ankit/.cache/kagglehub/datasets/masoudnickparvar/brain-tumor-mri-dataset/versions/2/Training/glioma/Tr-gl_1004.jpg,TUMOR,test
C:/Users/Ankit/.cache/kagglehub/datasets/masoudnickparvar/brain-tumor-mri-dataset/versions/2/Training/glioma/Tr-gl_1387.jpg,TUMOR,test
C:/Users/Ankit/.cache/kagglehub/datasets/masoudnickparvar/brain-tumor-mri-dataset/versions/2/Training/pituitary/Tr-pi_816.jpg,TUMOR,test
C:/Users/Ankit/.cache/kagglehub/datasets/masoudnickparvar/brain-tumor-mri-dataset/versions/2/Training/glioma/Tr-gl_947.jpg,TUMOR,test
C:/Users/Ankit/.cache/kagglehub/datasets/masoudnickparvar/brain-tumor-mri-dataset/versions/2/Training/glioma/Tr-gl_390.jpg,TUMOR,test
C:/Users/Ankit/.cache/kagglehub/datasets/masoudnickparvar/brain-tumor-mri-dataset/versions/2/Testing/meningioma/Te-me_68.jpg,TUMOR,test
C:/Users/Ankit/.cache/kagglehub/datasets/masoudnickparvar/brain-tumor-mri-dataset/versions/2/Training/meningioma/Tr-me_1039.jpg,TUMOR,test
C:/Users/Ankit/.cache/kagglehub/datasets/masoudnickparvar/brain-tumor-mri-dataset/versions/2/Training/pituitary/Tr-pi_1199.jpg,TUMOR,test
C:/Users/Ankit/.cache/kagglehub/datasets/masoudnickparvar/brain-tumor-mri-dataset/versions/2/Training/glioma/Tr-gl_750.jpg,TUMOR,test
C:/Users/Ankit/.cache/kagglehub/datasets/masoudnickparvar/brain-tumor-mri-dataset/versions/2/Testing/meningioma/Te-me_271.jpg,TUMOR,test
C:/Users/Ankit/.cache/kagglehub/datasets/masoudnickparvar/brain-tumor-mri-dataset/versions/2/Training/glioma/Tr-gl_117.jpg,TUMOR,test
C:/Users/Ankit/.cache/kagglehub/datasets/masoudnickparvar/brain-tumor-mri-dataset/versions/2/Training/meningioma/Tr-me_888.jpg,TUMOR,test
C:/Users/Ankit/.cache/kagglehub/datasets/masoudnickparvar/brain-tumor-mri-dataset/versions/2/Training/pituitary/Tr-pi_1167.jpg,TUMOR,test
C:/Users/Ankit/.cache/kagglehub/datasets/masoudnickparvar/brain-tumor-mri-dataset/versions/2/Training/glioma/Tr-gl_233.jpg,TUMOR,test
C:/Users/Ankit/.cache/kagglehub/datasets/masoudnickparvar/brain-tumor-mri-dataset/versions/2/Training/meningioma/Tr-me_659.jpg,TUMOR,test
C:/Users/Ankit/.cache/kagglehub/datasets/masoudnickparvar/brain-tumor-mri-dataset/versions/2/Training/pituitary/Tr-pi_652.jpg,TUMOR,test
C:/Users/Ankit/.cache/kagglehub/datasets/masoudnickparvar/brain-tumor-mri-dataset/versions/2/Training/meningioma/Tr-me_827.jpg,TUMOR,test
C:/Users/Ankit/.cache/kagglehub/datasets/masoudnickparvar/brain-tumor-mri-dataset/versions/2/Training/meningioma/Tr-aug-me_44.jpg,TUMOR,test
C:/Users/Ankit/.cache/kagglehub/datasets/masoudnickparvar/brain-tumor-mri-dataset/versions/2/Training/pituitary/Tr-pi_414.jpg,TUMOR,test
C:/Users/Ankit/.cache/kagglehub/datasets/masoudnickparvar/brain-tumor-mri-dataset/versions/2/Training/meningioma/Tr-me_568.jpg,TUMOR,test
C:/Users/Ankit/.cache/kagglehub/datasets/masoudnickparvar/brain-tumor-mri-dataset/versions/2/Training/glioma/Tr-gl_207.jpg,TUMOR,test
C:/Users/Ankit/.cache/kagglehub/datasets/masoudnickparvar/brain-tumor-mri-dataset/versions/2/Training/glioma/Tr-gl_774.jpg,TUMOR,test
C:/Users/Ankit/.cache/kagglehub/datasets/masoudnickparvar/brain-tumor-mri-dataset/versions/2/Training/glioma/Tr-gl_9.jpg,TUMOR,test
C:/Users/Ankit/.cache/kagglehub/datasets/masoudnickparvar/brain-tumor-mri-dataset/versions/2/Testing/glioma/Te-gl_101.jpg,TUMOR,test
C:/Users/Ankit/.cache/kagglehub/datasets/masoudnickparvar/brain-tumor-mri-dataset/versions/2/Training/pituitary/Tr-pi_178.jpg,TUMOR,test
C:/Users/Ankit/.cache/kagglehub/datasets/masoudnickparvar/brain-tumor-mri-dataset/versions/2/Training/meningioma/Tr-me_392.jpg,TUMOR,test
C:/Users/Ankit/.cache/kagglehub/datasets/masoudnickparvar/brain-tumor-mri-dataset/versions/2/Training/glioma/Tr-gl_878.jpg,TUMOR,test
C:/Users/Ankit/.cache/kagglehub/datasets/masoudnickparvar/brain-tumor-mri-dataset/versions/2/Training/pituitary/Tr-pi_334.jpg,TUMOR,test
C:/Users/Ankit/.cache/kagglehub/datasets/masoudnickparvar/brain-tumor-mri-dataset/versions/2/Training/glioma/Tr-gl_1200.jpg,TUMOR,test
C:/Users/Ankit/.cache/kagglehub/datasets/masoudnickparvar/brain-tumor-mri-dataset/versions/2/Training/meningioma/Tr-me_193.jpg,TUMOR,test
C:/Users/Ankit/.cache/kagglehub/datasets/masoudnickparvar/brain-tumor-mri-dataset/versions/2/Training/meningioma/Tr-me_499.jpg,TUMOR,test
C:/Users/Ankit/.cache/kagglehub/datasets/masoudnickparvar/brain-tumor-mri-dataset/versions/2/Training/glioma/Tr-gl_1332.jpg,TUMOR,test
C:/Users/Ankit/.cache/kagglehub/datasets/masoudnickparvar/brain-tumor-mri-dataset/versions/2/Testing/pituitary/Te-pi_317.jpg,TUMOR,test
C:/Users/Ankit/.cache/kagglehub/datasets/masoudnickparvar/brain-tumor-mri-dataset/versions/2/Training/pituitary/Tr-pi_225.jpg,TUMOR,test
C:/Users/Ankit/.cache/kagglehub/datasets/masoudnickparvar/brain-tumor-mri-dataset/versions/2/Training/glioma/Tr-gl_839.jpg,TUMOR,test
C:/Users/Ankit/.cache/kagglehub/datasets/masoudnickparvar/brain-tumor-mri-dataset/versions/2/Training/meningioma/Tr-me_365.jpg,TUMOR,test
C:/Users/Ankit/.cache/kagglehub/datasets/masoudnickparvar/brain-tumor-mri-dataset/versions/2/Training/meningioma/Tr-aug-me_74.jpg,TUMOR,test
C:/Users/Ankit/.cache/kagglehub/datasets/masoudnickparvar/brain-tumor-mri-dataset/versions/2/Training/meningioma/Tr-me_409.jpg,TUMOR,test
C:/Users/Ankit/.cache/kagglehub/datasets/masoudnickparvar/brain-tumor-mri-dataset/versions/2/Training/glioma/Tr-gl_939.jpg,TUMOR,test
C:/Users/Ankit/.cache/kagglehub/datasets/masoudnickparvar/brain-tumor-mri-dataset/versions/2/Training/pituitary/Tr-pi_1137.jpg,TUMOR,test
C:/Users/Ankit/.cache/kagglehub/datasets/masoudnickparvar/brain-tumor-mri-dataset/versions/2/Training/glioma/Tr-gl_873.jpg,TUMOR,test
C:/Users/Ankit/.cache/kagglehub/datasets/masoudnickparvar/brain-tumor-mri-dataset/versions/2/Testing/pituitary/Te-pi_298.jpg,TUMOR,test
C:/Users/Ankit/.cache/kagglehub/datasets/masoudnickparvar/brain-tumor-mri-dataset/versions/2/Training/glioma/Tr-gl_973.jpg,TUMOR,test
C:/Users/Ankit/.cache/kagglehub/datasets/masoudnickparvar/brain-tumor-mri-dataset/versions/2/Training/meningioma/Tr-me_1001.jpg,TUMOR,test
C:/Users/Ankit/.cache/kagglehub/datasets/masoudnickparvar/brain-tumor-mri-dataset/versions/2/Testing/meningioma/Te-me_162.jpg,TUMOR,test
C:/Users/Ankit/.cache/kagglehub/datasets/masoudnickparvar/brain-tumor-mri-dataset/versions/2/Training/meningioma/Tr-me_579.jpg,TUMOR,test
C:/Users/Ankit/.cache/kagglehub/datasets/masoudnickparvar/brain-tumor-mri-dataset/versions/2/Training/meningioma/Tr-me_1253.jpg,TUMOR,test
C:/Users/Ankit/.cache/kagglehub/datasets/masoudnickparvar/brain-tumor-mri-dataset/versions/2/Training/glioma/Tr-gl_1371.jpg,TUMOR,test
C:/Users/Ankit/.cache/kagglehub/datasets/masoudnickparvar/brain-tumor-mri-dataset/versions/2/Training/pituitary/Tr-pi_1368.jpg,TUMOR,test
C:/Users/Ankit/.cache/kagglehub/datasets/masoudnickparvar/brain-tumor-mri-dataset/versions/2/Training/pituitary/Tr-pi_1231.jpg,TUMOR,test
C:/Users/Ankit/.cache/kagglehub/datasets/masoudnickparvar/brain-tumor-mri-dataset/versions/2/Testing/glioma/Te-gl_110.jpg,TUMOR,test
C:/Users/Ankit/.cache/kagglehub/datasets/masoudnickparvar/brain-tumor-mri-dataset/versions/2/Training/meningioma/Tr-me_613.jpg,TUMOR,test
C:/Users/Ankit/.cache/kagglehub/datasets/masoudnickparvar/brain-tumor-mri-dataset/versions/2/Testing/glioma/Te-gl_66.jpg,TUMOR,test
C:/Users/Ankit/.cache/kagglehub/datasets/masoudnickparvar/brain-tumor-mri-dataset/versions/2/Training/glioma/Tr-gl_536.jpg,TUMOR,test
C:/Users/Ankit/.cache/kagglehub/datasets/masoudnickparvar/brain-tumor-mri-dataset/versions/2/Training/glioma/Tr-gl_132.jpg,TUMOR,test
C:/Users/Ankit/.cache/kagglehub/datasets/masoudnickparvar/brain-tumor-mri-dataset/versions/2/Training/pituitary/Tr-pi_39.jpg,TUMOR,test
C:/Users/Ankit/.cache/kagglehub/datasets/masoudnickparvar/brain-tumor-mri-dataset/versions/2/Training/meningioma/Tr-me_238.jpg,TUMOR,test
C:/Users/Ankit/.cache/kagglehub/datasets/masoudnickparvar/brain-tumor-mri-dataset/versions/2/Testing/pituitary/Te-pi_231.jpg,TUMOR,test
C:/Users/Ankit/.cache/kagglehub/datasets/masoudnickparvar/brain-tumor-mri-dataset/versions/2/Training/pituitary/Tr-pi_1169.jpg,TUMOR,test
C:/Users/Ankit/.cache/kagglehub/datasets/masoudnickparvar/brain-tumor-mri-dataset/versions/2/Training/meningioma/Tr-me_615.jpg,TUMOR,test
C:/Users/Ankit/.cache/kagglehub/datasets/masoudnickparvar/brain-tumor-mri-dataset/versions/2/Training/pituitary/Tr-pi_735.jpg,TUMOR,test
C:/Users/Ankit/.cache/kagglehub/datasets/masoudnickparvar/brain-tumor-mri-dataset/versions/2/Training/meningioma/Tr-me_1116.jpg,TUMOR,test
C:/Users/Ankit/.cache/kagglehub/datasets/masoudnickparvar/brain-tumor-mri-dataset/versions/2/Training/meningioma/Tr-me_601.jpg,TUMOR,test
C:/Users/Ankit/.cache/kagglehub/datasets/masoudnickparvar/brain-tumor-mri-dataset/versions/2/Training/pituitary/Tr-pi_537.jpg,TUMOR,test
C:/Users/Ankit/.cache/kagglehub/datasets/masoudnickparvar/brain-tumor-mri-dataset/versions/2/Testing/pituitary/Te-pi_179.jpg,TUMOR,test
C:/Users/Ankit/.cache/kagglehub/datasets/masoudnickparvar/brain-tumor-mri-dataset/versions/2/Testing/glioma/Te-gl_381.jpg,TUMOR,test
C:/Users/Ankit/.cache/kagglehub/datasets/masoudnickparvar/brain-tumor-mri-dataset/versions/2/Training/glioma/Tr-gl_615.jpg,TUMOR,test
C:/Users/Ankit/.cache/kagglehub/datasets/masoudnickparvar/brain-tumor-mri-dataset/versions/2/Training/pituitary/Tr-pi_419.jpg,TUMOR,test
C:/Users/Ankit/.cache/kagglehub/datasets/masoudnickparvar/brain-tumor-mri-dataset/versions/2/Training/glioma/Tr-gl_1234.jpg,TUMOR,test
C:/Users/Ankit/.cache/kagglehub/datasets/masoudnickparvar/brain-tumor-mri-dataset/versions/2/Training/glioma/Tr-gl_584.jpg,TUMOR,test
C:/Users/Ankit/.cache/kagglehub/datasets/masoudnickparvar/brain-tumor-mri-dataset/versions/2/Testing/pituitary/Te-pi_229.jpg,TUMOR,test
C:/Users/Ankit/.cache/kagglehub/datasets/masoudnickparvar/brain-tumor-mri-dataset/versions/2/Testing/glioma/Te-gl_302.jpg,TUMOR,test
C:/Users/Ankit/.cache/kagglehub/datasets/masoudnickparvar/brain-tumor-mri-dataset/versions/2/Training/meningioma/Tr-me_1009.jpg,TUMOR,test
C:/Users/Ankit/.cache/kagglehub/datasets/masoudnickparvar/brain-tumor-mri-dataset/versions/2/Training/pituitary/Tr-pi_956.jpg,TUMOR,test
C:/Users/Ankit/.cache/kagglehub/datasets/masoudnickparvar/brain-tumor-mri-dataset/versions/2/Training/meningioma/Tr-me_345.jpg,TUMOR,test
C:/Users/Ankit/.cache/kagglehub/datasets/masoudnickparvar/brain-tumor-mri-dataset/versions/2/Training/pituitary/Tr-pi_1154.jpg,TUMOR,test
C:/Users/Ankit/.cache/kagglehub/datasets/masoudnickparvar/brain-tumor-mri-dataset/versions/2/Training/meningioma/Tr-me_1157.jpg,TUMOR,test
C:/Users/Ankit/.cache/kagglehub/datasets/masoudnickparvar/brain-tumor-mri-dataset/versions/2/Training/glioma/Tr-gl_716.jpg,TUMOR,test
C:/Users/Ankit/.cache/kagglehub/datasets/masoudnickparvar/brain-tumor-mri-dataset/versions/2/Testing/meningioma/Te-me_158.jpg,TUMOR,test
C:/Users/Ankit/.cache/kagglehub/datasets/masoudnickparvar/brain-tumor-mri-dataset/versions/2/Training/glioma/Tr-gl_712.jpg,TUMOR,test
C:/Users/Ankit/.cache/kagglehub/datasets/masoudnickparvar/brain-tumor-mri-dataset/versions/2/Training/meningioma/Tr-aug-me_9.jpg,TUMOR,test
C:/Users/Ankit/.cache/kagglehub/datasets/masoudnickparvar/brain-tumor-mri-dataset/versions/2/Training/meningioma/Tr-me_336.jpg,TUMOR,test
C:/Users/Ankit/.cache/kagglehub/datasets/masoudnickparvar/brain-tumor-mri-dataset/versions/2/Training/glioma/Tr-gl_1342.jpg,TUMOR,test
C:/Users/Ankit/.cache/kagglehub/datasets/masoudnickparvar/brain-tumor-mri-dataset/versions/2/Testing/glioma/Te-gl_273.jpg,TUMOR,test
C:/Users/Ankit/.cache/kagglehub/datasets/masoudnickparvar/brain-tumor-mri-dataset/versions/2/Training/glioma/Tr-gl_301.jpg,TUMOR,test
C:/Users/Ankit/.cache/kagglehub/datasets/masoudnickparvar/brain-tumor-mri-dataset/versions/2/Training/glioma/Tr-gl_336.jpg,TUMOR,test
C:/Users/Ankit/.cache/kagglehub/datasets/masoudnickparvar/brain-tumor-mri-dataset/versions/2/Training/glioma/Tr-gl_909.jpg,TUMOR,test
C:/Users/Ankit/.cache/kagglehub/datasets/masoudnickparvar/brain-tumor-mri-dataset/versions/2/Training/meningioma/Tr-me_1146.jpg,TUMOR,test
C:/Users/Ankit/.cache/kagglehub/datasets/masoudnickparvar/brain-tumor-mri-dataset/versions/2/Training/meningioma/Tr-me_792.jpg,TUMOR,test
C:/Users/Ankit/.cache/kagglehub/datasets/masoudnickparvar/brain-tumor-mri-dataset/versions/2/Training/glioma/Tr-gl_139.jpg,TUMOR,test
C:/Users/Ankit/.cache/kagglehub/datasets/masoudnickparvar/brain-tumor-mri-dataset/versions/2/Training/glioma/Tr-gl_299.jpg,TUMOR,test
C:/Users/Ankit/.cache/kagglehub/datasets/masoudnickparvar/brain-tumor-mri-dataset/versions/2/Training/meningioma/Tr-me_869.jpg,TUMOR,test
C:/Users/Ankit/.cache/kagglehub/datasets/masoudnickparvar/brain-tumor-mri-dataset/versions/2/Testing/glioma/Te-gl_385.jpg,TUMOR,test
C:/Users/Ankit/.cache/kagglehub/datasets/masoudnickparvar/brain-tumor-mri-dataset/versions/2/Training/meningioma/Tr-me_218.jpg,TUMOR,test
C:/Users/Ankit/.cache/kagglehub/datasets/masoudnickparvar/brain-tumor-mri-dataset/versions/2/Testing/pituitary/Te-pi_176.jpg,TUMOR,test
C:/Users/Ankit/.cache/kagglehub/datasets/masoudnickparvar/brain-tumor-mri-dataset/versions/2/Training/glioma/Tr-gl_1092.jpg,TUMOR,test
C:/Users/Ankit/.cache/kagglehub/datasets/masoudnickparvar/brain-tumor-mri-dataset/versions/2/Training/pituitary/Tr-pi_872.jpg,TUMOR,test
C:/Users/Ankit/.cache/kagglehub/datasets/masoudnickparvar/brain-tumor-mri-dataset/versions/2/Training/glioma/Tr-gl_488.jpg,TUMOR,test
C:/Users/Ankit/.cache/kagglehub/datasets/masoudnickparvar/brain-tumor-mri-dataset/versions/2/Training/meningioma/Tr-me_433.jpg,TUMOR,test
C:/Users/Ankit/.cache/kagglehub/datasets/masoudnickparvar/brain-tumor-mri-dataset/versions/2/Training/meningioma/Tr-me_1017.jpg,TUMOR,test
C:/Users/Ankit/.cache/kagglehub/datasets/masoudnickparvar/brain-tumor-mri-dataset/versions/2/Training/glioma/Tr-gl_1240.jpg,TUMOR,test
C:/Users/Ankit/.cache/kagglehub/datasets/masoudnickparvar/brain-tumor-mri-dataset/versions/2/Testing/glioma/Te-gl_282.jpg,TUMOR,test
C:/Users/Ankit/.cache/kagglehub/datasets/masoudnickparvar/brain-tumor-mri-dataset/versions/2/Training/meningioma/Tr-me_438.jpg,TUMOR,test
C:/Users/Ankit/.cache/kagglehub/datasets/masoudnickparvar/brain-tumor-mri-dataset/versions/2/Training/glioma/Tr-gl_1223.jpg,TUMOR,test
C:/Users/Ankit/.cache/kagglehub/datasets/masoudnickparvar/brain-tumor-mri-dataset/versions/2/Training/glioma/Tr-gl_1116.jpg,TUMOR,test
C:/Users/Ankit/.cache/kagglehub/datasets/masoudnickparvar/brain-tumor-mri-dataset/versions/2/Training/glioma/Tr-gl_403.jpg,TUMOR,test
C:/Users/Ankit/.cache/kagglehub/datasets/masoudnickparvar/brain-tumor-mri-dataset/versions/2/Training/glioma/Tr-gl_1058.jpg,TUMOR,test
C:/Users/Ankit/.cache/kagglehub/datasets/masoudnickparvar/brain-tumor-mri-dataset/versions/2/Training/pituitary/Tr-pi_757.jpg,TUMOR,test
C:/Users/Ankit/.cache/kagglehub/datasets/masoudnickparvar/brain-tumor-mri-dataset/versions/2/Training/pituitary/Tr-pi_266.jpg,TUMOR,test
C:/Users/Ankit/.cache/kagglehub/datasets/masoudnickparvar/brain-tumor-mri-dataset/versions/2/Training/meningioma/Tr-me_1176.jpg,TUMOR,test
C:/Users/Ankit/.cache/kagglehub/datasets/masoudnickparvar/brain-tumor-mri-dataset/versions/2/Testing/pituitary/Te-pi_137.jpg,TUMOR,test
C:/Users/Ankit/.cache/kagglehub/datasets/masoudnickparvar/brain-tumor-mri-dataset/versions/2/Training/glioma/Tr-gl_499.jpg,TUMOR,test
C:/Users/Ankit/.cache/kagglehub/datasets/masoudnickparvar/brain-tumor-mri-dataset/versions/2/Training/glioma/Tr-gl_206.jpg,TUMOR,test
C:/Users/Ankit/.cache/kagglehub/datasets/masoudnickparvar/brain-tumor-mri-dataset/versions/2/Training/meningioma/Tr-me_1206.jpg,TUMOR,test
C:/Users/Ankit/.cache/kagglehub/datasets/masoudnickparvar/brain-tumor-mri-dataset/versions/2/Testing/glioma/Te-gl_393.jpg,TUMOR,test
C:/Users/Ankit/.cache/kagglehub/datasets/masoudnickparvar/brain-tumor-mri-dataset/versions/2/Training/meningioma/Tr-me_1257.jpg,TUMOR,test
C:/Users/Ankit/.cache/kagglehub/datasets/masoudnickparvar/brain-tumor-mri-dataset/versions/2/Training/glioma/Tr-gl_931.jpg,TUMOR,test
C:/Users/Ankit/.cache/kagglehub/datasets/masoudnickparvar/brain-tumor-mri-dataset/versions/2/Testing/glioma/Te-gl_47.jpg,TUMOR,test
C:/Users/Ankit/.cache/kagglehub/datasets/masoudnickparvar/brain-tumor-mri-dataset/versions/2/Testing/pituitary/Te-pi_319.jpg,TUMOR,test
C:/Users/Ankit/.cache/kagglehub/datasets/masoudnickparvar/brain-tumor-mri-dataset/versions/2/Training/meningioma/Tr-me_567.jpg,TUMOR,test
C:/Users/Ankit/.cache/kagglehub/datasets/masoudnickparvar/brain-tumor-mri-dataset/versions/2/Training/glioma/Tr-gl_101.jpg,TUMOR,test
C:/Users/Ankit/.cache/kagglehub/datasets/masoudnickparvar/brain-tumor-mri-dataset/versions/2/Training/pituitary/Tr-pi_211.jpg,TUMOR,test
C:/Users/Ankit/.cache/kagglehub/datasets/masoudnickparvar/brain-tumor-mri-dataset/versions/2/Training/pituitary/Tr-pi_432.jpg,TUMOR,test
C:/Users/Ankit/.cache/kagglehub/datasets/masoudnickparvar/brain-tumor-mri-dataset/versions/2/Training/meningioma/Tr-me_1290.jpg,TUMOR,test
C:/Users/Ankit/.cache/kagglehub/datasets/masoudnickparvar/brain-tumor-mri-dataset/versions/2/Testing/glioma/Te-gl_365.jpg,TUMOR,test
C:/Users/Ankit/.cache/kagglehub/datasets/masoudnickparvar/brain-tumor-mri-dataset/versions/2/Training/pituitary/Tr-pi_160.jpg,TUMOR,test
C:/Users/Ankit/.cache/kagglehub/datasets/masoudnickparvar/brain-tumor-mri-dataset/versions/2/Training/glioma/Tr-gl_1017.jpg,TUMOR,test
C:/Users/Ankit/.cache/kagglehub/datasets/masoudnickparvar/brain-tumor-mri-dataset/versions/2/Testing/meningioma/Te-me_200.jpg,TUMOR,test
C:/Users/Ankit/.cache/kagglehub/datasets/masoudnickparvar/brain-tumor-mri-dataset/versions/2/Training/pituitary/Tr-pi_845.jpg,TUMOR,test
C:/Users/Ankit/.cache/kagglehub/datasets/masoudnickparvar/brain-tumor-mri-dataset/versions/2/Testing/glioma/Te-gl_170.jpg,TUMOR,test
C:/Users/Ankit/.cache/kagglehub/datasets/masoudnickparvar/brain-tumor-mri-dataset/versions/2/Training/pituitary/Tr-pi_273.jpg,TUMOR,test
C:/Users/Ankit/.cache/kagglehub/datasets/masoudnickparvar/brain-tumor-mri-dataset/versions/2/Training/meningioma/Tr-me_551.jpg,TUMOR,test
C:/Users/Ankit/.cache/kagglehub/datasets/masoudnickparvar/brain-tumor-mri-dataset/versions/2/Training/pituitary/Tr-pi_205.jpg,TUMOR,test
C:/Users/Ankit/.cache/kagglehub/datasets/masoudnickparvar/brain-tumor-mri-dataset/versions/2/Training/meningioma/Tr-me_656.jpg,TUMOR,test
C:/Users/Ankit/.cache/kagglehub/datasets/masoudnickparvar/brain-tumor-mri-dataset/versions/2/Training/pituitary/Tr-pi_852.jpg,TUMOR,test
C:/Users/Ankit/.cache/kagglehub/datasets/masoudnickparvar/brain-tumor-mri-dataset/versions/2/Training/glioma/Tr-gl_59.jpg,TUMOR,test
C:/Users/Ankit/.cache/kagglehub/datasets/masoudnickparvar/brain-tumor-mri-dataset/versions/2/Testing/pituitary/Te-pi_343.jpg,TUMOR,test
C:/Users/Ankit/.cache/kagglehub/datasets/masoudnickparvar/brain-tumor-mri-dataset/versions/2/Training/meningioma/Tr-me_1027.jpg,TUMOR,test
C:/Users/Ankit/.cache/kagglehub/datasets/masoudnickparvar/brain-tumor-mri-dataset/versions/2/Testing/glioma/Te-gl_125.jpg,TUMOR,test
C:/Users/Ankit/.cache/kagglehub/datasets/masoudnickparvar/brain-tumor-mri-dataset/versions/2/Testing/glioma/Te-gl_64.jpg,TUMOR,test
C:/Users/Ankit/.cache/kagglehub/datasets/masoudnickparvar/brain-tumor-mri-dataset/versions/2/Training/glioma/Tr-gl_699.jpg,TUMOR,test
C:/Users/Ankit/.cache/kagglehub/datasets/masoudnickparvar/brain-tumor-mri-dataset/versions/2/Training/pituitary/Tr-pi_784.jpg,TUMOR,test
C:/Users/Ankit/.cache/kagglehub/datasets/masoudnickparvar/brain-tumor-mri-dataset/versions/2/Testing/meningioma/Te-me_6.jpg,TUMOR,test
C:/Users/Ankit/.cache/kagglehub/datasets/masoudnickparvar/brain-tumor-mri-dataset/versions/2/Testing/meningioma/Te-aug-me_20.jpg,TUMOR,test
C:/Users/Ankit/.cache/kagglehub/datasets/masoudnickparvar/brain-tumor-mri-dataset/versions/2/Training/glioma/Tr-gl_51.jpg,TUMOR,test
C:/Users/Ankit/.cache/kagglehub/datasets/masoudnickparvar/brain-tumor-mri-dataset/versions/2/Training/pituitary/Tr-pi_847.jpg,TUMOR,test
C:/Users/Ankit/.cache/kagglehub/datasets/masoudnickparvar/brain-tumor-mri-dataset/versions/2/Training/pituitary/Tr-pi_1124.jpg,TUMOR,test
C:/Users/Ankit/.cache/kagglehub/datasets/masoudnickparvar/brain-tumor-mri-dataset/versions/2/Training/glioma/Tr-gl_604.jpg,TUMOR,test
C:/Users/Ankit/.cache/kagglehub/datasets/masoudnickparvar/brain-tumor-mri-dataset/versions/2/Training/glioma/Tr-gl_159.jpg,TUMOR,test
C:/Users/Ankit/.cache/kagglehub/datasets/masoudnickparvar/brain-tumor-mri-dataset/versions/2/Training/meningioma/Tr-me_1096.jpg,TUMOR,test
C:/Users/Ankit/.cache/kagglehub/datasets/masoudnickparvar/brain-tumor-mri-dataset/versions/2/Training/glioma/Tr-gl_210.jpg,TUMOR,test
C:/Users/Ankit/.cache/kagglehub/datasets/masoudnickparvar/brain-tumor-mri-dataset/versions/2/Training/pituitary/Tr-pi_598.jpg,TUMOR,test
C:/Users/Ankit/.cache/kagglehub/datasets/masoudnickparvar/brain-tumor-mri-dataset/versions/2/Training/glioma/Tr-gl_736.jpg,TUMOR,test
C:/Users/Ankit/.cache/kagglehub/datasets/masoudnickparvar/brain-tumor-mri-dataset/versions/2/Training/glioma/Tr-gl_667.jpg,TUMOR,test
C:/Users/Ankit/.cache/kagglehub/datasets/masoudnickparvar/brain-tumor-mri-dataset/versions/2/Training/pituitary/Tr-pi_968.jpg,TUMOR,test
C:/Users/Ankit/.cache/kagglehub/datasets/masoudnickparvar/brain-tumor-mri-dataset/versions/2/Training/pituitary/Tr-pi_876.jpg,TUMOR,test
C:/Users/Ankit/.cache/kagglehub/datasets/masoudnickparvar/brain-tumor-mri-dataset/versions/2/Testing/pituitary/Te-pi_168.jpg,TUMOR,test
C:/Users/Ankit/.cache/kagglehub/datasets/masoudnickparvar/brain-tumor-mri-dataset/versions/2/Testing/pituitary/Te-pi_23.jpg,TUMOR,test
C:/Users/Ankit/.cache/kagglehub/datasets/masoudnickparvar/brain-tumor-mri-dataset/versions/2/Training/pituitary/Tr-pi_959.jpg,TUMOR,test
C:/Users/Ankit/.cache/kagglehub/datasets/masoudnickparvar/brain-tumor-mri-dataset/versions/2/Testing/pituitary/Te-pi_37.jpg,TUMOR,test
C:/Users/Ankit/.cache/kagglehub/datasets/masoudnickparvar/brain-tumor-mri-dataset/versions/2/Testing/pituitary/Te-pi_142.jpg,TUMOR,test
C:/Users/Ankit/.cache/kagglehub/datasets/masoudnickparvar/brain-tumor-mri-dataset/versions/2/Training/glioma/Tr-gl_866.jpg,TUMOR,test
C:/Users/Ankit/.cache/kagglehub/datasets/masoudnickparvar/brain-tumor-mri-dataset/versions/2/Training/pituitary/Tr-pi_227.jpg,TUMOR,test
C:/Users/Ankit/.cache/kagglehub/datasets/masoudnickparvar/brain-tumor-mri-dataset/versions/2/Testing/glioma/Te-gl_157.jpg,TUMOR,test
C:/Users/Ankit/.cache/kagglehub/datasets/masoudnickparvar/brain-tumor-mri-dataset/versions/2/Training/pituitary/Tr-pi_1299.jpg,TUMOR,test
C:/Users/Ankit/.cache/kagglehub/datasets/masoudnickparvar/brain-tumor-mri-dataset/versions/2/Training/pituitary/Tr-pi_648.jpg,TUMOR,test
C:/Users/Ankit/.cache/kagglehub/datasets/masoudnickparvar/brain-tumor-mri-dataset/versions/2/Training/glioma/Tr-gl_89.jpg,TUMOR,test
C:/Users/Ankit/.cache/kagglehub/datasets/masoudnickparvar/brain-tumor-mri-dataset/versions/2/Training/pituitary/Tr-pi_143.jpg,TUMOR,test
C:/Users/Ankit/.cache/kagglehub/datasets/masoudnickparvar/brain-tumor-mri-dataset/versions/2/Training/meningioma/Tr-me_629.jpg,TUMOR,test
C:/Users/Ankit/.cache/kagglehub/datasets/masoudnickparvar/brain-tumor-mri-dataset/versions/2/Training/glioma/Tr-gl_1081.jpg,TUMOR,test
C:/Users/Ankit/.cache/kagglehub/datasets/masoudnickparvar/brain-tumor-mri-dataset/versions/2/Training/glioma/Tr-gl_76.jpg,TUMOR,test
C:/Users/Ankit/.cache/kagglehub/datasets/masoudnickparvar/brain-tumor-mri-dataset/versions/2/Training/meningioma/Tr-me_1293.jpg,TUMOR,test
C:/Users/Ankit/.cache/kagglehub/datasets/masoudnickparvar/brain-tumor-mri-dataset/versions/2/Training/glioma/Tr-gl_46.jpg,TUMOR,test
C:/Users/Ankit/.cache/kagglehub/datasets/masoudnickparvar/brain-tumor-mri-dataset/versions/2/Testing/meningioma/Te-me_153.jpg,TUMOR,test
C:/Users/Ankit/.cache/kagglehub/datasets/masoudnickparvar/brain-tumor-mri-dataset/versions/2/Training/meningioma/Tr-me_1141.jpg,TUMOR,test
C:/Users/Ankit/.cache/kagglehub/datasets/masoudnickparvar/brain-tumor-mri-dataset/versions/2/Testing/pituitary/Te-pi_356.jpg,TUMOR,test
C:/Users/Ankit/.cache/kagglehub/datasets/masoudnickparvar/brain-tumor-mri-dataset/versions/2/Training/pituitary/Tr-pi_748.jpg,TUMOR,test
C:/Users/Ankit/.cache/kagglehub/datasets/masoudnickparvar/brain-tumor-mri-dataset/versions/2/Training/pituitary/Tr-pi_1128.jpg,TUMOR,test
C:/Users/Ankit/.cache/kagglehub/datasets/masoudnickparvar/brain-tumor-mri-dataset/versions/2/Training/glioma/Tr-gl_23.jpg,TUMOR,test
C:/Users/Ankit/.cache/kagglehub/datasets/masoudnickparvar/brain-tumor-mri-dataset/versions/2/Training/pituitary/Tr-pi_1362.jpg,TUMOR,test
C:/Users/Ankit/.cache/kagglehub/datasets/masoudnickparvar/brain-tumor-mri-dataset/versions/2/Testing/meningioma/Te-me_187.jpg,TUMOR,test
C:/Users/Ankit/.cache/kagglehub/datasets/masoudnickparvar/brain-tumor-mri-dataset/versions/2/Testing/pituitary/Te-pi_116.jpg,TUMOR,test
C:/Users/Ankit/.cache/kagglehub/datasets/masoudnickparvar/brain-tumor-mri-dataset/versions/2/Training/pituitary/Tr-pi_29.jpg,TUMOR,test
C:/Users/Ankit/.cache/kagglehub/datasets/masoudnickparvar/brain-tumor-mri-dataset/versions/2/Training/meningioma/Tr-me_778.jpg,TUMOR,test
C:/Users/Ankit/.cache/kagglehub/datasets/masoudnickparvar/brain-tumor-mri-dataset/versions/2/Testing/glioma/Te-gl_168.jpg,TUMOR,test
C:/Users/Ankit/.cache/kagglehub/datasets/masoudnickparvar/brain-tumor-mri-dataset/versions/2/Testing/meningioma/Te-me_181.jpg,TUMOR,test
C:/Users/Ankit/.cache/kagglehub/datasets/masoudnickparvar/brain-tumor-mri-dataset/versions/2/Training/glioma/Tr-gl_990.jpg,TUMOR,test
C:/Users/Ankit/.cache/kagglehub/datasets/masoudnickparvar/brain-tumor-mri-dataset/versions/2/Training/meningioma/Tr-me_77.jpg,TUMOR,test
C:/Users/Ankit/.cache/kagglehub/datasets/masoudnickparvar/brain-tumor-mri-dataset/versions/2/Training/glioma/Tr-gl_870.jpg,TUMOR,test
C:/Users/Ankit/.cache/kagglehub/datasets/masoudnickparvar/brain-tumor-mri-dataset/versions/2/Testing/pituitary/Te-pi_344.jpg,TUMOR,test
C:/Users/Ankit/.cache/kagglehub/datasets/masoudnickparvar/brain-tumor-mri-dataset/versions/2/Training/meningioma/Tr-me_316.jpg,TUMOR,test
C:/Users/Ankit/.cache/kagglehub/datasets/masoudnickparvar/brain-tumor-mri-dataset/versions/2/Training/glioma/Tr-gl_616.jpg,TUMOR,test
C:/Users/Ankit/.cache/kagglehub/datasets/masoudnickparvar/brain-tumor-mri-dataset/versions/2/Training/glioma/Tr-gl_418.jpg,TUMOR,test
C:/Users/Ankit/.cache/kagglehub/datasets/masoudnickparvar/brain-tumor-mri-dataset/versions/2/Training/glioma/Tr-gl_975.jpg,TUMOR,test
C:/Users/Ankit/.cache/kagglehub/datasets/masoudnickparvar/brain-tumor-mri-dataset/versions/2/Training/glioma/Tr-gl_164.jpg,TUMOR,test
C:/Users/Ankit/.cache/kagglehub/datasets/masoudnickparvar/brain-tumor-mri-dataset/versions/2/Training/glioma/Tr-gl_581.jpg,TUMOR,test
C:/Users/Ankit/.cache/kagglehub/datasets/masoudnickparvar/brain-tumor-mri-dataset/versions/2/Training/glioma/Tr-gl_991.jpg,TUMOR,test
C:/Users/Ankit/.cache/kagglehub/datasets/masoudnickparvar/brain-tumor-mri-dataset/versions/2/Training/pituitary/Tr-pi_1252.jpg,TUMOR,test
C:/Users/Ankit/.cache/kagglehub/datasets/masoudnickparvar/brain-tumor-mri-dataset/versions/2/Training/pituitary/Tr-pi_305.jpg,TUMOR,test
C:/Users/Ankit/.cache/kagglehub/datasets/masoudnickparvar/brain-tumor-mri-dataset/versions/2/Training/pituitary/Tr-pi_441.jpg,TUMOR,test
C:/Users/Ankit/.cache/kagglehub/datasets/masoudnickparvar/brain-tumor-mri-dataset/versions/2/Training/meningioma/Tr-me_49.jpg,TUMOR,test
C:/Users/Ankit/.cache/kagglehub/datasets/masoudnickparvar/brain-tumor-mri-dataset/versions/2/Testing/meningioma/Te-me_250.jpg,TUMOR,test
C:/Users/Ankit/.cache/kagglehub/datasets/masoudnickparvar/brain-tumor-mri-dataset/versions/2/Training/pituitary/Tr-pi_704.jpg,TUMOR,test
C:/Users/Ankit/.cache/kagglehub/datasets/masoudnickparvar/brain-tumor-mri-dataset/versions/2/Testing/glioma/Te-gl_392.jpg,TUMOR,test
C:/Users/Ankit/.cache/kagglehub/datasets/masoudnickparvar/brain-tumor-mri-dataset/versions/2/Training/pituitary/Tr-pi_521.jpg,TUMOR,test
C:/Users/Ankit/.cache/kagglehub/datasets/masoudnickparvar/brain-tumor-mri-dataset/versions/2/Training/pituitary/Tr-pi_406.jpg,TUMOR,test
C:/Users/Ankit/.cache/kagglehub/datasets/masoudnickparvar/brain-tumor-mri-dataset/versions/2/Training/glioma/Tr-gl_473.jpg,TUMOR,test
C:/Users/Ankit/.cache/kagglehub/datasets/masoudnickparvar/brain-tumor-mri-dataset/versions/2/Training/pituitary/Tr-pi_338.jpg,TUMOR,test
C:/Users/Ankit/.cache/kagglehub/datasets/masoudnickparvar/brain-tumor-mri-dataset/versions/2/Testing/pituitary/Te-pi_263.jpg,TUMOR,test
C:/Users/Ankit/.cache/kagglehub/datasets/masoudnickparvar/brain-tumor-mri-dataset/versions/2/Training/meningioma/Tr-me_375.jpg,TUMOR,test
C:/Users/Ankit/.cache/kagglehub/datasets/masoudnickparvar/brain-tumor-mri-dataset/versions/2/Training/glioma/Tr-gl_392.jpg,TUMOR,test
C:/Users/Ankit/.cache/kagglehub/datasets/masoudnickparvar/brain-tumor-mri-dataset/versions/2/Testing/meningioma/Te-me_147.jpg,TUMOR,test
C:/Users/Ankit/.cache/kagglehub/datasets/masoudnickparvar/brain-tumor-mri-dataset/versions/2/Training/pituitary/Tr-pi_525.jpg,TUMOR,test
C:/Users/Ankit/.cache/kagglehub/datasets/masoudnickparvar/brain-tumor-mri-dataset/versions/2/Testing/meningioma/Te-me_151.jpg,TUMOR,test
C:/Users/Ankit/.cache/kagglehub/datasets/masoudnickparvar/brain-tumor-mri-dataset/versions/2/Training/glioma/Tr-gl_1289.jpg,TUMOR,test
C:/Users/Ankit/.cache/kagglehub/datasets/masoudnickparvar/brain-tumor-mri-dataset/versions/2/Testing/meningioma/Te-me_237.jpg,TUMOR,test
C:/Users/Ankit/.cache/kagglehub/datasets/masoudnickparvar/brain-tumor-mri-dataset/versions/2/Training/pituitary/Tr-pi_1142.jpg,TUMOR,test
C:/Users/Ankit/.cache/kagglehub/datasets/masoudnickparvar/brain-tumor-mri-dataset/versions/2/Testing/meningioma/Te-aug-me_65.jpg,TUMOR,test
C:/Users/Ankit/.cache/kagglehub/datasets/masoudnickparvar/brain-tumor-mri-dataset/versions/2/Training/glioma/Tr-gl_1079.jpg,TUMOR,test
C:/Users/Ankit/.cache/kagglehub/datasets/masoudnickparvar/brain-tumor-mri-dataset/versions/2/Training/pituitary/Tr-pi_1313.jpg,TUMOR,test
C:/Users/Ankit/.cache/kagglehub/datasets/masoudnickparvar/brain-tumor-mri-dataset/versions/2/Training/pituitary/Tr-pi_1105.jpg,TUMOR,test
C:/Users/Ankit/.cache/kagglehub/datasets/masoudnickparvar/brain-tumor-mri-dataset/versions/2/Training/meningioma/Tr-me_913.jpg,TUMOR,test
C:/Users/Ankit/.cache/kagglehub/datasets/masoudnickparvar/brain-tumor-mri-dataset/versions/2/Training/pituitary/Tr-pi_445.jpg,TUMOR,test
C:/Users/Ankit/.cache/kagglehub/datasets/masoudnickparvar/brain-tumor-mri-dataset/versions/2/Testing/meningioma/Te-aug-me_15.jpg,TUMOR,test
C:/Users/Ankit/.cache/kagglehub/datasets/masoudnickparvar/brain-tumor-mri-dataset/versions/2/Testing/meningioma/Te-aug-me_68.jpg,TUMOR,test
C:/Users/Ankit/.cache/kagglehub/datasets/masoudnickparvar/brain-tumor-mri-dataset/versions/2/Training/glioma/Tr-gl_971.jpg,TUMOR,test
C:/Users/Ankit/.cache/kagglehub/datasets/masoudnickparvar/brain-tumor-mri-dataset/versions/2/Testing/meningioma/Te-aug-me_96.jpg,TUMOR,test
C:/Users/Ankit/.cache/kagglehub/datasets/masoudnickparvar/brain-tumor-mri-dataset/versions/2/Training/pituitary/Tr-pi_1396.jpg,TUMOR,test
C:/Users/Ankit/.cache/kagglehub/datasets/masoudnickparvar/brain-tumor-mri-dataset/versions/2/Training/pituitary/Tr-pi_408.jpg,TUMOR,test
C:/Users/Ankit/.cache/kagglehub/datasets/masoudnickparvar/brain-tumor-mri-dataset/versions/2/Testing/meningioma/Te-aug-me_78.jpg,TUMOR,test
C:/Users/Ankit/.cache/kagglehub/datasets/masoudnickparvar/brain-tumor-mri-dataset/versions/2/Training/glioma/Tr-gl_263.jpg,TUMOR,test
C:/Users/Ankit/.cache/kagglehub/datasets/masoudnickparvar/brain-tumor-mri-dataset/versions/2/Training/glioma/Tr-gl_846.jpg,TUMOR,test
C:/Users/Ankit/.cache/kagglehub/datasets/masoudnickparvar/brain-tumor-mri-dataset/versions/2/Training/glioma/Tr-gl_1318.jpg,TUMOR,test
C:/Users/Ankit/.cache/kagglehub/datasets/masoudnickparvar/brain-tumor-mri-dataset/versions/2/Training/glioma/Tr-gl_106.jpg,TUMOR,test
C:/Users/Ankit/.cache/kagglehub/datasets/masoudnickparvar/brain-tumor-mri-dataset/versions/2/Training/meningioma/Tr-me_987.jpg,TUMOR,test
C:/Users/Ankit/.cache/kagglehub/datasets/masoudnickparvar/brain-tumor-mri-dataset/versions/2/Training/pituitary/Tr-pi_235.jpg,TUMOR,test
C:/Users/Ankit/.cache/kagglehub/datasets/masoudnickparvar/brain-tumor-mri-dataset/versions/2/Training/meningioma/Tr-me_517.jpg,TUMOR,test
C:/Users/Ankit/.cache/kagglehub/datasets/masoudnickparvar/brain-tumor-mri-dataset/versions/2/Training/glioma/Tr-gl_761.jpg,TUMOR,test
C:/Users/Ankit/.cache/kagglehub/datasets/masoudnickparvar/brain-tumor-mri-dataset/versions/2/Training/meningioma/Tr-me_753.jpg,TUMOR,test
C:/Users/Ankit/.cache/kagglehub/datasets/masoudnickparvar/brain-tumor-mri-dataset/versions/2/Training/glioma/Tr-gl_613.jpg,TUMOR,test
C:/Users/Ankit/.cache/kagglehub/datasets/masoudnickparvar/brain-tumor-mri-dataset/versions/2/Training/meningioma/Tr-me_277.jpg,TUMOR,test
C:/Users/Ankit/.cache/kagglehub/datasets/masoudnickparvar/brain-tumor-mri-dataset/versions/2/Testing/glioma/Te-gl_114.jpg,TUMOR,test
C:/Users/Ankit/.cache/kagglehub/datasets/masoudnickparvar/brain-tumor-mri-dataset/versions/2/Training/meningioma/Tr-me_192.jpg,TUMOR,test
C:/Users/Ankit/.cache/kagglehub/datasets/masoudnickparvar/brain-tumor-mri-dataset/versions/2/Training/glioma/Tr-gl_1131.jpg,TUMOR,test
C:/Users/Ankit/.cache/kagglehub/datasets/masoudnickparvar/brain-tumor-mri-dataset/versions/2/Testing/meningioma/Te-aug-me_79.jpg,TUMOR,test
C:/Users/Ankit/.cache/kagglehub/datasets/masoudnickparvar/brain-tumor-mri-dataset/versions/2/Training/meningioma/Tr-me_355.jpg,TUMOR,test
C:/Users/Ankit/.cache/kagglehub/datasets/masoudnickparvar/brain-tumor-mri-dataset/versions/2/Training/glioma/Tr-gl_234.jpg,TUMOR,test
C:/Users/Ankit/.cache/kagglehub/datasets/masoudnickparvar/brain-tumor-mri-dataset/versions/2/Training/meningioma/Tr-me_948.jpg,TUMOR,test
C:/Users/Ankit/.cache/kagglehub/datasets/masoudnickparvar/brain-tumor-mri-dataset/versions/2/Training/meningioma/Tr-me_98.jpg,TUMOR,test
C:/Users/Ankit/.cache/kagglehub/datasets/masoudnickparvar/brain-tumor-mri-dataset/versions/2/Training/meningioma/Tr-me_395.jpg,TUMOR,test
C:/Users/Ankit/.cache/kagglehub/datasets/masoudnickparvar/brain-tumor-mri-dataset/versions/2/Training/glioma/Tr-gl_1144.jpg,TUMOR,test
C:/Users/Ankit/.cache/kagglehub/datasets/masoudnickparvar/brain-tumor-mri-dataset/versions/2/Training/glioma/Tr-gl_400.jpg,TUMOR,test
C:/Users/Ankit/.cache/kagglehub/datasets/masoudnickparvar/brain-tumor-mri-dataset/versions/2/Testing/meningioma/Te-me_67.jpg,TUMOR,test
C:/Users/Ankit/.cache/kagglehub/datasets/masoudnickparvar/brain-tumor-mri-dataset/versions/2/Testing/glioma/Te-gl_207.jpg,TUMOR,test
C:/Users/Ankit/.cache/kagglehub/datasets/masoudnickparvar/brain-tumor-mri-dataset/versions/2/Training/pituitary/Tr-pi_1384.jpg,TUMOR,test
C:/Users/Ankit/.cache/kagglehub/datasets/masoudnickparvar/brain-tumor-mri-dataset/versions/2/Testing/meningioma/Te-aug-me_19.jpg,TUMOR,test
C:/Users/Ankit/.cache/kagglehub/datasets/masoudnickparvar/brain-tumor-mri-dataset/versions/2/Testing/pituitary/Te-pi_100.jpg,TUMOR,test
C:/Users/Ankit/.cache/kagglehub/datasets/masoudnickparvar/brain-tumor-mri-dataset/versions/2/Training/pituitary/Tr-pi_196.jpg,TUMOR,test
C:/Users/Ankit/.cache/kagglehub/datasets/masoudnickparvar/brain-tumor-mri-dataset/versions/2/Training/meningioma/Tr-me_666.jpg,TUMOR,test
C:/Users/Ankit/.cache/kagglehub/datasets/masoudnickparvar/brain-tumor-mri-dataset/versions/2/Testing/meningioma/Te-me_201.jpg,TUMOR,test
C:/Users/Ankit/.cache/kagglehub/datasets/masoudnickparvar/brain-tumor-mri-dataset/versions/2/Training/glioma/Tr-gl_50.jpg,TUMOR,test
C:/Users/Ankit/.cache/kagglehub/datasets/masoudnickparvar/brain-tumor-mri-dataset/versions/2/Training/meningioma/Tr-me_809.jpg,TUMOR,test
C:/Users/Ankit/.cache/kagglehub/datasets/masoudnickparvar/brain-tumor-mri-dataset/versions/2/Training/pituitary/Tr-pi_799.jpg,TUMOR,test
C:/Users/Ankit/.cache/kagglehub/datasets/masoudnickparvar/brain-tumor-mri-dataset/versions/2/Training/glioma/Tr-gl_1271.jpg,TUMOR,test
C:/Users/Ankit/.cache/kagglehub/datasets/masoudnickparvar/brain-tumor-mri-dataset/versions/2/Training/pituitary/Tr-pi_989.jpg,TUMOR,test
C:/Users/Ankit/.cache/kagglehub/datasets/masoudnickparvar/brain-tumor-mri-dataset/versions/2/Testing/pituitary/Te-pi_52.jpg,TUMOR,test
C:/Users/Ankit/.cache/kagglehub/datasets/masoudnickparvar/brain-tumor-mri-dataset/versions/2/Training/meningioma/Tr-me_706.jpg,TUMOR,test
C:/Users/Ankit/.cache/kagglehub/datasets/masoudnickparvar/brain-tumor-mri-dataset/versions/2/Training/pituitary/Tr-pi_1352.jpg,TUMOR,test
C:/Users/Ankit/.cache/kagglehub/datasets/masoudnickparvar/brain-tumor-mri-dataset/versions/2/Training/glioma/Tr-gl_1320.jpg,TUMOR,test
C:/Users/Ankit/.cache/kagglehub/datasets/masoudnickparvar/brain-tumor-mri-dataset/versions/2/Training/glioma/Tr-gl_1330.jpg,TUMOR,test
C:/Users/Ankit/.cache/kagglehub/datasets/masoudnickparvar/brain-tumor-mri-dataset/versions/2/Training/glioma/Tr-gl_491.jpg,TUMOR,test
C:/Users/Ankit/.cache/kagglehub/datasets/masoudnickparvar/brain-tumor-mri-dataset/versions/2/Testing/pituitary/Te-pi_185.jpg,TUMOR,test
C:/Users/Ankit/.cache/kagglehub/datasets/masoudnickparvar/brain-tumor-mri-dataset/versions/2/Training/meningioma/Tr-me_107.jpg,TUMOR,test
C:/Users/Ankit/.cache/kagglehub/datasets/masoudnickparvar/brain-tumor-mri-dataset/versions/2/Training/meningioma/Tr-me_367.jpg,TUMOR,test
C:/Users/Ankit/.cache/kagglehub/datasets/masoudnickparvar/brain-tumor-mri-dataset/versions/2/Testing/meningioma/Te-aug-me_93.jpg,TUMOR,test
C:/Users/Ankit/.cache/kagglehub/datasets/masoudnickparvar/brain-tumor-mri-dataset/versions/2/Testing/pituitary/Te-pi_104.jpg,TUMOR,test
C:/Users/Ankit/.cache/kagglehub/datasets/masoudnickparvar/brain-tumor-mri-dataset/versions/2/Testing/meningioma/Te-aug-me_45.jpg,TUMOR,test
C:/Users/Ankit/.cache/kagglehub/datasets/masoudnickparvar/brain-tumor-mri-dataset/versions/2/Training/meningioma/Tr-me_841.jpg,TUMOR,test
C:/Users/Ankit/.cache/kagglehub/datasets/masoudnickparvar/brain-tumor-mri-dataset/versions/2/Training/meningioma/Tr-me_429.jpg,TUMOR,test
C:/Users/Ankit/.cache/kagglehub/datasets/masoudnickparvar/brain-tumor-mri-dataset/versions/2/Training/meningioma/Tr-me_520.jpg,TUMOR,test
C:/Users/Ankit/.cache/kagglehub/datasets/masoudnickparvar/brain-tumor-mri-dataset/versions/2/Training/meningioma/Tr-me_1180.jpg,TUMOR,test
C:/Users/Ankit/.cache/kagglehub/datasets/masoudnickparvar/brain-tumor-mri-dataset/versions/2/Training/meningioma/Tr-me_577.jpg,TUMOR,test
C:/Users/Ankit/.cache/kagglehub/datasets/masoudnickparvar/brain-tumor-mri-dataset/versions/2/Testing/meningioma/Te-me_94.jpg,TUMOR,test
C:/Users/Ankit/.cache/kagglehub/datasets/masoudnickparvar/brain-tumor-mri-dataset/versions/2/Testing/meningioma/Te-me_74.jpg,TUMOR,test
C:/Users/Ankit/.cache/kagglehub/datasets/masoudnickparvar/brain-tumor-mri-dataset/versions/2/Training/glioma/Tr-gl_1321.jpg,TUMOR,test
C:/Users/Ankit/.cache/kagglehub/datasets/masoudnickparvar/brain-tumor-mri-dataset/versions/2/Training/meningioma/Tr-me_4.jpg,TUMOR,test
C:/Users/Ankit/.cache/kagglehub/datasets/masoudnickparvar/brain-tumor-mri-dataset/versions/2/Training/meningioma/Tr-me_886.jpg,TUMOR,test
C:/Users/Ankit/.cache/kagglehub/datasets/masoudnickparvar/brain-tumor-mri-dataset/versions/2/Training/glioma/Tr-gl_45.jpg,TUMOR,test
C:/Users/Ankit/.cache/kagglehub/datasets/masoudnickparvar/brain-tumor-mri-dataset/versions/2/Training/meningioma/Tr-me_884.jpg,TUMOR,test
C:/Users/Ankit/.cache/kagglehub/datasets/masoudnickparvar/brain-tumor-mri-dataset/versions/2/Training/pituitary/Tr-pi_387.jpg,TUMOR,test
C:/Users/Ankit/.cache/kagglehub/datasets/masoudnickparvar/brain-tumor-mri-dataset/versions/2/Training/pituitary/Tr-pi_348.jpg,TUMOR,test
C:/Users/Ankit/.cache/kagglehub/datasets/masoudnickparvar/brain-tumor-mri-dataset/versions/2/Testing/pituitary/Te-pi_354.jpg,TUMOR,test
C:/Users/Ankit/.cache/kagglehub/datasets/masoudnickparvar/brain-tumor-mri-dataset/versions/2/Training/pituitary/Tr-pi_937.jpg,TUMOR,test
C:/Users/Ankit/.cache/kagglehub/datasets/masoudnickparvar/brain-tumor-mri-dataset/versions/2/Training/glioma/Tr-gl_238.jpg,TUMOR,test
C:/Users/Ankit/.cache/kagglehub/datasets/masoudnickparvar/brain-tumor-mri-dataset/versions/2/Training/meningioma/Tr-me_978.jpg,TUMOR,test
C:/Users/Ankit/.cache/kagglehub/datasets/masoudnickparvar/brain-tumor-mri-dataset/versions/2/Training/glioma/Tr-gl_711.jpg,TUMOR,test
C:/Users/Ankit/.cache/kagglehub/datasets/masoudnickparvar/brain-tumor-mri-dataset/versions/2/Training/glioma/Tr-gl_412.jpg,TUMOR,test
C:/Users/Ankit/.cache/kagglehub/datasets/masoudnickparvar/brain-tumor-mri-dataset/versions/2/Training/pituitary/Tr-pi_1189.jpg,TUMOR,test
C:/Users/Ankit/.cache/kagglehub/datasets/masoudnickparvar/brain-tumor-mri-dataset/versions/2/Testing/meningioma/Te-me_169.jpg,TUMOR,test
C:/Users/Ankit/.cache/kagglehub/datasets/masoudnickparvar/brain-tumor-mri-dataset/versions/2/Training/meningioma/Tr-me_1003.jpg,TUMOR,test
C:/Users/Ankit/.cache/kagglehub/datasets/masoudnickparvar/brain-tumor-mri-dataset/versions/2/Testing/glioma/Te-gl_330.jpg,TUMOR,test
C:/Users/Ankit/.cache/kagglehub/datasets/masoudnickparvar/brain-tumor-mri-dataset/versions/2/Testing/meningioma/Te-me_143.jpg,TUMOR,test
C:/Users/Ankit/.cache/kagglehub/datasets/masoudnickparvar/brain-tumor-mri-dataset/versions/2/Training/glioma/Tr-gl_346.jpg,TUMOR,test
C:/Users/Ankit/.cache/kagglehub/datasets/masoudnickparvar/brain-tumor-mri-dataset/versions/2/Testing/meningioma/Te-aug-me_80.jpg,TUMOR,test
C:/Users/Ankit/.cache/kagglehub/datasets/masoudnickparvar/brain-tumor-mri-dataset/versions/2/Training/pituitary/Tr-pi_791.jpg,TUMOR,test
C:/Users/Ankit/.cache/kagglehub/datasets/masoudnickparvar/brain-tumor-mri-dataset/versions/2/Testing/meningioma/Te-me_17.jpg,TUMOR,test
C:/Users/Ankit/.cache/kagglehub/datasets/masoudnickparvar/brain-tumor-mri-dataset/versions/2/Testing/glioma/Te-gl_151.jpg,TUMOR,test
C:/Users/Ankit/.cache/kagglehub/datasets/masoudnickparvar/brain-tumor-mri-dataset/versions/2/Training/glioma/Tr-gl_282.jpg,TUMOR,test
C:/Users/Ankit/.cache/kagglehub/datasets/masoudnickparvar/brain-tumor-mri-dataset/versions/2/Training/pituitary/Tr-pi_477.jpg,TUMOR,test
C:/Users/Ankit/.cache/kagglehub/datasets/masoudnickparvar/brain-tumor-mri-dataset/versions/2/Training/glioma/Tr-gl_355.jpg,TUMOR,test
C:/Users/Ankit/.cache/kagglehub/datasets/masoudnickparvar/brain-tumor-mri-dataset/versions/2/Training/pituitary/Tr-pi_221.jpg,TUMOR,test
C:/Users/Ankit/.cache/kagglehub/datasets/masoudnickparvar/brain-tumor-mri-dataset/versions/2/Training/pituitary/Tr-pi_476.jpg,TUMOR,test
C:/Users/Ankit/.cache/kagglehub/datasets/masoudnickparvar/brain-tumor-mri-dataset/versions/2/Testing/glioma/Te-gl_254.jpg,TUMOR,test
C:/Users/Ankit/.cache/kagglehub/datasets/masoudnickparvar/brain-tumor-mri-dataset/versions/2/Training/meningioma/Tr-me_1060.jpg,TUMOR,test
C:/Users/Ankit/.cache/kagglehub/datasets/masoudnickparvar/brain-tumor-mri-dataset/versions/2/Testing/meningioma/Te-me_118.jpg,TUMOR,test
C:/Users/Ankit/.cache/kagglehub/datasets/masoudnickparvar/brain-tumor-mri-dataset/versions/2/Training/glioma/Tr-gl_314.jpg,TUMOR,test
C:/Users/Ankit/.cache/kagglehub/datasets/masoudnickparvar/brain-tumor-mri-dataset/versions/2/Training/glioma/Tr-gl_486.jpg,TUMOR,test
C:/Users/Ankit/.cache/kagglehub/datasets/masoudnickparvar/brain-tumor-mri-dataset/versions/2/Testing/pituitary/Te-pi_271.jpg,TUMOR,test
C:/Users/Ankit/.cache/kagglehub/datasets/masoudnickparvar/brain-tumor-mri-dataset/versions/2/Training/meningioma/Tr-me_727.jpg,TUMOR,test
C:/Users/Ankit/.cache/kagglehub/datasets/masoudnickparvar/brain-tumor-mri-dataset/versions/2/Training/pituitary/Tr-pi_1213.jpg,TUMOR,test
C:/Users/Ankit/.cache/kagglehub/datasets/masoudnickparvar/brain-tumor-mri-dataset/versions/2/Training/meningioma/Tr-me_628.jpg,TUMOR,test
C:/Users/Ankit/.cache/kagglehub/datasets/masoudnickparvar/brain-tumor-mri-dataset/versions/2/Training/meningioma/Tr-me_151.jpg,TUMOR,test
C:/Users/Ankit/.cache/kagglehub/datasets/masoudnickparvar/brain-tumor-mri-dataset/versions/2/Training/meningioma/Tr-me_34.jpg,TUMOR,test
C:/Users/Ankit/.cache/kagglehub/datasets/masoudnickparvar/brain-tumor-mri-dataset/versions/2/Training/glioma/Tr-gl_957.jpg,TUMOR,test
C:/Users/Ankit/.cache/kagglehub/datasets/masoudnickparvar/brain-tumor-mri-dataset/versions/2/Training/glioma/Tr-gl_1400.jpg,TUMOR,test
C:/Users/Ankit/.cache/kagglehub/datasets/masoudnickparvar/brain-tumor-mri-dataset/versions/2/Training/pituitary/Tr-pi_1374.jpg,TUMOR,test
C:/Users/Ankit/.cache/kagglehub/datasets/masoudnickparvar/brain-tumor-mri-dataset/versions/2/Training/glioma/Tr-gl_22.jpg,TUMOR,test
C:/Users/Ankit/.cache/kagglehub/datasets/masoudnickparvar/brain-tumor-mri-dataset/versions/2/Training/meningioma/Tr-me_518.jpg,TUMOR,test
C:/Users/Ankit/.cache/kagglehub/datasets/masoudnickparvar/brain-tumor-mri-dataset/versions/2/Training/pituitary/Tr-pi_610.jpg,TUMOR,test
C:/Users/Ankit/.cache/kagglehub/datasets/masoudnickparvar/brain-tumor-mri-dataset/versions/2/Training/pituitary/Tr-pi_1289.jpg,TUMOR,test
C:/Users/Ankit/.cache/kagglehub/datasets/masoudnickparvar/brain-tumor-mri-dataset/versions/2/Training/glioma/Tr-gl_612.jpg,TUMOR,test
C:/Users/Ankit/.cache/kagglehub/datasets/masoudnickparvar/brain-tumor-mri-dataset/versions/2/Training/glioma/Tr-gl_1135.jpg,TUMOR,test
C:/Users/Ankit/.cache/kagglehub/datasets/masoudnickparvar/brain-tumor-mri-dataset/versions/2/Training/pituitary/Tr-pi_191.jpg,TUMOR,test
C:/Users/Ankit/.cache/kagglehub/datasets/masoudnickparvar/brain-tumor-mri-dataset/versions/2/Training/meningioma/Tr-me_902.jpg,TUMOR,test
C:/Users/Ankit/.cache/kagglehub/datasets/masoudnickparvar/brain-tumor-mri-dataset/versions/2/Testing/pituitary/Te-pi_325.jpg,TUMOR,test
C:/Users/Ankit/.cache/kagglehub/datasets/masoudnickparvar/brain-tumor-mri-dataset/versions/2/Testing/pituitary/Te-pi_306.jpg,TUMOR,test
C:/Users/Ankit/.cache/kagglehub/datasets/masoudnickparvar/brain-tumor-mri-dataset/versions/2/Training/pituitary/Tr-pi_1325.jpg,TUMOR,test
C:/Users/Ankit/.cache/kagglehub/datasets/masoudnickparvar/brain-tumor-mri-dataset/versions/2/Testing/meningioma/Te-me_156.jpg,TUMOR,test
C:/Users/Ankit/.cache/kagglehub/datasets/masoudnickparvar/brain-tumor-mri-dataset/versions/2/Training/meningioma/Tr-me_982.jpg,TUMOR,test
C:/Users/Ankit/.cache/kagglehub/datasets/masoudnickparvar/brain-tumor-mri-dataset/versions/2/Testing/meningioma/Te-me_278.jpg,TUMOR,test
C:/Users/Ankit/.cache/kagglehub/datasets/masoudnickparvar/brain-tumor-mri-dataset/versions/2/Training/pituitary/Tr-pi_953.jpg,TUMOR,test
C:/Users/Ankit/.cache/kagglehub/datasets/masoudnickparvar/brain-tumor-mri-dataset/versions/2/Training/pituitary/Tr-pi_320.jpg,TUMOR,test
C:/Users/Ankit/.cache/kagglehub/datasets/masoudnickparvar/brain-tumor-mri-dataset/versions/2/Training/glioma/Tr-gl_434.jpg,TUMOR,test
C:/Users/Ankit/.cache/kagglehub/datasets/masoudnickparvar/brain-tumor-mri-dataset/versions/2/Testing/meningioma/Te-aug-me_73.jpg,TUMOR,test
C:/Users/Ankit/.cache/kagglehub/datasets/masoudnickparvar/brain-tumor-mri-dataset/versions/2/Training/glioma/Tr-gl_423.jpg,TUMOR,test
C:/Users/Ankit/.cache/kagglehub/datasets/masoudnickparvar/brain-tumor-mri-dataset/versions/2/Training/glioma/Tr-gl_926.jpg,TUMOR,test
C:/Users/Ankit/.cache/kagglehub/datasets/masoudnickparvar/brain-tumor-mri-dataset/versions/2/Training/meningioma/Tr-me_1244.jpg,TUMOR,test
C:/Users/Ankit/.cache/kagglehub/datasets/masoudnickparvar/brain-tumor-mri-dataset/versions/2/Testing/pituitary/Te-pi_203.jpg,TUMOR,test
C:/Users/Ankit/.cache/kagglehub/datasets/masoudnickparvar/brain-tumor-mri-dataset/versions/2/Testing/glioma/Te-gl_242.jpg,TUMOR,test
C:/Users/Ankit/.cache/kagglehub/datasets/masoudnickparvar/brain-tumor-mri-dataset/versions/2/Training/pituitary/Tr-pi_100.jpg,TUMOR,test
C:/Users/Ankit/.cache/kagglehub/datasets/masoudnickparvar/brain-tumor-mri-dataset/versions/2/Training/meningioma/Tr-aug-me_59.jpg,TUMOR,test
C:/Users/Ankit/.cache/kagglehub/datasets/masoudnickparvar/brain-tumor-mri-dataset/versions/2/Training/pituitary/Tr-pi_554.jpg,TUMOR,test
C:/Users/Ankit/.cache/kagglehub/datasets/masoudnickparvar/brain-tumor-mri-dataset/versions/2/Testing/glioma/Te-gl_102.jpg,TUMOR,test
C:/Users/Ankit/.cache/kagglehub/datasets/masoudnickparvar/brain-tumor-mri-dataset/versions/2/Training/pituitary/Tr-pi_1308.jpg,TUMOR,test
C:/Users/Ankit/.cache/kagglehub/datasets/masoudnickparvar/brain-tumor-mri-dataset/versions/2/Training/pituitary/Tr-pi_1375.jpg,TUMOR,test
C:/Users/Ankit/.cache/kagglehub/datasets/masoudnickparvar/brain-tumor-mri-dataset/versions/2/Training/glioma/Tr-gl_1109.jpg,TUMOR,test
C:/Users/Ankit/.cache/kagglehub/datasets/masoudnickparvar/brain-tumor-mri-dataset/versions/2/Training/meningioma/Tr-me_155.jpg,TUMOR,test
C:/Users/Ankit/.cache/kagglehub/datasets/masoudnickparvar/brain-tumor-mri-dataset/versions/2/Training/pituitary/Tr-pi_887.jpg,TUMOR,test
C:/Users/Ankit/.cache/kagglehub/datasets/masoudnickparvar/brain-tumor-mri-dataset/versions/2/Training/glioma/Tr-gl_1385.jpg,TUMOR,test
C:/Users/Ankit/.cache/kagglehub/datasets/masoudnickparvar/brain-tumor-mri-dataset/versions/2/Training/pituitary/Tr-pi_628.jpg,TUMOR,test
C:/Users/Ankit/.cache/kagglehub/datasets/masoudnickparvar/brain-tumor-mri-dataset/versions/2/Training/pituitary/Tr-pi_861.jpg,TUMOR,test
C:/Users/Ankit/.cache/kagglehub/datasets/masoudnickparvar/brain-tumor-mri-dataset/versions/2/Training/pituitary/Tr-pi_85.jpg,TUMOR,test
C:/Users/Ankit/.cache/kagglehub/datasets/masoudnickparvar/brain-tumor-mri-dataset/versions/2/Training/glioma/Tr-gl_859.jpg,TUMOR,test
C:/Users/Ankit/.cache/kagglehub/datasets/masoudnickparvar/brain-tumor-mri-dataset/versions/2/Training/pituitary/Tr-pi_749.jpg,TUMOR,test
C:/Users/Ankit/.cache/kagglehub/datasets/masoudnickparvar/brain-tumor-mri-dataset/versions/2/Testing/pituitary/Te-pi_163.jpg,TUMOR,test
C:/Users/Ankit/.cache/kagglehub/datasets/masoudnickparvar/brain-tumor-mri-dataset/versions/2/Training/pituitary/Tr-pi_1140.jpg,TUMOR,test
C:/Users/Ankit/.cache/kagglehub/datasets/masoudnickparvar/brain-tumor-mri-dataset/versions/2/Training/glioma/Tr-gl_1235.jpg,TUMOR,test
C:/Users/Ankit/.cache/kagglehub/datasets/masoudnickparvar/brain-tumor-mri-dataset/versions/2/Training/pituitary/Tr-pi_1089.jpg,TUMOR,test
C:/Users/Ankit/.cache/kagglehub/datasets/masoudnickparvar/brain-tumor-mri-dataset/versions/2/Training/glioma/Tr-gl_60.jpg,TUMOR,test
C:/Users/Ankit/.cache/kagglehub/datasets/masoudnickparvar/brain-tumor-mri-dataset/versions/2/Testing/glioma/Te-gl_122.jpg,TUMOR,test
C:/Users/Ankit/.cache/kagglehub/datasets/masoudnickparvar/brain-tumor-mri-dataset/versions/2/Training/meningioma/Tr-me_743.jpg,TUMOR,test
C:/Users/Ankit/.cache/kagglehub/datasets/masoudnickparvar/brain-tumor-mri-dataset/versions/2/Training/glioma/Tr-gl_1084.jpg,TUMOR,test
C:/Users/Ankit/.cache/kagglehub/datasets/masoudnickparvar/brain-tumor-mri-dataset/versions/2/Training/meningioma/Tr-me_603.jpg,TUMOR,test
C:/Users/Ankit/.cache/kagglehub/datasets/masoudnickparvar/brain-tumor-mri-dataset/versions/2/Training/glioma/Tr-gl_822.jpg,TUMOR,test
C:/Users/Ankit/.cache/kagglehub/datasets/masoudnickparvar/brain-tumor-mri-dataset/versions/2/Testing/pituitary/Te-pi_200.jpg,TUMOR,test
C:/Users/Ankit/.cache/kagglehub/datasets/masoudnickparvar/brain-tumor-mri-dataset/versions/2/Training/meningioma/Tr-me_1076.jpg,TUMOR,test
C:/Users/Ankit/.cache/kagglehub/datasets/masoudnickparvar/brain-tumor-mri-dataset/versions/2/Training/pituitary/Tr-pi_864.jpg,TUMOR,test
C:/Users/Ankit/.cache/kagglehub/datasets/masoudnickparvar/brain-tumor-mri-dataset/versions/2/Training/glioma/Tr-gl_625.jpg,TUMOR,test
C:/Users/Ankit/.cache/kagglehub/datasets/masoudnickparvar/brain-tumor-mri-dataset/versions/2/Training/pituitary/Tr-pi_1357.jpg,TUMOR,test
C:/Users/Ankit/.cache/kagglehub/datasets/masoudnickparvar/brain-tumor-mri-dataset/versions/2/Testing/pituitary/Te-pi_223.jpg,TUMOR,test
C:/Users/Ankit/.cache/kagglehub/datasets/masoudnickparvar/brain-tumor-mri-dataset/versions/2/Testing/glioma/Te-gl_184.jpg,TUMOR,test
C:/Users/Ankit/.cache/kagglehub/datasets/masoudnickparvar/brain-tumor-mri-dataset/versions/2/Training/pituitary/Tr-pi_217.jpg,TUMOR,test
C:/Users/Ankit/.cache/kagglehub/datasets/masoudnickparvar/brain-tumor-mri-dataset/versions/2/Training/glioma/Tr-gl_511.jpg,TUMOR,test
C:/Users/Ankit/.cache/kagglehub/datasets/masoudnickparvar/brain-tumor-mri-dataset/versions/2/Training/pituitary/Tr-pi_13.jpg,TUMOR,test
C:/Users/Ankit/.cache/kagglehub/datasets/masoudnickparvar/brain-tumor-mri-dataset/versions/2/Training/meningioma/Tr-me_85.jpg,TUMOR,test
C:/Users/Ankit/.cache/kagglehub/datasets/masoudnickparvar/brain-tumor-mri-dataset/versions/2/Training/pituitary/Tr-pi_531.jpg,TUMOR,test
C:/Users/Ankit/.cache/kagglehub/datasets/masoudnickparvar/brain-tumor-mri-dataset/versions/2/Training/meningioma/Tr-me_211.jpg,TUMOR,test
C:/Users/Ankit/.cache/kagglehub/datasets/masoudnickparvar/brain-tumor-mri-dataset/versions/2/Training/meningioma/Tr-me_235.jpg,TUMOR,test
C:/Users/Ankit/.cache/kagglehub/datasets/masoudnickparvar/brain-tumor-mri-dataset/versions/2/Testing/meningioma/Te-me_114.jpg,TUMOR,test
C:/Users/Ankit/.cache/kagglehub/datasets/masoudnickparvar/brain-tumor-mri-dataset/versions/2/Training/pituitary/Tr-pi_535.jpg,TUMOR,test
C:/Users/Ankit/.cache/kagglehub/datasets/masoudnickparvar/brain-tumor-mri-dataset/versions/2/Training/meningioma/Tr-me_510.jpg,TUMOR,test
C:/Users/Ankit/.cache/kagglehub/datasets/masoudnickparvar/brain-tumor-mri-dataset/versions/2/Training/glioma/Tr-gl_1098.jpg,TUMOR,test
C:/Users/Ankit/.cache/kagglehub/datasets/masoudnickparvar/brain-tumor-mri-dataset/versions/2/Training/pituitary/Tr-pi_765.jpg,TUMOR,test
C:/Users/Ankit/.cache/kagglehub/datasets/masoudnickparvar/brain-tumor-mri-dataset/versions/2/Training/glioma/Tr-gl_1045.jpg,TUMOR,test
C:/Users/Ankit/.cache/kagglehub/datasets/masoudnickparvar/brain-tumor-mri-dataset/versions/2/Testing/pituitary/Te-pi_188.jpg,TUMOR,test
C:/Users/Ankit/.cache/kagglehub/datasets/masoudnickparvar/brain-tumor-mri-dataset/versions/2/Testing/glioma/Te-gl_86.jpg,TUMOR,test
C:/Users/Ankit/.cache/kagglehub/datasets/masoudnickparvar/brain-tumor-mri-dataset/versions/2/Testing/meningioma/Te-me_49.jpg,TUMOR,test
C:/Users/Ankit/.cache/kagglehub/datasets/masoudnickparvar/brain-tumor-mri-dataset/versions/2/Training/pituitary/Tr-pi_1036.jpg,TUMOR,test
C:/Users/Ankit/.cache/kagglehub/datasets/masoudnickparvar/brain-tumor-mri-dataset/versions/2/Training/pituitary/Tr-pi_1155.jpg,TUMOR,test
C:/Users/Ankit/.cache/kagglehub/datasets/masoudnickparvar/brain-tumor-mri-dataset/versions/2/Testing/pituitary/Te-pi_4.jpg,TUMOR,test
C:/Users/Ankit/.cache/kagglehub/datasets/masoudnickparvar/brain-tumor-mri-dataset/versions/2/Training/glioma/Tr-gl_275.jpg,TUMOR,test
C:/Users/Ankit/.cache/kagglehub/datasets/masoudnickparvar/brain-tumor-mri-dataset/versions/2/Training/meningioma/Tr-me_1237.jpg,TUMOR,test
C:/Users/Ankit/.cache/kagglehub/datasets/masoudnickparvar/brain-tumor-mri-dataset/versions/2/Training/meningioma/Tr-me_342.jpg,TUMOR,test
C:/Users/Ankit/.cache/kagglehub/datasets/masoudnickparvar/brain-tumor-mri-dataset/versions/2/Training/pituitary/Tr-pi_440.jpg,TUMOR,test
C:/Users/Ankit/.cache/kagglehub/datasets/masoudnickparvar/brain-tumor-mri-dataset/versions/2/Training/meningioma/Tr-me_557.jpg,TUMOR,test
C:/Users/Ankit/.cache/kagglehub/datasets/masoudnickparvar/brain-tumor-mri-dataset/versions/2/Training/pituitary/Tr-pi_448.jpg,TUMOR,test
C:/Users/Ankit/.cache/kagglehub/datasets/masoudnickparvar/brain-tumor-mri-dataset/versions/2/Training/glioma/Tr-gl_596.jpg,TUMOR,test
C:/Users/Ankit/.cache/kagglehub/datasets/masoudnickparvar/brain-tumor-mri-dataset/versions/2/Training/pituitary/Tr-pi_1372.jpg,TUMOR,test
C:/Users/Ankit/.cache/kagglehub/datasets/masoudnickparvar/brain-tumor-mri-dataset/versions/2/Training/pituitary/Tr-pi_277.jpg,TUMOR,test
C:/Users/Ankit/.cache/kagglehub/datasets/masoudnickparvar/brain-tumor-mri-dataset/versions/2/Training/glioma/Tr-gl_477.jpg,TUMOR,test
C:/Users/Ankit/.cache/kagglehub/datasets/masoudnickparvar/brain-tumor-mri-dataset/versions/2/Training/pituitary/Tr-pi_993.jpg,TUMOR,test
C:/Users/Ankit/.cache/kagglehub/datasets/masoudnickparvar/brain-tumor-mri-dataset/versions/2/Training/glioma/Tr-gl_610.jpg,TUMOR,test
C:/Users/Ankit/.cache/kagglehub/datasets/masoudnickparvar/brain-tumor-mri-dataset/versions/2/Testing/pituitary/Te-pi_72.jpg,TUMOR,test
C:/Users/Ankit/.cache/kagglehub/datasets/masoudnickparvar/brain-tumor-mri-dataset/versions/2/Training/meningioma/Tr-me_781.jpg,TUMOR,test
C:/Users/Ankit/.cache/kagglehub/datasets/masoudnickparvar/brain-tumor-mri-dataset/versions/2/Training/pituitary/Tr-pi_879.jpg,TUMOR,test
C:/Users/Ankit/.cache/kagglehub/datasets/masoudnickparvar/brain-tumor-mri-dataset/versions/2/Training/meningioma/Tr-me_315.jpg,TUMOR,test
C:/Users/Ankit/.cache/kagglehub/datasets/masoudnickparvar/brain-tumor-mri-dataset/versions/2/Training/pituitary/Tr-pi_1079.jpg,TUMOR,test
C:/Users/Ankit/.cache/kagglehub/datasets/masoudnickparvar/brain-tumor-mri-dataset/versions/2/Training/glioma/Tr-gl_225.jpg,TUMOR,test
C:/Users/Ankit/.cache/kagglehub/datasets/masoudnickparvar/brain-tumor-mri-dataset/versions/2/Training/glioma/Tr-gl_979.jpg,TUMOR,test
C:/Users/Ankit/.cache/kagglehub/datasets/masoudnickparvar/brain-tumor-mri-dataset/versions/2/Training/pituitary/Tr-pi_32.jpg,TUMOR,test
C:/Users/Ankit/.cache/kagglehub/datasets/masoudnickparvar/brain-tumor-mri-dataset/versions/2/Training/glioma/Tr-gl_213.jpg,TUMOR,test
C:/Users/Ankit/.cache/kagglehub/datasets/masoudnickparvar/brain-tumor-mri-dataset/versions/2/Testing/meningioma/Te-me_134.jpg,TUMOR,test
C:/Users/Ankit/.cache/kagglehub/datasets/masoudnickparvar/brain-tumor-mri-dataset/versions/2/Training/glioma/Tr-gl_632.jpg,TUMOR,test
C:/Users/Ankit/.cache/kagglehub/datasets/masoudnickparvar/brain-tumor-mri-dataset/versions/2/Training/meningioma/Tr-me_356.jpg,TUMOR,test
C:/Users/Ankit/.cache/kagglehub/datasets/masoudnickparvar/brain-tumor-mri-dataset/versions/2/Training/glioma/Tr-gl_985.jpg,TUMOR,test
C:/Users/Ankit/.cache/kagglehub/datasets/masoudnickparvar/brain-tumor-mri-dataset/versions/2/Testing/glioma/Te-gl_335.jpg,TUMOR,test
C:/Users/Ankit/.cache/kagglehub/datasets/masoudnickparvar/brain-tumor-mri-dataset/versions/2/Training/glioma/Tr-gl_347.jpg,TUMOR,test
C:/Users/Ankit/.cache/kagglehub/datasets/masoudnickparvar/brain-tumor-mri-dataset/versions/2/Testing/meningioma/Te-aug-me_59.jpg,TUMOR,test
C:/Users/Ankit/.cache/kagglehub/datasets/masoudnickparvar/brain-tumor-mri-dataset/versions/2/Training/meningioma/Tr-aug-me_6.jpg,TUMOR,test
C:/Users/Ankit/.cache/kagglehub/datasets/masoudnickparvar/brain-tumor-mri-dataset/versions/2/Training/glioma/Tr-gl_278.jpg,TUMOR,test
C:/Users/Ankit/.cache/kagglehub/datasets/masoudnickparvar/brain-tumor-mri-dataset/versions/2/Training/pituitary/Tr-pi_244.jpg,TUMOR,test
C:/Users/Ankit/.cache/kagglehub/datasets/masoudnickparvar/brain-tumor-mri-dataset/versions/2/Training/pituitary/Tr-pi_857.jpg,TUMOR,test
C:/Users/Ankit/.cache/kagglehub/datasets/masoudnickparvar/brain-tumor-mri-dataset/versions/2/Training/glioma/Tr-gl_649.jpg,TUMOR,test
C:/Users/Ankit/.cache/kagglehub/datasets/masoudnickparvar/brain-tumor-mri-dataset/versions/2/Training/meningioma/Tr-me_196.jpg,TUMOR,test
C:/Users/Ankit/.cache/kagglehub/datasets/masoudnickparvar/brain-tumor-mri-dataset/versions/2/Training/meningioma/Tr-me_806.jpg,TUMOR,test
C:/Users/Ankit/.cache/kagglehub/datasets/masoudnickparvar/brain-tumor-mri-dataset/versions/2/Training/glioma/Tr-gl_1122.jpg,TUMOR,test
C:/Users/Ankit/.cache/kagglehub/datasets/masoudnickparvar/brain-tumor-mri-dataset/versions/2/Training/glioma/Tr-gl_463.jpg,TUMOR,test
C:/Users/Ankit/.cache/kagglehub/datasets/masoudnickparvar/brain-tumor-mri-dataset/versions/2/Training/pituitary/Tr-pi_1336.jpg,TUMOR,test
C:/Users/Ankit/.cache/kagglehub/datasets/masoudnickparvar/brain-tumor-mri-dataset/versions/2/Training/glioma/Tr-gl_118.jpg,TUMOR,test
C:/Users/Ankit/.cache/kagglehub/datasets/masoudnickparvar/brain-tumor-mri-dataset/versions/2/Training/pituitary/Tr-pi_82.jpg,TUMOR,test
C:/Users/Ankit/.cache/kagglehub/datasets/masoudnickparvar/brain-tumor-mri-dataset/versions/2/Training/pituitary/Tr-pi_63.jpg,TUMOR,test
C:/Users/Ankit/.cache/kagglehub/datasets/masoudnickparvar/brain-tumor-mri-dataset/versions/2/Testing/meningioma/Te-me_172.jpg,TUMOR,test
C:/Users/Ankit/.cache/kagglehub/datasets/masoudnickparvar/brain-tumor-mri-dataset/versions/2/Training/pituitary/Tr-pi_916.jpg,TUMOR,test
C:/Users/Ankit/.cache/kagglehub/datasets/masoudnickparvar/brain-tumor-mri-dataset/versions/2/Training/glioma/Tr-gl_627.jpg,TUMOR,test
C:/Users/Ankit/.cache/kagglehub/datasets/masoudnickparvar/brain-tumor-mri-dataset/versions/2/Training/glioma/Tr-gl_202.jpg,TUMOR,test
C:/Users/Ankit/.cache/kagglehub/datasets/masoudnickparvar/brain-tumor-mri-dataset/versions/2/Training/meningioma/Tr-me_1188.jpg,TUMOR,test
C:/Users/Ankit/.cache/kagglehub/datasets/masoudnickparvar/brain-tumor-mri-dataset/versions/2/Training/meningioma/Tr-me_1298.jpg,TUMOR,test
C:/Users/Ankit/.cache/kagglehub/datasets/masoudnickparvar/brain-tumor-mri-dataset/versions/2/Training/glioma/Tr-gl_1117.jpg,TUMOR,test
C:/Users/Ankit/.cache/kagglehub/datasets/masoudnickparvar/brain-tumor-mri-dataset/versions/2/Training/meningioma/Tr-me_1258.jpg,TUMOR,test
C:/Users/Ankit/.cache/kagglehub/datasets/masoudnickparvar/brain-tumor-mri-dataset/versions/2/Training/pituitary/Tr-pi_825.jpg,TUMOR,test
C:/Users/Ankit/.cache/kagglehub/datasets/masoudnickparvar/brain-tumor-mri-dataset/versions/2/Training/meningioma/Tr-me_741.jpg,TUMOR,test
C:/Users/Ankit/.cache/kagglehub/datasets/masoudnickparvar/brain-tumor-mri-dataset/versions/2/Training/glioma/Tr-gl_708.jpg,TUMOR,test
C:/Users/Ankit/.cache/kagglehub/datasets/masoudnickparvar/brain-tumor-mri-dataset/versions/2/Training/meningioma/Tr-me_20.jpg,TUMOR,test
C:/Users/Ankit/.cache/kagglehub/datasets/masoudnickparvar/brain-tumor-mri-dataset/versions/2/Testing/pituitary/Te-pi_123.jpg,TUMOR,test
C:/Users/Ankit/.cache/kagglehub/datasets/masoudnickparvar/brain-tumor-mri-dataset/versions/2/Training/glioma/Tr-gl_375.jpg,TUMOR,test
C:/Users/Ankit/.cache/kagglehub/datasets/masoudnickparvar/brain-tumor-mri-dataset/versions/2/Testing/meningioma/Te-me_234.jpg,TUMOR,test
C:/Users/Ankit/.cache/kagglehub/datasets/masoudnickparvar/brain-tumor-mri-dataset/versions/2/Training/glioma/Tr-gl_792.jpg,TUMOR,test
C:/Users/Ankit/.cache/kagglehub/datasets/masoudnickparvar/brain-tumor-mri-dataset/versions/2/Training/glioma/Tr-gl_338.jpg,TUMOR,test
C:/Users/Ankit/.cache/kagglehub/datasets/masoudnickparvar/brain-tumor-mri-dataset/versions/2/Testing/glioma/Te-gl_77.jpg,TUMOR,test
C:/Users/Ankit/.cache/kagglehub/datasets/masoudnickparvar/brain-tumor-mri-dataset/versions/2/Testing/meningioma/Te-me_159.jpg,TUMOR,test
C:/Users/Ankit/.cache/kagglehub/datasets/masoudnickparvar/brain-tumor-mri-dataset/versions/2/Training/glioma/Tr-gl_1336.jpg,TUMOR,test
C:/Users/Ankit/.cache/kagglehub/datasets/masoudnickparvar/brain-tumor-mri-dataset/versions/2/Training/pituitary/Tr-pi_395.jpg,TUMOR,test
C:/Users/Ankit/.cache/kagglehub/datasets/masoudnickparvar/brain-tumor-mri-dataset/versions/2/Training/meningioma/Tr-me_1234.jpg,TUMOR,test
C:/Users/Ankit/.cache/kagglehub/datasets/masoudnickparvar/brain-tumor-mri-dataset/versions/2/Training/pituitary/Tr-pi_699.jpg,TUMOR,test
C:/Users/Ankit/.cache/kagglehub/datasets/masoudnickparvar/brain-tumor-mri-dataset/versions/2/Training/pituitary/Tr-pi_773.jpg,TUMOR,test
C:/Users/Ankit/.cache/kagglehub/datasets/masoudnickparvar/brain-tumor-mri-dataset/versions/2/Training/glioma/Tr-gl_82.jpg,TUMOR,test
C:/Users/Ankit/.cache/kagglehub/datasets/masoudnickparvar/brain-tumor-mri-dataset/versions/2/Training/pituitary/Tr-pi_208.jpg,TUMOR,test
C:/Users/Ankit/.cache/kagglehub/datasets/masoudnickparvar/brain-tumor-mri-dataset/versions/2/Testing/meningioma/Te-me_227.jpg,TUMOR,test
C:/Users/Ankit/.cache/kagglehub/datasets/masoudnickparvar/brain-tumor-mri-dataset/versions/2/Training/meningioma/Tr-me_189.jpg,TUMOR,test
C:/Users/Ankit/.cache/kagglehub/datasets/masoudnickparvar/brain-tumor-mri-dataset/versions/2/Testing/pituitary/Te-pi_3.jpg,TUMOR,test
C:/Users/Ankit/.cache/kagglehub/datasets/masoudnickparvar/brain-tumor-mri-dataset/versions/2/Training/pituitary/Tr-pi_1351.jpg,TUMOR,test
C:/Users/Ankit/.cache/kagglehub/datasets/masoudnickparvar/brain-tumor-mri-dataset/versions/2/Training/meningioma/Tr-me_786.jpg,TUMOR,test
C:/Users/Ankit/.cache/kagglehub/datasets/masoudnickparvar/brain-tumor-mri-dataset/versions/2/Testing/glioma/Te-gl_59.jpg,TUMOR,test
C:/Users/Ankit/.cache/kagglehub/datasets/masoudnickparvar/brain-tumor-mri-dataset/versions/2/Training/glioma/Tr-gl_608.jpg,TUMOR,test
C:/Users/Ankit/.cache/kagglehub/datasets/masoudnickparvar/brain-tumor-mri-dataset/versions/2/Training/pituitary/Tr-pi_59.jpg,TUMOR,test
C:/Users/Ankit/.cache/kagglehub/datasets/masoudnickparvar/brain-tumor-mri-dataset/versions/2/Training/meningioma/Tr-me_1103.jpg,TUMOR,test
C:/Users/Ankit/.cache/kagglehub/datasets/masoudnickparvar/brain-tumor-mri-dataset/versions/2/Training/meningioma/Tr-me_1214.jpg,TUMOR,test
C:/Users/Ankit/.cache/kagglehub/datasets/masoudnickparvar/brain-tumor-mri-dataset/versions/2/Testing/meningioma/Te-me_92.jpg,TUMOR,test
C:/Users/Ankit/.cache/kagglehub/datasets/masoudnickparvar/brain-tumor-mri-dataset/versions/2/Training/meningioma/Tr-me_2.jpg,TUMOR,test
C:/Users/Ankit/.cache/kagglehub/datasets/masoudnickparvar/brain-tumor-mri-dataset/versions/2/Testing/meningioma/Te-me_62.jpg,TUMOR,test
C:/Users/Ankit/.cache/kagglehub/datasets/masoudnickparvar/brain-tumor-mri-dataset/versions/2/Testing/pituitary/Te-pi_132.jpg,TUMOR,test
C:/Users/Ankit/.cache/kagglehub/datasets/masoudnickparvar/brain-tumor-mri-dataset/versions/2/Training/meningioma/Tr-me_105.jpg,TUMOR,test
C:/Users/Ankit/.cache/kagglehub/datasets/masoudnickparvar/brain-tumor-mri-dataset/versions/2/Training/glioma/Tr-gl_245.jpg,TUMOR,test
C:/Users/Ankit/.cache/kagglehub/datasets/masoudnickparvar/brain-tumor-mri-dataset/versions/2/Training/glioma/Tr-gl_1064.jpg,TUMOR,test
C:/Users/Ankit/.cache/kagglehub/datasets/masoudnickparvar/brain-tumor-mri-dataset/versions/2/Training/glioma/Tr-gl_707.jpg,TUMOR,test
C:/Users/Ankit/.cache/kagglehub/datasets/masoudnickparvar/brain-tumor-mri-dataset/versions/2/Training/meningioma/Tr-me_1077.jpg,TUMOR,test
C:/Users/Ankit/.cache/kagglehub/datasets/masoudnickparvar/brain-tumor-mri-dataset/versions/2/Training/meningioma/Tr-me_514.jpg,TUMOR,test
C:/Users/Ankit/.cache/kagglehub/datasets/masoudnickparvar/brain-tumor-mri-dataset/versions/2/Training/glioma/Tr-gl_1095.jpg,TUMOR,test
C:/Users/Ankit/.cache/kagglehub/datasets/masoudnickparvar/brain-tumor-mri-dataset/versions/2/Testing/glioma/Te-gl_147.jpg,TUMOR,test
C:/Users/Ankit/.cache/kagglehub/datasets/masoudnickparvar/brain-tumor-mri-dataset/versions/2/Training/glioma/Tr-gl_709.jpg,TUMOR,test
C:/Users/Ankit/.cache/kagglehub/datasets/masoudnickparvar/brain-tumor-mri-dataset/versions/2/Training/pituitary/Tr-pi_483.jpg,TUMOR,test
C:/Users/Ankit/.cache/kagglehub/datasets/masoudnickparvar/brain-tumor-mri-dataset/versions/2/Training/meningioma/Tr-me_71.jpg,TUMOR,test
C:/Users/Ankit/.cache/kagglehub/datasets/masoudnickparvar/brain-tumor-mri-dataset/versions/2/Training/glioma/Tr-gl_283.jpg,TUMOR,test
C:/Users/Ankit/.cache/kagglehub/datasets/masoudnickparvar/brain-tumor-mri-dataset/versions/2/Training/meningioma/Tr-me_491.jpg,TUMOR,test
C:/Users/Ankit/.cache/kagglehub/datasets/masoudnickparvar/brain-tumor-mri-dataset/versions/2/Training/pituitary/Tr-pi_156.jpg,TUMOR,test
C:/Users/Ankit/.cache/kagglehub/datasets/masoudnickparvar/brain-tumor-mri-dataset/versions/2/Training/pituitary/Tr-pi_93.jpg,TUMOR,test
C:/Users/Ankit/.cache/kagglehub/datasets/masoudnickparvar/brain-tumor-mri-dataset/versions/2/Training/glioma/Tr-gl_1384.jpg,TUMOR,test
C:/Users/Ankit/.cache/kagglehub/datasets/masoudnickparvar/brain-tumor-mri-dataset/versions/2/Training/pituitary/Tr-pi_276.jpg,TUMOR,test
C:/Users/Ankit/.cache/kagglehub/datasets/masoudnickparvar/brain-tumor-mri-dataset/versions/2/Testing/glioma/Te-gl_295.jpg,TUMOR,test
C:/Users/Ankit/.cache/kagglehub/datasets/masoudnickparvar/brain-tumor-mri-dataset/versions/2/Training/pituitary/Tr-pi_577.jpg,TUMOR,test
C:/Users/Ankit/.cache/kagglehub/datasets/masoudnickparvar/brain-tumor-mri-dataset/versions/2/Training/pituitary/Tr-pi_1123.jpg,TUMOR,test
C:/Users/Ankit/.cache/kagglehub/datasets/masoudnickparvar/brain-tumor-mri-dataset/versions/2/Training/glioma/Tr-gl_373.jpg,TUMOR,test
C:/Users/Ankit/.cache/kagglehub/datasets/masoudnickparvar/brain-tumor-mri-dataset/versions/2/Training/glioma/Tr-gl_270.jpg,TUMOR,test
C:/Users/Ankit/.cache/kagglehub/datasets/masoudnickparvar/brain-tumor-mri-dataset/versions/2/Testing/meningioma/Te-me_7.jpg,TUMOR,test
C:/Users/Ankit/.cache/kagglehub/datasets/masoudnickparvar/brain-tumor-mri-dataset/versions/2/Testing/glioma/Te-gl_319.jpg,TUMOR,test
C:/Users/Ankit/.cache/kagglehub/datasets/masoudnickparvar/brain-tumor-mri-dataset/versions/2/Testing/glioma/Te-gl_333.jpg,TUMOR,test
C:/Users/Ankit/.cache/kagglehub/datasets/masoudnickparvar/brain-tumor-mri-dataset/versions/2/Training/meningioma/Tr-me_509.jpg,TUMOR,test
C:/Users/Ankit/.cache/kagglehub/datasets/masoudnickparvar/brain-tumor-mri-dataset/versions/2/Training/pituitary/Tr-pi_492.jpg,TUMOR,test
C:/Users/Ankit/.cache/kagglehub/datasets/masoudnickparvar/brain-tumor-mri-dataset/versions/2/Testing/meningioma/Te-me_288.jpg,TUMOR,test
C:/Users/Ankit/.cache/kagglehub/datasets/masoudnickparvar/brain-tumor-mri-dataset/versions/2/Training/pituitary/Tr-pi_159.jpg,TUMOR,test
C:/Users/Ankit/.cache/kagglehub/datasets/masoudnickparvar/brain-tumor-mri-dataset/versions/2/Testing/pituitary/Te-pi_134.jpg,TUMOR,test
C:/Users/Ankit/.cache/kagglehub/datasets/masoudnickparvar/brain-tumor-mri-dataset/versions/2/Testing/pituitary/Te-pi_48.jpg,TUMOR,test
C:/Users/Ankit/.cache/kagglehub/datasets/masoudnickparvar/brain-tumor-mri-dataset/versions/2/Training/glioma/Tr-gl_303.jpg,TUMOR,test
C:/Users/Ankit/.cache/kagglehub/datasets/masoudnickparvar/brain-tumor-mri-dataset/versions/2/Training/glioma/Tr-gl_464.jpg,TUMOR,test
C:/Users/Ankit/.cache/kagglehub/datasets/masoudnickparvar/brain-tumor-mri-dataset/versions/2/Training/glioma/Tr-gl_687.jpg,TUMOR,test
C:/Users/Ankit/.cache/kagglehub/datasets/masoudnickparvar/brain-tumor-mri-dataset/versions/2/Testing/glioma/Te-gl_283.jpg,TUMOR,test
C:/Users/Ankit/.cache/kagglehub/datasets/masoudnickparvar/brain-tumor-mri-dataset/versions/2/Testing/pituitary/Te-pi_20.jpg,TUMOR,test
C:/Users/Ankit/.cache/kagglehub/datasets/masoudnickparvar/brain-tumor-mri-dataset/versions/2/Training/pituitary/Tr-pi_853.jpg,TUMOR,test
C:/Users/Ankit/.cache/kagglehub/datasets/masoudnickparvar/brain-tumor-mri-dataset/versions/2/Training/notumor/Tr-no_335.jpg,NORMAL,train
C:/Users/Ankit/.cache/kagglehub/datasets/masoudnickparvar/brain-tumor-mri-dataset/versions/2/Training/notumor/Tr-no_565.jpg,NORMAL,train
C:/Users/Ankit/.cache/kagglehub/datasets/masoudnickparvar/brain-tumor-mri-dataset/versions/2/Training/notumor/Tr-no_647.jpg,NORMAL,train
C:/Users/Ankit/.cache/kagglehub/datasets/masoudnickparvar/brain-tumor-mri-dataset/versions/2/Training/notumor/Tr-no_1012.jpg,NORMAL,train
C:/Users/Ankit/.cache/kagglehub/datasets/masoudnickparvar/brain-tumor-mri-dataset/versions/2/Training/notumor/Tr-no_350.jpg,NORMAL,train
C:/Users/Ankit/.cache/kagglehub/datasets/masoudnickparvar/brain-tumor-mri-dataset/versions/2/Training/notumor/Tr-no_221.jpg,NORMAL,train
C:/Users/Ankit/.cache/kagglehub/datasets/masoudnickparvar/brain-tumor-mri-dataset/versions/2/Training/notumor/Tr-no_1176.jpg,NORMAL,train
C:/Users/Ankit/.cache/kagglehub/datasets/masoudnickparvar/brain-tumor-mri-dataset/versions/2/Training/notumor/Tr-no_177.jpg,NORMAL,train
C:/Users/Ankit/.cache/kagglehub/datasets/masoudnickparvar/brain-tumor-mri-dataset/versions/2/Training/notumor/Tr-no_665.jpg,NORMAL,train
C:/Users/Ankit/.cache/kagglehub/datasets/masoudnickparvar/brain-tumor-mri-dataset/versions/2/Training/notumor/Tr-no_1230.jpg,NORMAL,train
C:/Users/Ankit/.cache/kagglehub/datasets/masoudnickparvar/brain-tumor-mri-dataset/versions/2/Training/notumor/Tr-no_924.jpg,NORMAL,train
C:/Users/Ankit/.cache/kagglehub/datasets/masoudnickparvar/brain-tumor-mri-dataset/versions/2/Training/notumor/Tr-no_1111.jpg,NORMAL,train
C:/Users/Ankit/.cache/kagglehub/datasets/masoudnickparvar/brain-tumor-mri-dataset/versions/2/Training/notumor/Tr-no_921.jpg,NORMAL,train
C:/Users/Ankit/.cache/kagglehub/datasets/masoudnickparvar/brain-tumor-mri-dataset/versions/2/Training/notumor/Tr-no_172.jpg,NORMAL,train
C:/Users/Ankit/.cache/kagglehub/datasets/masoudnickparvar/brain-tumor-mri-dataset/versions/2/Training/notumor/Tr-no_384.jpg,NORMAL,train
C:/Users/Ankit/.cache/kagglehub/datasets/masoudnickparvar/brain-tumor-mri-dataset/versions/2/Testing/notumor/Te-no_371.jpg,NORMAL,train
C:/Users/Ankit/.cache/kagglehub/datasets/masoudnickparvar/brain-tumor-mri-dataset/versions/2/Training/notumor/Tr-no_692.jpg,NORMAL,train
C:/Users/Ankit/.cache/kagglehub/datasets/masoudnickparvar/brain-tumor-mri-dataset/versions/2/Training/notumor/Tr-no_744.jpg,NORMAL,train
C:/Users/Ankit/.cache/kagglehub/datasets/masoudnickparvar/brain-tumor-mri-dataset/versions/2/Training/notumor/Tr-no_1068.jpg,NORMAL,train
C:/Users/Ankit/.cache/kagglehub/datasets/masoudnickparvar/brain-tumor-mri-dataset/versions/2/Training/notumor/Tr-no_822.jpg,NORMAL,train
C:/Users/Ankit/.cache/kagglehub/datasets/masoudnickparvar/brain-tumor-mri-dataset/versions/2/Training/notumor/Tr-no_796.jpg,NORMAL,train
C:/Users/Ankit/.cache/kagglehub/datasets/masoudnickparvar/brain-tumor-mri-dataset/versions/2/Training/notumor/Tr-no_543.jpg,NORMAL,train
C:/Users/Ankit/.cache/kagglehub/datasets/masoudnickparvar/brain-tumor-mri-dataset/versions/2/Training/notumor/Tr-no_161.jpg,NORMAL,train
C:/Users/Ankit/.cache/kagglehub/datasets/masoudnickparvar/brain-tumor-mri-dataset/versions/2/Training/notumor/Tr-no_862.jpg,NORMAL,train
C:/Users/Ankit/.cache/kagglehub/datasets/masoudnickparvar/brain-tumor-mri-dataset/versions/2/Training/notumor/Tr-no_854.jpg,NORMAL,train
C:/Users/Ankit/.cache/kagglehub/datasets/masoudnickparvar/brain-tumor-mri-dataset/versions/2/Training/notumor/Tr-no_1108.jpg,NORMAL,train
C:/Users/Ankit/.cache/kagglehub/datasets/masoudnickparvar/brain-tumor-mri-dataset/versions/2/Testing/notumor/Te-no_31.jpg,NORMAL,train
C:/Users/Ankit/.cache/kagglehub/datasets/masoudnickparvar/brain-tumor-mri-dataset/versions/2/Testing/notumor/Te-no_52.jpg,NORMAL,train
C:/Users/Ankit/.cache/kagglehub/datasets/masoudnickparvar/brain-tumor-mri-dataset/versions/2/Testing/notumor/Te-no_30.jpg,NORMAL,train
C:/Users/Ankit/.cache/kagglehub/datasets/masoudnickparvar/brain-tumor-mri-dataset/versions/2/Training/notumor/Tr-no_291.jpg,NORMAL,train
C:/Users/Ankit/.cache/kagglehub/datasets/masoudnickparvar/brain-tumor-mri-dataset/versions/2/Testing/notumor/Te-no_102.jpg,NORMAL,train
C:/Users/Ankit/.cache/kagglehub/datasets/masoudnickparvar/brain-tumor-mri-dataset/versions/2/Training/notumor/Tr-no_271.jpg,NORMAL,train
C:/Users/Ankit/.cache/kagglehub/datasets/masoudnickparvar/brain-tumor-mri-dataset/versions/2/Training/notumor/Tr-no_356.jpg,NORMAL,train
C:/Users/Ankit/.cache/kagglehub/datasets/masoudnickparvar/brain-tumor-mri-dataset/versions/2/Training/notumor/Tr-no_581.jpg,NORMAL,train
C:/Users/Ankit/.cache/kagglehub/datasets/masoudnickparvar/brain-tumor-mri-dataset/versions/2/Training/notumor/Tr-no_296.jpg,NORMAL,train
C:/Users/Ankit/.cache/kagglehub/datasets/masoudnickparvar/brain-tumor-mri-dataset/versions/2/Training/notumor/Tr-no_538.jpg,NORMAL,train
C:/Users/Ankit/.cache/kagglehub/datasets/masoudnickparvar/brain-tumor-mri-dataset/versions/2/Training/notumor/Tr-no_1039.jpg,NORMAL,train
C:/Users/Ankit/.cache/kagglehub/datasets/masoudnickparvar/brain-tumor-mri-dataset/versions/2/Training/notumor/Tr-no_695.jpg,NORMAL,train
C:/Users/Ankit/.cache/kagglehub/datasets/masoudnickparvar/brain-tumor-mri-dataset/versions/2/Testing/notumor/Te-no_35.jpg,NORMAL,train
C:/Users/Ankit/.cache/kagglehub/datasets/masoudnickparvar/brain-tumor-mri-dataset/versions/2/Training/notumor/Tr-no_1395.jpg,NORMAL,train
C:/Users/Ankit/.cache/kagglehub/datasets/masoudnickparvar/brain-tumor-mri-dataset/versions/2/Training/notumor/Tr-no_9.jpg,NORMAL,train
C:/Users/Ankit/.cache/kagglehub/datasets/masoudnickparvar/brain-tumor-mri-dataset/versions/2/Training/notumor/Tr-no_930.jpg,NORMAL,train
C:/Users/Ankit/.cache/kagglehub/datasets/masoudnickparvar/brain-tumor-mri-dataset/versions/2/Training/notumor/Tr-no_224.jpg,NORMAL,train
C:/Users/Ankit/.cache/kagglehub/datasets/masoudnickparvar/brain-tumor-mri-dataset/versions/2/Training/notumor/Tr-no_602.jpg,NORMAL,train
C:/Users/Ankit/.cache/kagglehub/datasets/masoudnickparvar/brain-tumor-mri-dataset/versions/2/Training/notumor/Tr-no_66.jpg,NORMAL,train
C:/Users/Ankit/.cache/kagglehub/datasets/masoudnickparvar/brain-tumor-mri-dataset/versions/2/Training/notumor/Tr-no_406.jpg,NORMAL,train
C:/Users/Ankit/.cache/kagglehub/datasets/masoudnickparvar/brain-tumor-mri-dataset/versions/2/Training/notumor/Tr-no_1218.jpg,NORMAL,train
C:/Users/Ankit/.cache/kagglehub/datasets/masoudnickparvar/brain-tumor-mri-dataset/versions/2/Testing/notumor/Te-no_315.jpg,NORMAL,train
C:/Users/Ankit/.cache/kagglehub/datasets/masoudnickparvar/brain-tumor-mri-dataset/versions/2/Training/notumor/Tr-no_503.jpg,NORMAL,train
C:/Users/Ankit/.cache/kagglehub/datasets/masoudnickparvar/brain-tumor-mri-dataset/versions/2/Testing/notumor/Te-no_213.jpg,NORMAL,train
C:/Users/Ankit/.cache/kagglehub/datasets/masoudnickparvar/brain-tumor-mri-dataset/versions/2/Testing/notumor/Te-no_276.jpg,NORMAL,train
C:/Users/Ankit/.cache/kagglehub/datasets/masoudnickparvar/brain-tumor-mri-dataset/versions/2/Training/notumor/Tr-no_1385.jpg,NORMAL,train
C:/Users/Ankit/.cache/kagglehub/datasets/masoudnickparvar/brain-tumor-mri-dataset/versions/2/Training/notumor/Tr-no_1170.jpg,NORMAL,train
C:/Users/Ankit/.cache/kagglehub/datasets/masoudnickparvar/brain-tumor-mri-dataset/versions/2/Training/notumor/Tr-no_292.jpg,NORMAL,train
C:/Users/Ankit/.cache/kagglehub/datasets/masoudnickparvar/brain-tumor-mri-dataset/versions/2/Training/notumor/Tr-no_234.jpg,NORMAL,train
C:/Users/Ankit/.cache/kagglehub/datasets/masoudnickparvar/brain-tumor-mri-dataset/versions/2/Training/notumor/Tr-no_1095.jpg,NORMAL,train
C:/Users/Ankit/.cache/kagglehub/datasets/masoudnickparvar/brain-tumor-mri-dataset/versions/2/Training/notumor/Tr-no_824.jpg,NORMAL,train
C:/Users/Ankit/.cache/kagglehub/datasets/masoudnickparvar/brain-tumor-mri-dataset/versions/2/Training/notumor/Tr-no_603.jpg,NORMAL,train
C:/Users/Ankit/.cache/kagglehub/datasets/masoudnickparvar/brain-tumor-mri-dataset/versions/2/Training/notumor/Tr-no_141.jpg,NORMAL,train
C:/Users/Ankit/.cache/kagglehub/datasets/masoudnickparvar/brain-tumor-mri-dataset/versions/2/Training/notumor/Tr-no_164.jpg,NORMAL,train
C:/Users/Ankit/.cache/kagglehub/datasets/masoudnickparvar/brain-tumor-mri-dataset/versions/2/Testing/notumor/Te-no_333.jpg,NORMAL,train
C:/Users/Ankit/.cache/kagglehub/datasets/masoudnickparvar/brain-tumor-mri-dataset/versions/2/Testing/notumor/Te-no_295.jpg,NORMAL,train
C:/Users/Ankit/.cache/kagglehub/datasets/masoudnickparvar/brain-tumor-mri-dataset/versions/2/Training/notumor/Tr-no_673.jpg,NORMAL,train
C:/Users/Ankit/.cache/kagglehub/datasets/masoudnickparvar/brain-tumor-mri-dataset/versions/2/Training/notumor/Tr-no_467.jpg,NORMAL,train
C:/Users/Ankit/.cache/kagglehub/datasets/masoudnickparvar/brain-tumor-mri-dataset/versions/2/Training/notumor/Tr-no_1250.jpg,NORMAL,train
C:/Users/Ankit/.cache/kagglehub/datasets/masoudnickparvar/brain-tumor-mri-dataset/versions/2/Training/notumor/Tr-no_378.jpg,NORMAL,train
C:/Users/Ankit/.cache/kagglehub/datasets/masoudnickparvar/brain-tumor-mri-dataset/versions/2/Training/notumor/Tr-no_450.jpg,NORMAL,train
C:/Users/Ankit/.cache/kagglehub/datasets/masoudnickparvar/brain-tumor-mri-dataset/versions/2/Training/notumor/Tr-no_1179.jpg,NORMAL,train
C:/Users/Ankit/.cache/kagglehub/datasets/masoudnickparvar/brain-tumor-mri-dataset/versions/2/Testing/notumor/Te-no_4.jpg,NORMAL,train
C:/Users/Ankit/.cache/kagglehub/datasets/masoudnickparvar/brain-tumor-mri-dataset/versions/2/Training/notumor/Tr-no_312.jpg,NORMAL,train
C:/Users/Ankit/.cache/kagglehub/datasets/masoudnickparvar/brain-tumor-mri-dataset/versions/2/Training/notumor/Tr-no_321.jpg,NORMAL,train
C:/Users/Ankit/.cache/kagglehub/datasets/masoudnickparvar/brain-tumor-mri-dataset/versions/2/Training/notumor/Tr-no_49.jpg,NORMAL,train
C:/Users/Ankit/.cache/kagglehub/datasets/masoudnickparvar/brain-tumor-mri-dataset/versions/2/Training/notumor/Tr-no_105.jpg,NORMAL,train
C:/Users/Ankit/.cache/kagglehub/datasets/masoudnickparvar/brain-tumor-mri-dataset/versions/2/Training/notumor/Tr-no_1359.jpg,NORMAL,train
C:/Users/Ankit/.cache/kagglehub/datasets/masoudnickparvar/brain-tumor-mri-dataset/versions/2/Testing/notumor/Te-no_132.jpg,NORMAL,train
C:/Users/Ankit/.cache/kagglehub/datasets/masoudnickparvar/brain-tumor-mri-dataset/versions/2/Training/notumor/Tr-no_964.jpg,NORMAL,train
C:/Users/Ankit/.cache/kagglehub/datasets/masoudnickparvar/brain-tumor-mri-dataset/versions/2/Training/notumor/Tr-no_644.jpg,NORMAL,train
C:/Users/Ankit/.cache/kagglehub/datasets/masoudnickparvar/brain-tumor-mri-dataset/versions/2/Training/notumor/Tr-no_1.jpg,NORMAL,train
C:/Users/Ankit/.cache/kagglehub/datasets/masoudnickparvar/brain-tumor-mri-dataset/versions/2/Testing/notumor/Te-no_300.jpg,NORMAL,train
C:/Users/Ankit/.cache/kagglehub/datasets/masoudnickparvar/brain-tumor-mri-dataset/versions/2/Training/notumor/Tr-no_1339.jpg,NORMAL,train
C:/Users/Ankit/.cache/kagglehub/datasets/masoudnickparvar/brain-tumor-mri-dataset/versions/2/Training/notumor/Tr-no_788.jpg,NORMAL,train
C:/Users/Ankit/.cache/kagglehub/datasets/masoudnickparvar/brain-tumor-mri-dataset/versions/2/Training/notumor/Tr-no_536.jpg,NORMAL,train
C:/Users/Ankit/.cache/kagglehub/datasets/masoudnickparvar/brain-tumor-mri-dataset/versions/2/Training/notumor/Tr-no_428.jpg,NORMAL,train
C:/Users/Ankit/.cache/kagglehub/datasets/masoudnickparvar/brain-tumor-mri-dataset/versions/2/Training/notumor/Tr-no_571.jpg,NORMAL,train
C:/Users/Ankit/.cache/kagglehub/datasets/masoudnickparvar/brain-tumor-mri-dataset/versions/2/Testing/notumor/Te-no_8.jpg,NORMAL,train
C:/Users/Ankit/.cache/kagglehub/datasets/masoudnickparvar/brain-tumor-mri-dataset/versions/2/Training/notumor/Tr-no_973.jpg,NORMAL,train
C:/Users/Ankit/.cache/kagglehub/datasets/masoudnickparvar/brain-tumor-mri-dataset/versions/2/Training/notumor/Tr-no_137.jpg,NORMAL,train
C:/Users/Ankit/.cache/kagglehub/datasets/masoudnickparvar/brain-tumor-mri-dataset/versions/2/Training/notumor/Tr-no_1284.jpg,NORMAL,train
C:/Users/Ankit/.cache/kagglehub/datasets/masoudnickparvar/brain-tumor-mri-dataset/versions/2/Training/notumor/Tr-no_228.jpg,NORMAL,train
C:/Users/Ankit/.cache/kagglehub/datasets/masoudnickparvar/brain-tumor-mri-dataset/versions/2/Testing/notumor/Te-no_142.jpg,NORMAL,train
C:/Users/Ankit/.cache/kagglehub/datasets/masoudnickparvar/brain-tumor-mri-dataset/versions/2/Training/notumor/Tr-no_1171.jpg,NORMAL,train
C:/Users/Ankit/.cache/kagglehub/datasets/masoudnickparvar/brain-tumor-mri-dataset/versions/2/Testing/notumor/Te-no_214.jpg,NORMAL,train
C:/Users/Ankit/.cache/kagglehub/datasets/masoudnickparvar/brain-tumor-mri-dataset/versions/2/Training/notumor/Tr-no_153.jpg,NORMAL,train
C:/Users/Ankit/.cache/kagglehub/datasets/masoudnickparvar/brain-tumor-mri-dataset/versions/2/Training/notumor/Tr-no_74.jpg,NORMAL,train
C:/Users/Ankit/.cache/kagglehub/datasets/masoudnickparvar/brain-tumor-mri-dataset/versions/2/Training/notumor/Tr-no_210.jpg,NORMAL,train
C:/Users/Ankit/.cache/kagglehub/datasets/masoudnickparvar/brain-tumor-mri-dataset/versions/2/Training/notumor/Tr-no_306.jpg,NORMAL,train
C:/Users/Ankit/.cache/kagglehub/datasets/masoudnickparvar/brain-tumor-mri-dataset/versions/2/Training/notumor/Tr-no_1177.jpg,NORMAL,train
C:/Users/Ankit/.cache/kagglehub/datasets/masoudnickparvar/brain-tumor-mri-dataset/versions/2/Training/notumor/Tr-no_1224.jpg,NORMAL,train
C:/Users/Ankit/.cache/kagglehub/datasets/masoudnickparvar/brain-tumor-mri-dataset/versions/2/Training/notumor/Tr-no_817.jpg,NORMAL,train
C:/Users/Ankit/.cache/kagglehub/datasets/masoudnickparvar/brain-tumor-mri-dataset/versions/2/Training/notumor/Tr-no_978.jpg,NORMAL,train
C:/Users/Ankit/.cache/kagglehub/datasets/masoudnickparvar/brain-tumor-mri-dataset/versions/2/Training/notumor/Tr-no_574.jpg,NORMAL,train
C:/Users/Ankit/.cache/kagglehub/datasets/masoudnickparvar/brain-tumor-mri-dataset/versions/2/Testing/notumor/Te-no_136.jpg,NORMAL,train
C:/Users/Ankit/.cache/kagglehub/datasets/masoudnickparvar/brain-tumor-mri-dataset/versions/2/Training/notumor/Tr-no_1156.jpg,NORMAL,train
C:/Users/Ankit/.cache/kagglehub/datasets/masoudnickparvar/brain-tumor-mri-dataset/versions/2/Training/notumor/Tr-no_545.jpg,NORMAL,train
C:/Users/Ankit/.cache/kagglehub/datasets/masoudnickparvar/brain-tumor-mri-dataset/versions/2/Testing/notumor/Te-no_62.jpg,NORMAL,train
C:/Users/Ankit/.cache/kagglehub/datasets/masoudnickparvar/brain-tumor-mri-dataset/versions/2/Testing/notumor/Te-no_54.jpg,NORMAL,train
C:/Users/Ankit/.cache/kagglehub/datasets/masoudnickparvar/brain-tumor-mri-dataset/versions/2/Training/notumor/Tr-no_162.jpg,NORMAL,train
C:/Users/Ankit/.cache/kagglehub/datasets/masoudnickparvar/brain-tumor-mri-dataset/versions/2/Training/notumor/Tr-no_848.jpg,NORMAL,train
C:/Users/Ankit/.cache/kagglehub/datasets/masoudnickparvar/brain-tumor-mri-dataset/versions/2/Testing/notumor/Te-no_5.jpg,NORMAL,train
C:/Users/Ankit/.cache/kagglehub/datasets/masoudnickparvar/brain-tumor-mri-dataset/versions/2/Training/notumor/Tr-no_968.jpg,NORMAL,train
C:/Users/Ankit/.cache/kagglehub/datasets/masoudnickparvar/brain-tumor-mri-dataset/versions/2/Training/notumor/Tr-no_374.jpg,NORMAL,train
C:/Users/Ankit/.cache/kagglehub/datasets/masoudnickparvar/brain-tumor-mri-dataset/versions/2/Training/notumor/Tr-no_447.jpg,NORMAL,train
C:/Users/Ankit/.cache/kagglehub/datasets/masoudnickparvar/brain-tumor-mri-dataset/versions/2/Training/notumor/Tr-no_348.jpg,NORMAL,train
C:/Users/Ankit/.cache/kagglehub/datasets/masoudnickparvar/brain-tumor-mri-dataset/versions/2/Training/notumor/Tr-no_415.jpg,NORMAL,train
C:/Users/Ankit/.cache/kagglehub/datasets/masoudnickparvar/brain-tumor-mri-dataset/versions/2/Training/notumor/Tr-no_1184.jpg,NORMAL,train
C:/Users/Ankit/.cache/kagglehub/datasets/masoudnickparvar/brain-tumor-mri-dataset/versions/2/Training/notumor/Tr-no_498.jpg,NORMAL,train
C:/Users/Ankit/.cache/kagglehub/datasets/masoudnickparvar/brain-tumor-mri-dataset/versions/2/Training/notumor/Tr-no_1089.jpg,NORMAL,train
C:/Users/Ankit/.cache/kagglehub/datasets/masoudnickparvar/brain-tumor-mri-dataset/versions/2/Training/notumor/Tr-no_520.jpg,NORMAL,train
C:/Users/Ankit/.cache/kagglehub/datasets/masoudnickparvar/brain-tumor-mri-dataset/versions/2/Training/notumor/Tr-no_301.jpg,NORMAL,train
C:/Users/Ankit/.cache/kagglehub/datasets/masoudnickparvar/brain-tumor-mri-dataset/versions/2/Testing/notumor/Te-no_273.jpg,NORMAL,train
C:/Users/Ankit/.cache/kagglehub/datasets/masoudnickparvar/brain-tumor-mri-dataset/versions/2/Training/notumor/Tr-no_516.jpg,NORMAL,train
C:/Users/Ankit/.cache/kagglehub/datasets/masoudnickparvar/brain-tumor-mri-dataset/versions/2/Testing/notumor/Te-no_305.jpg,NORMAL,train
C:/Users/Ankit/.cache/kagglehub/datasets/masoudnickparvar/brain-tumor-mri-dataset/versions/2/Training/notumor/Tr-no_280.jpg,NORMAL,train
C:/Users/Ankit/.cache/kagglehub/datasets/masoudnickparvar/brain-tumor-mri-dataset/versions/2/Training/notumor/Tr-no_661.jpg,NORMAL,train
C:/Users/Ankit/.cache/kagglehub/datasets/masoudnickparvar/brain-tumor-mri-dataset/versions/2/Training/notumor/Tr-no_1210.jpg,NORMAL,train
C:/Users/Ankit/.cache/kagglehub/datasets/masoudnickparvar/brain-tumor-mri-dataset/versions/2/Testing/notumor/Te-no_179.jpg,NORMAL,train
C:/Users/Ankit/.cache/kagglehub/datasets/masoudnickparvar/brain-tumor-mri-dataset/versions/2/Testing/notumor/Te-no_193.jpg,NORMAL,train
C:/Users/Ankit/.cache/kagglehub/datasets/masoudnickparvar/brain-tumor-mri-dataset/versions/2/Training/notumor/Tr-no_611.jpg,NORMAL,train
C:/Users/Ankit/.cache/kagglehub/datasets/masoudnickparvar/brain-tumor-mri-dataset/versions/2/Training/notumor/Tr-no_1308.jpg,NORMAL,train
C:/Users/Ankit/.cache/kagglehub/datasets/masoudnickparvar/brain-tumor-mri-dataset/versions/2/Training/notumor/Tr-no_1228.jpg,NORMAL,train
C:/Users/Ankit/.cache/kagglehub/datasets/masoudnickparvar/brain-tumor-mri-dataset/versions/2/Testing/notumor/Te-no_280.jpg,NORMAL,train
C:/Users/Ankit/.cache/kagglehub/datasets/masoudnickparvar/brain-tumor-mri-dataset/versions/2/Training/notumor/Tr-no_233.jpg,NORMAL,train
C:/Users/Ankit/.cache/kagglehub/datasets/masoudnickparvar/brain-tumor-mri-dataset/versions/2/Testing/notumor/Te-no_34.jpg,NORMAL,train
C:/Users/Ankit/.cache/kagglehub/datasets/masoudnickparvar/brain-tumor-mri-dataset/versions/2/Training/notumor/Tr-no_205.jpg,NORMAL,train
C:/Users/Ankit/.cache/kagglehub/datasets/masoudnickparvar/brain-tumor-mri-dataset/versions/2/Training/notumor/Tr-no_772.jpg,NORMAL,train
C:/Users/Ankit/.cache/kagglehub/datasets/masoudnickparvar/brain-tumor-mri-dataset/versions/2/Training/notumor/Tr-no_368.jpg,NORMAL,train
C:/Users/Ankit/.cache/kagglehub/datasets/masoudnickparvar/brain-tumor-mri-dataset/versions/2/Testing/notumor/Te-no_191.jpg,NORMAL,train
C:/Users/Ankit/.cache/kagglehub/datasets/masoudnickparvar/brain-tumor-mri-dataset/versions/2/Testing/notumor/Te-no_234.jpg,NORMAL,train
C:/Users/Ankit/.cache/kagglehub/datasets/masoudnickparvar/brain-tumor-mri-dataset/versions/2/Training/notumor/Tr-no_1048.jpg,NORMAL,train
C:/Users/Ankit/.cache/kagglehub/datasets/masoudnickparvar/brain-tumor-mri-dataset/versions/2/Training/notumor/Tr-no_908.jpg,NORMAL,train
C:/Users/Ankit/.cache/kagglehub/datasets/masoudnickparvar/brain-tumor-mri-dataset/versions/2/Training/notumor/Tr-no_1358.jpg,NORMAL,train
C:/Users/Ankit/.cache/kagglehub/datasets/masoudnickparvar/brain-tumor-mri-dataset/versions/2/Training/notumor/Tr-no_75.jpg,NORMAL,train
C:/Users/Ankit/.cache/kagglehub/datasets/masoudnickparvar/brain-tumor-mri-dataset/versions/2/Training/notumor/Tr-no_454.jpg,NORMAL,train
C:/Users/Ankit/.cache/kagglehub/datasets/masoudnickparvar/brain-tumor-mri-dataset/versions/2/Training/notumor/Tr-no_477.jpg,NORMAL,train
C:/Users/Ankit/.cache/kagglehub/datasets/masoudnickparvar/brain-tumor-mri-dataset/versions/2/Training/notumor/Tr-no_95.jpg,NORMAL,train
C:/Users/Ankit/.cache/kagglehub/datasets/masoudnickparvar/brain-tumor-mri-dataset/versions/2/Training/notumor/Tr-no_387.jpg,NORMAL,train
C:/Users/Ankit/.cache/kagglehub/datasets/masoudnickparvar/brain-tumor-mri-dataset/versions/2/Testing/notumor/Te-no_128.jpg,NORMAL,train
C:/Users/Ankit/.cache/kagglehub/datasets/masoudnickparvar/brain-tumor-mri-dataset/versions/2/Training/notumor/Tr-no_13.jpg,NORMAL,train
C:/Users/Ankit/.cache/kagglehub/datasets/masoudnickparvar/brain-tumor-mri-dataset/versions/2/Training/notumor/Tr-no_864.jpg,NORMAL,train
C:/Users/Ankit/.cache/kagglehub/datasets/masoudnickparvar/brain-tumor-mri-dataset/versions/2/Testing/notumor/Te-no_293.jpg,NORMAL,train
C:/Users/Ankit/.cache/kagglehub/datasets/masoudnickparvar/brain-tumor-mri-dataset/versions/2/Testing/notumor/Te-no_205.jpg,NORMAL,train
C:/Users/Ankit/.cache/kagglehub/datasets/masoudnickparvar/brain-tumor-mri-dataset/versions/2/Training/notumor/Tr-no_932.jpg,NORMAL,train
C:/Users/Ankit/.cache/kagglehub/datasets/masoudnickparvar/brain-tumor-mri-dataset/versions/2/Testing/notumor/Te-no_301.jpg,NORMAL,train
C:/Users/Ankit/.cache/kagglehub/datasets/masoudnickparvar/brain-tumor-mri-dataset/versions/2/Training/notumor/Tr-no_489.jpg,NORMAL,train
C:/Users/Ankit/.cache/kagglehub/datasets/masoudnickparvar/brain-tumor-mri-dataset/versions/2/Training/notumor/Tr-no_249.jpg,NORMAL,train
C:/Users/Ankit/.cache/kagglehub/datasets/masoudnickparvar/brain-tumor-mri-dataset/versions/2/Testing/notumor/Te-no_372.jpg,NORMAL,train
C:/Users/Ankit/.cache/kagglehub/datasets/masoudnickparvar/brain-tumor-mri-dataset/versions/2/Training/notumor/Tr-no_1258.jpg,NORMAL,train
C:/Users/Ankit/.cache/kagglehub/datasets/masoudnickparvar/brain-tumor-mri-dataset/versions/2/Training/notumor/Tr-no_444.jpg,NORMAL,train
C:/Users/Ankit/.cache/kagglehub/datasets/masoudnickparvar/brain-tumor-mri-dataset/versions/2/Training/notumor/Tr-no_1266.jpg,NORMAL,train
C:/Users/Ankit/.cache/kagglehub/datasets/masoudnickparvar/brain-tumor-mri-dataset/versions/2/Training/notumor/Tr-no_863.jpg,NORMAL,train
C:/Users/Ankit/.cache/kagglehub/datasets/masoudnickparvar/brain-tumor-mri-dataset/versions/2/Training/notumor/Tr-no_352.jpg,NORMAL,train
C:/Users/Ankit/.cache/kagglehub/datasets/masoudnickparvar/brain-tumor-mri-dataset/versions/2/Testing/notumor/Te-no_140.jpg,NORMAL,train
C:/Users/Ankit/.cache/kagglehub/datasets/masoudnickparvar/brain-tumor-mri-dataset/versions/2/Training/notumor/Tr-no_1360.jpg,NORMAL,train
C:/Users/Ankit/.cache/kagglehub/datasets/masoudnickparvar/brain-tumor-mri-dataset/versions/2/Training/notumor/Tr-no_1131.jpg,NORMAL,train
C:/Users/Ankit/.cache/kagglehub/datasets/masoudnickparvar/brain-tumor-mri-dataset/versions/2/Training/notumor/Tr-no_755.jpg,NORMAL,train
C:/Users/Ankit/.cache/kagglehub/datasets/masoudnickparvar/brain-tumor-mri-dataset/versions/2/Training/notumor/Tr-no_789.jpg,NORMAL,train
C:/Users/Ankit/.cache/kagglehub/datasets/masoudnickparvar/brain-tumor-mri-dataset/versions/2/Testing/notumor/Te-no_299.jpg,NORMAL,train
C:/Users/Ankit/.cache/kagglehub/datasets/masoudnickparvar/brain-tumor-mri-dataset/versions/2/Training/notumor/Tr-no_403.jpg,NORMAL,train
C:/Users/Ankit/.cache/kagglehub/datasets/masoudnickparvar/brain-tumor-mri-dataset/versions/2/Training/notumor/Tr-no_358.jpg,NORMAL,train
C:/Users/Ankit/.cache/kagglehub/datasets/masoudnickparvar/brain-tumor-mri-dataset/versions/2/Training/notumor/Tr-no_577.jpg,NORMAL,train
C:/Users/Ankit/.cache/kagglehub/datasets/masoudnickparvar/brain-tumor-mri-dataset/versions/2/Testing/notumor/Te-no_257.jpg,NORMAL,train
C:/Users/Ankit/.cache/kagglehub/datasets/masoudnickparvar/brain-tumor-mri-dataset/versions/2/Training/notumor/Tr-no_472.jpg,NORMAL,train
C:/Users/Ankit/.cache/kagglehub/datasets/masoudnickparvar/brain-tumor-mri-dataset/versions/2/Training/notumor/Tr-no_92.jpg,NORMAL,train
C:/Users/Ankit/.cache/kagglehub/datasets/masoudnickparvar/brain-tumor-mri-dataset/versions/2/Training/notumor/Tr-no_618.jpg,NORMAL,train
C:/Users/Ankit/.cache/kagglehub/datasets/masoudnickparvar/brain-tumor-mri-dataset/versions/2/Training/notumor/Tr-no_1390.jpg,NORMAL,train
C:/Users/Ankit/.cache/kagglehub/datasets/masoudnickparvar/brain-tumor-mri-dataset/versions/2/Training/notumor/Tr-no_918.jpg,NORMAL,train
C:/Users/Ankit/.cache/kagglehub/datasets/masoudnickparvar/brain-tumor-mri-dataset/versions/2/Training/notumor/Tr-no_579.jpg,NORMAL,train
C:/Users/Ankit/.cache/kagglehub/datasets/masoudnickparvar/brain-tumor-mri-dataset/versions/2/Training/notumor/Tr-no_1107.jpg,NORMAL,train
C:/Users/Ankit/.cache/kagglehub/datasets/masoudnickparvar/brain-tumor-mri-dataset/versions/2/Training/notumor/Tr-no_1058.jpg,NORMAL,train
C:/Users/Ankit/.cache/kagglehub/datasets/masoudnickparvar/brain-tumor-mri-dataset/versions/2/Training/notumor/Tr-no_623.jpg,NORMAL,train
C:/Users/Ankit/.cache/kagglehub/datasets/masoudnickparvar/brain-tumor-mri-dataset/versions/2/Testing/notumor/Te-no_117.jpg,NORMAL,train
C:/Users/Ankit/.cache/kagglehub/datasets/masoudnickparvar/brain-tumor-mri-dataset/versions/2/Training/notumor/Tr-no_80.jpg,NORMAL,train
C:/Users/Ankit/.cache/kagglehub/datasets/masoudnickparvar/brain-tumor-mri-dataset/versions/2/Testing/notumor/Te-no_74.jpg,NORMAL,train
C:/Users/Ankit/.cache/kagglehub/datasets/masoudnickparvar/brain-tumor-mri-dataset/versions/2/Testing/notumor/Te-no_263.jpg,NORMAL,train
C:/Users/Ankit/.cache/kagglehub/datasets/masoudnickparvar/brain-tumor-mri-dataset/versions/2/Training/notumor/Tr-no_146.jpg,NORMAL,train
C:/Users/Ankit/.cache/kagglehub/datasets/masoudnickparvar/brain-tumor-mri-dataset/versions/2/Testing/notumor/Te-no_176.jpg,NORMAL,train
C:/Users/Ankit/.cache/kagglehub/datasets/masoudnickparvar/brain-tumor-mri-dataset/versions/2/Training/notumor/Tr-no_939.jpg,NORMAL,train
C:/Users/Ankit/.cache/kagglehub/datasets/masoudnickparvar/brain-tumor-mri-dataset/versions/2/Training/notumor/Tr-no_1103.jpg,NORMAL,train
C:/Users/Ankit/.cache/kagglehub/datasets/masoudnickparvar/brain-tumor-mri-dataset/versions/2/Testing/notumor/Te-no_374.jpg,NORMAL,train
C:/Users/Ankit/.cache/kagglehub/datasets/masoudnickparvar/brain-tumor-mri-dataset/versions/2/Training/notumor/Tr-no_470.jpg,NORMAL,train
C:/Users/Ankit/.cache/kagglehub/datasets/masoudnickparvar/brain-tumor-mri-dataset/versions/2/Training/notumor/Tr-no_274.jpg,NORMAL,train
C:/Users/Ankit/.cache/kagglehub/datasets/masoudnickparvar/brain-tumor-mri-dataset/versions/2/Testing/notumor/Te-no_258.jpg,NORMAL,train
C:/Users/Ankit/.cache/kagglehub/datasets/masoudnickparvar/brain-tumor-mri-dataset/versions/2/Training/notumor/Tr-no_1090.jpg,NORMAL,train
C:/Users/Ankit/.cache/kagglehub/datasets/masoudnickparvar/brain-tumor-mri-dataset/versions/2/Training/notumor/Tr-no_429.jpg,NORMAL,train
C:/Users/Ankit/.cache/kagglehub/datasets/masoudnickparvar/brain-tumor-mri-dataset/versions/2/Training/notumor/Tr-no_1329.jpg,NORMAL,train
C:/Users/Ankit/.cache/kagglehub/datasets/masoudnickparvar/brain-tumor-mri-dataset/versions/2/Testing/notumor/Te-no_298.jpg,NORMAL,train
C:/Users/Ankit/.cache/kagglehub/datasets/masoudnickparvar/brain-tumor-mri-dataset/versions/2/Training/notumor/Tr-no_1380.jpg,NORMAL,train
C:/Users/Ankit/.cache/kagglehub/datasets/masoudnickparvar/brain-tumor-mri-dataset/versions/2/Training/notumor/Tr-no_346.jpg,NORMAL,train
C:/Users/Ankit/.cache/kagglehub/datasets/masoudnickparvar/brain-tumor-mri-dataset/versions/2/Training/notumor/Tr-no_1226.jpg,NORMAL,train
C:/Users/Ankit/.cache/kagglehub/datasets/masoudnickparvar/brain-tumor-mri-dataset/versions/2/Training/notumor/Tr-no_425.jpg,NORMAL,train
C:/Users/Ankit/.cache/kagglehub/datasets/masoudnickparvar/brain-tumor-mri-dataset/versions/2/Training/notumor/Tr-no_763.jpg,NORMAL,train
C:/Users/Ankit/.cache/kagglehub/datasets/masoudnickparvar/brain-tumor-mri-dataset/versions/2/Testing/notumor/Te-no_188.jpg,NORMAL,train
C:/Users/Ankit/.cache/kagglehub/datasets/masoudnickparvar/brain-tumor-mri-dataset/versions/2/Testing/notumor/Te-no_123.jpg,NORMAL,train
C:/Users/Ankit/.cache/kagglehub/datasets/masoudnickparvar/brain-tumor-mri-dataset/versions/2/Training/notumor/Tr-no_145.jpg,NORMAL,train
C:/Users/Ankit/.cache/kagglehub/datasets/masoudnickparvar/brain-tumor-mri-dataset/versions/2/Training/notumor/Tr-no_875.jpg,NORMAL,train
C:/Users/Ankit/.cache/kagglehub/datasets/masoudnickparvar/brain-tumor-mri-dataset/versions/2/Training/notumor/Tr-no_1125.jpg,NORMAL,train
C:/Users/Ankit/.cache/kagglehub/datasets/masoudnickparvar/brain-tumor-mri-dataset/versions/2/Testing/notumor/Te-no_105.jpg,NORMAL,train
C:/Users/Ankit/.cache/kagglehub/datasets/masoudnickparvar/brain-tumor-mri-dataset/versions/2/Training/notumor/Tr-no_514.jpg,NORMAL,train
C:/Users/Ankit/.cache/kagglehub/datasets/masoudnickparvar/brain-tumor-mri-dataset/versions/2/Testing/notumor/Te-no_354.jpg,NORMAL,train
C:/Users/Ankit/.cache/kagglehub/datasets/masoudnickparvar/brain-tumor-mri-dataset/versions/2/Training/notumor/Tr-no_213.jpg,NORMAL,train
C:/Users/Ankit/.cache/kagglehub/datasets/masoudnickparvar/brain-tumor-mri-dataset/versions/2/Training/notumor/Tr-no_236.jpg,NORMAL,train
C:/Users/Ankit/.cache/kagglehub/datasets/masoudnickparvar/brain-tumor-mri-dataset/versions/2/Training/notumor/Tr-no_426.jpg,NORMAL,train
C:/Users/Ankit/.cache/kagglehub/datasets/masoudnickparvar/brain-tumor-mri-dataset/versions/2/Training/notumor/Tr-no_1378.jpg,NORMAL,train
C:/Users/Ankit/.cache/kagglehub/datasets/masoudnickparvar/brain-tumor-mri-dataset/versions/2/Testing/notumor/Te-no_94.jpg,NORMAL,train
C:/Users/Ankit/.cache/kagglehub/datasets/masoudnickparvar/brain-tumor-mri-dataset/versions/2/Training/notumor/Tr-no_584.jpg,NORMAL,train
C:/Users/Ankit/.cache/kagglehub/datasets/masoudnickparvar/brain-tumor-mri-dataset/versions/2/Training/notumor/Tr-no_502.jpg,NORMAL,train
C:/Users/Ankit/.cache/kagglehub/datasets/masoudnickparvar/brain-tumor-mri-dataset/versions/2/Training/notumor/Tr-no_103.jpg,NORMAL,train
C:/Users/Ankit/.cache/kagglehub/datasets/masoudnickparvar/brain-tumor-mri-dataset/versions/2/Training/notumor/Tr-no_563.jpg,NORMAL,train
C:/Users/Ankit/.cache/kagglehub/datasets/masoudnickparvar/brain-tumor-mri-dataset/versions/2/Testing/notumor/Te-no_164.jpg,NORMAL,train
C:/Users/Ankit/.cache/kagglehub/datasets/masoudnickparvar/brain-tumor-mri-dataset/versions/2/Training/notumor/Tr-no_828.jpg,NORMAL,train
C:/Users/Ankit/.cache/kagglehub/datasets/masoudnickparvar/brain-tumor-mri-dataset/versions/2/Training/notumor/Tr-no_914.jpg,NORMAL,train
C:/Users/Ankit/.cache/kagglehub/datasets/masoudnickparvar/brain-tumor-mri-dataset/versions/2/Testing/notumor/Te-no_131.jpg,NORMAL,train
C:/Users/Ankit/.cache/kagglehub/datasets/masoudnickparvar/brain-tumor-mri-dataset/versions/2/Training/notumor/Tr-no_1215.jpg,NORMAL,train
C:/Users/Ankit/.cache/kagglehub/datasets/masoudnickparvar/brain-tumor-mri-dataset/versions/2/Training/notumor/Tr-no_648.jpg,NORMAL,train
C:/Users/Ankit/.cache/kagglehub/datasets/masoudnickparvar/brain-tumor-mri-dataset/versions/2/Training/notumor/Tr-no_524.jpg,NORMAL,train
C:/Users/Ankit/.cache/kagglehub/datasets/masoudnickparvar/brain-tumor-mri-dataset/versions/2/Training/notumor/Tr-no_774.jpg,NORMAL,train
C:/Users/Ankit/.cache/kagglehub/datasets/masoudnickparvar/brain-tumor-mri-dataset/versions/2/Training/notumor/Tr-no_568.jpg,NORMAL,train
C:/Users/Ankit/.cache/kagglehub/datasets/masoudnickparvar/brain-tumor-mri-dataset/versions/2/Training/notumor/Tr-no_523.jpg,NORMAL,train
C:/Users/Ankit/.cache/kagglehub/datasets/masoudnickparvar/brain-tumor-mri-dataset/versions/2/Training/notumor/Tr-no_726.jpg,NORMAL,train
C:/Users/Ankit/.cache/kagglehub/datasets/masoudnickparvar/brain-tumor-mri-dataset/versions/2/Training/notumor/Tr-no_913.jpg,NORMAL,train
C:/Users/Ankit/.cache/kagglehub/datasets/masoudnickparvar/brain-tumor-mri-dataset/versions/2/Training/notumor/Tr-no_131.jpg,NORMAL,train
C:/Users/Ankit/.cache/kagglehub/datasets/masoudnickparvar/brain-tumor-mri-dataset/versions/2/Training/notumor/Tr-no_79.jpg,NORMAL,train
C:/Users/Ankit/.cache/kagglehub/datasets/masoudnickparvar/brain-tumor-mri-dataset/versions/2/Training/notumor/Tr-no_826.jpg,NORMAL,train
C:/Users/Ankit/.cache/kagglehub/datasets/masoudnickparvar/brain-tumor-mri-dataset/versions/2/Training/notumor/Tr-no_102.jpg,NORMAL,train
C:/Users/Ankit/.cache/kagglehub/datasets/masoudnickparvar/brain-tumor-mri-dataset/versions/2/Testing/notumor/Te-no_319.jpg,NORMAL,train
C:/Users/Ankit/.cache/kagglehub/datasets/masoudnickparvar/brain-tumor-mri-dataset/versions/2/Training/notumor/Tr-no_1092.jpg,NORMAL,train
C:/Users/Ankit/.cache/kagglehub/datasets/masoudnickparvar/brain-tumor-mri-dataset/versions/2/Training/notumor/Tr-no_229.jpg,NORMAL,train
C:/Users/Ankit/.cache/kagglehub/datasets/masoudnickparvar/brain-tumor-mri-dataset/versions/2/Testing/notumor/Te-no_45.jpg,NORMAL,train
C:/Users/Ankit/.cache/kagglehub/datasets/masoudnickparvar/brain-tumor-mri-dataset/versions/2/Training/notumor/Tr-no_1235.jpg,NORMAL,train
C:/Users/Ankit/.cache/kagglehub/datasets/masoudnickparvar/brain-tumor-mri-dataset/versions/2/Training/notumor/Tr-no_1076.jpg,NORMAL,train
C:/Users/Ankit/.cache/kagglehub/datasets/masoudnickparvar/brain-tumor-mri-dataset/versions/2/Testing/notumor/Te-no_20.jpg,NORMAL,train
C:/Users/Ankit/.cache/kagglehub/datasets/masoudnickparvar/brain-tumor-mri-dataset/versions/2/Training/notumor/Tr-no_120.jpg,NORMAL,train
C:/Users/Ankit/.cache/kagglehub/datasets/masoudnickparvar/brain-tumor-mri-dataset/versions/2/Training/notumor/Tr-no_139.jpg,NORMAL,train
C:/Users/Ankit/.cache/kagglehub/datasets/masoudnickparvar/brain-tumor-mri-dataset/versions/2/Training/notumor/Tr-no_36.jpg,NORMAL,train
C:/Users/Ankit/.cache/kagglehub/datasets/masoudnickparvar/brain-tumor-mri-dataset/versions/2/Testing/notumor/Te-no_162.jpg,NORMAL,train
C:/Users/Ankit/.cache/kagglehub/datasets/masoudnickparvar/brain-tumor-mri-dataset/versions/2/Training/notumor/Tr-no_1020.jpg,NORMAL,train
C:/Users/Ankit/.cache/kagglehub/datasets/masoudnickparvar/brain-tumor-mri-dataset/versions/2/Testing/notumor/Te-no_143.jpg,NORMAL,train
C:/Users/Ankit/.cache/kagglehub/datasets/masoudnickparvar/brain-tumor-mri-dataset/versions/2/Training/notumor/Tr-no_191.jpg,NORMAL,train
C:/Users/Ankit/.cache/kagglehub/datasets/masoudnickparvar/brain-tumor-mri-dataset/versions/2/Training/notumor/Tr-no_487.jpg,NORMAL,train
C:/Users/Ankit/.cache/kagglehub/datasets/masoudnickparvar/brain-tumor-mri-dataset/versions/2/Training/notumor/Tr-no_593.jpg,NORMAL,train
C:/Users/Ankit/.cache/kagglehub/datasets/masoudnickparvar/brain-tumor-mri-dataset/versions/2/Testing/notumor/Te-no_304.jpg,NORMAL,train
C:/Users/Ankit/.cache/kagglehub/datasets/masoudnickparvar/brain-tumor-mri-dataset/versions/2/Training/notumor/Tr-no_1124.jpg,NORMAL,train
C:/Users/Ankit/.cache/kagglehub/datasets/masoudnickparvar/brain-tumor-mri-dataset/versions/2/Training/notumor/Tr-no_510.jpg,NORMAL,train
C:/Users/Ankit/.cache/kagglehub/datasets/masoudnickparvar/brain-tumor-mri-dataset/versions/2/Training/notumor/Tr-no_756.jpg,NORMAL,train
C:/Users/Ankit/.cache/kagglehub/datasets/masoudnickparvar/brain-tumor-mri-dataset/versions/2/Training/notumor/Tr-no_1008.jpg,NORMAL,train
C:/Users/Ankit/.cache/kagglehub/datasets/masoudnickparvar/brain-tumor-mri-dataset/versions/2/Training/notumor/Tr-no_735.jpg,NORMAL,train
C:/Users/Ankit/.cache/kagglehub/datasets/masoudnickparvar/brain-tumor-mri-dataset/versions/2/Training/notumor/Tr-no_1344.jpg,NORMAL,train
C:/Users/Ankit/.cache/kagglehub/datasets/masoudnickparvar/brain-tumor-mri-dataset/versions/2/Training/notumor/Tr-no_999.jpg,NORMAL,train
C:/Users/Ankit/.cache/kagglehub/datasets/masoudnickparvar/brain-tumor-mri-dataset/versions/2/Training/notumor/Tr-no_607.jpg,NORMAL,train
C:/Users/Ankit/.cache/kagglehub/datasets/masoudnickparvar/brain-tumor-mri-dataset/versions/2/Training/notumor/Tr-no_138.jpg,NORMAL,train
C:/Users/Ankit/.cache/kagglehub/datasets/masoudnickparvar/brain-tumor-mri-dataset/versions/2/Training/notumor/Tr-no_1029.jpg,NORMAL,train
C:/Users/Ankit/.cache/kagglehub/datasets/masoudnickparvar/brain-tumor-mri-dataset/versions/2/Testing/notumor/Te-no_37.jpg,NORMAL,train
C:/Users/Ankit/.cache/kagglehub/datasets/masoudnickparvar/brain-tumor-mri-dataset/versions/2/Training/notumor/Tr-no_877.jpg,NORMAL,train
C:/Users/Ankit/.cache/kagglehub/datasets/masoudnickparvar/brain-tumor-mri-dataset/versions/2/Training/notumor/Tr-no_1376.jpg,NORMAL,train
C:/Users/Ankit/.cache/kagglehub/datasets/masoudnickparvar/brain-tumor-mri-dataset/versions/2/Testing/notumor/Te-no_100.jpg,NORMAL,train
C:/Users/Ankit/.cache/kagglehub/datasets/masoudnickparvar/brain-tumor-mri-dataset/versions/2/Training/notumor/Tr-no_900.jpg,NORMAL,train
C:/Users/Ankit/.cache/kagglehub/datasets/masoudnickparvar/brain-tumor-mri-dataset/versions/2/Training/notumor/Tr-no_328.jpg,NORMAL,train
C:/Users/Ankit/.cache/kagglehub/datasets/masoudnickparvar/brain-tumor-mri-dataset/versions/2/Testing/notumor/Te-no_41.jpg,NORMAL,train
C:/Users/Ankit/.cache/kagglehub/datasets/masoudnickparvar/brain-tumor-mri-dataset/versions/2/Training/notumor/Tr-no_781.jpg,NORMAL,train
C:/Users/Ankit/.cache/kagglehub/datasets/masoudnickparvar/brain-tumor-mri-dataset/versions/2/Testing/notumor/Te-no_194.jpg,NORMAL,train
C:/Users/Ankit/.cache/kagglehub/datasets/masoudnickparvar/brain-tumor-mri-dataset/versions/2/Training/notumor/Tr-no_68.jpg,NORMAL,train
C:/Users/Ankit/.cache/kagglehub/datasets/masoudnickparvar/brain-tumor-mri-dataset/versions/2/Training/notumor/Tr-no_1350.jpg,NORMAL,train
C:/Users/Ankit/.cache/kagglehub/datasets/masoudnickparvar/brain-tumor-mri-dataset/versions/2/Training/notumor/Tr-no_596.jpg,NORMAL,train
C:/Users/Ankit/.cache/kagglehub/datasets/masoudnickparvar/brain-tumor-mri-dataset/versions/2/Training/notumor/Tr-no_147.jpg,NORMAL,train
C:/Users/Ankit/.cache/kagglehub/datasets/masoudnickparvar/brain-tumor-mri-dataset/versions/2/Training/notumor/Tr-no_733.jpg,NORMAL,train
C:/Users/Ankit/.cache/kagglehub/datasets/masoudnickparvar/brain-tumor-mri-dataset/versions/2/Training/notumor/Tr-no_553.jpg,NORMAL,train
C:/Users/Ankit/.cache/kagglehub/datasets/masoudnickparvar/brain-tumor-mri-dataset/versions/2/Training/notumor/Tr-no_113.jpg,NORMAL,train
C:/Users/Ankit/.cache/kagglehub/datasets/masoudnickparvar/brain-tumor-mri-dataset/versions/2/Training/notumor/Tr-no_1285.jpg,NORMAL,train
C:/Users/Ankit/.cache/kagglehub/datasets/masoudnickparvar/brain-tumor-mri-dataset/versions/2/Training/notumor/Tr-no_711.jpg,NORMAL,train
C:/Users/Ankit/.cache/kagglehub/datasets/masoudnickparvar/brain-tumor-mri-dataset/versions/2/Training/notumor/Tr-no_475.jpg,NORMAL,train
C:/Users/Ankit/.cache/kagglehub/datasets/masoudnickparvar/brain-tumor-mri-dataset/versions/2/Testing/notumor/Te-no_17.jpg,NORMAL,train
C:/Users/Ankit/.cache/kagglehub/datasets/masoudnickparvar/brain-tumor-mri-dataset/versions/2/Training/notumor/Tr-no_941.jpg,NORMAL,train
C:/Users/Ankit/.cache/kagglehub/datasets/masoudnickparvar/brain-tumor-mri-dataset/versions/2/Training/notumor/Tr-no_961.jpg,NORMAL,train
C:/Users/Ankit/.cache/kagglehub/datasets/masoudnickparvar/brain-tumor-mri-dataset/versions/2/Training/notumor/Tr-no_462.jpg,NORMAL,train
C:/Users/Ankit/.cache/kagglehub/datasets/masoudnickparvar/brain-tumor-mri-dataset/versions/2/Training/notumor/Tr-no_1009.jpg,NORMAL,train
C:/Users/Ankit/.cache/kagglehub/datasets/masoudnickparvar/brain-tumor-mri-dataset/versions/2/Training/notumor/Tr-no_1194.jpg,NORMAL,train
C:/Users/Ankit/.cache/kagglehub/datasets/masoudnickparvar/brain-tumor-mri-dataset/versions/2/Training/notumor/Tr-no_157.jpg,NORMAL,train
C:/Users/Ankit/.cache/kagglehub/datasets/masoudnickparvar/brain-tumor-mri-dataset/versions/2/Training/notumor/Tr-no_955.jpg,NORMAL,train
C:/Users/Ankit/.cache/kagglehub/datasets/masoudnickparvar/brain-tumor-mri-dataset/versions/2/Training/notumor/Tr-no_1319.jpg,NORMAL,train
C:/Users/Ankit/.cache/kagglehub/datasets/masoudnickparvar/brain-tumor-mri-dataset/versions/2/Testing/notumor/Te-no_271.jpg,NORMAL,train
C:/Users/Ankit/.cache/kagglehub/datasets/masoudnickparvar/brain-tumor-mri-dataset/versions/2/Training/notumor/Tr-no_222.jpg,NORMAL,train
C:/Users/Ankit/.cache/kagglehub/datasets/masoudnickparvar/brain-tumor-mri-dataset/versions/2/Training/notumor/Tr-no_1276.jpg,NORMAL,train
C:/Users/Ankit/.cache/kagglehub/datasets/masoudnickparvar/brain-tumor-mri-dataset/versions/2/Training/notumor/Tr-no_982.jpg,NORMAL,train
C:/Users/Ankit/.cache/kagglehub/datasets/masoudnickparvar/brain-tumor-mri-dataset/versions/2/Training/notumor/Tr-no_1069.jpg,NORMAL,train
C:/Users/Ankit/.cache/kagglehub/datasets/masoudnickparvar/brain-tumor-mri-dataset/versions/2/Training/notumor/Tr-no_248.jpg,NORMAL,train
C:/Users/Ankit/.cache/kagglehub/datasets/masoudnickparvar/brain-tumor-mri-dataset/versions/2/Testing/notumor/Te-no_238.jpg,NORMAL,train
C:/Users/Ankit/.cache/kagglehub/datasets/masoudnickparvar/brain-tumor-mri-dataset/versions/2/Training/notumor/Tr-no_12.jpg,NORMAL,train
C:/Users/Ankit/.cache/kagglehub/datasets/masoudnickparvar/brain-tumor-mri-dataset/versions/2/Training/notumor/Tr-no_1306.jpg,NORMAL,train
C:/Users/Ankit/.cache/kagglehub/datasets/masoudnickparvar/brain-tumor-mri-dataset/versions/2/Training/notumor/Tr-no_654.jpg,NORMAL,train
C:/Users/Ankit/.cache/kagglehub/datasets/masoudnickparvar/brain-tumor-mri-dataset/versions/2/Training/notumor/Tr-no_709.jpg,NORMAL,train
C:/Users/Ankit/.cache/kagglehub/datasets/masoudnickparvar/brain-tumor-mri-dataset/versions/2/Training/notumor/Tr-no_544.jpg,NORMAL,train
C:/Users/Ankit/.cache/kagglehub/datasets/masoudnickparvar/brain-tumor-mri-dataset/versions/2/Training/notumor/Tr-no_621.jpg,NORMAL,train
C:/Users/Ankit/.cache/kagglehub/datasets/masoudnickparvar/brain-tumor-mri-dataset/versions/2/Testing/notumor/Te-no_224.jpg,NORMAL,train
C:/Users/Ankit/.cache/kagglehub/datasets/masoudnickparvar/brain-tumor-mri-dataset/versions/2/Training/notumor/Tr-no_1071.jpg,NORMAL,train
C:/Users/Ankit/.cache/kagglehub/datasets/masoudnickparvar/brain-tumor-mri-dataset/versions/2/Training/notumor/Tr-no_314.jpg,NORMAL,train
C:/Users/Ankit/.cache/kagglehub/datasets/masoudnickparvar/brain-tumor-mri-dataset/versions/2/Training/notumor/Tr-no_948.jpg,NORMAL,train
C:/Users/Ankit/.cache/kagglehub/datasets/masoudnickparvar/brain-tumor-mri-dataset/versions/2/Testing/notumor/Te-no_152.jpg,NORMAL,train
C:/Users/Ankit/.cache/kagglehub/datasets/masoudnickparvar/brain-tumor-mri-dataset/versions/2/Training/notumor/Tr-no_965.jpg,NORMAL,train
C:/Users/Ankit/.cache/kagglehub/datasets/masoudnickparvar/brain-tumor-mri-dataset/versions/2/Testing/notumor/Te-no_185.jpg,NORMAL,train
C:/Users/Ankit/.cache/kagglehub/datasets/masoudnickparvar/brain-tumor-mri-dataset/versions/2/Testing/notumor/Te-no_279.jpg,NORMAL,train
C:/Users/Ankit/.cache/kagglehub/datasets/masoudnickparvar/brain-tumor-mri-dataset/versions/2/Training/notumor/Tr-no_363.jpg,NORMAL,train
C:/Users/Ankit/.cache/kagglehub/datasets/masoudnickparvar/brain-tumor-mri-dataset/versions/2/Training/notumor/Tr-no_710.jpg,NORMAL,train
C:/Users/Ankit/.cache/kagglehub/datasets/masoudnickparvar/brain-tumor-mri-dataset/versions/2/Training/notumor/Tr-no_694.jpg,NORMAL,train
C:/Users/Ankit/.cache/kagglehub/datasets/masoudnickparvar/brain-tumor-mri-dataset/versions/2/Training/notumor/Tr-no_204.jpg,NORMAL,train
C:/Users/Ankit/.cache/kagglehub/datasets/masoudnickparvar/brain-tumor-mri-dataset/versions/2/Training/notumor/Tr-no_1227.jpg,NORMAL,train
C:/Users/Ankit/.cache/kagglehub/datasets/masoudnickparvar/brain-tumor-mri-dataset/versions/2/Testing/notumor/Te-no_50.jpg,NORMAL,train
C:/Users/Ankit/.cache/kagglehub/datasets/masoudnickparvar/brain-tumor-mri-dataset/versions/2/Training/notumor/Tr-no_926.jpg,NORMAL,train
C:/Users/Ankit/.cache/kagglehub/datasets/masoudnickparvar/brain-tumor-mri-dataset/versions/2/Testing/notumor/Te-no_228.jpg,NORMAL,train
C:/Users/Ankit/.cache/kagglehub/datasets/masoudnickparvar/brain-tumor-mri-dataset/versions/2/Testing/notumor/Te-no_168.jpg,NORMAL,train
C:/Users/Ankit/.cache/kagglehub/datasets/masoudnickparvar/brain-tumor-mri-dataset/versions/2/Training/notumor/Tr-no_935.jpg,NORMAL,train
C:/Users/Ankit/.cache/kagglehub/datasets/masoudnickparvar/brain-tumor-mri-dataset/versions/2/Training/notumor/Tr-no_355.jpg,NORMAL,train
C:/Users/Ankit/.cache/kagglehub/datasets/masoudnickparvar/brain-tumor-mri-dataset/versions/2/Training/notumor/Tr-no_88.jpg,NORMAL,train
C:/Users/Ankit/.cache/kagglehub/datasets/masoudnickparvar/brain-tumor-mri-dataset/versions/2/Training/notumor/Tr-no_107.jpg,NORMAL,train
C:/Users/Ankit/.cache/kagglehub/datasets/masoudnickparvar/brain-tumor-mri-dataset/versions/2/Training/notumor/Tr-no_491.jpg,NORMAL,train
C:/Users/Ankit/.cache/kagglehub/datasets/masoudnickparvar/brain-tumor-mri-dataset/versions/2/Training/notumor/Tr-no_845.jpg,NORMAL,train
C:/Users/Ankit/.cache/kagglehub/datasets/masoudnickparvar/brain-tumor-mri-dataset/versions/2/Testing/notumor/Te-no_400.jpg,NORMAL,train
C:/Users/Ankit/.cache/kagglehub/datasets/masoudnickparvar/brain-tumor-mri-dataset/versions/2/Testing/notumor/Te-no_355.jpg,NORMAL,train
C:/Users/Ankit/.cache/kagglehub/datasets/masoudnickparvar/brain-tumor-mri-dataset/versions/2/Training/notumor/Tr-no_237.jpg,NORMAL,train
C:/Users/Ankit/.cache/kagglehub/datasets/masoudnickparvar/brain-tumor-mri-dataset/versions/2/Testing/notumor/Te-no_36.jpg,NORMAL,train
C:/Users/Ankit/.cache/kagglehub/datasets/masoudnickparvar/brain-tumor-mri-dataset/versions/2/Training/notumor/Tr-no_4.jpg,NORMAL,train
C:/Users/Ankit/.cache/kagglehub/datasets/masoudnickparvar/brain-tumor-mri-dataset/versions/2/Training/notumor/Tr-no_849.jpg,NORMAL,train
C:/Users/Ankit/.cache/kagglehub/datasets/masoudnickparvar/brain-tumor-mri-dataset/versions/2/Training/notumor/Tr-no_174.jpg,NORMAL,train
C:/Users/Ankit/.cache/kagglehub/datasets/masoudnickparvar/brain-tumor-mri-dataset/versions/2/Testing/notumor/Te-no_82.jpg,NORMAL,train
C:/Users/Ankit/.cache/kagglehub/datasets/masoudnickparvar/brain-tumor-mri-dataset/versions/2/Training/notumor/Tr-no_1268.jpg,NORMAL,train
C:/Users/Ankit/.cache/kagglehub/datasets/masoudnickparvar/brain-tumor-mri-dataset/versions/2/Testing/notumor/Te-no_253.jpg,NORMAL,train
C:/Users/Ankit/.cache/kagglehub/datasets/masoudnickparvar/brain-tumor-mri-dataset/versions/2/Testing/notumor/Te-no_346.jpg,NORMAL,train
C:/Users/Ankit/.cache/kagglehub/datasets/masoudnickparvar/brain-tumor-mri-dataset/versions/2/Testing/notumor/Te-no_310.jpg,NORMAL,train
C:/Users/Ankit/.cache/kagglehub/datasets/masoudnickparvar/brain-tumor-mri-dataset/versions/2/Training/notumor/Tr-no_778.jpg,NORMAL,train
C:/Users/Ankit/.cache/kagglehub/datasets/masoudnickparvar/brain-tumor-mri-dataset/versions/2/Training/notumor/Tr-no_245.jpg,NORMAL,train
C:/Users/Ankit/.cache/kagglehub/datasets/masoudnickparvar/brain-tumor-mri-dataset/versions/2/Training/notumor/Tr-no_836.jpg,NORMAL,train
C:/Users/Ankit/.cache/kagglehub/datasets/masoudnickparvar/brain-tumor-mri-dataset/versions/2/Training/notumor/Tr-no_1328.jpg,NORMAL,train
C:/Users/Ankit/.cache/kagglehub/datasets/masoudnickparvar/brain-tumor-mri-dataset/versions/2/Testing/notumor/Te-no_397.jpg,NORMAL,train
C:/Users/Ankit/.cache/kagglehub/datasets/masoudnickparvar/brain-tumor-mri-dataset/versions/2/Training/notumor/Tr-no_627.jpg,NORMAL,train
C:/Users/Ankit/.cache/kagglehub/datasets/masoudnickparvar/brain-tumor-mri-dataset/versions/2/Testing/notumor/Te-no_317.jpg,NORMAL,train
C:/Users/Ankit/.cache/kagglehub/datasets/masoudnickparvar/brain-tumor-mri-dataset/versions/2/Training/notumor/Tr-no_43.jpg,NORMAL,train
C:/Users/Ankit/.cache/kagglehub/datasets/masoudnickparvar/brain-tumor-mri-dataset/versions/2/Training/notumor/Tr-no_1253.jpg,NORMAL,train
C:/Users/Ankit/.cache/kagglehub/datasets/masoudnickparvar/brain-tumor-mri-dataset/versions/2/Training/notumor/Tr-no_1388.jpg,NORMAL,train
C:/Users/Ankit/.cache/kagglehub/datasets/masoudnickparvar/brain-tumor-mri-dataset/versions/2/Training/notumor/Tr-no_1066.jpg,NORMAL,train
C:/Users/Ankit/.cache/kagglehub/datasets/masoudnickparvar/brain-tumor-mri-dataset/versions/2/Training/notumor/Tr-no_1037.jpg,NORMAL,train
C:/Users/Ankit/.cache/kagglehub/datasets/masoudnickparvar/brain-tumor-mri-dataset/versions/2/Training/notumor/Tr-no_54.jpg,NORMAL,train
C:/Users/Ankit/.cache/kagglehub/datasets/masoudnickparvar/brain-tumor-mri-dataset/versions/2/Training/notumor/Tr-no_521.jpg,NORMAL,train
C:/Users/Ankit/.cache/kagglehub/datasets/masoudnickparvar/brain-tumor-mri-dataset/versions/2/Training/notumor/Tr-no_382.jpg,NORMAL,train
C:/Users/Ankit/.cache/kagglehub/datasets/masoudnickparvar/brain-tumor-mri-dataset/versions/2/Training/notumor/Tr-no_290.jpg,NORMAL,train
C:/Users/Ankit/.cache/kagglehub/datasets/masoudnickparvar/brain-tumor-mri-dataset/versions/2/Training/notumor/Tr-no_745.jpg,NORMAL,train
C:/Users/Ankit/.cache/kagglehub/datasets/masoudnickparvar/brain-tumor-mri-dataset/versions/2/Training/notumor/Tr-no_777.jpg,NORMAL,train
C:/Users/Ankit/.cache/kagglehub/datasets/masoudnickparvar/brain-tumor-mri-dataset/versions/2/Training/notumor/Tr-no_259.jpg,NORMAL,train
C:/Users/Ankit/.cache/kagglehub/datasets/masoudnickparvar/brain-tumor-mri-dataset/versions/2/Training/notumor/Tr-no_1365.jpg,NORMAL,train
C:/Users/Ankit/.cache/kagglehub/datasets/masoudnickparvar/brain-tumor-mri-dataset/versions/2/Training/notumor/Tr-no_731.jpg,NORMAL,train
C:/Users/Ankit/.cache/kagglehub/datasets/masoudnickparvar/brain-tumor-mri-dataset/versions/2/Training/notumor/Tr-no_825.jpg,NORMAL,train
C:/Users/Ankit/.cache/kagglehub/datasets/masoudnickparvar/brain-tumor-mri-dataset/versions/2/Training/notumor/Tr-no_1041.jpg,NORMAL,train
C:/Users/Ankit/.cache/kagglehub/datasets/masoudnickparvar/brain-tumor-mri-dataset/versions/2/Training/notumor/Tr-no_707.jpg,NORMAL,train
C:/Users/Ankit/.cache/kagglehub/datasets/masoudnickparvar/brain-tumor-mri-dataset/versions/2/Training/notumor/Tr-no_951.jpg,NORMAL,train
C:/Users/Ankit/.cache/kagglehub/datasets/masoudnickparvar/brain-tumor-mri-dataset/versions/2/Training/notumor/Tr-no_119.jpg,NORMAL,train
C:/Users/Ankit/.cache/kagglehub/datasets/masoudnickparvar/brain-tumor-mri-dataset/versions/2/Testing/notumor/Te-no_240.jpg,NORMAL,train
C:/Users/Ankit/.cache/kagglehub/datasets/masoudnickparvar/brain-tumor-mri-dataset/versions/2/Training/notumor/Tr-no_317.jpg,NORMAL,train
C:/Users/Ankit/.cache/kagglehub/datasets/masoudnickparvar/brain-tumor-mri-dataset/versions/2/Training/notumor/Tr-no_597.jpg,NORMAL,train
C:/Users/Ankit/.cache/kagglehub/datasets/masoudnickparvar/brain-tumor-mri-dataset/versions/2/Training/notumor/Tr-no_1346.jpg,NORMAL,train
C:/Users/Ankit/.cache/kagglehub/datasets/masoudnickparvar/brain-tumor-mri-dataset/versions/2/Testing/notumor/Te-no_57.jpg,NORMAL,train
C:/Users/Ankit/.cache/kagglehub/datasets/masoudnickparvar/brain-tumor-mri-dataset/versions/2/Testing/notumor/Te-no_192.jpg,NORMAL,train
C:/Users/Ankit/.cache/kagglehub/datasets/masoudnickparvar/brain-tumor-mri-dataset/versions/2/Testing/notumor/Te-no_394.jpg,NORMAL,train
C:/Users/Ankit/.cache/kagglehub/datasets/masoudnickparvar/brain-tumor-mri-dataset/versions/2/Training/notumor/Tr-no_555.jpg,NORMAL,train
C:/Users/Ankit/.cache/kagglehub/datasets/masoudnickparvar/brain-tumor-mri-dataset/versions/2/Testing/notumor/Te-no_197.jpg,NORMAL,train
C:/Users/Ankit/.cache/kagglehub/datasets/masoudnickparvar/brain-tumor-mri-dataset/versions/2/Training/notumor/Tr-no_303.jpg,NORMAL,train
C:/Users/Ankit/.cache/kagglehub/datasets/masoudnickparvar/brain-tumor-mri-dataset/versions/2/Training/notumor/Tr-no_1345.jpg,NORMAL,train
C:/Users/Ankit/.cache/kagglehub/datasets/masoudnickparvar/brain-tumor-mri-dataset/versions/2/Testing/notumor/Te-no_260.jpg,NORMAL,train
C:/Users/Ankit/.cache/kagglehub/datasets/masoudnickparvar/brain-tumor-mri-dataset/versions/2/Training/notumor/Tr-no_1157.jpg,NORMAL,train
C:/Users/Ankit/.cache/kagglehub/datasets/masoudnickparvar/brain-tumor-mri-dataset/versions/2/Training/notumor/Tr-no_136.jpg,NORMAL,train
C:/Users/Ankit/.cache/kagglehub/datasets/masoudnickparvar/brain-tumor-mri-dataset/versions/2/Training/notumor/Tr-no_1025.jpg,NORMAL,train
C:/Users/Ankit/.cache/kagglehub/datasets/masoudnickparvar/brain-tumor-mri-dataset/versions/2/Training/notumor/Tr-no_891.jpg,NORMAL,train
C:/Users/Ankit/.cache/kagglehub/datasets/masoudnickparvar/brain-tumor-mri-dataset/versions/2/Training/notumor/Tr-no_118.jpg,NORMAL,train
C:/Users/Ankit/.cache/kagglehub/datasets/masoudnickparvar/brain-tumor-mri-dataset/versions/2/Training/notumor/Tr-no_1080.jpg,NORMAL,train
C:/Users/Ankit/.cache/kagglehub/datasets/masoudnickparvar/brain-tumor-mri-dataset/versions/2/Testing/notumor/Te-no_79.jpg,NORMAL,train
C:/Users/Ankit/.cache/kagglehub/datasets/masoudnickparvar/brain-tumor-mri-dataset/versions/2/Training/notumor/Tr-no_525.jpg,NORMAL,train
C:/Users/Ankit/.cache/kagglehub/datasets/masoudnickparvar/brain-tumor-mri-dataset/versions/2/Training/notumor/Tr-no_398.jpg,NORMAL,train
C:/Users/Ankit/.cache/kagglehub/datasets/masoudnickparvar/brain-tumor-mri-dataset/versions/2/Training/notumor/Tr-no_255.jpg,NORMAL,train
C:/Users/Ankit/.cache/kagglehub/datasets/masoudnickparvar/brain-tumor-mri-dataset/versions/2/Training/notumor/Tr-no_442.jpg,NORMAL,train
C:/Users/Ankit/.cache/kagglehub/datasets/masoudnickparvar/brain-tumor-mri-dataset/versions/2/Testing/notumor/Te-no_153.jpg,NORMAL,train
C:/Users/Ankit/.cache/kagglehub/datasets/masoudnickparvar/brain-tumor-mri-dataset/versions/2/Training/notumor/Tr-no_294.jpg,NORMAL,train
C:/Users/Ankit/.cache/kagglehub/datasets/masoudnickparvar/brain-tumor-mri-dataset/versions/2/Testing/notumor/Te-no_189.jpg,NORMAL,train
C:/Users/Ankit/.cache/kagglehub/datasets/masoudnickparvar/brain-tumor-mri-dataset/versions/2/Training/notumor/Tr-no_811.jpg,NORMAL,train
C:/Users/Ankit/.cache/kagglehub/datasets/masoudnickparvar/brain-tumor-mri-dataset/versions/2/Training/notumor/Tr-no_564.jpg,NORMAL,train
C:/Users/Ankit/.cache/kagglehub/datasets/masoudnickparvar/brain-tumor-mri-dataset/versions/2/Training/notumor/Tr-no_334.jpg,NORMAL,train
C:/Users/Ankit/.cache/kagglehub/datasets/masoudnickparvar/brain-tumor-mri-dataset/versions/2/Training/notumor/Tr-no_1252.jpg,NORMAL,train
C:/Users/Ankit/.cache/kagglehub/datasets/masoudnickparvar/brain-tumor-mri-dataset/versions/2/Training/notumor/Tr-no_1136.jpg,NORMAL,train
C:/Users/Ankit/.cache/kagglehub/datasets/masoudnickparvar/brain-tumor-mri-dataset/versions/2/Training/notumor/Tr-no_979.jpg,NORMAL,train
C:/Users/Ankit/.cache/kagglehub/datasets/masoudnickparvar/brain-tumor-mri-dataset/versions/2/Testing/notumor/Te-no_99.jpg,NORMAL,train
C:/Users/Ankit/.cache/kagglehub/datasets/masoudnickparvar/brain-tumor-mri-dataset/versions/2/Training/notumor/Tr-no_906.jpg,NORMAL,train
C:/Users/Ankit/.cache/kagglehub/datasets/masoudnickparvar/brain-tumor-mri-dataset/versions/2/Training/notumor/Tr-no_365.jpg,NORMAL,train
C:/Users/Ankit/.cache/kagglehub/datasets/masoudnickparvar/brain-tumor-mri-dataset/versions/2/Testing/notumor/Te-no_339.jpg,NORMAL,train
C:/Users/Ankit/.cache/kagglehub/datasets/masoudnickparvar/brain-tumor-mri-dataset/versions/2/Testing/notumor/Te-no_328.jpg,NORMAL,train
C:/Users/Ankit/.cache/kagglehub/datasets/masoudnickparvar/brain-tumor-mri-dataset/versions/2/Testing/notumor/Te-no_359.jpg,NORMAL,train
C:/Users/Ankit/.cache/kagglehub/datasets/masoudnickparvar/brain-tumor-mri-dataset/versions/2/Testing/notumor/Te-no_382.jpg,NORMAL,train
C:/Users/Ankit/.cache/kagglehub/datasets/masoudnickparvar/brain-tumor-mri-dataset/versions/2/Training/notumor/Tr-no_742.jpg,NORMAL,train
C:/Users/Ankit/.cache/kagglehub/datasets/masoudnickparvar/brain-tumor-mri-dataset/versions/2/Training/notumor/Tr-no_974.jpg,NORMAL,train
C:/Users/Ankit/.cache/kagglehub/datasets/masoudnickparvar/brain-tumor-mri-dataset/versions/2/Training/notumor/Tr-no_1261.jpg,NORMAL,train
C:/Users/Ankit/.cache/kagglehub/datasets/masoudnickparvar/brain-tumor-mri-dataset/versions/2/Training/notumor/Tr-no_615.jpg,NORMAL,train
C:/Users/Ankit/.cache/kagglehub/datasets/masoudnickparvar/brain-tumor-mri-dataset/versions/2/Training/notumor/Tr-no_708.jpg,NORMAL,train
C:/Users/Ankit/.cache/kagglehub/datasets/masoudnickparvar/brain-tumor-mri-dataset/versions/2/Testing/notumor/Te-no_218.jpg,NORMAL,train
C:/Users/Ankit/.cache/kagglehub/datasets/masoudnickparvar/brain-tumor-mri-dataset/versions/2/Training/notumor/Tr-no_515.jpg,NORMAL,train
C:/Users/Ankit/.cache/kagglehub/datasets/masoudnickparvar/brain-tumor-mri-dataset/versions/2/Training/notumor/Tr-no_803.jpg,NORMAL,train
C:/Users/Ankit/.cache/kagglehub/datasets/masoudnickparvar/brain-tumor-mri-dataset/versions/2/Training/notumor/Tr-no_181.jpg,NORMAL,train
C:/Users/Ankit/.cache/kagglehub/datasets/masoudnickparvar/brain-tumor-mri-dataset/versions/2/Testing/notumor/Te-no_231.jpg,NORMAL,train
C:/Users/Ankit/.cache/kagglehub/datasets/masoudnickparvar/brain-tumor-mri-dataset/versions/2/Training/notumor/Tr-no_688.jpg,NORMAL,train
C:/Users/Ankit/.cache/kagglehub/datasets/masoudnickparvar/brain-tumor-mri-dataset/versions/2/Training/notumor/Tr-no_190.jpg,NORMAL,train
C:/Users/Ankit/.cache/kagglehub/datasets/masoudnickparvar/brain-tumor-mri-dataset/versions/2/Training/notumor/Tr-no_309.jpg,NORMAL,train
C:/Users/Ankit/.cache/kagglehub/datasets/masoudnickparvar/brain-tumor-mri-dataset/versions/2/Training/notumor/Tr-no_1393.jpg,NORMAL,train
C:/Users/Ankit/.cache/kagglehub/datasets/masoudnickparvar/brain-tumor-mri-dataset/versions/2/Testing/notumor/Te-no_72.jpg,NORMAL,train
C:/Users/Ankit/.cache/kagglehub/datasets/masoudnickparvar/brain-tumor-mri-dataset/versions/2/Testing/notumor/Te-no_321.jpg,NORMAL,train
C:/Users/Ankit/.cache/kagglehub/datasets/masoudnickparvar/brain-tumor-mri-dataset/versions/2/Training/notumor/Tr-no_326.jpg,NORMAL,train
C:/Users/Ankit/.cache/kagglehub/datasets/masoudnickparvar/brain-tumor-mri-dataset/versions/2/Testing/notumor/Te-no_342.jpg,NORMAL,train
C:/Users/Ankit/.cache/kagglehub/datasets/masoudnickparvar/brain-tumor-mri-dataset/versions/2/Training/notumor/Tr-no_28.jpg,NORMAL,train
C:/Users/Ankit/.cache/kagglehub/datasets/masoudnickparvar/brain-tumor-mri-dataset/versions/2/Training/notumor/Tr-no_504.jpg,NORMAL,train
C:/Users/Ankit/.cache/kagglehub/datasets/masoudnickparvar/brain-tumor-mri-dataset/versions/2/Training/notumor/Tr-no_1244.jpg,NORMAL,train
C:/Users/Ankit/.cache/kagglehub/datasets/masoudnickparvar/brain-tumor-mri-dataset/versions/2/Training/notumor/Tr-no_1240.jpg,NORMAL,train
C:/Users/Ankit/.cache/kagglehub/datasets/masoudnickparvar/brain-tumor-mri-dataset/versions/2/Testing/notumor/Te-no_125.jpg,NORMAL,train
C:/Users/Ankit/.cache/kagglehub/datasets/masoudnickparvar/brain-tumor-mri-dataset/versions/2/Testing/notumor/Te-no_381.jpg,NORMAL,train
C:/Users/Ankit/.cache/kagglehub/datasets/masoudnickparvar/brain-tumor-mri-dataset/versions/2/Training/notumor/Tr-no_1023.jpg,NORMAL,train
C:/Users/Ankit/.cache/kagglehub/datasets/masoudnickparvar/brain-tumor-mri-dataset/versions/2/Training/notumor/Tr-no_641.jpg,NORMAL,train
C:/Users/Ankit/.cache/kagglehub/datasets/masoudnickparvar/brain-tumor-mri-dataset/versions/2/Testing/notumor/Te-no_196.jpg,NORMAL,train
C:/Users/Ankit/.cache/kagglehub/datasets/masoudnickparvar/brain-tumor-mri-dataset/versions/2/Training/notumor/Tr-no_169.jpg,NORMAL,train
C:/Users/Ankit/.cache/kagglehub/datasets/masoudnickparvar/brain-tumor-mri-dataset/versions/2/Training/notumor/Tr-no_1256.jpg,NORMAL,train
C:/Users/Ankit/.cache/kagglehub/datasets/masoudnickparvar/brain-tumor-mri-dataset/versions/2/Testing/notumor/Te-no_341.jpg,NORMAL,train
C:/Users/Ankit/.cache/kagglehub/datasets/masoudnickparvar/brain-tumor-mri-dataset/versions/2/Testing/notumor/Te-no_250.jpg,NORMAL,train
C:/Users/Ankit/.cache/kagglehub/datasets/masoudnickparvar/brain-tumor-mri-dataset/versions/2/Training/notumor/Tr-no_238.jpg,NORMAL,train
C:/Users/Ankit/.cache/kagglehub/datasets/masoudnickparvar/brain-tumor-mri-dataset/versions/2/Training/notumor/Tr-no_19.jpg,NORMAL,train
C:/Users/Ankit/.cache/kagglehub/datasets/masoudnickparvar/brain-tumor-mri-dataset/versions/2/Testing/notumor/Te-no_155.jpg,NORMAL,train
C:/Users/Ankit/.cache/kagglehub/datasets/masoudnickparvar/brain-tumor-mri-dataset/versions/2/Training/notumor/Tr-no_1326.jpg,NORMAL,train
C:/Users/Ankit/.cache/kagglehub/datasets/masoudnickparvar/brain-tumor-mri-dataset/versions/2/Training/notumor/Tr-no_1287.jpg,NORMAL,train
C:/Users/Ankit/.cache/kagglehub/datasets/masoudnickparvar/brain-tumor-mri-dataset/versions/2/Training/notumor/Tr-no_1317.jpg,NORMAL,train
C:/Users/Ankit/.cache/kagglehub/datasets/masoudnickparvar/brain-tumor-mri-dataset/versions/2/Training/notumor/Tr-no_512.jpg,NORMAL,train
C:/Users/Ankit/.cache/kagglehub/datasets/masoudnickparvar/brain-tumor-mri-dataset/versions/2/Testing/notumor/Te-no_352.jpg,NORMAL,train
C:/Users/Ankit/.cache/kagglehub/datasets/masoudnickparvar/brain-tumor-mri-dataset/versions/2/Training/notumor/Tr-no_766.jpg,NORMAL,train
C:/Users/Ankit/.cache/kagglehub/datasets/masoudnickparvar/brain-tumor-mri-dataset/versions/2/Training/notumor/Tr-no_77.jpg,NORMAL,train
C:/Users/Ankit/.cache/kagglehub/datasets/masoudnickparvar/brain-tumor-mri-dataset/versions/2/Training/notumor/Tr-no_834.jpg,NORMAL,train
C:/Users/Ankit/.cache/kagglehub/datasets/masoudnickparvar/brain-tumor-mri-dataset/versions/2/Testing/notumor/Te-no_13.jpg,NORMAL,train
C:/Users/Ankit/.cache/kagglehub/datasets/masoudnickparvar/brain-tumor-mri-dataset/versions/2/Training/notumor/Tr-no_1082.jpg,NORMAL,train
C:/Users/Ankit/.cache/kagglehub/datasets/masoudnickparvar/brain-tumor-mri-dataset/versions/2/Training/notumor/Tr-no_764.jpg,NORMAL,train
C:/Users/Ankit/.cache/kagglehub/datasets/masoudnickparvar/brain-tumor-mri-dataset/versions/2/Training/notumor/Tr-no_151.jpg,NORMAL,train
C:/Users/Ankit/.cache/kagglehub/datasets/masoudnickparvar/brain-tumor-mri-dataset/versions/2/Testing/notumor/Te-no_248.jpg,NORMAL,train
C:/Users/Ankit/.cache/kagglehub/datasets/masoudnickparvar/brain-tumor-mri-dataset/versions/2/Training/notumor/Tr-no_844.jpg,NORMAL,train
C:/Users/Ankit/.cache/kagglehub/datasets/masoudnickparvar/brain-tumor-mri-dataset/versions/2/Training/notumor/Tr-no_7.jpg,NORMAL,train
C:/Users/Ankit/.cache/kagglehub/datasets/masoudnickparvar/brain-tumor-mri-dataset/versions/2/Training/notumor/Tr-no_606.jpg,NORMAL,train
C:/Users/Ankit/.cache/kagglehub/datasets/masoudnickparvar/brain-tumor-mri-dataset/versions/2/Training/notumor/Tr-no_1074.jpg,NORMAL,train
C:/Users/Ankit/.cache/kagglehub/datasets/masoudnickparvar/brain-tumor-mri-dataset/versions/2/Training/notumor/Tr-no_430.jpg,NORMAL,train
C:/Users/Ankit/.cache/kagglehub/datasets/masoudnickparvar/brain-tumor-mri-dataset/versions/2/Training/notumor/Tr-no_915.jpg,NORMAL,train
C:/Users/Ankit/.cache/kagglehub/datasets/masoudnickparvar/brain-tumor-mri-dataset/versions/2/Training/notumor/Tr-no_720.jpg,NORMAL,train
C:/Users/Ankit/.cache/kagglehub/datasets/masoudnickparvar/brain-tumor-mri-dataset/versions/2/Testing/notumor/Te-no_309.jpg,NORMAL,train
C:/Users/Ankit/.cache/kagglehub/datasets/masoudnickparvar/brain-tumor-mri-dataset/versions/2/Training/notumor/Tr-no_293.jpg,NORMAL,train
C:/Users/Ankit/.cache/kagglehub/datasets/masoudnickparvar/brain-tumor-mri-dataset/versions/2/Testing/notumor/Te-no_358.jpg,NORMAL,train
C:/Users/Ankit/.cache/kagglehub/datasets/masoudnickparvar/brain-tumor-mri-dataset/versions/2/Training/notumor/Tr-no_837.jpg,NORMAL,train
C:/Users/Ankit/.cache/kagglehub/datasets/masoudnickparvar/brain-tumor-mri-dataset/versions/2/Testing/notumor/Te-no_363.jpg,NORMAL,train
C:/Users/Ankit/.cache/kagglehub/datasets/masoudnickparvar/brain-tumor-mri-dataset/versions/2/Testing/notumor/Te-no_373.jpg,NORMAL,train
C:/Users/Ankit/.cache/kagglehub/datasets/masoudnickparvar/brain-tumor-mri-dataset/versions/2/Training/notumor/Tr-no_1387.jpg,NORMAL,train
C:/Users/Ankit/.cache/kagglehub/datasets/masoudnickparvar/brain-tumor-mri-dataset/versions/2/Testing/notumor/Te-no_58.jpg,NORMAL,train
C:/Users/Ankit/.cache/kagglehub/datasets/masoudnickparvar/brain-tumor-mri-dataset/versions/2/Testing/notumor/Te-no_43.jpg,NORMAL,train
C:/Users/Ankit/.cache/kagglehub/datasets/masoudnickparvar/brain-tumor-mri-dataset/versions/2/Training/notumor/Tr-no_1298.jpg,NORMAL,train
C:/Users/Ankit/.cache/kagglehub/datasets/masoudnickparvar/brain-tumor-mri-dataset/versions/2/Training/notumor/Tr-no_938.jpg,NORMAL,train
C:/Users/Ankit/.cache/kagglehub/datasets/masoudnickparvar/brain-tumor-mri-dataset/versions/2/Training/notumor/Tr-no_176.jpg,NORMAL,train
C:/Users/Ankit/.cache/kagglehub/datasets/masoudnickparvar/brain-tumor-mri-dataset/versions/2/Testing/notumor/Te-no_173.jpg,NORMAL,train
C:/Users/Ankit/.cache/kagglehub/datasets/masoudnickparvar/brain-tumor-mri-dataset/versions/2/Training/notumor/Tr-no_609.jpg,NORMAL,train
C:/Users/Ankit/.cache/kagglehub/datasets/masoudnickparvar/brain-tumor-mri-dataset/versions/2/Training/notumor/Tr-no_316.jpg,NORMAL,train
C:/Users/Ankit/.cache/kagglehub/datasets/masoudnickparvar/brain-tumor-mri-dataset/versions/2/Training/notumor/Tr-no_751.jpg,NORMAL,train
C:/Users/Ankit/.cache/kagglehub/datasets/masoudnickparvar/brain-tumor-mri-dataset/versions/2/Training/notumor/Tr-no_513.jpg,NORMAL,train
C:/Users/Ankit/.cache/kagglehub/datasets/masoudnickparvar/brain-tumor-mri-dataset/versions/2/Training/notumor/Tr-no_530.jpg,NORMAL,train
C:/Users/Ankit/.cache/kagglehub/datasets/masoudnickparvar/brain-tumor-mri-dataset/versions/2/Training/notumor/Tr-no_263.jpg,NORMAL,train
C:/Users/Ankit/.cache/kagglehub/datasets/masoudnickparvar/brain-tumor-mri-dataset/versions/2/Testing/notumor/Te-no_251.jpg,NORMAL,train
C:/Users/Ankit/.cache/kagglehub/datasets/masoudnickparvar/brain-tumor-mri-dataset/versions/2/Testing/notumor/Te-no_236.jpg,NORMAL,train
C:/Users/Ankit/.cache/kagglehub/datasets/masoudnickparvar/brain-tumor-mri-dataset/versions/2/Training/notumor/Tr-no_885.jpg,NORMAL,train
C:/Users/Ankit/.cache/kagglehub/datasets/masoudnickparvar/brain-tumor-mri-dataset/versions/2/Training/notumor/Tr-no_969.jpg,NORMAL,train
C:/Users/Ankit/.cache/kagglehub/datasets/masoudnickparvar/brain-tumor-mri-dataset/versions/2/Training/notumor/Tr-no_1110.jpg,NORMAL,train
C:/Users/Ankit/.cache/kagglehub/datasets/masoudnickparvar/brain-tumor-mri-dataset/versions/2/Training/notumor/Tr-no_1297.jpg,NORMAL,train
C:/Users/Ankit/.cache/kagglehub/datasets/masoudnickparvar/brain-tumor-mri-dataset/versions/2/Training/notumor/Tr-no_289.jpg,NORMAL,train
C:/Users/Ankit/.cache/kagglehub/datasets/masoudnickparvar/brain-tumor-mri-dataset/versions/2/Training/notumor/Tr-no_1185.jpg,NORMAL,train
C:/Users/Ankit/.cache/kagglehub/datasets/masoudnickparvar/brain-tumor-mri-dataset/versions/2/Testing/notumor/Te-no_166.jpg,NORMAL,train
C:/Users/Ankit/.cache/kagglehub/datasets/masoudnickparvar/brain-tumor-mri-dataset/versions/2/Training/notumor/Tr-no_645.jpg,NORMAL,train
C:/Users/Ankit/.cache/kagglehub/datasets/masoudnickparvar/brain-tumor-mri-dataset/versions/2/Testing/notumor/Te-no_26.jpg,NORMAL,train
C:/Users/Ankit/.cache/kagglehub/datasets/masoudnickparvar/brain-tumor-mri-dataset/versions/2/Training/notumor/Tr-no_196.jpg,NORMAL,train
C:/Users/Ankit/.cache/kagglehub/datasets/masoudnickparvar/brain-tumor-mri-dataset/versions/2/Testing/notumor/Te-no_124.jpg,NORMAL,train
C:/Users/Ankit/.cache/kagglehub/datasets/masoudnickparvar/brain-tumor-mri-dataset/versions/2/Testing/notumor/Te-no_167.jpg,NORMAL,train
C:/Users/Ankit/.cache/kagglehub/datasets/masoudnickparvar/brain-tumor-mri-dataset/versions/2/Training/notumor/Tr-no_251.jpg,NORMAL,train
C:/Users/Ankit/.cache/kagglehub/datasets/masoudnickparvar/brain-tumor-mri-dataset/versions/2/Training/notumor/Tr-no_1140.jpg,NORMAL,train
C:/Users/Ankit/.cache/kagglehub/datasets/masoudnickparvar/brain-tumor-mri-dataset/versions/2/Training/notumor/Tr-no_831.jpg,NORMAL,train
C:/Users/Ankit/.cache/kagglehub/datasets/masoudnickparvar/brain-tumor-mri-dataset/versions/2/Training/notumor/Tr-no_1195.jpg,NORMAL,train
C:/Users/Ankit/.cache/kagglehub/datasets/masoudnickparvar/brain-tumor-mri-dataset/versions/2/Training/notumor/Tr-no_1015.jpg,NORMAL,train
C:/Users/Ankit/.cache/kagglehub/datasets/masoudnickparvar/brain-tumor-mri-dataset/versions/2/Testing/notumor/Te-no_356.jpg,NORMAL,train
C:/Users/Ankit/.cache/kagglehub/datasets/masoudnickparvar/brain-tumor-mri-dataset/versions/2/Testing/notumor/Te-no_389.jpg,NORMAL,train
C:/Users/Ankit/.cache/kagglehub/datasets/masoudnickparvar/brain-tumor-mri-dataset/versions/2/Training/notumor/Tr-no_386.jpg,NORMAL,train
C:/Users/Ankit/.cache/kagglehub/datasets/masoudnickparvar/brain-tumor-mri-dataset/versions/2/Testing/notumor/Te-no_227.jpg,NORMAL,train
C:/Users/Ankit/.cache/kagglehub/datasets/masoudnickparvar/brain-tumor-mri-dataset/versions/2/Training/notumor/Tr-no_552.jpg,NORMAL,train
C:/Users/Ankit/.cache/kagglehub/datasets/masoudnickparvar/brain-tumor-mri-dataset/versions/2/Training/notumor/Tr-no_1381.jpg,NORMAL,train
C:/Users/Ankit/.cache/kagglehub/datasets/masoudnickparvar/brain-tumor-mri-dataset/versions/2/Testing/notumor/Te-no_211.jpg,NORMAL,train
C:/Users/Ankit/.cache/kagglehub/datasets/masoudnickparvar/brain-tumor-mri-dataset/versions/2/Training/notumor/Tr-no_345.jpg,NORMAL,train
C:/Users/Ankit/.cache/kagglehub/datasets/masoudnickparvar/brain-tumor-mri-dataset/versions/2/Training/notumor/Tr-no_950.jpg,NORMAL,train
C:/Users/Ankit/.cache/kagglehub/datasets/masoudnickparvar/brain-tumor-mri-dataset/versions/2/Training/notumor/Tr-no_23.jpg,NORMAL,train
C:/Users/Ankit/.cache/kagglehub/datasets/masoudnickparvar/brain-tumor-mri-dataset/versions/2/Training/notumor/Tr-no_8.jpg,NORMAL,train
C:/Users/Ankit/.cache/kagglehub/datasets/masoudnickparvar/brain-tumor-mri-dataset/versions/2/Training/notumor/Tr-no_193.jpg,NORMAL,train
C:/Users/Ankit/.cache/kagglehub/datasets/masoudnickparvar/brain-tumor-mri-dataset/versions/2/Training/notumor/Tr-no_1192.jpg,NORMAL,train
C:/Users/Ankit/.cache/kagglehub/datasets/masoudnickparvar/brain-tumor-mri-dataset/versions/2/Training/notumor/Tr-no_1267.jpg,NORMAL,train
C:/Users/Ankit/.cache/kagglehub/datasets/masoudnickparvar/brain-tumor-mri-dataset/versions/2/Training/notumor/Tr-no_1149.jpg,NORMAL,train
C:/Users/Ankit/.cache/kagglehub/datasets/masoudnickparvar/brain-tumor-mri-dataset/versions/2/Training/notumor/Tr-no_631.jpg,NORMAL,train
C:/Users/Ankit/.cache/kagglehub/datasets/masoudnickparvar/brain-tumor-mri-dataset/versions/2/Training/notumor/Tr-no_439.jpg,NORMAL,train
C:/Users/Ankit/.cache/kagglehub/datasets/masoudnickparvar/brain-tumor-mri-dataset/versions/2/Training/notumor/Tr-no_276.jpg,NORMAL,train
C:/Users/Ankit/.cache/kagglehub/datasets/masoudnickparvar/brain-tumor-mri-dataset/versions/2/Training/notumor/Tr-no_942.jpg,NORMAL,train
C:/Users/Ankit/.cache/kagglehub/datasets/masoudnickparvar/brain-tumor-mri-dataset/versions/2/Training/notumor/Tr-no_1093.jpg,NORMAL,train
C:/Users/Ankit/.cache/kagglehub/datasets/masoudnickparvar/brain-tumor-mri-dataset/versions/2/Testing/notumor/Te-no_103.jpg,NORMAL,train
C:/Users/Ankit/.cache/kagglehub/datasets/masoudnickparvar/brain-tumor-mri-dataset/versions/2/Training/notumor/Tr-no_1098.jpg,NORMAL,train
C:/Users/Ankit/.cache/kagglehub/datasets/masoudnickparvar/brain-tumor-mri-dataset/versions/2/Training/notumor/Tr-no_322.jpg,NORMAL,train
C:/Users/Ankit/.cache/kagglehub/datasets/masoudnickparvar/brain-tumor-mri-dataset/versions/2/Training/notumor/Tr-no_583.jpg,NORMAL,train
C:/Users/Ankit/.cache/kagglehub/datasets/masoudnickparvar/brain-tumor-mri-dataset/versions/2/Testing/notumor/Te-no_11.jpg,NORMAL,train
C:/Users/Ankit/.cache/kagglehub/datasets/masoudnickparvar/brain-tumor-mri-dataset/versions/2/Testing/notumor/Te-no_332.jpg,NORMAL,train
C:/Users/Ankit/.cache/kagglehub/datasets/masoudnickparvar/brain-tumor-mri-dataset/versions/2/Testing/notumor/Te-no_101.jpg,NORMAL,train
C:/Users/Ankit/.cache/kagglehub/datasets/masoudnickparvar/brain-tumor-mri-dataset/versions/2/Training/notumor/Tr-no_61.jpg,NORMAL,train
C:/Users/Ankit/.cache/kagglehub/datasets/masoudnickparvar/brain-tumor-mri-dataset/versions/2/Training/notumor/Tr-no_230.jpg,NORMAL,train
C:/Users/Ankit/.cache/kagglehub/datasets/masoudnickparvar/brain-tumor-mri-dataset/versions/2/Testing/notumor/Te-no_207.jpg,NORMAL,train
C:/Users/Ankit/.cache/kagglehub/datasets/masoudnickparvar/brain-tumor-mri-dataset/versions/2/Testing/notumor/Te-no_266.jpg,NORMAL,train
C:/Users/Ankit/.cache/kagglehub/datasets/masoudnickparvar/brain-tumor-mri-dataset/versions/2/Testing/notumor/Te-no_365.jpg,NORMAL,train
C:/Users/Ankit/.cache/kagglehub/datasets/masoudnickparvar/brain-tumor-mri-dataset/versions/2/Training/notumor/Tr-no_894.jpg,NORMAL,train
C:/Users/Ankit/.cache/kagglehub/datasets/masoudnickparvar/brain-tumor-mri-dataset/versions/2/Training/notumor/Tr-no_134.jpg,NORMAL,train
C:/Users/Ankit/.cache/kagglehub/datasets/masoudnickparvar/brain-tumor-mri-dataset/versions/2/Training/notumor/Tr-no_413.jpg,NORMAL,train
C:/Users/Ankit/.cache/kagglehub/datasets/masoudnickparvar/brain-tumor-mri-dataset/versions/2/Training/notumor/Tr-no_1024.jpg,NORMAL,train
C:/Users/Ankit/.cache/kagglehub/datasets/masoudnickparvar/brain-tumor-mri-dataset/versions/2/Testing/notumor/Te-no_146.jpg,NORMAL,train
C:/Users/Ankit/.cache/kagglehub/datasets/masoudnickparvar/brain-tumor-mri-dataset/versions/2/Training/notumor/Tr-no_5.jpg,NORMAL,train
C:/Users/Ankit/.cache/kagglehub/datasets/masoudnickparvar/brain-tumor-mri-dataset/versions/2/Training/notumor/Tr-no_910.jpg,NORMAL,train
C:/Users/Ankit/.cache/kagglehub/datasets/masoudnickparvar/brain-tumor-mri-dataset/versions/2/Testing/notumor/Te-no_249.jpg,NORMAL,train
C:/Users/Ankit/.cache/kagglehub/datasets/masoudnickparvar/brain-tumor-mri-dataset/versions/2/Training/notumor/Tr-no_197.jpg,NORMAL,train
C:/Users/Ankit/.cache/kagglehub/datasets/masoudnickparvar/brain-tumor-mri-dataset/versions/2/Training/notumor/Tr-no_633.jpg,NORMAL,train
C:/Users/Ankit/.cache/kagglehub/datasets/masoudnickparvar/brain-tumor-mri-dataset/versions/2/Training/notumor/Tr-no_87.jpg,NORMAL,train
C:/Users/Ankit/.cache/kagglehub/datasets/masoudnickparvar/brain-tumor-mri-dataset/versions/2/Training/notumor/Tr-no_727.jpg,NORMAL,train
C:/Users/Ankit/.cache/kagglehub/datasets/masoudnickparvar/brain-tumor-mri-dataset/versions/2/Training/notumor/Tr-no_1182.jpg,NORMAL,train
C:/Users/Ankit/.cache/kagglehub/datasets/masoudnickparvar/brain-tumor-mri-dataset/versions/2/Training/notumor/Tr-no_994.jpg,NORMAL,train
C:/Users/Ankit/.cache/kagglehub/datasets/masoudnickparvar/brain-tumor-mri-dataset/versions/2/Training/notumor/Tr-no_34.jpg,NORMAL,train
C:/Users/Ankit/.cache/kagglehub/datasets/masoudnickparvar/brain-tumor-mri-dataset/versions/2/Training/notumor/Tr-no_270.jpg,NORMAL,train
C:/Users/Ankit/.cache/kagglehub/datasets/masoudnickparvar/brain-tumor-mri-dataset/versions/2/Training/notumor/Tr-no_464.jpg,NORMAL,train
C:/Users/Ankit/.cache/kagglehub/datasets/masoudnickparvar/brain-tumor-mri-dataset/versions/2/Training/notumor/Tr-no_423.jpg,NORMAL,train
C:/Users/Ankit/.cache/kagglehub/datasets/masoudnickparvar/brain-tumor-mri-dataset/versions/2/Training/notumor/Tr-no_1373.jpg,NORMAL,train
C:/Users/Ankit/.cache/kagglehub/datasets/masoudnickparvar/brain-tumor-mri-dataset/versions/2/Training/notumor/Tr-no_465.jpg,NORMAL,train
C:/Users/Ankit/.cache/kagglehub/datasets/masoudnickparvar/brain-tumor-mri-dataset/versions/2/Training/notumor/Tr-no_469.jpg,NORMAL,train
C:/Users/Ankit/.cache/kagglehub/datasets/masoudnickparvar/brain-tumor-mri-dataset/versions/2/Testing/notumor/Te-no_203.jpg,NORMAL,train
C:/Users/Ankit/.cache/kagglehub/datasets/masoudnickparvar/brain-tumor-mri-dataset/versions/2/Testing/notumor/Te-no_183.jpg,NORMAL,train
C:/Users/Ankit/.cache/kagglehub/datasets/masoudnickparvar/brain-tumor-mri-dataset/versions/2/Testing/notumor/Te-no_212.jpg,NORMAL,train
C:/Users/Ankit/.cache/kagglehub/datasets/masoudnickparvar/brain-tumor-mri-dataset/versions/2/Training/notumor/Tr-no_1200.jpg,NORMAL,train
C:/Users/Ankit/.cache/kagglehub/datasets/masoudnickparvar/brain-tumor-mri-dataset/versions/2/Training/notumor/Tr-no_1142.jpg,NORMAL,train
C:/Users/Ankit/.cache/kagglehub/datasets/masoudnickparvar/brain-tumor-mri-dataset/versions/2/Training/notumor/Tr-no_488.jpg,NORMAL,train
C:/Users/Ankit/.cache/kagglehub/datasets/masoudnickparvar/brain-tumor-mri-dataset/versions/2/Training/notumor/Tr-no_392.jpg,NORMAL,train
C:/Users/Ankit/.cache/kagglehub/datasets/masoudnickparvar/brain-tumor-mri-dataset/versions/2/Training/notumor/Tr-no_551.jpg,NORMAL,train
C:/Users/Ankit/.cache/kagglehub/datasets/masoudnickparvar/brain-tumor-mri-dataset/versions/2/Training/notumor/Tr-no_725.jpg,NORMAL,train
C:/Users/Ankit/.cache/kagglehub/datasets/masoudnickparvar/brain-tumor-mri-dataset/versions/2/Training/notumor/Tr-no_1056.jpg,NORMAL,train
C:/Users/Ankit/.cache/kagglehub/datasets/masoudnickparvar/brain-tumor-mri-dataset/versions/2/Training/notumor/Tr-no_422.jpg,NORMAL,train
C:/Users/Ankit/.cache/kagglehub/datasets/masoudnickparvar/brain-tumor-mri-dataset/versions/2/Training/notumor/Tr-no_461.jpg,NORMAL,train
C:/Users/Ankit/.cache/kagglehub/datasets/masoudnickparvar/brain-tumor-mri-dataset/versions/2/Training/notumor/Tr-no_1053.jpg,NORMAL,train
C:/Users/Ankit/.cache/kagglehub/datasets/masoudnickparvar/brain-tumor-mri-dataset/versions/2/Training/notumor/Tr-no_320.jpg,NORMAL,train
C:/Users/Ankit/.cache/kagglehub/datasets/masoudnickparvar/brain-tumor-mri-dataset/versions/2/Training/notumor/Tr-no_448.jpg,NORMAL,train
C:/Users/Ankit/.cache/kagglehub/datasets/masoudnickparvar/brain-tumor-mri-dataset/versions/2/Training/notumor/Tr-no_1275.jpg,NORMAL,train
C:/Users/Ankit/.cache/kagglehub/datasets/masoudnickparvar/brain-tumor-mri-dataset/versions/2/Training/notumor/Tr-no_1248.jpg,NORMAL,train
C:/Users/Ankit/.cache/kagglehub/datasets/masoudnickparvar/brain-tumor-mri-dataset/versions/2/Training/notumor/Tr-no_1353.jpg,NORMAL,train
C:/Users/Ankit/.cache/kagglehub/datasets/masoudnickparvar/brain-tumor-mri-dataset/versions/2/Training/notumor/Tr-no_484.jpg,NORMAL,train
C:/Users/Ankit/.cache/kagglehub/datasets/masoudnickparvar/brain-tumor-mri-dataset/versions/2/Training/notumor/Tr-no_675.jpg,NORMAL,train
C:/Users/Ankit/.cache/kagglehub/datasets/masoudnickparvar/brain-tumor-mri-dataset/versions/2/Training/notumor/Tr-no_466.jpg,NORMAL,train
C:/Users/Ankit/.cache/kagglehub/datasets/masoudnickparvar/brain-tumor-mri-dataset/versions/2/Training/notumor/Tr-no_183.jpg,NORMAL,train
C:/Users/Ankit/.cache/kagglehub/datasets/masoudnickparvar/brain-tumor-mri-dataset/versions/2/Training/notumor/Tr-no_1174.jpg,NORMAL,train
C:/Users/Ankit/.cache/kagglehub/datasets/masoudnickparvar/brain-tumor-mri-dataset/versions/2/Training/notumor/Tr-no_881.jpg,NORMAL,train
C:/Users/Ankit/.cache/kagglehub/datasets/masoudnickparvar/brain-tumor-mri-dataset/versions/2/Training/notumor/Tr-no_557.jpg,NORMAL,train
C:/Users/Ankit/.cache/kagglehub/datasets/masoudnickparvar/brain-tumor-mri-dataset/versions/2/Training/notumor/Tr-no_1114.jpg,NORMAL,train
C:/Users/Ankit/.cache/kagglehub/datasets/masoudnickparvar/brain-tumor-mri-dataset/versions/2/Training/notumor/Tr-no_592.jpg,NORMAL,train
C:/Users/Ankit/.cache/kagglehub/datasets/masoudnickparvar/brain-tumor-mri-dataset/versions/2/Testing/notumor/Te-no_370.jpg,NORMAL,train
C:/Users/Ankit/.cache/kagglehub/datasets/masoudnickparvar/brain-tumor-mri-dataset/versions/2/Training/notumor/Tr-no_1027.jpg,NORMAL,train
C:/Users/Ankit/.cache/kagglehub/datasets/masoudnickparvar/brain-tumor-mri-dataset/versions/2/Training/notumor/Tr-no_590.jpg,NORMAL,train
C:/Users/Ankit/.cache/kagglehub/datasets/masoudnickparvar/brain-tumor-mri-dataset/versions/2/Training/notumor/Tr-no_1063.jpg,NORMAL,train
C:/Users/Ankit/.cache/kagglehub/datasets/masoudnickparvar/brain-tumor-mri-dataset/versions/2/Testing/notumor/Te-no_362.jpg,NORMAL,train
C:/Users/Ankit/.cache/kagglehub/datasets/masoudnickparvar/brain-tumor-mri-dataset/versions/2/Training/notumor/Tr-no_653.jpg,NORMAL,train
C:/Users/Ankit/.cache/kagglehub/datasets/masoudnickparvar/brain-tumor-mri-dataset/versions/2/Training/notumor/Tr-no_455.jpg,NORMAL,train
C:/Users/Ankit/.cache/kagglehub/datasets/masoudnickparvar/brain-tumor-mri-dataset/versions/2/Training/notumor/Tr-no_1043.jpg,NORMAL,train
C:/Users/Ankit/.cache/kagglehub/datasets/masoudnickparvar/brain-tumor-mri-dataset/versions/2/Training/notumor/Tr-no_691.jpg,NORMAL,train
C:/Users/Ankit/.cache/kagglehub/datasets/masoudnickparvar/brain-tumor-mri-dataset/versions/2/Testing/notumor/Te-no_274.jpg,NORMAL,train
C:/Users/Ankit/.cache/kagglehub/datasets/masoudnickparvar/brain-tumor-mri-dataset/versions/2/Training/notumor/Tr-no_741.jpg,NORMAL,train
C:/Users/Ankit/.cache/kagglehub/datasets/masoudnickparvar/brain-tumor-mri-dataset/versions/2/Training/notumor/Tr-no_814.jpg,NORMAL,train
C:/Users/Ankit/.cache/kagglehub/datasets/masoudnickparvar/brain-tumor-mri-dataset/versions/2/Training/notumor/Tr-no_1204.jpg,NORMAL,train
C:/Users/Ankit/.cache/kagglehub/datasets/masoudnickparvar/brain-tumor-mri-dataset/versions/2/Training/notumor/Tr-no_1152.jpg,NORMAL,train
C:/Users/Ankit/.cache/kagglehub/datasets/masoudnickparvar/brain-tumor-mri-dataset/versions/2/Training/notumor/Tr-no_130.jpg,NORMAL,train
C:/Users/Ankit/.cache/kagglehub/datasets/masoudnickparvar/brain-tumor-mri-dataset/versions/2/Training/notumor/Tr-no_1002.jpg,NORMAL,train
C:/Users/Ankit/.cache/kagglehub/datasets/masoudnickparvar/brain-tumor-mri-dataset/versions/2/Training/notumor/Tr-no_1356.jpg,NORMAL,train
C:/Users/Ankit/.cache/kagglehub/datasets/masoudnickparvar/brain-tumor-mri-dataset/versions/2/Training/notumor/Tr-no_721.jpg,NORMAL,train
C:/Users/Ankit/.cache/kagglehub/datasets/masoudnickparvar/brain-tumor-mri-dataset/versions/2/Testing/notumor/Te-no_325.jpg,NORMAL,train
C:/Users/Ankit/.cache/kagglehub/datasets/masoudnickparvar/brain-tumor-mri-dataset/versions/2/Training/notumor/Tr-no_404.jpg,NORMAL,train
C:/Users/Ankit/.cache/kagglehub/datasets/masoudnickparvar/brain-tumor-mri-dataset/versions/2/Training/notumor/Tr-no_622.jpg,NORMAL,train
C:/Users/Ankit/.cache/kagglehub/datasets/masoudnickparvar/brain-tumor-mri-dataset/versions/2/Training/notumor/Tr-no_1054.jpg,NORMAL,train
C:/Users/Ankit/.cache/kagglehub/datasets/masoudnickparvar/brain-tumor-mri-dataset/versions/2/Testing/notumor/Te-no_2.jpg,NORMAL,train
C:/Users/Ankit/.cache/kagglehub/datasets/masoudnickparvar/brain-tumor-mri-dataset/versions/2/Training/notumor/Tr-no_714.jpg,NORMAL,train
C:/Users/Ankit/.cache/kagglehub/datasets/masoudnickparvar/brain-tumor-mri-dataset/versions/2/Training/notumor/Tr-no_85.jpg,NORMAL,train
C:/Users/Ankit/.cache/kagglehub/datasets/masoudnickparvar/brain-tumor-mri-dataset/versions/2/Training/notumor/Tr-no_589.jpg,NORMAL,train
C:/Users/Ankit/.cache/kagglehub/datasets/masoudnickparvar/brain-tumor-mri-dataset/versions/2/Training/notumor/Tr-no_1132.jpg,NORMAL,train
C:/Users/Ankit/.cache/kagglehub/datasets/masoudnickparvar/brain-tumor-mri-dataset/versions/2/Training/notumor/Tr-no_154.jpg,NORMAL,train
C:/Users/Ankit/.cache/kagglehub/datasets/masoudnickparvar/brain-tumor-mri-dataset/versions/2/Training/notumor/Tr-no_434.jpg,NORMAL,train
C:/Users/Ankit/.cache/kagglehub/datasets/masoudnickparvar/brain-tumor-mri-dataset/versions/2/Testing/notumor/Te-no_388.jpg,NORMAL,train
C:/Users/Ankit/.cache/kagglehub/datasets/masoudnickparvar/brain-tumor-mri-dataset/versions/2/Training/notumor/Tr-no_246.jpg,NORMAL,train
C:/Users/Ankit/.cache/kagglehub/datasets/masoudnickparvar/brain-tumor-mri-dataset/versions/2/Training/notumor/Tr-no_20.jpg,NORMAL,train
C:/Users/Ankit/.cache/kagglehub/datasets/masoudnickparvar/brain-tumor-mri-dataset/versions/2/Training/notumor/Tr-no_1010.jpg,NORMAL,train
C:/Users/Ankit/.cache/kagglehub/datasets/masoudnickparvar/brain-tumor-mri-dataset/versions/2/Training/notumor/Tr-no_1031.jpg,NORMAL,train
C:/Users/Ankit/.cache/kagglehub/datasets/masoudnickparvar/brain-tumor-mri-dataset/versions/2/Training/notumor/Tr-no_149.jpg,NORMAL,train
C:/Users/Ankit/.cache/kagglehub/datasets/masoudnickparvar/brain-tumor-mri-dataset/versions/2/Training/notumor/Tr-no_337.jpg,NORMAL,train
C:/Users/Ankit/.cache/kagglehub/datasets/masoudnickparvar/brain-tumor-mri-dataset/versions/2/Training/notumor/Tr-no_243.jpg,NORMAL,train
C:/Users/Ankit/.cache/kagglehub/datasets/masoudnickparvar/brain-tumor-mri-dataset/versions/2/Training/notumor/Tr-no_573.jpg,NORMAL,train
C:/Users/Ankit/.cache/kagglehub/datasets/masoudnickparvar/brain-tumor-mri-dataset/versions/2/Training/notumor/Tr-no_1042.jpg,NORMAL,train
C:/Users/Ankit/.cache/kagglehub/datasets/masoudnickparvar/brain-tumor-mri-dataset/versions/2/Testing/notumor/Te-no_262.jpg,NORMAL,train
C:/Users/Ankit/.cache/kagglehub/datasets/masoudnickparvar/brain-tumor-mri-dataset/versions/2/Testing/notumor/Te-no_16.jpg,NORMAL,train
C:/Users/Ankit/.cache/kagglehub/datasets/masoudnickparvar/brain-tumor-mri-dataset/versions/2/Training/notumor/Tr-no_490.jpg,NORMAL,train
C:/Users/Ankit/.cache/kagglehub/datasets/masoudnickparvar/brain-tumor-mri-dataset/versions/2/Training/notumor/Tr-no_1251.jpg,NORMAL,train
C:/Users/Ankit/.cache/kagglehub/datasets/masoudnickparvar/brain-tumor-mri-dataset/versions/2/Training/notumor/Tr-no_182.jpg,NORMAL,train
C:/Users/Ankit/.cache/kagglehub/datasets/masoudnickparvar/brain-tumor-mri-dataset/versions/2/Training/notumor/Tr-no_1018.jpg,NORMAL,train
C:/Users/Ankit/.cache/kagglehub/datasets/masoudnickparvar/brain-tumor-mri-dataset/versions/2/Training/notumor/Tr-no_566.jpg,NORMAL,train
C:/Users/Ankit/.cache/kagglehub/datasets/masoudnickparvar/brain-tumor-mri-dataset/versions/2/Testing/notumor/Te-no_112.jpg,NORMAL,train
C:/Users/Ankit/.cache/kagglehub/datasets/masoudnickparvar/brain-tumor-mri-dataset/versions/2/Training/notumor/Tr-no_1014.jpg,NORMAL,train
C:/Users/Ankit/.cache/kagglehub/datasets/masoudnickparvar/brain-tumor-mri-dataset/versions/2/Testing/notumor/Te-no_129.jpg,NORMAL,train
C:/Users/Ankit/.cache/kagglehub/datasets/masoudnickparvar/brain-tumor-mri-dataset/versions/2/Training/notumor/Tr-no_436.jpg,NORMAL,train
C:/Users/Ankit/.cache/kagglehub/datasets/masoudnickparvar/brain-tumor-mri-dataset/versions/2/Training/notumor/Tr-no_361.jpg,NORMAL,train
C:/Users/Ankit/.cache/kagglehub/datasets/masoudnickparvar/brain-tumor-mri-dataset/versions/2/Testing/notumor/Te-no_25.jpg,NORMAL,train
C:/Users/Ankit/.cache/kagglehub/datasets/masoudnickparvar/brain-tumor-mri-dataset/versions/2/Training/notumor/Tr-no_949.jpg,NORMAL,train
C:/Users/Ankit/.cache/kagglehub/datasets/masoudnickparvar/brain-tumor-mri-dataset/versions/2/Training/notumor/Tr-no_718.jpg,NORMAL,train
C:/Users/Ankit/.cache/kagglehub/datasets/masoudnickparvar/brain-tumor-mri-dataset/versions/2/Training/notumor/Tr-no_1091.jpg,NORMAL,train
C:/Users/Ankit/.cache/kagglehub/datasets/masoudnickparvar/brain-tumor-mri-dataset/versions/2/Training/notumor/Tr-no_975.jpg,NORMAL,train
C:/Users/Ankit/.cache/kagglehub/datasets/masoudnickparvar/brain-tumor-mri-dataset/versions/2/Training/notumor/Tr-no_572.jpg,NORMAL,train
C:/Users/Ankit/.cache/kagglehub/datasets/masoudnickparvar/brain-tumor-mri-dataset/versions/2/Training/notumor/Tr-no_705.jpg,NORMAL,train
C:/Users/Ankit/.cache/kagglehub/datasets/masoudnickparvar/brain-tumor-mri-dataset/versions/2/Training/notumor/Tr-no_604.jpg,NORMAL,train
C:/Users/Ankit/.cache/kagglehub/datasets/masoudnickparvar/brain-tumor-mri-dataset/versions/2/Training/notumor/Tr-no_311.jpg,NORMAL,train
C:/Users/Ankit/.cache/kagglehub/datasets/masoudnickparvar/brain-tumor-mri-dataset/versions/2/Training/notumor/Tr-no_31.jpg,NORMAL,train
C:/Users/Ankit/.cache/kagglehub/datasets/masoudnickparvar/brain-tumor-mri-dataset/versions/2/Testing/notumor/Te-no_222.jpg,NORMAL,train
C:/Users/Ankit/.cache/kagglehub/datasets/masoudnickparvar/brain-tumor-mri-dataset/versions/2/Training/notumor/Tr-no_1078.jpg,NORMAL,train
C:/Users/Ankit/.cache/kagglehub/datasets/masoudnickparvar/brain-tumor-mri-dataset/versions/2/Testing/notumor/Te-no_172.jpg,NORMAL,train
C:/Users/Ankit/.cache/kagglehub/datasets/masoudnickparvar/brain-tumor-mri-dataset/versions/2/Testing/notumor/Te-no_7.jpg,NORMAL,train
C:/Users/Ankit/.cache/kagglehub/datasets/masoudnickparvar/brain-tumor-mri-dataset/versions/2/Training/notumor/Tr-no_1223.jpg,NORMAL,train
C:/Users/Ankit/.cache/kagglehub/datasets/masoudnickparvar/brain-tumor-mri-dataset/versions/2/Training/notumor/Tr-no_1217.jpg,NORMAL,train
C:/Users/Ankit/.cache/kagglehub/datasets/masoudnickparvar/brain-tumor-mri-dataset/versions/2/Testing/notumor/Te-no_312.jpg,NORMAL,train
C:/Users/Ankit/.cache/kagglehub/datasets/masoudnickparvar/brain-tumor-mri-dataset/versions/2/Training/notumor/Tr-no_895.jpg,NORMAL,train
C:/Users/Ankit/.cache/kagglehub/datasets/masoudnickparvar/brain-tumor-mri-dataset/versions/2/Training/notumor/Tr-no_1315.jpg,NORMAL,train
C:/Users/Ankit/.cache/kagglehub/datasets/masoudnickparvar/brain-tumor-mri-dataset/versions/2/Training/notumor/Tr-no_1291.jpg,NORMAL,train
C:/Users/Ankit/.cache/kagglehub/datasets/masoudnickparvar/brain-tumor-mri-dataset/versions/2/Training/notumor/Tr-no_1160.jpg,NORMAL,train
C:/Users/Ankit/.cache/kagglehub/datasets/masoudnickparvar/brain-tumor-mri-dataset/versions/2/Training/notumor/Tr-no_1197.jpg,NORMAL,train
C:/Users/Ankit/.cache/kagglehub/datasets/masoudnickparvar/brain-tumor-mri-dataset/versions/2/Testing/notumor/Te-no_345.jpg,NORMAL,train
C:/Users/Ankit/.cache/kagglehub/datasets/masoudnickparvar/brain-tumor-mri-dataset/versions/2/Training/notumor/Tr-no_253.jpg,NORMAL,train
C:/Users/Ankit/.cache/kagglehub/datasets/masoudnickparvar/brain-tumor-mri-dataset/versions/2/Training/notumor/Tr-no_1201.jpg,NORMAL,train
C:/Users/Ankit/.cache/kagglehub/datasets/masoudnickparvar/brain-tumor-mri-dataset/versions/2/Training/notumor/Tr-no_360.jpg,NORMAL,train
C:/Users/Ankit/.cache/kagglehub/datasets/masoudnickparvar/brain-tumor-mri-dataset/versions/2/Testing/notumor/Te-no_27.jpg,NORMAL,train
C:/Users/Ankit/.cache/kagglehub/datasets/masoudnickparvar/brain-tumor-mri-dataset/versions/2/Training/notumor/Tr-no_570.jpg,NORMAL,train
C:/Users/Ankit/.cache/kagglehub/datasets/masoudnickparvar/brain-tumor-mri-dataset/versions/2/Testing/notumor/Te-no_198.jpg,NORMAL,train
C:/Users/Ankit/.cache/kagglehub/datasets/masoudnickparvar/brain-tumor-mri-dataset/versions/2/Training/notumor/Tr-no_453.jpg,NORMAL,train
C:/Users/Ankit/.cache/kagglehub/datasets/masoudnickparvar/brain-tumor-mri-dataset/versions/2/Training/notumor/Tr-no_1277.jpg,NORMAL,train
C:/Users/Ankit/.cache/kagglehub/datasets/masoudnickparvar/brain-tumor-mri-dataset/versions/2/Testing/notumor/Te-no_351.jpg,NORMAL,train
C:/Users/Ankit/.cache/kagglehub/datasets/masoudnickparvar/brain-tumor-mri-dataset/versions/2/Training/notumor/Tr-no_1225.jpg,NORMAL,train
C:/Users/Ankit/.cache/kagglehub/datasets/masoudnickparvar/brain-tumor-mri-dataset/versions/2/Training/notumor/Tr-no_1046.jpg,NORMAL,train
C:/Users/Ankit/.cache/kagglehub/datasets/masoudnickparvar/brain-tumor-mri-dataset/versions/2/Testing/notumor/Te-no_379.jpg,NORMAL,train
C:/Users/Ankit/.cache/kagglehub/datasets/masoudnickparvar/brain-tumor-mri-dataset/versions/2/Training/notumor/Tr-no_1017.jpg,NORMAL,train
C:/Users/Ankit/.cache/kagglehub/datasets/masoudnickparvar/brain-tumor-mri-dataset/versions/2/Training/notumor/Tr-no_838.jpg,NORMAL,train
C:/Users/Ankit/.cache/kagglehub/datasets/masoudnickparvar/brain-tumor-mri-dataset/versions/2/Training/notumor/Tr-no_2.jpg,NORMAL,train
C:/Users/Ankit/.cache/kagglehub/datasets/masoudnickparvar/brain-tumor-mri-dataset/versions/2/Training/notumor/Tr-no_1332.jpg,NORMAL,train
C:/Users/Ankit/.cache/kagglehub/datasets/masoudnickparvar/brain-tumor-mri-dataset/versions/2/Training/notumor/Tr-no_1382.jpg,NORMAL,train
C:/Users/Ankit/.cache/kagglehub/datasets/masoudnickparvar/brain-tumor-mri-dataset/versions/2/Training/notumor/Tr-no_1245.jpg,NORMAL,train
C:/Users/Ankit/.cache/kagglehub/datasets/masoudnickparvar/brain-tumor-mri-dataset/versions/2/Testing/notumor/Te-no_269.jpg,NORMAL,train
C:/Users/Ankit/.cache/kagglehub/datasets/masoudnickparvar/brain-tumor-mri-dataset/versions/2/Testing/notumor/Te-no_208.jpg,NORMAL,train
C:/Users/Ankit/.cache/kagglehub/datasets/masoudnickparvar/brain-tumor-mri-dataset/versions/2/Training/notumor/Tr-no_47.jpg,NORMAL,train
C:/Users/Ankit/.cache/kagglehub/datasets/masoudnickparvar/brain-tumor-mri-dataset/versions/2/Training/notumor/Tr-no_1151.jpg,NORMAL,train
C:/Users/Ankit/.cache/kagglehub/datasets/masoudnickparvar/brain-tumor-mri-dataset/versions/2/Testing/notumor/Te-no_161.jpg,NORMAL,train
C:/Users/Ankit/.cache/kagglehub/datasets/masoudnickparvar/brain-tumor-mri-dataset/versions/2/Testing/notumor/Te-no_392.jpg,NORMAL,train
C:/Users/Ankit/.cache/kagglehub/datasets/masoudnickparvar/brain-tumor-mri-dataset/versions/2/Testing/notumor/Te-no_244.jpg,NORMAL,train
C:/Users/Ankit/.cache/kagglehub/datasets/masoudnickparvar/brain-tumor-mri-dataset/versions/2/Training/notumor/Tr-no_534.jpg,NORMAL,train
C:/Users/Ankit/.cache/kagglehub/datasets/masoudnickparvar/brain-tumor-mri-dataset/versions/2/Training/notumor/Tr-no_218.jpg,NORMAL,train
C:/Users/Ankit/.cache/kagglehub/datasets/masoudnickparvar/brain-tumor-mri-dataset/versions/2/Training/notumor/Tr-no_839.jpg,NORMAL,train
C:/Users/Ankit/.cache/kagglehub/datasets/masoudnickparvar/brain-tumor-mri-dataset/versions/2/Training/notumor/Tr-no_986.jpg,NORMAL,train
C:/Users/Ankit/.cache/kagglehub/datasets/masoudnickparvar/brain-tumor-mri-dataset/versions/2/Training/notumor/Tr-no_703.jpg,NORMAL,train
C:/Users/Ankit/.cache/kagglehub/datasets/masoudnickparvar/brain-tumor-mri-dataset/versions/2/Training/notumor/Tr-no_15.jpg,NORMAL,train
C:/Users/Ankit/.cache/kagglehub/datasets/masoudnickparvar/brain-tumor-mri-dataset/versions/2/Training/notumor/Tr-no_976.jpg,NORMAL,train
C:/Users/Ankit/.cache/kagglehub/datasets/masoudnickparvar/brain-tumor-mri-dataset/versions/2/Training/notumor/Tr-no_812.jpg,NORMAL,train
C:/Users/Ankit/.cache/kagglehub/datasets/masoudnickparvar/brain-tumor-mri-dataset/versions/2/Training/notumor/Tr-no_327.jpg,NORMAL,train
C:/Users/Ankit/.cache/kagglehub/datasets/masoudnickparvar/brain-tumor-mri-dataset/versions/2/Training/notumor/Tr-no_1137.jpg,NORMAL,train
C:/Users/Ankit/.cache/kagglehub/datasets/masoudnickparvar/brain-tumor-mri-dataset/versions/2/Training/notumor/Tr-no_1173.jpg,NORMAL,train
C:/Users/Ankit/.cache/kagglehub/datasets/masoudnickparvar/brain-tumor-mri-dataset/versions/2/Training/notumor/Tr-no_260.jpg,NORMAL,train
C:/Users/Ankit/.cache/kagglehub/datasets/masoudnickparvar/brain-tumor-mri-dataset/versions/2/Training/notumor/Tr-no_21.jpg,NORMAL,train
C:/Users/Ankit/.cache/kagglehub/datasets/masoudnickparvar/brain-tumor-mri-dataset/versions/2/Testing/notumor/Te-no_29.jpg,NORMAL,train
C:/Users/Ankit/.cache/kagglehub/datasets/masoudnickparvar/brain-tumor-mri-dataset/versions/2/Testing/notumor/Te-no_22.jpg,NORMAL,train
C:/Users/Ankit/.cache/kagglehub/datasets/masoudnickparvar/brain-tumor-mri-dataset/versions/2/Training/notumor/Tr-no_614.jpg,NORMAL,train
C:/Users/Ankit/.cache/kagglehub/datasets/masoudnickparvar/brain-tumor-mri-dataset/versions/2/Training/notumor/Tr-no_1051.jpg,NORMAL,train
C:/Users/Ankit/.cache/kagglehub/datasets/masoudnickparvar/brain-tumor-mri-dataset/versions/2/Testing/notumor/Te-no_42.jpg,NORMAL,train
C:/Users/Ankit/.cache/kagglehub/datasets/masoudnickparvar/brain-tumor-mri-dataset/versions/2/Training/notumor/Tr-no_1196.jpg,NORMAL,train
C:/Users/Ankit/.cache/kagglehub/datasets/masoudnickparvar/brain-tumor-mri-dataset/versions/2/Training/notumor/Tr-no_962.jpg,NORMAL,train
C:/Users/Ankit/.cache/kagglehub/datasets/masoudnickparvar/brain-tumor-mri-dataset/versions/2/Training/notumor/Tr-no_1030.jpg,NORMAL,train
C:/Users/Ankit/.cache/kagglehub/datasets/masoudnickparvar/brain-tumor-mri-dataset/versions/2/Training/notumor/Tr-no_55.jpg,NORMAL,train
C:/Users/Ankit/.cache/kagglehub/datasets/masoudnickparvar/brain-tumor-mri-dataset/versions/2/Training/notumor/Tr-no_637.jpg,NORMAL,train
C:/Users/Ankit/.cache/kagglehub/datasets/masoudnickparvar/brain-tumor-mri-dataset/versions/2/Training/notumor/Tr-no_736.jpg,NORMAL,train
C:/Users/Ankit/.cache/kagglehub/datasets/masoudnickparvar/brain-tumor-mri-dataset/versions/2/Training/notumor/Tr-no_988.jpg,NORMAL,train
C:/Users/Ankit/.cache/kagglehub/datasets/masoudnickparvar/brain-tumor-mri-dataset/versions/2/Training/notumor/Tr-no_211.jpg,NORMAL,train
C:/Users/Ankit/.cache/kagglehub/datasets/masoudnickparvar/brain-tumor-mri-dataset/versions/2/Training/notumor/Tr-no_1283.jpg,NORMAL,train
C:/Users/Ankit/.cache/kagglehub/datasets/masoudnickparvar/brain-tumor-mri-dataset/versions/2/Training/notumor/Tr-no_1202.jpg,NORMAL,train
C:/Users/Ankit/.cache/kagglehub/datasets/masoudnickparvar/brain-tumor-mri-dataset/versions/2/Training/notumor/Tr-no_1263.jpg,NORMAL,train
C:/Users/Ankit/.cache/kagglehub/datasets/masoudnickparvar/brain-tumor-mri-dataset/versions/2/Training/notumor/Tr-no_1118.jpg,NORMAL,train
C:/Users/Ankit/.cache/kagglehub/datasets/masoudnickparvar/brain-tumor-mri-dataset/versions/2/Training/notumor/Tr-no_203.jpg,NORMAL,train
C:/Users/Ankit/.cache/kagglehub/datasets/masoudnickparvar/brain-tumor-mri-dataset/versions/2/Training/notumor/Tr-no_784.jpg,NORMAL,train
C:/Users/Ankit/.cache/kagglehub/datasets/masoudnickparvar/brain-tumor-mri-dataset/versions/2/Training/notumor/Tr-no_505.jpg,NORMAL,train
C:/Users/Ankit/.cache/kagglehub/datasets/masoudnickparvar/brain-tumor-mri-dataset/versions/2/Training/notumor/Tr-no_1243.jpg,NORMAL,train
C:/Users/Ankit/.cache/kagglehub/datasets/masoudnickparvar/brain-tumor-mri-dataset/versions/2/Training/notumor/Tr-no_42.jpg,NORMAL,train
C:/Users/Ankit/.cache/kagglehub/datasets/masoudnickparvar/brain-tumor-mri-dataset/versions/2/Training/notumor/Tr-no_65.jpg,NORMAL,train
C:/Users/Ankit/.cache/kagglehub/datasets/masoudnickparvar/brain-tumor-mri-dataset/versions/2/Training/notumor/Tr-no_794.jpg,NORMAL,train
C:/Users/Ankit/.cache/kagglehub/datasets/masoudnickparvar/brain-tumor-mri-dataset/versions/2/Testing/notumor/Te-no_306.jpg,NORMAL,train
C:/Users/Ankit/.cache/kagglehub/datasets/masoudnickparvar/brain-tumor-mri-dataset/versions/2/Testing/notumor/Te-no_357.jpg,NORMAL,train
C:/Users/Ankit/.cache/kagglehub/datasets/masoudnickparvar/brain-tumor-mri-dataset/versions/2/Training/notumor/Tr-no_115.jpg,NORMAL,train
C:/Users/Ankit/.cache/kagglehub/datasets/masoudnickparvar/brain-tumor-mri-dataset/versions/2/Training/notumor/Tr-no_432.jpg,NORMAL,train
C:/Users/Ankit/.cache/kagglehub/datasets/masoudnickparvar/brain-tumor-mri-dataset/versions/2/Testing/notumor/Te-no_96.jpg,NORMAL,train
C:/Users/Ankit/.cache/kagglehub/datasets/masoudnickparvar/brain-tumor-mri-dataset/versions/2/Testing/notumor/Te-no_336.jpg,NORMAL,train
C:/Users/Ankit/.cache/kagglehub/datasets/masoudnickparvar/brain-tumor-mri-dataset/versions/2/Training/notumor/Tr-no_1289.jpg,NORMAL,train
C:/Users/Ankit/.cache/kagglehub/datasets/masoudnickparvar/brain-tumor-mri-dataset/versions/2/Testing/notumor/Te-no_156.jpg,NORMAL,train
C:/Users/Ankit/.cache/kagglehub/datasets/masoudnickparvar/brain-tumor-mri-dataset/versions/2/Training/notumor/Tr-no_353.jpg,NORMAL,train
C:/Users/Ankit/.cache/kagglehub/datasets/masoudnickparvar/brain-tumor-mri-dataset/versions/2/Training/notumor/Tr-no_166.jpg,NORMAL,train
C:/Users/Ankit/.cache/kagglehub/datasets/masoudnickparvar/brain-tumor-mri-dataset/versions/2/Training/notumor/Tr-no_987.jpg,NORMAL,train
C:/Users/Ankit/.cache/kagglehub/datasets/masoudnickparvar/brain-tumor-mri-dataset/versions/2/Training/notumor/Tr-no_499.jpg,NORMAL,train
C:/Users/Ankit/.cache/kagglehub/datasets/masoudnickparvar/brain-tumor-mri-dataset/versions/2/Training/notumor/Tr-no_1214.jpg,NORMAL,train
C:/Users/Ankit/.cache/kagglehub/datasets/masoudnickparvar/brain-tumor-mri-dataset/versions/2/Testing/notumor/Te-no_66.jpg,NORMAL,train
C:/Users/Ankit/.cache/kagglehub/datasets/masoudnickparvar/brain-tumor-mri-dataset/versions/2/Testing/notumor/Te-no_63.jpg,NORMAL,train
C:/Users/Ankit/.cache/kagglehub/datasets/masoudnickparvar/brain-tumor-mri-dataset/versions/2/Training/notumor/Tr-no_562.jpg,NORMAL,train
C:/Users/Ankit/.cache/kagglehub/datasets/masoudnickparvar/brain-tumor-mri-dataset/versions/2/Testing/notumor/Te-no_59.jpg,NORMAL,train
C:/Users/Ankit/.cache/kagglehub/datasets/masoudnickparvar/brain-tumor-mri-dataset/versions/2/Training/notumor/Tr-no_1342.jpg,NORMAL,train
C:/Users/Ankit/.cache/kagglehub/datasets/masoudnickparvar/brain-tumor-mri-dataset/versions/2/Training/notumor/Tr-no_927.jpg,NORMAL,train
C:/Users/Ankit/.cache/kagglehub/datasets/masoudnickparvar/brain-tumor-mri-dataset/versions/2/Training/notumor/Tr-no_219.jpg,NORMAL,train
C:/Users/Ankit/.cache/kagglehub/datasets/masoudnickparvar/brain-tumor-mri-dataset/versions/2/Training/notumor/Tr-no_109.jpg,NORMAL,train
C:/Users/Ankit/.cache/kagglehub/datasets/masoudnickparvar/brain-tumor-mri-dataset/versions/2/Training/notumor/Tr-no_934.jpg,NORMAL,train
C:/Users/Ankit/.cache/kagglehub/datasets/masoudnickparvar/brain-tumor-mri-dataset/versions/2/Training/notumor/Tr-no_1362.jpg,NORMAL,train
C:/Users/Ankit/.cache/kagglehub/datasets/masoudnickparvar/brain-tumor-mri-dataset/versions/2/Training/notumor/Tr-no_1126.jpg,NORMAL,train
C:/Users/Ankit/.cache/kagglehub/datasets/masoudnickparvar/brain-tumor-mri-dataset/versions/2/Testing/notumor/Te-no_327.jpg,NORMAL,train
C:/Users/Ankit/.cache/kagglehub/datasets/masoudnickparvar/brain-tumor-mri-dataset/versions/2/Training/notumor/Tr-no_83.jpg,NORMAL,train
C:/Users/Ankit/.cache/kagglehub/datasets/masoudnickparvar/brain-tumor-mri-dataset/versions/2/Training/notumor/Tr-no_279.jpg,NORMAL,train
C:/Users/Ankit/.cache/kagglehub/datasets/masoudnickparvar/brain-tumor-mri-dataset/versions/2/Training/notumor/Tr-no_771.jpg,NORMAL,train
C:/Users/Ankit/.cache/kagglehub/datasets/masoudnickparvar/brain-tumor-mri-dataset/versions/2/Training/notumor/Tr-no_53.jpg,NORMAL,train
C:/Users/Ankit/.cache/kagglehub/datasets/masoudnickparvar/brain-tumor-mri-dataset/versions/2/Training/notumor/Tr-no_699.jpg,NORMAL,train
C:/Users/Ankit/.cache/kagglehub/datasets/masoudnickparvar/brain-tumor-mri-dataset/versions/2/Training/notumor/Tr-no_463.jpg,NORMAL,train
C:/Users/Ankit/.cache/kagglehub/datasets/masoudnickparvar/brain-tumor-mri-dataset/versions/2/Testing/notumor/Te-no_282.jpg,NORMAL,train
C:/Users/Ankit/.cache/kagglehub/datasets/masoudnickparvar/brain-tumor-mri-dataset/versions/2/Training/notumor/Tr-no_799.jpg,NORMAL,train
C:/Users/Ankit/.cache/kagglehub/datasets/masoudnickparvar/brain-tumor-mri-dataset/versions/2/Testing/notumor/Te-no_180.jpg,NORMAL,train
C:/Users/Ankit/.cache/kagglehub/datasets/masoudnickparvar/brain-tumor-mri-dataset/versions/2/Training/notumor/Tr-no_779.jpg,NORMAL,train
C:/Users/Ankit/.cache/kagglehub/datasets/masoudnickparvar/brain-tumor-mri-dataset/versions/2/Training/notumor/Tr-no_440.jpg,NORMAL,train
C:/Users/Ankit/.cache/kagglehub/datasets/masoudnickparvar/brain-tumor-mri-dataset/versions/2/Training/notumor/Tr-no_1085.jpg,NORMAL,train
C:/Users/Ankit/.cache/kagglehub/datasets/masoudnickparvar/brain-tumor-mri-dataset/versions/2/Training/notumor/Tr-no_397.jpg,NORMAL,train
C:/Users/Ankit/.cache/kagglehub/datasets/masoudnickparvar/brain-tumor-mri-dataset/versions/2/Training/notumor/Tr-no_617.jpg,NORMAL,train
C:/Users/Ankit/.cache/kagglehub/datasets/masoudnickparvar/brain-tumor-mri-dataset/versions/2/Training/notumor/Tr-no_1292.jpg,NORMAL,train
C:/Users/Ankit/.cache/kagglehub/datasets/masoudnickparvar/brain-tumor-mri-dataset/versions/2/Training/notumor/Tr-no_30.jpg,NORMAL,train
C:/Users/Ankit/.cache/kagglehub/datasets/masoudnickparvar/brain-tumor-mri-dataset/versions/2/Training/notumor/Tr-no_783.jpg,NORMAL,train
C:/Users/Ankit/.cache/kagglehub/datasets/masoudnickparvar/brain-tumor-mri-dataset/versions/2/Testing/notumor/Te-no_311.jpg,NORMAL,train
C:/Users/Ankit/.cache/kagglehub/datasets/masoudnickparvar/brain-tumor-mri-dataset/versions/2/Training/notumor/Tr-no_323.jpg,NORMAL,train
C:/Users/Ankit/.cache/kagglehub/datasets/masoudnickparvar/brain-tumor-mri-dataset/versions/2/Training/notumor/Tr-no_307.jpg,NORMAL,train
C:/Users/Ankit/.cache/kagglehub/datasets/masoudnickparvar/brain-tumor-mri-dataset/versions/2/Training/notumor/Tr-no_471.jpg,NORMAL,train
C:/Users/Ankit/.cache/kagglehub/datasets/masoudnickparvar/brain-tumor-mri-dataset/versions/2/Training/notumor/Tr-no_689.jpg,NORMAL,train
C:/Users/Ankit/.cache/kagglehub/datasets/masoudnickparvar/brain-tumor-mri-dataset/versions/2/Training/notumor/Tr-no_943.jpg,NORMAL,train
C:/Users/Ankit/.cache/kagglehub/datasets/masoudnickparvar/brain-tumor-mri-dataset/versions/2/Training/notumor/Tr-no_702.jpg,NORMAL,train
C:/Users/Ankit/.cache/kagglehub/datasets/masoudnickparvar/brain-tumor-mri-dataset/versions/2/Training/notumor/Tr-no_1246.jpg,NORMAL,train
C:/Users/Ankit/.cache/kagglehub/datasets/masoudnickparvar/brain-tumor-mri-dataset/versions/2/Training/notumor/Tr-no_1249.jpg,NORMAL,train
C:/Users/Ankit/.cache/kagglehub/datasets/masoudnickparvar/brain-tumor-mri-dataset/versions/2/Training/notumor/Tr-no_1330.jpg,NORMAL,train
C:/Users/Ankit/.cache/kagglehub/datasets/masoudnickparvar/brain-tumor-mri-dataset/versions/2/Training/notumor/Tr-no_473.jpg,NORMAL,train
C:/Users/Ankit/.cache/kagglehub/datasets/masoudnickparvar/brain-tumor-mri-dataset/versions/2/Testing/notumor/Te-no_97.jpg,NORMAL,train
C:/Users/Ankit/.cache/kagglehub/datasets/masoudnickparvar/brain-tumor-mri-dataset/versions/2/Training/notumor/Tr-no_456.jpg,NORMAL,train
C:/Users/Ankit/.cache/kagglehub/datasets/masoudnickparvar/brain-tumor-mri-dataset/versions/2/Testing/notumor/Te-no_106.jpg,NORMAL,train
C:/Users/Ankit/.cache/kagglehub/datasets/masoudnickparvar/brain-tumor-mri-dataset/versions/2/Training/notumor/Tr-no_1241.jpg,NORMAL,train
C:/Users/Ankit/.cache/kagglehub/datasets/masoudnickparvar/brain-tumor-mri-dataset/versions/2/Training/notumor/Tr-no_41.jpg,NORMAL,train
C:/Users/Ankit/.cache/kagglehub/datasets/masoudnickparvar/brain-tumor-mri-dataset/versions/2/Testing/notumor/Te-no_148.jpg,NORMAL,train
C:/Users/Ankit/.cache/kagglehub/datasets/masoudnickparvar/brain-tumor-mri-dataset/versions/2/Testing/notumor/Te-no_349.jpg,NORMAL,train
C:/Users/Ankit/.cache/kagglehub/datasets/masoudnickparvar/brain-tumor-mri-dataset/versions/2/Training/notumor/Tr-no_1207.jpg,NORMAL,train
C:/Users/Ankit/.cache/kagglehub/datasets/masoudnickparvar/brain-tumor-mri-dataset/versions/2/Training/notumor/Tr-no_1280.jpg,NORMAL,train
C:/Users/Ankit/.cache/kagglehub/datasets/masoudnickparvar/brain-tumor-mri-dataset/versions/2/Training/notumor/Tr-no_936.jpg,NORMAL,train
C:/Users/Ankit/.cache/kagglehub/datasets/masoudnickparvar/brain-tumor-mri-dataset/versions/2/Testing/notumor/Te-no_360.jpg,NORMAL,train
C:/Users/Ankit/.cache/kagglehub/datasets/masoudnickparvar/brain-tumor-mri-dataset/versions/2/Testing/notumor/Te-no_154.jpg,NORMAL,train
C:/Users/Ankit/.cache/kagglehub/datasets/masoudnickparvar/brain-tumor-mri-dataset/versions/2/Testing/notumor/Te-no_256.jpg,NORMAL,train
C:/Users/Ankit/.cache/kagglehub/datasets/masoudnickparvar/brain-tumor-mri-dataset/versions/2/Testing/notumor/Te-no_334.jpg,NORMAL,train
C:/Users/Ankit/.cache/kagglehub/datasets/masoudnickparvar/brain-tumor-mri-dataset/versions/2/Testing/notumor/Te-no_139.jpg,NORMAL,train
C:/Users/Ankit/.cache/kagglehub/datasets/masoudnickparvar/brain-tumor-mri-dataset/versions/2/Training/notumor/Tr-no_383.jpg,NORMAL,train
C:/Users/Ankit/.cache/kagglehub/datasets/masoudnickparvar/brain-tumor-mri-dataset/versions/2/Training/notumor/Tr-no_125.jpg,NORMAL,train
C:/Users/Ankit/.cache/kagglehub/datasets/masoudnickparvar/brain-tumor-mri-dataset/versions/2/Training/notumor/Tr-no_257.jpg,NORMAL,train
C:/Users/Ankit/.cache/kagglehub/datasets/masoudnickparvar/brain-tumor-mri-dataset/versions/2/Training/notumor/Tr-no_966.jpg,NORMAL,train
C:/Users/Ankit/.cache/kagglehub/datasets/masoudnickparvar/brain-tumor-mri-dataset/versions/2/Training/notumor/Tr-no_427.jpg,NORMAL,train
C:/Users/Ankit/.cache/kagglehub/datasets/masoudnickparvar/brain-tumor-mri-dataset/versions/2/Training/notumor/Tr-no_1254.jpg,NORMAL,train
C:/Users/Ankit/.cache/kagglehub/datasets/masoudnickparvar/brain-tumor-mri-dataset/versions/2/Training/notumor/Tr-no_1282.jpg,NORMAL,train
C:/Users/Ankit/.cache/kagglehub/datasets/masoudnickparvar/brain-tumor-mri-dataset/versions/2/Training/notumor/Tr-no_84.jpg,NORMAL,train
C:/Users/Ankit/.cache/kagglehub/datasets/masoudnickparvar/brain-tumor-mri-dataset/versions/2/Training/notumor/Tr-no_331.jpg,NORMAL,train
C:/Users/Ankit/.cache/kagglehub/datasets/masoudnickparvar/brain-tumor-mri-dataset/versions/2/Training/notumor/Tr-no_706.jpg,NORMAL,train
C:/Users/Ankit/.cache/kagglehub/datasets/masoudnickparvar/brain-tumor-mri-dataset/versions/2/Training/notumor/Tr-no_1211.jpg,NORMAL,train
C:/Users/Ankit/.cache/kagglehub/datasets/masoudnickparvar/brain-tumor-mri-dataset/versions/2/Training/notumor/Tr-no_390.jpg,NORMAL,train
C:/Users/Ankit/.cache/kagglehub/datasets/masoudnickparvar/brain-tumor-mri-dataset/versions/2/Training/notumor/Tr-no_170.jpg,NORMAL,train
C:/Users/Ankit/.cache/kagglehub/datasets/masoudnickparvar/brain-tumor-mri-dataset/versions/2/Testing/notumor/Te-no_337.jpg,NORMAL,train
C:/Users/Ankit/.cache/kagglehub/datasets/masoudnickparvar/brain-tumor-mri-dataset/versions/2/Training/notumor/Tr-no_300.jpg,NORMAL,train
C:/Users/Ankit/.cache/kagglehub/datasets/masoudnickparvar/brain-tumor-mri-dataset/versions/2/Training/notumor/Tr-no_971.jpg,NORMAL,train
C:/Users/Ankit/.cache/kagglehub/datasets/masoudnickparvar/brain-tumor-mri-dataset/versions/2/Training/notumor/Tr-no_1141.jpg,NORMAL,train
C:/Users/Ankit/.cache/kagglehub/datasets/masoudnickparvar/brain-tumor-mri-dataset/versions/2/Testing/notumor/Te-no_287.jpg,NORMAL,train
C:/Users/Ankit/.cache/kagglehub/datasets/masoudnickparvar/brain-tumor-mri-dataset/versions/2/Training/notumor/Tr-no_752.jpg,NORMAL,train
C:/Users/Ankit/.cache/kagglehub/datasets/masoudnickparvar/brain-tumor-mri-dataset/versions/2/Training/notumor/Tr-no_880.jpg,NORMAL,train
C:/Users/Ankit/.cache/kagglehub/datasets/masoudnickparvar/brain-tumor-mri-dataset/versions/2/Training/notumor/Tr-no_750.jpg,NORMAL,train
C:/Users/Ankit/.cache/kagglehub/datasets/masoudnickparvar/brain-tumor-mri-dataset/versions/2/Testing/notumor/Te-no_292.jpg,NORMAL,train
C:/Users/Ankit/.cache/kagglehub/datasets/masoudnickparvar/brain-tumor-mri-dataset/versions/2/Testing/notumor/Te-no_44.jpg,NORMAL,train
C:/Users/Ankit/.cache/kagglehub/datasets/masoudnickparvar/brain-tumor-mri-dataset/versions/2/Testing/notumor/Te-no_12.jpg,NORMAL,train
C:/Users/Ankit/.cache/kagglehub/datasets/masoudnickparvar/brain-tumor-mri-dataset/versions/2/Training/notumor/Tr-no_696.jpg,NORMAL,train
C:/Users/Ankit/.cache/kagglehub/datasets/masoudnickparvar/brain-tumor-mri-dataset/versions/2/Training/notumor/Tr-no_1052.jpg,NORMAL,train
C:/Users/Ankit/.cache/kagglehub/datasets/masoudnickparvar/brain-tumor-mri-dataset/versions/2/Training/notumor/Tr-no_842.jpg,NORMAL,train
C:/Users/Ankit/.cache/kagglehub/datasets/masoudnickparvar/brain-tumor-mri-dataset/versions/2/Testing/notumor/Te-no_200.jpg,NORMAL,train
C:/Users/Ankit/.cache/kagglehub/datasets/masoudnickparvar/brain-tumor-mri-dataset/versions/2/Training/notumor/Tr-no_1278.jpg,NORMAL,train
C:/Users/Ankit/.cache/kagglehub/datasets/masoudnickparvar/brain-tumor-mri-dataset/versions/2/Testing/notumor/Te-no_55.jpg,NORMAL,train
C:/Users/Ankit/.cache/kagglehub/datasets/masoudnickparvar/brain-tumor-mri-dataset/versions/2/Training/notumor/Tr-no_528.jpg,NORMAL,train
C:/Users/Ankit/.cache/kagglehub/datasets/masoudnickparvar/brain-tumor-mri-dataset/versions/2/Testing/notumor/Te-no_364.jpg,NORMAL,train
C:/Users/Ankit/.cache/kagglehub/datasets/masoudnickparvar/brain-tumor-mri-dataset/versions/2/Training/notumor/Tr-no_215.jpg,NORMAL,train
C:/Users/Ankit/.cache/kagglehub/datasets/masoudnickparvar/brain-tumor-mri-dataset/versions/2/Training/notumor/Tr-no_121.jpg,NORMAL,train
C:/Users/Ankit/.cache/kagglehub/datasets/masoudnickparvar/brain-tumor-mri-dataset/versions/2/Training/notumor/Tr-no_148.jpg,NORMAL,train
C:/Users/Ankit/.cache/kagglehub/datasets/masoudnickparvar/brain-tumor-mri-dataset/versions/2/Training/notumor/Tr-no_202.jpg,NORMAL,train
C:/Users/Ankit/.cache/kagglehub/datasets/masoudnickparvar/brain-tumor-mri-dataset/versions/2/Training/notumor/Tr-no_132.jpg,NORMAL,train
C:/Users/Ankit/.cache/kagglehub/datasets/masoudnickparvar/brain-tumor-mri-dataset/versions/2/Training/notumor/Tr-no_960.jpg,NORMAL,train
C:/Users/Ankit/.cache/kagglehub/datasets/masoudnickparvar/brain-tumor-mri-dataset/versions/2/Training/notumor/Tr-no_168.jpg,NORMAL,train
C:/Users/Ankit/.cache/kagglehub/datasets/masoudnickparvar/brain-tumor-mri-dataset/versions/2/Training/notumor/Tr-no_57.jpg,NORMAL,train
C:/Users/Ankit/.cache/kagglehub/datasets/masoudnickparvar/brain-tumor-mri-dataset/versions/2/Training/notumor/Tr-no_1336.jpg,NORMAL,train
C:/Users/Ankit/.cache/kagglehub/datasets/masoudnickparvar/brain-tumor-mri-dataset/versions/2/Training/notumor/Tr-no_261.jpg,NORMAL,train
C:/Users/Ankit/.cache/kagglehub/datasets/masoudnickparvar/brain-tumor-mri-dataset/versions/2/Training/notumor/Tr-no_394.jpg,NORMAL,train
C:/Users/Ankit/.cache/kagglehub/datasets/masoudnickparvar/brain-tumor-mri-dataset/versions/2/Training/notumor/Tr-no_142.jpg,NORMAL,train
C:/Users/Ankit/.cache/kagglehub/datasets/masoudnickparvar/brain-tumor-mri-dataset/versions/2/Training/notumor/Tr-no_698.jpg,NORMAL,train
C:/Users/Ankit/.cache/kagglehub/datasets/masoudnickparvar/brain-tumor-mri-dataset/versions/2/Training/notumor/Tr-no_835.jpg,NORMAL,train
C:/Users/Ankit/.cache/kagglehub/datasets/masoudnickparvar/brain-tumor-mri-dataset/versions/2/Training/notumor/Tr-no_492.jpg,NORMAL,train
C:/Users/Ankit/.cache/kagglehub/datasets/masoudnickparvar/brain-tumor-mri-dataset/versions/2/Training/notumor/Tr-no_903.jpg,NORMAL,train
C:/Users/Ankit/.cache/kagglehub/datasets/masoudnickparvar/brain-tumor-mri-dataset/versions/2/Testing/notumor/Te-no_233.jpg,NORMAL,train
C:/Users/Ankit/.cache/kagglehub/datasets/masoudnickparvar/brain-tumor-mri-dataset/versions/2/Training/notumor/Tr-no_478.jpg,NORMAL,train
C:/Users/Ankit/.cache/kagglehub/datasets/masoudnickparvar/brain-tumor-mri-dataset/versions/2/Training/notumor/Tr-no_369.jpg,NORMAL,train
C:/Users/Ankit/.cache/kagglehub/datasets/masoudnickparvar/brain-tumor-mri-dataset/versions/2/Training/notumor/Tr-no_313.jpg,NORMAL,train
C:/Users/Ankit/.cache/kagglehub/datasets/masoudnickparvar/brain-tumor-mri-dataset/versions/2/Training/notumor/Tr-no_1206.jpg,NORMAL,train
C:/Users/Ankit/.cache/kagglehub/datasets/masoudnickparvar/brain-tumor-mri-dataset/versions/2/Training/notumor/Tr-no_843.jpg,NORMAL,train
C:/Users/Ankit/.cache/kagglehub/datasets/masoudnickparvar/brain-tumor-mri-dataset/versions/2/Testing/notumor/Te-no_255.jpg,NORMAL,train
C:/Users/Ankit/.cache/kagglehub/datasets/masoudnickparvar/brain-tumor-mri-dataset/versions/2/Training/notumor/Tr-no_640.jpg,NORMAL,train
C:/Users/Ankit/.cache/kagglehub/datasets/masoudnickparvar/brain-tumor-mri-dataset/versions/2/Training/notumor/Tr-no_50.jpg,NORMAL,train
C:/Users/Ankit/.cache/kagglehub/datasets/masoudnickparvar/brain-tumor-mri-dataset/versions/2/Training/notumor/Tr-no_73.jpg,NORMAL,train
C:/Users/Ankit/.cache/kagglehub/datasets/masoudnickparvar/brain-tumor-mri-dataset/versions/2/Training/notumor/Tr-no_1242.jpg,NORMAL,train
C:/Users/Ankit/.cache/kagglehub/datasets/masoudnickparvar/brain-tumor-mri-dataset/versions/2/Training/notumor/Tr-no_1186.jpg,NORMAL,train
C:/Users/Ankit/.cache/kagglehub/datasets/masoudnickparvar/brain-tumor-mri-dataset/versions/2/Testing/notumor/Te-no_56.jpg,NORMAL,train
C:/Users/Ankit/.cache/kagglehub/datasets/masoudnickparvar/brain-tumor-mri-dataset/versions/2/Training/notumor/Tr-no_527.jpg,NORMAL,train
C:/Users/Ankit/.cache/kagglehub/datasets/masoudnickparvar/brain-tumor-mri-dataset/versions/2/Training/notumor/Tr-no_598.jpg,NORMAL,train
C:/Users/Ankit/.cache/kagglehub/datasets/masoudnickparvar/brain-tumor-mri-dataset/versions/2/Training/notumor/Tr-no_561.jpg,NORMAL,train
C:/Users/Ankit/.cache/kagglehub/datasets/masoudnickparvar/brain-tumor-mri-dataset/versions/2/Training/notumor/Tr-no_753.jpg,NORMAL,train
C:/Users/Ankit/.cache/kagglehub/datasets/masoudnickparvar/brain-tumor-mri-dataset/versions/2/Training/notumor/Tr-no_1028.jpg,NORMAL,train
C:/Users/Ankit/.cache/kagglehub/datasets/masoudnickparvar/brain-tumor-mri-dataset/versions/2/Training/notumor/Tr-no_776.jpg,NORMAL,train
C:/Users/Ankit/.cache/kagglehub/datasets/masoudnickparvar/brain-tumor-mri-dataset/versions/2/Training/notumor/Tr-no_1257.jpg,NORMAL,train
C:/Users/Ankit/.cache/kagglehub/datasets/masoudnickparvar/brain-tumor-mri-dataset/versions/2/Testing/notumor/Te-no_202.jpg,NORMAL,train
C:/Users/Ankit/.cache/kagglehub/datasets/masoudnickparvar/brain-tumor-mri-dataset/versions/2/Testing/notumor/Te-no_181.jpg,NORMAL,train
C:/Users/Ankit/.cache/kagglehub/datasets/masoudnickparvar/brain-tumor-mri-dataset/versions/2/Training/notumor/Tr-no_399.jpg,NORMAL,train
C:/Users/Ankit/.cache/kagglehub/datasets/masoudnickparvar/brain-tumor-mri-dataset/versions/2/Training/notumor/Tr-no_127.jpg,NORMAL,train
C:/Users/Ankit/.cache/kagglehub/datasets/masoudnickparvar/brain-tumor-mri-dataset/versions/2/Training/notumor/Tr-no_767.jpg,NORMAL,train
C:/Users/Ankit/.cache/kagglehub/datasets/masoudnickparvar/brain-tumor-mri-dataset/versions/2/Training/notumor/Tr-no_1034.jpg,NORMAL,train
C:/Users/Ankit/.cache/kagglehub/datasets/masoudnickparvar/brain-tumor-mri-dataset/versions/2/Training/notumor/Tr-no_35.jpg,NORMAL,train
C:/Users/Ankit/.cache/kagglehub/datasets/masoudnickparvar/brain-tumor-mri-dataset/versions/2/Testing/notumor/Te-no_344.jpg,NORMAL,train
C:/Users/Ankit/.cache/kagglehub/datasets/masoudnickparvar/brain-tumor-mri-dataset/versions/2/Training/notumor/Tr-no_878.jpg,NORMAL,train
C:/Users/Ankit/.cache/kagglehub/datasets/masoudnickparvar/brain-tumor-mri-dataset/versions/2/Training/notumor/Tr-no_656.jpg,NORMAL,train
C:/Users/Ankit/.cache/kagglehub/datasets/masoudnickparvar/brain-tumor-mri-dataset/versions/2/Testing/notumor/Te-no_326.jpg,NORMAL,train
C:/Users/Ankit/.cache/kagglehub/datasets/masoudnickparvar/brain-tumor-mri-dataset/versions/2/Training/notumor/Tr-no_94.jpg,NORMAL,train
C:/Users/Ankit/.cache/kagglehub/datasets/masoudnickparvar/brain-tumor-mri-dataset/versions/2/Training/notumor/Tr-no_1316.jpg,NORMAL,train
C:/Users/Ankit/.cache/kagglehub/datasets/masoudnickparvar/brain-tumor-mri-dataset/versions/2/Training/notumor/Tr-no_549.jpg,NORMAL,train
C:/Users/Ankit/.cache/kagglehub/datasets/masoudnickparvar/brain-tumor-mri-dataset/versions/2/Training/notumor/Tr-no_1155.jpg,NORMAL,train
C:/Users/Ankit/.cache/kagglehub/datasets/masoudnickparvar/brain-tumor-mri-dataset/versions/2/Testing/notumor/Te-no_28.jpg,NORMAL,train
C:/Users/Ankit/.cache/kagglehub/datasets/masoudnickparvar/brain-tumor-mri-dataset/versions/2/Training/notumor/Tr-no_173.jpg,NORMAL,train
C:/Users/Ankit/.cache/kagglehub/datasets/masoudnickparvar/brain-tumor-mri-dataset/versions/2/Training/notumor/Tr-no_1239.jpg,NORMAL,train
C:/Users/Ankit/.cache/kagglehub/datasets/masoudnickparvar/brain-tumor-mri-dataset/versions/2/Training/notumor/Tr-no_1001.jpg,NORMAL,train
C:/Users/Ankit/.cache/kagglehub/datasets/masoudnickparvar/brain-tumor-mri-dataset/versions/2/Training/notumor/Tr-no_24.jpg,NORMAL,train
C:/Users/Ankit/.cache/kagglehub/datasets/masoudnickparvar/brain-tumor-mri-dataset/versions/2/Training/notumor/Tr-no_351.jpg,NORMAL,train
C:/Users/Ankit/.cache/kagglehub/datasets/masoudnickparvar/brain-tumor-mri-dataset/versions/2/Training/notumor/Tr-no_704.jpg,NORMAL,train
C:/Users/Ankit/.cache/kagglehub/datasets/masoudnickparvar/brain-tumor-mri-dataset/versions/2/Training/notumor/Tr-no_302.jpg,NORMAL,train
C:/Users/Ankit/.cache/kagglehub/datasets/masoudnickparvar/brain-tumor-mri-dataset/versions/2/Training/notumor/Tr-no_287.jpg,NORMAL,train
C:/Users/Ankit/.cache/kagglehub/datasets/masoudnickparvar/brain-tumor-mri-dataset/versions/2/Training/notumor/Tr-no_639.jpg,NORMAL,train
C:/Users/Ankit/.cache/kagglehub/datasets/masoudnickparvar/brain-tumor-mri-dataset/versions/2/Testing/notumor/Te-no_219.jpg,NORMAL,train
C:/Users/Ankit/.cache/kagglehub/datasets/masoudnickparvar/brain-tumor-mri-dataset/versions/2/Training/notumor/Tr-no_829.jpg,NORMAL,train
C:/Users/Ankit/.cache/kagglehub/datasets/masoudnickparvar/brain-tumor-mri-dataset/versions/2/Training/notumor/Tr-no_1351.jpg,NORMAL,train
C:/Users/Ankit/.cache/kagglehub/datasets/masoudnickparvar/brain-tumor-mri-dataset/versions/2/Training/notumor/Tr-no_909.jpg,NORMAL,train
C:/Users/Ankit/.cache/kagglehub/datasets/masoudnickparvar/brain-tumor-mri-dataset/versions/2/Training/notumor/Tr-no_953.jpg,NORMAL,train
C:/Users/Ankit/.cache/kagglehub/datasets/masoudnickparvar/brain-tumor-mri-dataset/versions/2/Training/notumor/Tr-no_17.jpg,NORMAL,train
C:/Users/Ankit/.cache/kagglehub/datasets/masoudnickparvar/brain-tumor-mri-dataset/versions/2/Testing/notumor/Te-no_178.jpg,NORMAL,train
C:/Users/Ankit/.cache/kagglehub/datasets/masoudnickparvar/brain-tumor-mri-dataset/versions/2/Training/notumor/Tr-no_578.jpg,NORMAL,train
C:/Users/Ankit/.cache/kagglehub/datasets/masoudnickparvar/brain-tumor-mri-dataset/versions/2/Training/notumor/Tr-no_780.jpg,NORMAL,train
C:/Users/Ankit/.cache/kagglehub/datasets/masoudnickparvar/brain-tumor-mri-dataset/versions/2/Training/notumor/Tr-no_1143.jpg,NORMAL,train
C:/Users/Ankit/.cache/kagglehub/datasets/masoudnickparvar/brain-tumor-mri-dataset/versions/2/Testing/notumor/Te-no_144.jpg,NORMAL,train
C:/Users/Ankit/.cache/kagglehub/datasets/masoudnickparvar/brain-tumor-mri-dataset/versions/2/Training/notumor/Tr-no_1325.jpg,NORMAL,train
C:/Users/Ankit/.cache/kagglehub/datasets/masoudnickparvar/brain-tumor-mri-dataset/versions/2/Training/notumor/Tr-no_760.jpg,NORMAL,train
C:/Users/Ankit/.cache/kagglehub/datasets/masoudnickparvar/brain-tumor-mri-dataset/versions/2/Training/notumor/Tr-no_1077.jpg,NORMAL,train
C:/Users/Ankit/.cache/kagglehub/datasets/masoudnickparvar/brain-tumor-mri-dataset/versions/2/Testing/notumor/Te-no_175.jpg,NORMAL,train
C:/Users/Ankit/.cache/kagglehub/datasets/masoudnickparvar/brain-tumor-mri-dataset/versions/2/Testing/notumor/Te-no_49.jpg,NORMAL,train
C:/Users/Ankit/.cache/kagglehub/datasets/masoudnickparvar/brain-tumor-mri-dataset/versions/2/Testing/notumor/Te-no_220.jpg,NORMAL,train
C:/Users/Ankit/.cache/kagglehub/datasets/masoudnickparvar/brain-tumor-mri-dataset/versions/2/Testing/notumor/Te-no_235.jpg,NORMAL,train
C:/Users/Ankit/.cache/kagglehub/datasets/masoudnickparvar/brain-tumor-mri-dataset/versions/2/Training/notumor/Tr-no_1000.jpg,NORMAL,train
C:/Users/Ankit/.cache/kagglehub/datasets/masoudnickparvar/brain-tumor-mri-dataset/versions/2/Training/notumor/Tr-no_1363.jpg,NORMAL,train
C:/Users/Ankit/.cache/kagglehub/datasets/masoudnickparvar/brain-tumor-mri-dataset/versions/2/Training/notumor/Tr-no_82.jpg,NORMAL,train
C:/Users/Ankit/.cache/kagglehub/datasets/masoudnickparvar/brain-tumor-mri-dataset/versions/2/Training/notumor/Tr-no_883.jpg,NORMAL,train
C:/Users/Ankit/.cache/kagglehub/datasets/masoudnickparvar/brain-tumor-mri-dataset/versions/2/Training/notumor/Tr-no_282.jpg,NORMAL,train
C:/Users/Ankit/.cache/kagglehub/datasets/masoudnickparvar/brain-tumor-mri-dataset/versions/2/Testing/notumor/Te-no_182.jpg,NORMAL,train
C:/Users/Ankit/.cache/kagglehub/datasets/masoudnickparvar/brain-tumor-mri-dataset/versions/2/Training/notumor/Tr-no_1102.jpg,NORMAL,train
C:/Users/Ankit/.cache/kagglehub/datasets/masoudnickparvar/brain-tumor-mri-dataset/versions/2/Training/notumor/Tr-no_1169.jpg,NORMAL,train
C:/Users/Ankit/.cache/kagglehub/datasets/masoudnickparvar/brain-tumor-mri-dataset/versions/2/Training/notumor/Tr-no_957.jpg,NORMAL,train
C:/Users/Ankit/.cache/kagglehub/datasets/masoudnickparvar/brain-tumor-mri-dataset/versions/2/Training/notumor/Tr-no_1331.jpg,NORMAL,train
C:/Users/Ankit/.cache/kagglehub/datasets/masoudnickparvar/brain-tumor-mri-dataset/versions/2/Training/notumor/Tr-no_1049.jpg,NORMAL,train
C:/Users/Ankit/.cache/kagglehub/datasets/masoudnickparvar/brain-tumor-mri-dataset/versions/2/Training/notumor/Tr-no_100.jpg,NORMAL,train
C:/Users/Ankit/.cache/kagglehub/datasets/masoudnickparvar/brain-tumor-mri-dataset/versions/2/Training/notumor/Tr-no_548.jpg,NORMAL,train
C:/Users/Ankit/.cache/kagglehub/datasets/masoudnickparvar/brain-tumor-mri-dataset/versions/2/Training/notumor/Tr-no_1259.jpg,NORMAL,train
C:/Users/Ankit/.cache/kagglehub/datasets/masoudnickparvar/brain-tumor-mri-dataset/versions/2/Testing/notumor/Te-no_145.jpg,NORMAL,train
C:/Users/Ankit/.cache/kagglehub/datasets/masoudnickparvar/brain-tumor-mri-dataset/versions/2/Testing/notumor/Te-no_24.jpg,NORMAL,train
C:/Users/Ankit/.cache/kagglehub/datasets/masoudnickparvar/brain-tumor-mri-dataset/versions/2/Training/notumor/Tr-no_556.jpg,NORMAL,train
C:/Users/Ankit/.cache/kagglehub/datasets/masoudnickparvar/brain-tumor-mri-dataset/versions/2/Training/notumor/Tr-no_1281.jpg,NORMAL,train
C:/Users/Ankit/.cache/kagglehub/datasets/masoudnickparvar/brain-tumor-mri-dataset/versions/2/Training/notumor/Tr-no_1100.jpg,NORMAL,train
C:/Users/Ankit/.cache/kagglehub/datasets/masoudnickparvar/brain-tumor-mri-dataset/versions/2/Training/notumor/Tr-no_52.jpg,NORMAL,train
C:/Users/Ankit/.cache/kagglehub/datasets/masoudnickparvar/brain-tumor-mri-dataset/versions/2/Testing/notumor/Te-no_237.jpg,NORMAL,train
C:/Users/Ankit/.cache/kagglehub/datasets/masoudnickparvar/brain-tumor-mri-dataset/versions/2/Training/notumor/Tr-no_1159.jpg,NORMAL,train
C:/Users/Ankit/.cache/kagglehub/datasets/masoudnickparvar/brain-tumor-mri-dataset/versions/2/Training/notumor/Tr-no_697.jpg,NORMAL,train
C:/Users/Ankit/.cache/kagglehub/datasets/masoudnickparvar/brain-tumor-mri-dataset/versions/2/Testing/notumor/Te-no_393.jpg,NORMAL,train
C:/Users/Ankit/.cache/kagglehub/datasets/masoudnickparvar/brain-tumor-mri-dataset/versions/2/Testing/notumor/Te-no_137.jpg,NORMAL,train
C:/Users/Ankit/.cache/kagglehub/datasets/masoudnickparvar/brain-tumor-mri-dataset/versions/2/Training/notumor/Tr-no_1120.jpg,NORMAL,train
C:/Users/Ankit/.cache/kagglehub/datasets/masoudnickparvar/brain-tumor-mri-dataset/versions/2/Testing/notumor/Te-no_380.jpg,NORMAL,train
C:/Users/Ankit/.cache/kagglehub/datasets/masoudnickparvar/brain-tumor-mri-dataset/versions/2/Testing/notumor/Te-no_149.jpg,NORMAL,train
C:/Users/Ankit/.cache/kagglehub/datasets/masoudnickparvar/brain-tumor-mri-dataset/versions/2/Testing/notumor/Te-no_91.jpg,NORMAL,train
C:/Users/Ankit/.cache/kagglehub/datasets/masoudnickparvar/brain-tumor-mri-dataset/versions/2/Training/notumor/Tr-no_1220.jpg,NORMAL,train
C:/Users/Ankit/.cache/kagglehub/datasets/masoudnickparvar/brain-tumor-mri-dataset/versions/2/Training/notumor/Tr-no_45.jpg,NORMAL,train
C:/Users/Ankit/.cache/kagglehub/datasets/masoudnickparvar/brain-tumor-mri-dataset/versions/2/Training/notumor/Tr-no_1222.jpg,NORMAL,train
C:/Users/Ankit/.cache/kagglehub/datasets/masoudnickparvar/brain-tumor-mri-dataset/versions/2/Training/notumor/Tr-no_993.jpg,NORMAL,train
C:/Users/Ankit/.cache/kagglehub/datasets/masoudnickparvar/brain-tumor-mri-dataset/versions/2/Training/notumor/Tr-no_1193.jpg,NORMAL,train
C:/Users/Ankit/.cache/kagglehub/datasets/masoudnickparvar/brain-tumor-mri-dataset/versions/2/Training/notumor/Tr-no_160.jpg,NORMAL,train
C:/Users/Ankit/.cache/kagglehub/datasets/masoudnickparvar/brain-tumor-mri-dataset/versions/2/Training/notumor/Tr-no_124.jpg,NORMAL,train
C:/Users/Ankit/.cache/kagglehub/datasets/masoudnickparvar/brain-tumor-mri-dataset/versions/2/Training/notumor/Tr-no_526.jpg,NORMAL,train
C:/Users/Ankit/.cache/kagglehub/datasets/masoudnickparvar/brain-tumor-mri-dataset/versions/2/Testing/notumor/Te-no_308.jpg,NORMAL,train
C:/Users/Ankit/.cache/kagglehub/datasets/masoudnickparvar/brain-tumor-mri-dataset/versions/2/Training/notumor/Tr-no_865.jpg,NORMAL,train
C:/Users/Ankit/.cache/kagglehub/datasets/masoudnickparvar/brain-tumor-mri-dataset/versions/2/Training/notumor/Tr-no_558.jpg,NORMAL,train
C:/Users/Ankit/.cache/kagglehub/datasets/masoudnickparvar/brain-tumor-mri-dataset/versions/2/Testing/notumor/Te-no_21.jpg,NORMAL,train
C:/Users/Ankit/.cache/kagglehub/datasets/masoudnickparvar/brain-tumor-mri-dataset/versions/2/Training/notumor/Tr-no_178.jpg,NORMAL,train
C:/Users/Ankit/.cache/kagglehub/datasets/masoudnickparvar/brain-tumor-mri-dataset/versions/2/Training/notumor/Tr-no_451.jpg,NORMAL,train
C:/Users/Ankit/.cache/kagglehub/datasets/masoudnickparvar/brain-tumor-mri-dataset/versions/2/Training/notumor/Tr-no_480.jpg,NORMAL,train
C:/Users/Ankit/.cache/kagglehub/datasets/masoudnickparvar/brain-tumor-mri-dataset/versions/2/Training/notumor/Tr-no_996.jpg,NORMAL,train
C:/Users/Ankit/.cache/kagglehub/datasets/masoudnickparvar/brain-tumor-mri-dataset/versions/2/Training/notumor/Tr-no_189.jpg,NORMAL,train
C:/Users/Ankit/.cache/kagglehub/datasets/masoudnickparvar/brain-tumor-mri-dataset/versions/2/Testing/notumor/Te-no_6.jpg,NORMAL,train
C:/Users/Ankit/.cache/kagglehub/datasets/masoudnickparvar/brain-tumor-mri-dataset/versions/2/Training/notumor/Tr-no_628.jpg,NORMAL,train
C:/Users/Ankit/.cache/kagglehub/datasets/masoudnickparvar/brain-tumor-mri-dataset/versions/2/Training/notumor/Tr-no_325.jpg,NORMAL,train
C:/Users/Ankit/.cache/kagglehub/datasets/masoudnickparvar/brain-tumor-mri-dataset/versions/2/Testing/notumor/Te-no_150.jpg,NORMAL,train
C:/Users/Ankit/.cache/kagglehub/datasets/masoudnickparvar/brain-tumor-mri-dataset/versions/2/Training/notumor/Tr-no_519.jpg,NORMAL,train
C:/Users/Ankit/.cache/kagglehub/datasets/masoudnickparvar/brain-tumor-mri-dataset/versions/2/Training/notumor/Tr-no_793.jpg,NORMAL,train
C:/Users/Ankit/.cache/kagglehub/datasets/masoudnickparvar/brain-tumor-mri-dataset/versions/2/Testing/notumor/Te-no_90.jpg,NORMAL,train
C:/Users/Ankit/.cache/kagglehub/datasets/masoudnickparvar/brain-tumor-mri-dataset/versions/2/Training/notumor/Tr-no_235.jpg,NORMAL,train
C:/Users/Ankit/.cache/kagglehub/datasets/masoudnickparvar/brain-tumor-mri-dataset/versions/2/Training/notumor/Tr-no_847.jpg,NORMAL,train
C:/Users/Ankit/.cache/kagglehub/datasets/masoudnickparvar/brain-tumor-mri-dataset/versions/2/Training/notumor/Tr-no_967.jpg,NORMAL,train
C:/Users/Ankit/.cache/kagglehub/datasets/masoudnickparvar/brain-tumor-mri-dataset/versions/2/Training/notumor/Tr-no_299.jpg,NORMAL,train
C:/Users/Ankit/.cache/kagglehub/datasets/masoudnickparvar/brain-tumor-mri-dataset/versions/2/Training/notumor/Tr-no_252.jpg,NORMAL,train
C:/Users/Ankit/.cache/kagglehub/datasets/masoudnickparvar/brain-tumor-mri-dataset/versions/2/Training/notumor/Tr-no_123.jpg,NORMAL,train
C:/Users/Ankit/.cache/kagglehub/datasets/masoudnickparvar/brain-tumor-mri-dataset/versions/2/Training/notumor/Tr-no_1187.jpg,NORMAL,train
C:/Users/Ankit/.cache/kagglehub/datasets/masoudnickparvar/brain-tumor-mri-dataset/versions/2/Training/notumor/Tr-no_898.jpg,NORMAL,train
C:/Users/Ankit/.cache/kagglehub/datasets/masoudnickparvar/brain-tumor-mri-dataset/versions/2/Training/notumor/Tr-no_93.jpg,NORMAL,train
C:/Users/Ankit/.cache/kagglehub/datasets/masoudnickparvar/brain-tumor-mri-dataset/versions/2/Training/notumor/Tr-no_493.jpg,NORMAL,train
C:/Users/Ankit/.cache/kagglehub/datasets/masoudnickparvar/brain-tumor-mri-dataset/versions/2/Training/notumor/Tr-no_117.jpg,NORMAL,train
C:/Users/Ankit/.cache/kagglehub/datasets/masoudnickparvar/brain-tumor-mri-dataset/versions/2/Training/notumor/Tr-no_655.jpg,NORMAL,train
C:/Users/Ankit/.cache/kagglehub/datasets/masoudnickparvar/brain-tumor-mri-dataset/versions/2/Training/notumor/Tr-no_680.jpg,NORMAL,train
C:/Users/Ankit/.cache/kagglehub/datasets/masoudnickparvar/brain-tumor-mri-dataset/versions/2/Training/notumor/Tr-no_385.jpg,NORMAL,train
C:/Users/Ankit/.cache/kagglehub/datasets/masoudnickparvar/brain-tumor-mri-dataset/versions/2/Training/notumor/Tr-no_629.jpg,NORMAL,train
C:/Users/Ankit/.cache/kagglehub/datasets/masoudnickparvar/brain-tumor-mri-dataset/versions/2/Training/notumor/Tr-no_1088.jpg,NORMAL,train
C:/Users/Ankit/.cache/kagglehub/datasets/masoudnickparvar/brain-tumor-mri-dataset/versions/2/Training/notumor/Tr-no_872.jpg,NORMAL,train
C:/Users/Ankit/.cache/kagglehub/datasets/masoudnickparvar/brain-tumor-mri-dataset/versions/2/Training/notumor/Tr-no_1083.jpg,NORMAL,train
C:/Users/Ankit/.cache/kagglehub/datasets/masoudnickparvar/brain-tumor-mri-dataset/versions/2/Training/notumor/Tr-no_1369.jpg,NORMAL,train
C:/Users/Ankit/.cache/kagglehub/datasets/masoudnickparvar/brain-tumor-mri-dataset/versions/2/Testing/notumor/Te-no_399.jpg,NORMAL,train
C:/Users/Ankit/.cache/kagglehub/datasets/masoudnickparvar/brain-tumor-mri-dataset/versions/2/Training/notumor/Tr-no_723.jpg,NORMAL,train
C:/Users/Ankit/.cache/kagglehub/datasets/masoudnickparvar/brain-tumor-mri-dataset/versions/2/Testing/notumor/Te-no_170.jpg,NORMAL,train
C:/Users/Ankit/.cache/kagglehub/datasets/masoudnickparvar/brain-tumor-mri-dataset/versions/2/Training/notumor/Tr-no_381.jpg,NORMAL,train
C:/Users/Ankit/.cache/kagglehub/datasets/masoudnickparvar/brain-tumor-mri-dataset/versions/2/Testing/notumor/Te-no_3.jpg,NORMAL,train
C:/Users/Ankit/.cache/kagglehub/datasets/masoudnickparvar/brain-tumor-mri-dataset/versions/2/Training/notumor/Tr-no_318.jpg,NORMAL,train
C:/Users/Ankit/.cache/kagglehub/datasets/masoudnickparvar/brain-tumor-mri-dataset/versions/2/Training/notumor/Tr-no_981.jpg,NORMAL,train
C:/Users/Ankit/.cache/kagglehub/datasets/masoudnickparvar/brain-tumor-mri-dataset/versions/2/Training/notumor/Tr-no_1006.jpg,NORMAL,train
C:/Users/Ankit/.cache/kagglehub/datasets/masoudnickparvar/brain-tumor-mri-dataset/versions/2/Training/notumor/Tr-no_269.jpg,NORMAL,train
C:/Users/Ankit/.cache/kagglehub/datasets/masoudnickparvar/brain-tumor-mri-dataset/versions/2/Testing/notumor/Te-no_184.jpg,NORMAL,train
C:/Users/Ankit/.cache/kagglehub/datasets/masoudnickparvar/brain-tumor-mri-dataset/versions/2/Training/notumor/Tr-no_785.jpg,NORMAL,train
C:/Users/Ankit/.cache/kagglehub/datasets/masoudnickparvar/brain-tumor-mri-dataset/versions/2/Training/notumor/Tr-no_866.jpg,NORMAL,train
C:/Users/Ankit/.cache/kagglehub/datasets/masoudnickparvar/brain-tumor-mri-dataset/versions/2/Training/notumor/Tr-no_748.jpg,NORMAL,train
C:/Users/Ankit/.cache/kagglehub/datasets/masoudnickparvar/brain-tumor-mri-dataset/versions/2/Training/notumor/Tr-no_870.jpg,NORMAL,train
C:/Users/Ankit/.cache/kagglehub/datasets/masoudnickparvar/brain-tumor-mri-dataset/versions/2/Testing/notumor/Te-no_329.jpg,NORMAL,train
C:/Users/Ankit/.cache/kagglehub/datasets/masoudnickparvar/brain-tumor-mri-dataset/versions/2/Training/notumor/Tr-no_739.jpg,NORMAL,train
C:/Users/Ankit/.cache/kagglehub/datasets/masoudnickparvar/brain-tumor-mri-dataset/versions/2/Training/notumor/Tr-no_198.jpg,NORMAL,train
C:/Users/Ankit/.cache/kagglehub/datasets/masoudnickparvar/brain-tumor-mri-dataset/versions/2/Testing/notumor/Te-no_77.jpg,NORMAL,train
C:/Users/Ankit/.cache/kagglehub/datasets/masoudnickparvar/brain-tumor-mri-dataset/versions/2/Testing/notumor/Te-no_343.jpg,NORMAL,train
C:/Users/Ankit/.cache/kagglehub/datasets/masoudnickparvar/brain-tumor-mri-dataset/versions/2/Training/notumor/Tr-no_388.jpg,NORMAL,train
C:/Users/Ankit/.cache/kagglehub/datasets/masoudnickparvar/brain-tumor-mri-dataset/versions/2/Training/notumor/Tr-no_899.jpg,NORMAL,train
C:/Users/Ankit/.cache/kagglehub/datasets/masoudnickparvar/brain-tumor-mri-dataset/versions/2/Testing/notumor/Te-no_67.jpg,NORMAL,train
C:/Users/Ankit/.cache/kagglehub/datasets/masoudnickparvar/brain-tumor-mri-dataset/versions/2/Training/notumor/Tr-no_1062.jpg,NORMAL,train
C:/Users/Ankit/.cache/kagglehub/datasets/masoudnickparvar/brain-tumor-mri-dataset/versions/2/Training/notumor/Tr-no_762.jpg,NORMAL,train
C:/Users/Ankit/.cache/kagglehub/datasets/masoudnickparvar/brain-tumor-mri-dataset/versions/2/Testing/notumor/Te-no_186.jpg,NORMAL,train
C:/Users/Ankit/.cache/kagglehub/datasets/masoudnickparvar/brain-tumor-mri-dataset/versions/2/Testing/notumor/Te-no_241.jpg,NORMAL,train
C:/Users/Ankit/.cache/kagglehub/datasets/masoudnickparvar/brain-tumor-mri-dataset/versions/2/Training/notumor/Tr-no_889.jpg,NORMAL,train
C:/Users/Ankit/.cache/kagglehub/datasets/masoudnickparvar/brain-tumor-mri-dataset/versions/2/Training/notumor/Tr-no_231.jpg,NORMAL,train
C:/Users/Ankit/.cache/kagglehub/datasets/masoudnickparvar/brain-tumor-mri-dataset/versions/2/Training/notumor/Tr-no_1164.jpg,NORMAL,train
C:/Users/Ankit/.cache/kagglehub/datasets/masoudnickparvar/brain-tumor-mri-dataset/versions/2/Training/notumor/Tr-no_1150.jpg,NORMAL,train
C:/Users/Ankit/.cache/kagglehub/datasets/masoudnickparvar/brain-tumor-mri-dataset/versions/2/Training/notumor/Tr-no_1109.jpg,NORMAL,train
C:/Users/Ankit/.cache/kagglehub/datasets/masoudnickparvar/brain-tumor-mri-dataset/versions/2/Training/notumor/Tr-no_851.jpg,NORMAL,train
C:/Users/Ankit/.cache/kagglehub/datasets/masoudnickparvar/brain-tumor-mri-dataset/versions/2/Training/notumor/Tr-no_225.jpg,NORMAL,train
C:/Users/Ankit/.cache/kagglehub/datasets/masoudnickparvar/brain-tumor-mri-dataset/versions/2/Training/notumor/Tr-no_944.jpg,NORMAL,train
C:/Users/Ankit/.cache/kagglehub/datasets/masoudnickparvar/brain-tumor-mri-dataset/versions/2/Training/notumor/Tr-no_1397.jpg,NORMAL,train
C:/Users/Ankit/.cache/kagglehub/datasets/masoudnickparvar/brain-tumor-mri-dataset/versions/2/Training/notumor/Tr-no_1274.jpg,NORMAL,train
C:/Users/Ankit/.cache/kagglehub/datasets/masoudnickparvar/brain-tumor-mri-dataset/versions/2/Training/notumor/Tr-no_716.jpg,NORMAL,train
C:/Users/Ankit/.cache/kagglehub/datasets/masoudnickparvar/brain-tumor-mri-dataset/versions/2/Training/notumor/Tr-no_1396.jpg,NORMAL,train
C:/Users/Ankit/.cache/kagglehub/datasets/masoudnickparvar/brain-tumor-mri-dataset/versions/2/Training/notumor/Tr-no_135.jpg,NORMAL,train
C:/Users/Ankit/.cache/kagglehub/datasets/masoudnickparvar/brain-tumor-mri-dataset/versions/2/Testing/notumor/Te-no_119.jpg,NORMAL,train
C:/Users/Ankit/.cache/kagglehub/datasets/masoudnickparvar/brain-tumor-mri-dataset/versions/2/Training/notumor/Tr-no_420.jpg,NORMAL,train
C:/Users/Ankit/.cache/kagglehub/datasets/masoudnickparvar/brain-tumor-mri-dataset/versions/2/Training/notumor/Tr-no_167.jpg,NORMAL,train
C:/Users/Ankit/.cache/kagglehub/datasets/masoudnickparvar/brain-tumor-mri-dataset/versions/2/Training/notumor/Tr-no_354.jpg,NORMAL,train
C:/Users/Ankit/.cache/kagglehub/datasets/masoudnickparvar/brain-tumor-mri-dataset/versions/2/Testing/notumor/Te-no_303.jpg,NORMAL,train
C:/Users/Ankit/.cache/kagglehub/datasets/masoudnickparvar/brain-tumor-mri-dataset/versions/2/Testing/notumor/Te-no_376.jpg,NORMAL,train
C:/Users/Ankit/.cache/kagglehub/datasets/masoudnickparvar/brain-tumor-mri-dataset/versions/2/Testing/notumor/Te-no_104.jpg,NORMAL,train
C:/Users/Ankit/.cache/kagglehub/datasets/masoudnickparvar/brain-tumor-mri-dataset/versions/2/Testing/notumor/Te-no_378.jpg,NORMAL,train
C:/Users/Ankit/.cache/kagglehub/datasets/masoudnickparvar/brain-tumor-mri-dataset/versions/2/Training/notumor/Tr-no_616.jpg,NORMAL,train
C:/Users/Ankit/.cache/kagglehub/datasets/masoudnickparvar/brain-tumor-mri-dataset/versions/2/Training/notumor/Tr-no_813.jpg,NORMAL,train
C:/Users/Ankit/.cache/kagglehub/datasets/masoudnickparvar/brain-tumor-mri-dataset/versions/2/Training/notumor/Tr-no_1115.jpg,NORMAL,train
C:/Users/Ankit/.cache/kagglehub/datasets/masoudnickparvar/brain-tumor-mri-dataset/versions/2/Training/notumor/Tr-no_486.jpg,NORMAL,train
C:/Users/Ankit/.cache/kagglehub/datasets/masoudnickparvar/brain-tumor-mri-dataset/versions/2/Training/notumor/Tr-no_1188.jpg,NORMAL,train
C:/Users/Ankit/.cache/kagglehub/datasets/masoudnickparvar/brain-tumor-mri-dataset/versions/2/Testing/notumor/Te-no_361.jpg,NORMAL,train
C:/Users/Ankit/.cache/kagglehub/datasets/masoudnickparvar/brain-tumor-mri-dataset/versions/2/Training/notumor/Tr-no_340.jpg,NORMAL,train
C:/Users/Ankit/.cache/kagglehub/datasets/masoudnickparvar/brain-tumor-mri-dataset/versions/2/Testing/notumor/Te-no_130.jpg,NORMAL,train
C:/Users/Ankit/.cache/kagglehub/datasets/masoudnickparvar/brain-tumor-mri-dataset/versions/2/Training/notumor/Tr-no_868.jpg,NORMAL,train
C:/Users/Ankit/.cache/kagglehub/datasets/masoudnickparvar/brain-tumor-mri-dataset/versions/2/Training/notumor/Tr-no_635.jpg,NORMAL,train
C:/Users/Ankit/.cache/kagglehub/datasets/masoudnickparvar/brain-tumor-mri-dataset/versions/2/Training/notumor/Tr-no_650.jpg,NORMAL,train
C:/Users/Ankit/.cache/kagglehub/datasets/masoudnickparvar/brain-tumor-mri-dataset/versions/2/Training/notumor/Tr-no_262.jpg,NORMAL,train
C:/Users/Ankit/.cache/kagglehub/datasets/masoudnickparvar/brain-tumor-mri-dataset/versions/2/Training/notumor/Tr-no_1050.jpg,NORMAL,train
C:/Users/Ankit/.cache/kagglehub/datasets/masoudnickparvar/brain-tumor-mri-dataset/versions/2/Training/notumor/Tr-no_850.jpg,NORMAL,train
C:/Users/Ankit/.cache/kagglehub/datasets/masoudnickparvar/brain-tumor-mri-dataset/versions/2/Training/notumor/Tr-no_264.jpg,NORMAL,train
C:/Users/Ankit/.cache/kagglehub/datasets/masoudnickparvar/brain-tumor-mri-dataset/versions/2/Training/notumor/Tr-no_662.jpg,NORMAL,train
C:/Users/Ankit/.cache/kagglehub/datasets/masoudnickparvar/brain-tumor-mri-dataset/versions/2/Training/notumor/Tr-no_67.jpg,NORMAL,train
C:/Users/Ankit/.cache/kagglehub/datasets/masoudnickparvar/brain-tumor-mri-dataset/versions/2/Training/notumor/Tr-no_984.jpg,NORMAL,train
C:/Users/Ankit/.cache/kagglehub/datasets/masoudnickparvar/brain-tumor-mri-dataset/versions/2/Training/notumor/Tr-no_1032.jpg,NORMAL,train
C:/Users/Ankit/.cache/kagglehub/datasets/masoudnickparvar/brain-tumor-mri-dataset/versions/2/Training/notumor/Tr-no_1081.jpg,NORMAL,train
C:/Users/Ankit/.cache/kagglehub/datasets/masoudnickparvar/brain-tumor-mri-dataset/versions/2/Training/notumor/Tr-no_445.jpg,NORMAL,train
C:/Users/Ankit/.cache/kagglehub/datasets/masoudnickparvar/brain-tumor-mri-dataset/versions/2/Training/notumor/Tr-no_531.jpg,NORMAL,train
C:/Users/Ankit/.cache/kagglehub/datasets/masoudnickparvar/brain-tumor-mri-dataset/versions/2/Training/notumor/Tr-no_547.jpg,NORMAL,train
C:/Users/Ankit/.cache/kagglehub/datasets/masoudnickparvar/brain-tumor-mri-dataset/versions/2/Training/notumor/Tr-no_1323.jpg,NORMAL,train
C:/Users/Ankit/.cache/kagglehub/datasets/masoudnickparvar/brain-tumor-mri-dataset/versions/2/Training/notumor/Tr-no_433.jpg,NORMAL,train
C:/Users/Ankit/.cache/kagglehub/datasets/masoudnickparvar/brain-tumor-mri-dataset/versions/2/Training/notumor/Tr-no_758.jpg,NORMAL,train
C:/Users/Ankit/.cache/kagglehub/datasets/masoudnickparvar/brain-tumor-mri-dataset/versions/2/Training/notumor/Tr-no_1288.jpg,NORMAL,train
C:/Users/Ankit/.cache/kagglehub/datasets/masoudnickparvar/brain-tumor-mri-dataset/versions/2/Training/notumor/Tr-no_458.jpg,NORMAL,train
C:/Users/Ankit/.cache/kagglehub/datasets/masoudnickparvar/brain-tumor-mri-dataset/versions/2/Testing/notumor/Te-no_390.jpg,NORMAL,train
C:/Users/Ankit/.cache/kagglehub/datasets/masoudnickparvar/brain-tumor-mri-dataset/versions/2/Training/notumor/Tr-no_1260.jpg,NORMAL,train
C:/Users/Ankit/.cache/kagglehub/datasets/masoudnickparvar/brain-tumor-mri-dataset/versions/2/Training/notumor/Tr-no_308.jpg,NORMAL,train
C:/Users/Ankit/.cache/kagglehub/datasets/masoudnickparvar/brain-tumor-mri-dataset/versions/2/Training/notumor/Tr-no_1379.jpg,NORMAL,train
C:/Users/Ankit/.cache/kagglehub/datasets/masoudnickparvar/brain-tumor-mri-dataset/versions/2/Testing/notumor/Te-no_71.jpg,NORMAL,train
C:/Users/Ankit/.cache/kagglehub/datasets/masoudnickparvar/brain-tumor-mri-dataset/versions/2/Training/notumor/Tr-no_60.jpg,NORMAL,train
C:/Users/Ankit/.cache/kagglehub/datasets/masoudnickparvar/brain-tumor-mri-dataset/versions/2/Testing/notumor/Te-no_291.jpg,NORMAL,train
C:/Users/Ankit/.cache/kagglehub/datasets/masoudnickparvar/brain-tumor-mri-dataset/versions/2/Training/notumor/Tr-no_165.jpg,NORMAL,train
C:/Users/Ankit/.cache/kagglehub/datasets/masoudnickparvar/brain-tumor-mri-dataset/versions/2/Training/notumor/Tr-no_820.jpg,NORMAL,train
C:/Users/Ankit/.cache/kagglehub/datasets/masoudnickparvar/brain-tumor-mri-dataset/versions/2/Training/notumor/Tr-no_402.jpg,NORMAL,train
C:/Users/Ankit/.cache/kagglehub/datasets/masoudnickparvar/brain-tumor-mri-dataset/versions/2/Testing/notumor/Te-no_294.jpg,NORMAL,train
C:/Users/Ankit/.cache/kagglehub/datasets/masoudnickparvar/brain-tumor-mri-dataset/versions/2/Training/notumor/Tr-no_143.jpg,NORMAL,train
C:/Users/Ankit/.cache/kagglehub/datasets/masoudnickparvar/brain-tumor-mri-dataset/versions/2/Training/notumor/Tr-no_956.jpg,NORMAL,train
C:/Users/Ankit/.cache/kagglehub/datasets/masoudnickparvar/brain-tumor-mri-dataset/versions/2/Training/notumor/Tr-no_421.jpg,NORMAL,train
C:/Users/Ankit/.cache/kagglehub/datasets/masoudnickparvar/brain-tumor-mri-dataset/versions/2/Training/notumor/Tr-no_660.jpg,NORMAL,train
C:/Users/Ankit/.cache/kagglehub/datasets/masoudnickparvar/brain-tumor-mri-dataset/versions/2/Training/notumor/Tr-no_832.jpg,NORMAL,train
C:/Users/Ankit/.cache/kagglehub/datasets/masoudnickparvar/brain-tumor-mri-dataset/versions/2/Training/notumor/Tr-no_1349.jpg,NORMAL,train
C:/Users/Ankit/.cache/kagglehub/datasets/masoudnickparvar/brain-tumor-mri-dataset/versions/2/Training/notumor/Tr-no_529.jpg,NORMAL,train
C:/Users/Ankit/.cache/kagglehub/datasets/masoudnickparvar/brain-tumor-mri-dataset/versions/2/Testing/notumor/Te-no_286.jpg,NORMAL,train
C:/Users/Ankit/.cache/kagglehub/datasets/masoudnickparvar/brain-tumor-mri-dataset/versions/2/Testing/notumor/Te-no_278.jpg,NORMAL,train
C:/Users/Ankit/.cache/kagglehub/datasets/masoudnickparvar/brain-tumor-mri-dataset/versions/2/Training/notumor/Tr-no_1036.jpg,NORMAL,train
C:/Users/Ankit/.cache/kagglehub/datasets/masoudnickparvar/brain-tumor-mri-dataset/versions/2/Testing/notumor/Te-no_242.jpg,NORMAL,train
C:/Users/Ankit/.cache/kagglehub/datasets/masoudnickparvar/brain-tumor-mri-dataset/versions/2/Training/notumor/Tr-no_1199.jpg,NORMAL,train
C:/Users/Ankit/.cache/kagglehub/datasets/masoudnickparvar/brain-tumor-mri-dataset/versions/2/Testing/notumor/Te-no_229.jpg,NORMAL,train
C:/Users/Ankit/.cache/kagglehub/datasets/masoudnickparvar/brain-tumor-mri-dataset/versions/2/Testing/notumor/Te-no_174.jpg,NORMAL,train
C:/Users/Ankit/.cache/kagglehub/datasets/masoudnickparvar/brain-tumor-mri-dataset/versions/2/Training/notumor/Tr-no_1128.jpg,NORMAL,train
C:/Users/Ankit/.cache/kagglehub/datasets/masoudnickparvar/brain-tumor-mri-dataset/versions/2/Testing/notumor/Te-no_206.jpg,NORMAL,train
C:/Users/Ankit/.cache/kagglehub/datasets/masoudnickparvar/brain-tumor-mri-dataset/versions/2/Training/notumor/Tr-no_1318.jpg,NORMAL,train
C:/Users/Ankit/.cache/kagglehub/datasets/masoudnickparvar/brain-tumor-mri-dataset/versions/2/Training/notumor/Tr-no_144.jpg,NORMAL,train
C:/Users/Ankit/.cache/kagglehub/datasets/masoudnickparvar/brain-tumor-mri-dataset/versions/2/Training/notumor/Tr-no_928.jpg,NORMAL,train
C:/Users/Ankit/.cache/kagglehub/datasets/masoudnickparvar/brain-tumor-mri-dataset/versions/2/Testing/notumor/Te-no_210.jpg,NORMAL,train
C:/Users/Ankit/.cache/kagglehub/datasets/masoudnickparvar/brain-tumor-mri-dataset/versions/2/Training/notumor/Tr-no_240.jpg,NORMAL,train
C:/Users/Ankit/.cache/kagglehub/datasets/masoudnickparvar/brain-tumor-mri-dataset/versions/2/Training/notumor/Tr-no_601.jpg,NORMAL,train
C:/Users/Ankit/.cache/kagglehub/datasets/masoudnickparvar/brain-tumor-mri-dataset/versions/2/Training/notumor/Tr-no_284.jpg,NORMAL,train
C:/Users/Ankit/.cache/kagglehub/datasets/masoudnickparvar/brain-tumor-mri-dataset/versions/2/Training/notumor/Tr-no_1022.jpg,NORMAL,train
C:/Users/Ankit/.cache/kagglehub/datasets/masoudnickparvar/brain-tumor-mri-dataset/versions/2/Testing/notumor/Te-no_122.jpg,NORMAL,train
C:/Users/Ankit/.cache/kagglehub/datasets/masoudnickparvar/brain-tumor-mri-dataset/versions/2/Testing/notumor/Te-no_23.jpg,NORMAL,train
C:/Users/Ankit/.cache/kagglehub/datasets/masoudnickparvar/brain-tumor-mri-dataset/versions/2/Training/notumor/Tr-no_1045.jpg,NORMAL,train
C:/Users/Ankit/.cache/kagglehub/datasets/masoudnickparvar/brain-tumor-mri-dataset/versions/2/Training/notumor/Tr-no_1313.jpg,NORMAL,train
C:/Users/Ankit/.cache/kagglehub/datasets/masoudnickparvar/brain-tumor-mri-dataset/versions/2/Testing/notumor/Te-no_19.jpg,NORMAL,train
C:/Users/Ankit/.cache/kagglehub/datasets/masoudnickparvar/brain-tumor-mri-dataset/versions/2/Training/notumor/Tr-no_111.jpg,NORMAL,train
C:/Users/Ankit/.cache/kagglehub/datasets/masoudnickparvar/brain-tumor-mri-dataset/versions/2/Training/notumor/Tr-no_746.jpg,NORMAL,train
C:/Users/Ankit/.cache/kagglehub/datasets/masoudnickparvar/brain-tumor-mri-dataset/versions/2/Training/notumor/Tr-no_96.jpg,NORMAL,train
C:/Users/Ankit/.cache/kagglehub/datasets/masoudnickparvar/brain-tumor-mri-dataset/versions/2/Training/notumor/Tr-no_1354.jpg,NORMAL,train
C:/Users/Ankit/.cache/kagglehub/datasets/masoudnickparvar/brain-tumor-mri-dataset/versions/2/Testing/notumor/Te-no_158.jpg,NORMAL,train
C:/Users/Ankit/.cache/kagglehub/datasets/masoudnickparvar/brain-tumor-mri-dataset/versions/2/Training/notumor/Tr-no_674.jpg,NORMAL,train
C:/Users/Ankit/.cache/kagglehub/datasets/masoudnickparvar/brain-tumor-mri-dataset/versions/2/Testing/notumor/Te-no_92.jpg,NORMAL,train
C:/Users/Ankit/.cache/kagglehub/datasets/masoudnickparvar/brain-tumor-mri-dataset/versions/2/Training/notumor/Tr-no_273.jpg,NORMAL,train
C:/Users/Ankit/.cache/kagglehub/datasets/masoudnickparvar/brain-tumor-mri-dataset/versions/2/Training/notumor/Tr-no_412.jpg,NORMAL,train
C:/Users/Ankit/.cache/kagglehub/datasets/masoudnickparvar/brain-tumor-mri-dataset/versions/2/Training/notumor/Tr-no_892.jpg,NORMAL,train
C:/Users/Ankit/.cache/kagglehub/datasets/masoudnickparvar/brain-tumor-mri-dataset/versions/2/Training/notumor/Tr-no_474.jpg,NORMAL,train
C:/Users/Ankit/.cache/kagglehub/datasets/masoudnickparvar/brain-tumor-mri-dataset/versions/2/Training/notumor/Tr-no_792.jpg,NORMAL,train
C:/Users/Ankit/.cache/kagglehub/datasets/masoudnickparvar/brain-tumor-mri-dataset/versions/2/Testing/notumor/Te-no_338.jpg,NORMAL,train
C:/Users/Ankit/.cache/kagglehub/datasets/masoudnickparvar/brain-tumor-mri-dataset/versions/2/Testing/notumor/Te-no_18.jpg,NORMAL,train
C:/Users/Ankit/.cache/kagglehub/datasets/masoudnickparvar/brain-tumor-mri-dataset/versions/2/Testing/notumor/Te-no_221.jpg,NORMAL,train
C:/Users/Ankit/.cache/kagglehub/datasets/masoudnickparvar/brain-tumor-mri-dataset/versions/2/Training/notumor/Tr-no_560.jpg,NORMAL,train
C:/Users/Ankit/.cache/kagglehub/datasets/masoudnickparvar/brain-tumor-mri-dataset/versions/2/Training/notumor/Tr-no_667.jpg,NORMAL,train
C:/Users/Ankit/.cache/kagglehub/datasets/masoudnickparvar/brain-tumor-mri-dataset/versions/2/Training/notumor/Tr-no_501.jpg,NORMAL,train
C:/Users/Ankit/.cache/kagglehub/datasets/masoudnickparvar/brain-tumor-mri-dataset/versions/2/Training/notumor/Tr-no_1231.jpg,NORMAL,train
C:/Users/Ankit/.cache/kagglehub/datasets/masoudnickparvar/brain-tumor-mri-dataset/versions/2/Training/notumor/Tr-no_1394.jpg,NORMAL,train
C:/Users/Ankit/.cache/kagglehub/datasets/masoudnickparvar/brain-tumor-mri-dataset/versions/2/Training/notumor/Tr-no_1232.jpg,NORMAL,train
C:/Users/Ankit/.cache/kagglehub/datasets/masoudnickparvar/brain-tumor-mri-dataset/versions/2/Training/notumor/Tr-no_116.jpg,NORMAL,train
C:/Users/Ankit/.cache/kagglehub/datasets/masoudnickparvar/brain-tumor-mri-dataset/versions/2/Training/notumor/Tr-no_678.jpg,NORMAL,train
C:/Users/Ankit/.cache/kagglehub/datasets/masoudnickparvar/brain-tumor-mri-dataset/versions/2/Training/notumor/Tr-no_295.jpg,NORMAL,train
C:/Users/Ankit/.cache/kagglehub/datasets/masoudnickparvar/brain-tumor-mri-dataset/versions/2/Training/notumor/Tr-no_591.jpg,NORMAL,train
C:/Users/Ankit/.cache/kagglehub/datasets/masoudnickparvar/brain-tumor-mri-dataset/versions/2/Training/notumor/Tr-no_395.jpg,NORMAL,train
C:/Users/Ankit/.cache/kagglehub/datasets/masoudnickparvar/brain-tumor-mri-dataset/versions/2/Training/notumor/Tr-no_1352.jpg,NORMAL,train
C:/Users/Ankit/.cache/kagglehub/datasets/masoudnickparvar/brain-tumor-mri-dataset/versions/2/Training/notumor/Tr-no_371.jpg,NORMAL,train
C:/Users/Ankit/.cache/kagglehub/datasets/masoudnickparvar/brain-tumor-mri-dataset/versions/2/Testing/notumor/Te-no_215.jpg,NORMAL,train
C:/Users/Ankit/.cache/kagglehub/datasets/masoudnickparvar/brain-tumor-mri-dataset/versions/2/Training/notumor/Tr-no_497.jpg,NORMAL,train
C:/Users/Ankit/.cache/kagglehub/datasets/masoudnickparvar/brain-tumor-mri-dataset/versions/2/Training/notumor/Tr-no_876.jpg,NORMAL,train
C:/Users/Ankit/.cache/kagglehub/datasets/masoudnickparvar/brain-tumor-mri-dataset/versions/2/Training/notumor/Tr-no_1309.jpg,NORMAL,train
C:/Users/Ankit/.cache/kagglehub/datasets/masoudnickparvar/brain-tumor-mri-dataset/versions/2/Testing/notumor/Te-no_133.jpg,NORMAL,train
C:/Users/Ankit/.cache/kagglehub/datasets/masoudnickparvar/brain-tumor-mri-dataset/versions/2/Testing/notumor/Te-no_80.jpg,NORMAL,train
C:/Users/Ankit/.cache/kagglehub/datasets/masoudnickparvar/brain-tumor-mri-dataset/versions/2/Training/notumor/Tr-no_1337.jpg,NORMAL,train
C:/Users/Ankit/.cache/kagglehub/datasets/masoudnickparvar/brain-tumor-mri-dataset/versions/2/Training/notumor/Tr-no_841.jpg,NORMAL,train
C:/Users/Ankit/.cache/kagglehub/datasets/masoudnickparvar/brain-tumor-mri-dataset/versions/2/Testing/notumor/Te-no_10.jpg,NORMAL,train
C:/Users/Ankit/.cache/kagglehub/datasets/masoudnickparvar/brain-tumor-mri-dataset/versions/2/Training/notumor/Tr-no_214.jpg,NORMAL,train
C:/Users/Ankit/.cache/kagglehub/datasets/masoudnickparvar/brain-tumor-mri-dataset/versions/2/Training/notumor/Tr-no_1314.jpg,NORMAL,train
C:/Users/Ankit/.cache/kagglehub/datasets/masoudnickparvar/brain-tumor-mri-dataset/versions/2/Training/notumor/Tr-no_377.jpg,NORMAL,train
C:/Users/Ankit/.cache/kagglehub/datasets/masoudnickparvar/brain-tumor-mri-dataset/versions/2/Training/notumor/Tr-no_800.jpg,NORMAL,train
C:/Users/Ankit/.cache/kagglehub/datasets/masoudnickparvar/brain-tumor-mri-dataset/versions/2/Training/notumor/Tr-no_1183.jpg,NORMAL,train
C:/Users/Ankit/.cache/kagglehub/datasets/masoudnickparvar/brain-tumor-mri-dataset/versions/2/Training/notumor/Tr-no_206.jpg,NORMAL,train
C:/Users/Ankit/.cache/kagglehub/datasets/masoudnickparvar/brain-tumor-mri-dataset/versions/2/Training/notumor/Tr-no_677.jpg,NORMAL,train
C:/Users/Ankit/.cache/kagglehub/datasets/masoudnickparvar/brain-tumor-mri-dataset/versions/2/Training/notumor/Tr-no_357.jpg,NORMAL,train
C:/Users/Ankit/.cache/kagglehub/datasets/masoudnickparvar/brain-tumor-mri-dataset/versions/2/Testing/notumor/Te-no_226.jpg,NORMAL,train
C:/Users/Ankit/.cache/kagglehub/datasets/masoudnickparvar/brain-tumor-mri-dataset/versions/2/Testing/notumor/Te-no_395.jpg,NORMAL,train
C:/Users/Ankit/.cache/kagglehub/datasets/masoudnickparvar/brain-tumor-mri-dataset/versions/2/Training/notumor/Tr-no_1145.jpg,NORMAL,train
C:/Users/Ankit/.cache/kagglehub/datasets/masoudnickparvar/brain-tumor-mri-dataset/versions/2/Training/notumor/Tr-no_241.jpg,NORMAL,train
C:/Users/Ankit/.cache/kagglehub/datasets/masoudnickparvar/brain-tumor-mri-dataset/versions/2/Training/notumor/Tr-no_1234.jpg,NORMAL,train
C:/Users/Ankit/.cache/kagglehub/datasets/masoudnickparvar/brain-tumor-mri-dataset/versions/2/Training/notumor/Tr-no_853.jpg,NORMAL,train
C:/Users/Ankit/.cache/kagglehub/datasets/masoudnickparvar/brain-tumor-mri-dataset/versions/2/Training/notumor/Tr-no_997.jpg,NORMAL,train
C:/Users/Ankit/.cache/kagglehub/datasets/masoudnickparvar/brain-tumor-mri-dataset/versions/2/Testing/notumor/Te-no_83.jpg,NORMAL,train
C:/Users/Ankit/.cache/kagglehub/datasets/masoudnickparvar/brain-tumor-mri-dataset/versions/2/Testing/notumor/Te-no_89.jpg,NORMAL,train
C:/Users/Ankit/.cache/kagglehub/datasets/masoudnickparvar/brain-tumor-mri-dataset/versions/2/Training/notumor/Tr-no_281.jpg,NORMAL,train
C:/Users/Ankit/.cache/kagglehub/datasets/masoudnickparvar/brain-tumor-mri-dataset/versions/2/Training/notumor/Tr-no_379.jpg,NORMAL,train
C:/Users/Ankit/.cache/kagglehub/datasets/masoudnickparvar/brain-tumor-mri-dataset/versions/2/Training/notumor/Tr-no_1181.jpg,NORMAL,train
C:/Users/Ankit/.cache/kagglehub/datasets/masoudnickparvar/brain-tumor-mri-dataset/versions/2/Training/notumor/Tr-no_185.jpg,NORMAL,train
C:/Users/Ankit/.cache/kagglehub/datasets/masoudnickparvar/brain-tumor-mri-dataset/versions/2/Training/notumor/Tr-no_272.jpg,NORMAL,train
C:/Users/Ankit/.cache/kagglehub/datasets/masoudnickparvar/brain-tumor-mri-dataset/versions/2/Testing/notumor/Te-no_171.jpg,NORMAL,train
C:/Users/Ankit/.cache/kagglehub/datasets/masoudnickparvar/brain-tumor-mri-dataset/versions/2/Training/notumor/Tr-no_947.jpg,NORMAL,train
C:/Users/Ankit/.cache/kagglehub/datasets/masoudnickparvar/brain-tumor-mri-dataset/versions/2/Training/notumor/Tr-no_685.jpg,NORMAL,train
C:/Users/Ankit/.cache/kagglehub/datasets/masoudnickparvar/brain-tumor-mri-dataset/versions/2/Training/notumor/Tr-no_1299.jpg,NORMAL,train
C:/Users/Ankit/.cache/kagglehub/datasets/masoudnickparvar/brain-tumor-mri-dataset/versions/2/Training/notumor/Tr-no_1334.jpg,NORMAL,train
C:/Users/Ankit/.cache/kagglehub/datasets/masoudnickparvar/brain-tumor-mri-dataset/versions/2/Testing/notumor/Te-no_138.jpg,NORMAL,train
C:/Users/Ankit/.cache/kagglehub/datasets/masoudnickparvar/brain-tumor-mri-dataset/versions/2/Testing/notumor/Te-no_95.jpg,NORMAL,train
C:/Users/Ankit/.cache/kagglehub/datasets/masoudnickparvar/brain-tumor-mri-dataset/versions/2/Training/notumor/Tr-no_187.jpg,NORMAL,train
C:/Users/Ankit/.cache/kagglehub/datasets/masoudnickparvar/brain-tumor-mri-dataset/versions/2/Training/notumor/Tr-no_554.jpg,NORMAL,train
C:/Users/Ankit/.cache/kagglehub/datasets/masoudnickparvar/brain-tumor-mri-dataset/versions/2/Training/notumor/Tr-no_407.jpg,NORMAL,train
C:/Users/Ankit/.cache/kagglehub/datasets/masoudnickparvar/brain-tumor-mri-dataset/versions/2/Training/notumor/Tr-no_729.jpg,NORMAL,train
C:/Users/Ankit/.cache/kagglehub/datasets/masoudnickparvar/brain-tumor-mri-dataset/versions/2/Training/notumor/Tr-no_916.jpg,NORMAL,train
C:/Users/Ankit/.cache/kagglehub/datasets/masoudnickparvar/brain-tumor-mri-dataset/versions/2/Training/notumor/Tr-no_278.jpg,NORMAL,train
C:/Users/Ankit/.cache/kagglehub/datasets/masoudnickparvar/brain-tumor-mri-dataset/versions/2/Testing/notumor/Te-no_330.jpg,NORMAL,train
C:/Users/Ankit/.cache/kagglehub/datasets/masoudnickparvar/brain-tumor-mri-dataset/versions/2/Testing/notumor/Te-no_297.jpg,NORMAL,train
C:/Users/Ankit/.cache/kagglehub/datasets/masoudnickparvar/brain-tumor-mri-dataset/versions/2/Training/notumor/Tr-no_367.jpg,NORMAL,train
C:/Users/Ankit/.cache/kagglehub/datasets/masoudnickparvar/brain-tumor-mri-dataset/versions/2/Testing/notumor/Te-no_383.jpg,NORMAL,train
C:/Users/Ankit/.cache/kagglehub/datasets/masoudnickparvar/brain-tumor-mri-dataset/versions/2/Training/notumor/Tr-no_1294.jpg,NORMAL,train
C:/Users/Ankit/.cache/kagglehub/datasets/masoudnickparvar/brain-tumor-mri-dataset/versions/2/Training/notumor/Tr-no_417.jpg,NORMAL,train
C:/Users/Ankit/.cache/kagglehub/datasets/masoudnickparvar/brain-tumor-mri-dataset/versions/2/Training/notumor/Tr-no_809.jpg,NORMAL,train
C:/Users/Ankit/.cache/kagglehub/datasets/masoudnickparvar/brain-tumor-mri-dataset/versions/2/Training/notumor/Tr-no_931.jpg,NORMAL,train
C:/Users/Ankit/.cache/kagglehub/datasets/masoudnickparvar/brain-tumor-mri-dataset/versions/2/Testing/notumor/Te-no_268.jpg,NORMAL,train
C:/Users/Ankit/.cache/kagglehub/datasets/masoudnickparvar/brain-tumor-mri-dataset/versions/2/Training/notumor/Tr-no_992.jpg,NORMAL,train
C:/Users/Ankit/.cache/kagglehub/datasets/masoudnickparvar/brain-tumor-mri-dataset/versions/2/Training/notumor/Tr-no_873.jpg,NORMAL,train
C:/Users/Ankit/.cache/kagglehub/datasets/masoudnickparvar/brain-tumor-mri-dataset/versions/2/Training/notumor/Tr-no_818.jpg,NORMAL,train
C:/Users/Ankit/.cache/kagglehub/datasets/masoudnickparvar/brain-tumor-mri-dataset/versions/2/Training/notumor/Tr-no_56.jpg,NORMAL,train
C:/Users/Ankit/.cache/kagglehub/datasets/masoudnickparvar/brain-tumor-mri-dataset/versions/2/Training/notumor/Tr-no_476.jpg,NORMAL,train
C:/Users/Ankit/.cache/kagglehub/datasets/masoudnickparvar/brain-tumor-mri-dataset/versions/2/Testing/notumor/Te-no_385.jpg,NORMAL,train
C:/Users/Ankit/.cache/kagglehub/datasets/masoudnickparvar/brain-tumor-mri-dataset/versions/2/Training/notumor/Tr-no_254.jpg,NORMAL,train
C:/Users/Ankit/.cache/kagglehub/datasets/masoudnickparvar/brain-tumor-mri-dataset/versions/2/Training/notumor/Tr-no_446.jpg,NORMAL,train
C:/Users/Ankit/.cache/kagglehub/datasets/masoudnickparvar/brain-tumor-mri-dataset/versions/2/Training/notumor/Tr-no_532.jpg,NORMAL,train
C:/Users/Ankit/.cache/kagglehub/datasets/masoudnickparvar/brain-tumor-mri-dataset/versions/2/Training/notumor/Tr-no_1086.jpg,NORMAL,train
C:/Users/Ankit/.cache/kagglehub/datasets/masoudnickparvar/brain-tumor-mri-dataset/versions/2/Training/notumor/Tr-no_1368.jpg,NORMAL,train
C:/Users/Ankit/.cache/kagglehub/datasets/masoudnickparvar/brain-tumor-mri-dataset/versions/2/Training/notumor/Tr-no_769.jpg,NORMAL,train
C:/Users/Ankit/.cache/kagglehub/datasets/masoudnickparvar/brain-tumor-mri-dataset/versions/2/Training/notumor/Tr-no_871.jpg,NORMAL,train
C:/Users/Ankit/.cache/kagglehub/datasets/masoudnickparvar/brain-tumor-mri-dataset/versions/2/Training/notumor/Tr-no_608.jpg,NORMAL,train
C:/Users/Ankit/.cache/kagglehub/datasets/masoudnickparvar/brain-tumor-mri-dataset/versions/2/Training/notumor/Tr-no_482.jpg,NORMAL,train
C:/Users/Ankit/.cache/kagglehub/datasets/masoudnickparvar/brain-tumor-mri-dataset/versions/2/Training/notumor/Tr-no_1236.jpg,NORMAL,train
C:/Users/Ankit/.cache/kagglehub/datasets/masoudnickparvar/brain-tumor-mri-dataset/versions/2/Training/notumor/Tr-no_179.jpg,NORMAL,train
C:/Users/Ankit/.cache/kagglehub/datasets/masoudnickparvar/brain-tumor-mri-dataset/versions/2/Training/notumor/Tr-no_1073.jpg,NORMAL,train
C:/Users/Ankit/.cache/kagglehub/datasets/masoudnickparvar/brain-tumor-mri-dataset/versions/2/Testing/notumor/Te-no_307.jpg,NORMAL,train
C:/Users/Ankit/.cache/kagglehub/datasets/masoudnickparvar/brain-tumor-mri-dataset/versions/2/Training/notumor/Tr-no_104.jpg,NORMAL,train
C:/Users/Ankit/.cache/kagglehub/datasets/masoudnickparvar/brain-tumor-mri-dataset/versions/2/Training/notumor/Tr-no_925.jpg,NORMAL,train
C:/Users/Ankit/.cache/kagglehub/datasets/masoudnickparvar/brain-tumor-mri-dataset/versions/2/Training/notumor/Tr-no_1302.jpg,NORMAL,train
C:/Users/Ankit/.cache/kagglehub/datasets/masoudnickparvar/brain-tumor-mri-dataset/versions/2/Training/notumor/Tr-no_1003.jpg,NORMAL,train
C:/Users/Ankit/.cache/kagglehub/datasets/masoudnickparvar/brain-tumor-mri-dataset/versions/2/Training/notumor/Tr-no_1189.jpg,NORMAL,train
C:/Users/Ankit/.cache/kagglehub/datasets/masoudnickparvar/brain-tumor-mri-dataset/versions/2/Training/notumor/Tr-no_265.jpg,NORMAL,train
C:/Users/Ankit/.cache/kagglehub/datasets/masoudnickparvar/brain-tumor-mri-dataset/versions/2/Training/notumor/Tr-no_1104.jpg,NORMAL,train
C:/Users/Ankit/.cache/kagglehub/datasets/masoudnickparvar/brain-tumor-mri-dataset/versions/2/Testing/notumor/Te-no_324.jpg,NORMAL,train
C:/Users/Ankit/.cache/kagglehub/datasets/masoudnickparvar/brain-tumor-mri-dataset/versions/2/Training/notumor/Tr-no_610.jpg,NORMAL,train
C:/Users/Ankit/.cache/kagglehub/datasets/masoudnickparvar/brain-tumor-mri-dataset/versions/2/Training/notumor/Tr-no_858.jpg,NORMAL,train
C:/Users/Ankit/.cache/kagglehub/datasets/masoudnickparvar/brain-tumor-mri-dataset/versions/2/Training/notumor/Tr-no_761.jpg,NORMAL,train
C:/Users/Ankit/.cache/kagglehub/datasets/masoudnickparvar/brain-tumor-mri-dataset/versions/2/Testing/notumor/Te-no_391.jpg,NORMAL,train
C:/Users/Ankit/.cache/kagglehub/datasets/masoudnickparvar/brain-tumor-mri-dataset/versions/2/Training/notumor/Tr-no_1233.jpg,NORMAL,train
C:/Users/Ankit/.cache/kagglehub/datasets/masoudnickparvar/brain-tumor-mri-dataset/versions/2/Training/notumor/Tr-no_1213.jpg,NORMAL,train
C:/Users/Ankit/.cache/kagglehub/datasets/masoudnickparvar/brain-tumor-mri-dataset/versions/2/Training/notumor/Tr-no_923.jpg,NORMAL,train
C:/Users/Ankit/.cache/kagglehub/datasets/masoudnickparvar/brain-tumor-mri-dataset/versions/2/Training/notumor/Tr-no_69.jpg,NORMAL,train
C:/Users/Ankit/.cache/kagglehub/datasets/masoudnickparvar/brain-tumor-mri-dataset/versions/2/Training/notumor/Tr-no_1021.jpg,NORMAL,train
C:/Users/Ankit/.cache/kagglehub/datasets/masoudnickparvar/brain-tumor-mri-dataset/versions/2/Training/notumor/Tr-no_902.jpg,NORMAL,train
C:/Users/Ankit/.cache/kagglehub/datasets/masoudnickparvar/brain-tumor-mri-dataset/versions/2/Testing/notumor/Te-no_272.jpg,NORMAL,train
C:/Users/Ankit/.cache/kagglehub/datasets/masoudnickparvar/brain-tumor-mri-dataset/versions/2/Training/notumor/Tr-no_819.jpg,NORMAL,train
C:/Users/Ankit/.cache/kagglehub/datasets/masoudnickparvar/brain-tumor-mri-dataset/versions/2/Training/notumor/Tr-no_652.jpg,NORMAL,train
C:/Users/Ankit/.cache/kagglehub/datasets/masoudnickparvar/brain-tumor-mri-dataset/versions/2/Training/notumor/Tr-no_887.jpg,NORMAL,train
C:/Users/Ankit/.cache/kagglehub/datasets/masoudnickparvar/brain-tumor-mri-dataset/versions/2/Training/notumor/Tr-no_797.jpg,NORMAL,train
C:/Users/Ankit/.cache/kagglehub/datasets/masoudnickparvar/brain-tumor-mri-dataset/versions/2/Training/notumor/Tr-no_580.jpg,NORMAL,train
C:/Users/Ankit/.cache/kagglehub/datasets/masoudnickparvar/brain-tumor-mri-dataset/versions/2/Training/notumor/Tr-no_1348.jpg,NORMAL,train
C:/Users/Ankit/.cache/kagglehub/datasets/masoudnickparvar/brain-tumor-mri-dataset/versions/2/Training/notumor/Tr-no_1097.jpg,NORMAL,train
C:/Users/Ankit/.cache/kagglehub/datasets/masoudnickparvar/brain-tumor-mri-dataset/versions/2/Testing/notumor/Te-no_323.jpg,NORMAL,train
C:/Users/Ankit/.cache/kagglehub/datasets/masoudnickparvar/brain-tumor-mri-dataset/versions/2/Testing/notumor/Te-no_121.jpg,NORMAL,train
C:/Users/Ankit/.cache/kagglehub/datasets/masoudnickparvar/brain-tumor-mri-dataset/versions/2/Training/notumor/Tr-no_1341.jpg,NORMAL,train
C:/Users/Ankit/.cache/kagglehub/datasets/masoudnickparvar/brain-tumor-mri-dataset/versions/2/Training/notumor/Tr-no_830.jpg,NORMAL,train
C:/Users/Ankit/.cache/kagglehub/datasets/masoudnickparvar/brain-tumor-mri-dataset/versions/2/Testing/notumor/Te-no_93.jpg,NORMAL,train
C:/Users/Ankit/.cache/kagglehub/datasets/masoudnickparvar/brain-tumor-mri-dataset/versions/2/Testing/notumor/Te-no_73.jpg,NORMAL,train
C:/Users/Ankit/.cache/kagglehub/datasets/masoudnickparvar/brain-tumor-mri-dataset/versions/2/Training/notumor/Tr-no_244.jpg,NORMAL,train
C:/Users/Ankit/.cache/kagglehub/datasets/masoudnickparvar/brain-tumor-mri-dataset/versions/2/Training/notumor/Tr-no_38.jpg,NORMAL,train
C:/Users/Ankit/.cache/kagglehub/datasets/masoudnickparvar/brain-tumor-mri-dataset/versions/2/Training/notumor/Tr-no_81.jpg,NORMAL,train
C:/Users/Ankit/.cache/kagglehub/datasets/masoudnickparvar/brain-tumor-mri-dataset/versions/2/Training/notumor/Tr-no_1361.jpg,NORMAL,train
C:/Users/Ankit/.cache/kagglehub/datasets/masoudnickparvar/brain-tumor-mri-dataset/versions/2/Training/notumor/Tr-no_1129.jpg,NORMAL,train
C:/Users/Ankit/.cache/kagglehub/datasets/masoudnickparvar/brain-tumor-mri-dataset/versions/2/Testing/notumor/Te-no_201.jpg,NORMAL,train
C:/Users/Ankit/.cache/kagglehub/datasets/masoudnickparvar/brain-tumor-mri-dataset/versions/2/Testing/notumor/Te-no_369.jpg,NORMAL,train
C:/Users/Ankit/.cache/kagglehub/datasets/masoudnickparvar/brain-tumor-mri-dataset/versions/2/Testing/notumor/Te-no_247.jpg,NORMAL,train
C:/Users/Ankit/.cache/kagglehub/datasets/masoudnickparvar/brain-tumor-mri-dataset/versions/2/Training/notumor/Tr-no_1247.jpg,NORMAL,train
C:/Users/Ankit/.cache/kagglehub/datasets/masoudnickparvar/brain-tumor-mri-dataset/versions/2/Testing/notumor/Te-no_157.jpg,NORMAL,train
C:/Users/Ankit/.cache/kagglehub/datasets/masoudnickparvar/brain-tumor-mri-dataset/versions/2/Training/notumor/Tr-no_636.jpg,NORMAL,train
C:/Users/Ankit/.cache/kagglehub/datasets/masoudnickparvar/brain-tumor-mri-dataset/versions/2/Training/notumor/Tr-no_76.jpg,NORMAL,train
C:/Users/Ankit/.cache/kagglehub/datasets/masoudnickparvar/brain-tumor-mri-dataset/versions/2/Training/notumor/Tr-no_297.jpg,NORMAL,train
C:/Users/Ankit/.cache/kagglehub/datasets/masoudnickparvar/brain-tumor-mri-dataset/versions/2/Training/notumor/Tr-no_1212.jpg,NORMAL,train
C:/Users/Ankit/.cache/kagglehub/datasets/masoudnickparvar/brain-tumor-mri-dataset/versions/2/Training/notumor/Tr-no_152.jpg,NORMAL,train
C:/Users/Ankit/.cache/kagglehub/datasets/masoudnickparvar/brain-tumor-mri-dataset/versions/2/Training/notumor/Tr-no_795.jpg,NORMAL,train
C:/Users/Ankit/.cache/kagglehub/datasets/masoudnickparvar/brain-tumor-mri-dataset/versions/2/Training/notumor/Tr-no_1038.jpg,NORMAL,train
C:/Users/Ankit/.cache/kagglehub/datasets/masoudnickparvar/brain-tumor-mri-dataset/versions/2/Training/notumor/Tr-no_288.jpg,NORMAL,train
C:/Users/Ankit/.cache/kagglehub/datasets/masoudnickparvar/brain-tumor-mri-dataset/versions/2/Testing/notumor/Te-no_126.jpg,NORMAL,train
C:/Users/Ankit/.cache/kagglehub/datasets/masoudnickparvar/brain-tumor-mri-dataset/versions/2/Testing/notumor/Te-no_377.jpg,NORMAL,train
C:/Users/Ankit/.cache/kagglehub/datasets/masoudnickparvar/brain-tumor-mri-dataset/versions/2/Training/notumor/Tr-no_859.jpg,NORMAL,train
C:/Users/Ankit/.cache/kagglehub/datasets/masoudnickparvar/brain-tumor-mri-dataset/versions/2/Training/notumor/Tr-no_1067.jpg,NORMAL,train
C:/Users/Ankit/.cache/kagglehub/datasets/masoudnickparvar/brain-tumor-mri-dataset/versions/2/Testing/notumor/Te-no_113.jpg,NORMAL,train
C:/Users/Ankit/.cache/kagglehub/datasets/masoudnickparvar/brain-tumor-mri-dataset/versions/2/Training/notumor/Tr-no_186.jpg,NORMAL,train
C:/Users/Ankit/.cache/kagglehub/datasets/masoudnickparvar/brain-tumor-mri-dataset/versions/2/Training/notumor/Tr-no_605.jpg,NORMAL,train
C:/Users/Ankit/.cache/kagglehub/datasets/masoudnickparvar/brain-tumor-mri-dataset/versions/2/Training/notumor/Tr-no_856.jpg,NORMAL,train
C:/Users/Ankit/.cache/kagglehub/datasets/masoudnickparvar/brain-tumor-mri-dataset/versions/2/Training/notumor/Tr-no_1158.jpg,NORMAL,train
C:/Users/Ankit/.cache/kagglehub/datasets/masoudnickparvar/brain-tumor-mri-dataset/versions/2/Testing/notumor/Te-no_288.jpg,NORMAL,train
C:/Users/Ankit/.cache/kagglehub/datasets/masoudnickparvar/brain-tumor-mri-dataset/versions/2/Testing/notumor/Te-no_81.jpg,NORMAL,train
C:/Users/Ankit/.cache/kagglehub/datasets/masoudnickparvar/brain-tumor-mri-dataset/versions/2/Testing/notumor/Te-no_14.jpg,NORMAL,train
C:/Users/Ankit/.cache/kagglehub/datasets/masoudnickparvar/brain-tumor-mri-dataset/versions/2/Training/notumor/Tr-no_537.jpg,NORMAL,train
C:/Users/Ankit/.cache/kagglehub/datasets/masoudnickparvar/brain-tumor-mri-dataset/versions/2/Testing/notumor/Te-no_190.jpg,NORMAL,train
C:/Users/Ankit/.cache/kagglehub/datasets/masoudnickparvar/brain-tumor-mri-dataset/versions/2/Testing/notumor/Te-no_38.jpg,NORMAL,train
C:/Users/Ankit/.cache/kagglehub/datasets/masoudnickparvar/brain-tumor-mri-dataset/versions/2/Testing/notumor/Te-no_134.jpg,NORMAL,train
C:/Users/Ankit/.cache/kagglehub/datasets/masoudnickparvar/brain-tumor-mri-dataset/versions/2/Training/notumor/Tr-no_1229.jpg,NORMAL,train
C:/Users/Ankit/.cache/kagglehub/datasets/masoudnickparvar/brain-tumor-mri-dataset/versions/2/Testing/notumor/Te-no_85.jpg,NORMAL,train
C:/Users/Ankit/.cache/kagglehub/datasets/masoudnickparvar/brain-tumor-mri-dataset/versions/2/Training/notumor/Tr-no_535.jpg,NORMAL,train
C:/Users/Ankit/.cache/kagglehub/datasets/masoudnickparvar/brain-tumor-mri-dataset/versions/2/Training/notumor/Tr-no_569.jpg,NORMAL,train
C:/Users/Ankit/.cache/kagglehub/datasets/masoudnickparvar/brain-tumor-mri-dataset/versions/2/Training/notumor/Tr-no_212.jpg,NORMAL,train
C:/Users/Ankit/.cache/kagglehub/datasets/masoudnickparvar/brain-tumor-mri-dataset/versions/2/Training/notumor/Tr-no_217.jpg,NORMAL,train
C:/Users/Ankit/.cache/kagglehub/datasets/masoudnickparvar/brain-tumor-mri-dataset/versions/2/Testing/notumor/Te-no_302.jpg,NORMAL,train
C:/Users/Ankit/.cache/kagglehub/datasets/masoudnickparvar/brain-tumor-mri-dataset/versions/2/Training/notumor/Tr-no_1172.jpg,NORMAL,train
C:/Users/Ankit/.cache/kagglehub/datasets/masoudnickparvar/brain-tumor-mri-dataset/versions/2/Training/notumor/Tr-no_684.jpg,NORMAL,train
C:/Users/Ankit/.cache/kagglehub/datasets/masoudnickparvar/brain-tumor-mri-dataset/versions/2/Testing/notumor/Te-no_75.jpg,NORMAL,train
C:/Users/Ankit/.cache/kagglehub/datasets/masoudnickparvar/brain-tumor-mri-dataset/versions/2/Training/notumor/Tr-no_86.jpg,NORMAL,train
C:/Users/Ankit/.cache/kagglehub/datasets/masoudnickparvar/brain-tumor-mri-dataset/versions/2/Testing/notumor/Te-no_86.jpg,NORMAL,train
C:/Users/Ankit/.cache/kagglehub/datasets/masoudnickparvar/brain-tumor-mri-dataset/versions/2/Training/notumor/Tr-no_14.jpg,NORMAL,train
C:/Users/Ankit/.cache/kagglehub/datasets/masoudnickparvar/brain-tumor-mri-dataset/versions/2/Training/notumor/Tr-no_1133.jpg,NORMAL,train
C:/Users/Ankit/.cache/kagglehub/datasets/masoudnickparvar/brain-tumor-mri-dataset/versions/2/Training/notumor/Tr-no_359.jpg,NORMAL,train
C:/Users/Ankit/.cache/kagglehub/datasets/masoudnickparvar/brain-tumor-mri-dataset/versions/2/Training/notumor/Tr-no_1163.jpg,NORMAL,train
C:/Users/Ankit/.cache/kagglehub/datasets/masoudnickparvar/brain-tumor-mri-dataset/versions/2/Training/notumor/Tr-no_1139.jpg,NORMAL,train
C:/Users/Ankit/.cache/kagglehub/datasets/masoudnickparvar/brain-tumor-mri-dataset/versions/2/Training/notumor/Tr-no_715.jpg,NORMAL,train
C:/Users/Ankit/.cache/kagglehub/datasets/masoudnickparvar/brain-tumor-mri-dataset/versions/2/Training/notumor/Tr-no_683.jpg,NORMAL,train
C:/Users/Ankit/.cache/kagglehub/datasets/masoudnickparvar/brain-tumor-mri-dataset/versions/2/Training/notumor/Tr-no_108.jpg,NORMAL,train
C:/Users/Ankit/.cache/kagglehub/datasets/masoudnickparvar/brain-tumor-mri-dataset/versions/2/Training/notumor/Tr-no_156.jpg,NORMAL,train
C:/Users/Ankit/.cache/kagglehub/datasets/masoudnickparvar/brain-tumor-mri-dataset/versions/2/Training/notumor/Tr-no_625.jpg,NORMAL,train
C:/Users/Ankit/.cache/kagglehub/datasets/masoudnickparvar/brain-tumor-mri-dataset/versions/2/Training/notumor/Tr-no_719.jpg,NORMAL,train
C:/Users/Ankit/.cache/kagglehub/datasets/masoudnickparvar/brain-tumor-mri-dataset/versions/2/Training/notumor/Tr-no_810.jpg,NORMAL,train
C:/Users/Ankit/.cache/kagglehub/datasets/masoudnickparvar/brain-tumor-mri-dataset/versions/2/Training/notumor/Tr-no_1335.jpg,NORMAL,train
C:/Users/Ankit/.cache/kagglehub/datasets/masoudnickparvar/brain-tumor-mri-dataset/versions/2/Training/notumor/Tr-no_983.jpg,NORMAL,train
C:/Users/Ankit/.cache/kagglehub/datasets/masoudnickparvar/brain-tumor-mri-dataset/versions/2/Training/notumor/Tr-no_672.jpg,NORMAL,train
C:/Users/Ankit/.cache/kagglehub/datasets/masoudnickparvar/brain-tumor-mri-dataset/versions/2/Training/notumor/Tr-no_773.jpg,NORMAL,train
C:/Users/Ankit/.cache/kagglehub/datasets/masoudnickparvar/brain-tumor-mri-dataset/versions/2/Training/notumor/Tr-no_1366.jpg,NORMAL,train
C:/Users/Ankit/.cache/kagglehub/datasets/masoudnickparvar/brain-tumor-mri-dataset/versions/2/Training/notumor/Tr-no_184.jpg,NORMAL,train
C:/Users/Ankit/.cache/kagglehub/datasets/masoudnickparvar/brain-tumor-mri-dataset/versions/2/Training/notumor/Tr-no_411.jpg,NORMAL,train
C:/Users/Ankit/.cache/kagglehub/datasets/masoudnickparvar/brain-tumor-mri-dataset/versions/2/Training/notumor/Tr-no_657.jpg,NORMAL,train
C:/Users/Ankit/.cache/kagglehub/datasets/masoudnickparvar/brain-tumor-mri-dataset/versions/2/Testing/notumor/Te-no_87.jpg,NORMAL,train
C:/Users/Ankit/.cache/kagglehub/datasets/masoudnickparvar/brain-tumor-mri-dataset/versions/2/Training/notumor/Tr-no_1327.jpg,NORMAL,train
C:/Users/Ankit/.cache/kagglehub/datasets/masoudnickparvar/brain-tumor-mri-dataset/versions/2/Training/notumor/Tr-no_389.jpg,NORMAL,train
C:/Users/Ankit/.cache/kagglehub/datasets/masoudnickparvar/brain-tumor-mri-dataset/versions/2/Training/notumor/Tr-no_985.jpg,NORMAL,train
C:/Users/Ankit/.cache/kagglehub/datasets/masoudnickparvar/brain-tumor-mri-dataset/versions/2/Training/notumor/Tr-no_1064.jpg,NORMAL,train
C:/Users/Ankit/.cache/kagglehub/datasets/masoudnickparvar/brain-tumor-mri-dataset/versions/2/Training/notumor/Tr-no_479.jpg,NORMAL,train
C:/Users/Ankit/.cache/kagglehub/datasets/masoudnickparvar/brain-tumor-mri-dataset/versions/2/Training/notumor/Tr-no_1178.jpg,NORMAL,train
C:/Users/Ankit/.cache/kagglehub/datasets/masoudnickparvar/brain-tumor-mri-dataset/versions/2/Training/notumor/Tr-no_171.jpg,NORMAL,train
C:/Users/Ankit/.cache/kagglehub/datasets/masoudnickparvar/brain-tumor-mri-dataset/versions/2/Testing/notumor/Te-no_115.jpg,NORMAL,train
C:/Users/Ankit/.cache/kagglehub/datasets/masoudnickparvar/brain-tumor-mri-dataset/versions/2/Training/notumor/Tr-no_1190.jpg,NORMAL,train
C:/Users/Ankit/.cache/kagglehub/datasets/masoudnickparvar/brain-tumor-mri-dataset/versions/2/Training/notumor/Tr-no_258.jpg,NORMAL,train
C:/Users/Ankit/.cache/kagglehub/datasets/masoudnickparvar/brain-tumor-mri-dataset/versions/2/Training/notumor/Tr-no_285.jpg,NORMAL,train
C:/Users/Ankit/.cache/kagglehub/datasets/masoudnickparvar/brain-tumor-mri-dataset/versions/2/Training/notumor/Tr-no_730.jpg,NORMAL,train
C:/Users/Ankit/.cache/kagglehub/datasets/masoudnickparvar/brain-tumor-mri-dataset/versions/2/Training/notumor/Tr-no_364.jpg,NORMAL,train
C:/Users/Ankit/.cache/kagglehub/datasets/masoudnickparvar/brain-tumor-mri-dataset/versions/2/Training/notumor/Tr-no_242.jpg,NORMAL,train
C:/Users/Ankit/.cache/kagglehub/datasets/masoudnickparvar/brain-tumor-mri-dataset/versions/2/Training/notumor/Tr-no_1167.jpg,NORMAL,train
C:/Users/Ankit/.cache/kagglehub/datasets/masoudnickparvar/brain-tumor-mri-dataset/versions/2/Training/notumor/Tr-no_659.jpg,NORMAL,train
C:/Users/Ankit/.cache/kagglehub/datasets/masoudnickparvar/brain-tumor-mri-dataset/versions/2/Testing/notumor/Te-no_350.jpg,NORMAL,train
C:/Users/Ankit/.cache/kagglehub/datasets/masoudnickparvar/brain-tumor-mri-dataset/versions/2/Training/notumor/Tr-no_342.jpg,NORMAL,train
C:/Users/Ankit/.cache/kagglehub/datasets/masoudnickparvar/brain-tumor-mri-dataset/versions/2/Training/notumor/Tr-no_874.jpg,NORMAL,train
C:/Users/Ankit/.cache/kagglehub/datasets/masoudnickparvar/brain-tumor-mri-dataset/versions/2/Training/notumor/Tr-no_893.jpg,NORMAL,train
C:/Users/Ankit/.cache/kagglehub/datasets/masoudnickparvar/brain-tumor-mri-dataset/versions/2/Training/notumor/Tr-no_1198.jpg,NORMAL,train
C:/Users/Ankit/.cache/kagglehub/datasets/masoudnickparvar/brain-tumor-mri-dataset/versions/2/Training/notumor/Tr-no_587.jpg,NORMAL,train
C:/Users/Ankit/.cache/kagglehub/datasets/masoudnickparvar/brain-tumor-mri-dataset/versions/2/Training/notumor/Tr-no_664.jpg,NORMAL,train
C:/Users/Ankit/.cache/kagglehub/datasets/masoudnickparvar/brain-tumor-mri-dataset/versions/2/Training/notumor/Tr-no_806.jpg,NORMAL,train
C:/Users/Ankit/.cache/kagglehub/datasets/masoudnickparvar/brain-tumor-mri-dataset/versions/2/Training/notumor/Tr-no_907.jpg,NORMAL,train
C:/Users/Ankit/.cache/kagglehub/datasets/masoudnickparvar/brain-tumor-mri-dataset/versions/2/Training/notumor/Tr-no_1205.jpg,NORMAL,train
C:/Users/Ankit/.cache/kagglehub/datasets/masoudnickparvar/brain-tumor-mri-dataset/versions/2/Training/notumor/Tr-no_192.jpg,NORMAL,train
C:/Users/Ankit/.cache/kagglehub/datasets/masoudnickparvar/brain-tumor-mri-dataset/versions/2/Testing/notumor/Te-no_264.jpg,NORMAL,train
C:/Users/Ankit/.cache/kagglehub/datasets/masoudnickparvar/brain-tumor-mri-dataset/versions/2/Training/notumor/Tr-no_1057.jpg,NORMAL,train
C:/Users/Ankit/.cache/kagglehub/datasets/masoudnickparvar/brain-tumor-mri-dataset/versions/2/Training/notumor/Tr-no_373.jpg,NORMAL,train
C:/Users/Ankit/.cache/kagglehub/datasets/masoudnickparvar/brain-tumor-mri-dataset/versions/2/Training/notumor/Tr-no_266.jpg,NORMAL,train
C:/Users/Ankit/.cache/kagglehub/datasets/masoudnickparvar/brain-tumor-mri-dataset/versions/2/Training/notumor/Tr-no_740.jpg,NORMAL,train
C:/Users/Ankit/.cache/kagglehub/datasets/masoudnickparvar/brain-tumor-mri-dataset/versions/2/Training/notumor/Tr-no_1209.jpg,NORMAL,train
C:/Users/Ankit/.cache/kagglehub/datasets/masoudnickparvar/brain-tumor-mri-dataset/versions/2/Training/notumor/Tr-no_682.jpg,NORMAL,train
C:/Users/Ankit/.cache/kagglehub/datasets/masoudnickparvar/brain-tumor-mri-dataset/versions/2/Training/notumor/Tr-no_343.jpg,NORMAL,train
C:/Users/Ankit/.cache/kagglehub/datasets/masoudnickparvar/brain-tumor-mri-dataset/versions/2/Training/notumor/Tr-no_18.jpg,NORMAL,train
C:/Users/Ankit/.cache/kagglehub/datasets/masoudnickparvar/brain-tumor-mri-dataset/versions/2/Training/notumor/Tr-no_418.jpg,NORMAL,train
C:/Users/Ankit/.cache/kagglehub/datasets/masoudnickparvar/brain-tumor-mri-dataset/versions/2/Training/notumor/Tr-no_922.jpg,NORMAL,train
C:/Users/Ankit/.cache/kagglehub/datasets/masoudnickparvar/brain-tumor-mri-dataset/versions/2/Training/notumor/Tr-no_63.jpg,NORMAL,train
C:/Users/Ankit/.cache/kagglehub/datasets/masoudnickparvar/brain-tumor-mri-dataset/versions/2/Training/notumor/Tr-no_22.jpg,NORMAL,train
C:/Users/Ankit/.cache/kagglehub/datasets/masoudnickparvar/brain-tumor-mri-dataset/versions/2/Training/notumor/Tr-no_90.jpg,NORMAL,train
C:/Users/Ankit/.cache/kagglehub/datasets/masoudnickparvar/brain-tumor-mri-dataset/versions/2/Training/notumor/Tr-no_468.jpg,NORMAL,train
C:/Users/Ankit/.cache/kagglehub/datasets/masoudnickparvar/brain-tumor-mri-dataset/versions/2/Testing/notumor/Te-no_65.jpg,NORMAL,train
C:/Users/Ankit/.cache/kagglehub/datasets/masoudnickparvar/brain-tumor-mri-dataset/versions/2/Training/notumor/Tr-no_372.jpg,NORMAL,train
C:/Users/Ankit/.cache/kagglehub/datasets/masoudnickparvar/brain-tumor-mri-dataset/versions/2/Testing/notumor/Te-no_348.jpg,NORMAL,train
C:/Users/Ankit/.cache/kagglehub/datasets/masoudnickparvar/brain-tumor-mri-dataset/versions/2/Training/notumor/Tr-no_613.jpg,NORMAL,train
C:/Users/Ankit/.cache/kagglehub/datasets/masoudnickparvar/brain-tumor-mri-dataset/versions/2/Training/notumor/Tr-no_595.jpg,NORMAL,train
C:/Users/Ankit/.cache/kagglehub/datasets/masoudnickparvar/brain-tumor-mri-dataset/versions/2/Training/notumor/Tr-no_114.jpg,NORMAL,train
C:/Users/Ankit/.cache/kagglehub/datasets/masoudnickparvar/brain-tumor-mri-dataset/versions/2/Training/notumor/Tr-no_743.jpg,NORMAL,train
C:/Users/Ankit/.cache/kagglehub/datasets/masoudnickparvar/brain-tumor-mri-dataset/versions/2/Training/notumor/Tr-no_239.jpg,NORMAL,train
C:/Users/Ankit/.cache/kagglehub/datasets/masoudnickparvar/brain-tumor-mri-dataset/versions/2/Training/notumor/Tr-no_669.jpg,NORMAL,train
C:/Users/Ankit/.cache/kagglehub/datasets/masoudnickparvar/brain-tumor-mri-dataset/versions/2/Training/notumor/Tr-no_724.jpg,NORMAL,train
C:/Users/Ankit/.cache/kagglehub/datasets/masoudnickparvar/brain-tumor-mri-dataset/versions/2/Training/notumor/Tr-no_1296.jpg,NORMAL,train
C:/Users/Ankit/.cache/kagglehub/datasets/masoudnickparvar/brain-tumor-mri-dataset/versions/2/Testing/notumor/Te-no_163.jpg,NORMAL,train
C:/Users/Ankit/.cache/kagglehub/datasets/masoudnickparvar/brain-tumor-mri-dataset/versions/2/Testing/notumor/Te-no_151.jpg,NORMAL,train
C:/Users/Ankit/.cache/kagglehub/datasets/masoudnickparvar/brain-tumor-mri-dataset/versions/2/Testing/notumor/Te-no_53.jpg,NORMAL,train
C:/Users/Ankit/.cache/kagglehub/datasets/masoudnickparvar/brain-tumor-mri-dataset/versions/2/Training/notumor/Tr-no_349.jpg,NORMAL,train
C:/Users/Ankit/.cache/kagglehub/datasets/masoudnickparvar/brain-tumor-mri-dataset/versions/2/Training/notumor/Tr-no_700.jpg,NORMAL,train
C:/Users/Ankit/.cache/kagglehub/datasets/masoudnickparvar/brain-tumor-mri-dataset/versions/2/Testing/notumor/Te-no_331.jpg,NORMAL,train
C:/Users/Ankit/.cache/kagglehub/datasets/masoudnickparvar/brain-tumor-mri-dataset/versions/2/Training/notumor/Tr-no_533.jpg,NORMAL,train
C:/Users/Ankit/.cache/kagglehub/datasets/masoudnickparvar/brain-tumor-mri-dataset/versions/2/Training/notumor/Tr-no_195.jpg,NORMAL,train
C:/Users/Ankit/.cache/kagglehub/datasets/masoudnickparvar/brain-tumor-mri-dataset/versions/2/Training/notumor/Tr-no_1161.jpg,NORMAL,train
C:/Users/Ankit/.cache/kagglehub/datasets/masoudnickparvar/brain-tumor-mri-dataset/versions/2/Training/notumor/Tr-no_1094.jpg,NORMAL,train
C:/Users/Ankit/.cache/kagglehub/datasets/masoudnickparvar/brain-tumor-mri-dataset/versions/2/Training/notumor/Tr-no_886.jpg,NORMAL,train
C:/Users/Ankit/.cache/kagglehub/datasets/masoudnickparvar/brain-tumor-mri-dataset/versions/2/Training/notumor/Tr-no_1208.jpg,NORMAL,train
C:/Users/Ankit/.cache/kagglehub/datasets/masoudnickparvar/brain-tumor-mri-dataset/versions/2/Training/notumor/Tr-no_1357.jpg,NORMAL,train
C:/Users/Ankit/.cache/kagglehub/datasets/masoudnickparvar/brain-tumor-mri-dataset/versions/2/Testing/notumor/Te-no_254.jpg,NORMAL,train
C:/Users/Ankit/.cache/kagglehub/datasets/masoudnickparvar/brain-tumor-mri-dataset/versions/2/Testing/notumor/Te-no_386.jpg,NORMAL,train
C:/Users/Ankit/.cache/kagglehub/datasets/masoudnickparvar/brain-tumor-mri-dataset/versions/2/Training/notumor/Tr-no_517.jpg,NORMAL,train
C:/Users/Ankit/.cache/kagglehub/datasets/masoudnickparvar/brain-tumor-mri-dataset/versions/2/Training/notumor/Tr-no_1121.jpg,NORMAL,train
C:/Users/Ankit/.cache/kagglehub/datasets/masoudnickparvar/brain-tumor-mri-dataset/versions/2/Testing/notumor/Te-no_290.jpg,NORMAL,train
C:/Users/Ankit/.cache/kagglehub/datasets/masoudnickparvar/brain-tumor-mri-dataset/versions/2/Testing/notumor/Te-no_252.jpg,NORMAL,train
C:/Users/Ankit/.cache/kagglehub/datasets/masoudnickparvar/brain-tumor-mri-dataset/versions/2/Training/notumor/Tr-no_344.jpg,NORMAL,train
C:/Users/Ankit/.cache/kagglehub/datasets/masoudnickparvar/brain-tumor-mri-dataset/versions/2/Training/notumor/Tr-no_6.jpg,NORMAL,train
C:/Users/Ankit/.cache/kagglehub/datasets/masoudnickparvar/brain-tumor-mri-dataset/versions/2/Testing/notumor/Te-no_147.jpg,NORMAL,train
C:/Users/Ankit/.cache/kagglehub/datasets/masoudnickparvar/brain-tumor-mri-dataset/versions/2/Training/notumor/Tr-no_747.jpg,NORMAL,train
C:/Users/Ankit/.cache/kagglehub/datasets/masoudnickparvar/brain-tumor-mri-dataset/versions/2/Training/notumor/Tr-no_72.jpg,NORMAL,train
C:/Users/Ankit/.cache/kagglehub/datasets/masoudnickparvar/brain-tumor-mri-dataset/versions/2/Training/notumor/Tr-no_250.jpg,NORMAL,train
C:/Users/Ankit/.cache/kagglehub/datasets/masoudnickparvar/brain-tumor-mri-dataset/versions/2/Testing/notumor/Te-no_216.jpg,NORMAL,train
C:/Users/Ankit/.cache/kagglehub/datasets/masoudnickparvar/brain-tumor-mri-dataset/versions/2/Testing/notumor/Te-no_275.jpg,NORMAL,train
C:/Users/Ankit/.cache/kagglehub/datasets/masoudnickparvar/brain-tumor-mri-dataset/versions/2/Testing/notumor/Te-no_289.jpg,NORMAL,train
C:/Users/Ankit/.cache/kagglehub/datasets/masoudnickparvar/brain-tumor-mri-dataset/versions/2/Training/notumor/Tr-no_963.jpg,NORMAL,train
C:/Users/Ankit/.cache/kagglehub/datasets/masoudnickparvar/brain-tumor-mri-dataset/versions/2/Testing/notumor/Te-no_46.jpg,NORMAL,train
C:/Users/Ankit/.cache/kagglehub/datasets/masoudnickparvar/brain-tumor-mri-dataset/versions/2/Training/notumor/Tr-no_71.jpg,NORMAL,train
C:/Users/Ankit/.cache/kagglehub/datasets/masoudnickparvar/brain-tumor-mri-dataset/versions/2/Training/notumor/Tr-no_91.jpg,NORMAL,train
C:/Users/Ankit/.cache/kagglehub/datasets/masoudnickparvar/brain-tumor-mri-dataset/versions/2/Training/notumor/Tr-no_1101.jpg,NORMAL,train
C:/Users/Ankit/.cache/kagglehub/datasets/masoudnickparvar/brain-tumor-mri-dataset/versions/2/Training/notumor/Tr-no_599.jpg,NORMAL,train
C:/Users/Ankit/.cache/kagglehub/datasets/masoudnickparvar/brain-tumor-mri-dataset/versions/2/Training/notumor/Tr-no_78.jpg,NORMAL,train
C:/Users/Ankit/.cache/kagglehub/datasets/masoudnickparvar/brain-tumor-mri-dataset/versions/2/Testing/notumor/Te-no_33.jpg,NORMAL,train
C:/Users/Ankit/.cache/kagglehub/datasets/masoudnickparvar/brain-tumor-mri-dataset/versions/2/Testing/notumor/Te-no_141.jpg,NORMAL,train
C:/Users/Ankit/.cache/kagglehub/datasets/masoudnickparvar/brain-tumor-mri-dataset/versions/2/Training/notumor/Tr-no_712.jpg,NORMAL,train
C:/Users/Ankit/.cache/kagglehub/datasets/masoudnickparvar/brain-tumor-mri-dataset/versions/2/Testing/notumor/Te-no_47.jpg,NORMAL,train
C:/Users/Ankit/.cache/kagglehub/datasets/masoudnickparvar/brain-tumor-mri-dataset/versions/2/Training/notumor/Tr-no_1400.jpg,NORMAL,train
C:/Users/Ankit/.cache/kagglehub/datasets/masoudnickparvar/brain-tumor-mri-dataset/versions/2/Training/notumor/Tr-no_208.jpg,NORMAL,train
C:/Users/Ankit/.cache/kagglehub/datasets/masoudnickparvar/brain-tumor-mri-dataset/versions/2/Training/notumor/Tr-no_338.jpg,NORMAL,train
C:/Users/Ankit/.cache/kagglehub/datasets/masoudnickparvar/brain-tumor-mri-dataset/versions/2/Training/notumor/Tr-no_460.jpg,NORMAL,train
C:/Users/Ankit/.cache/kagglehub/datasets/masoudnickparvar/brain-tumor-mri-dataset/versions/2/Training/notumor/Tr-no_1307.jpg,NORMAL,train
C:/Users/Ankit/.cache/kagglehub/datasets/masoudnickparvar/brain-tumor-mri-dataset/versions/2/Training/notumor/Tr-no_199.jpg,NORMAL,train
C:/Users/Ankit/.cache/kagglehub/datasets/masoudnickparvar/brain-tumor-mri-dataset/versions/2/Training/notumor/Tr-no_1138.jpg,NORMAL,train
C:/Users/Ankit/.cache/kagglehub/datasets/masoudnickparvar/brain-tumor-mri-dataset/versions/2/Training/notumor/Tr-no_867.jpg,NORMAL,train
C:/Users/Ankit/.cache/kagglehub/datasets/masoudnickparvar/brain-tumor-mri-dataset/versions/2/Training/notumor/Tr-no_567.jpg,NORMAL,train
C:/Users/Ankit/.cache/kagglehub/datasets/masoudnickparvar/brain-tumor-mri-dataset/versions/2/Training/notumor/Tr-no_494.jpg,NORMAL,train
C:/Users/Ankit/.cache/kagglehub/datasets/masoudnickparvar/brain-tumor-mri-dataset/versions/2/Training/notumor/Tr-no_1130.jpg,NORMAL,train
C:/Users/Ankit/.cache/kagglehub/datasets/masoudnickparvar/brain-tumor-mri-dataset/versions/2/Training/notumor/Tr-no_1175.jpg,NORMAL,train
C:/Users/Ankit/.cache/kagglehub/datasets/masoudnickparvar/brain-tumor-mri-dataset/versions/2/Training/notumor/Tr-no_582.jpg,NORMAL,train
C:/Users/Ankit/.cache/kagglehub/datasets/masoudnickparvar/brain-tumor-mri-dataset/versions/2/Training/notumor/Tr-no_1221.jpg,NORMAL,train
C:/Users/Ankit/.cache/kagglehub/datasets/masoudnickparvar/brain-tumor-mri-dataset/versions/2/Training/notumor/Tr-no_790.jpg,NORMAL,train
C:/Users/Ankit/.cache/kagglehub/datasets/masoudnickparvar/brain-tumor-mri-dataset/versions/2/Training/notumor/Tr-no_1059.jpg,NORMAL,train
C:/Users/Ankit/.cache/kagglehub/datasets/masoudnickparvar/brain-tumor-mri-dataset/versions/2/Training/notumor/Tr-no_1271.jpg,NORMAL,train
C:/Users/Ankit/.cache/kagglehub/datasets/masoudnickparvar/brain-tumor-mri-dataset/versions/2/Training/notumor/Tr-no_937.jpg,NORMAL,train
C:/Users/Ankit/.cache/kagglehub/datasets/masoudnickparvar/brain-tumor-mri-dataset/versions/2/Testing/notumor/Te-no_245.jpg,NORMAL,train
C:/Users/Ankit/.cache/kagglehub/datasets/masoudnickparvar/brain-tumor-mri-dataset/versions/2/Testing/notumor/Te-no_230.jpg,NORMAL,train
C:/Users/Ankit/.cache/kagglehub/datasets/masoudnickparvar/brain-tumor-mri-dataset/versions/2/Training/notumor/Tr-no_1384.jpg,NORMAL,train
C:/Users/Ankit/.cache/kagglehub/datasets/masoudnickparvar/brain-tumor-mri-dataset/versions/2/Training/notumor/Tr-no_701.jpg,NORMAL,train
C:/Users/Ankit/.cache/kagglehub/datasets/masoudnickparvar/brain-tumor-mri-dataset/versions/2/Training/notumor/Tr-no_722.jpg,NORMAL,train
C:/Users/Ankit/.cache/kagglehub/datasets/masoudnickparvar/brain-tumor-mri-dataset/versions/2/Training/notumor/Tr-no_541.jpg,NORMAL,train
C:/Users/Ankit/.cache/kagglehub/datasets/masoudnickparvar/brain-tumor-mri-dataset/versions/2/Training/notumor/Tr-no_687.jpg,NORMAL,train
C:/Users/Ankit/.cache/kagglehub/datasets/masoudnickparvar/brain-tumor-mri-dataset/versions/2/Training/notumor/Tr-no_126.jpg,NORMAL,train
C:/Users/Ankit/.cache/kagglehub/datasets/masoudnickparvar/brain-tumor-mri-dataset/versions/2/Training/notumor/Tr-no_896.jpg,NORMAL,train
C:/Users/Ankit/.cache/kagglehub/datasets/masoudnickparvar/brain-tumor-mri-dataset/versions/2/Testing/notumor/Te-no_48.jpg,NORMAL,train
C:/Users/Ankit/.cache/kagglehub/datasets/masoudnickparvar/brain-tumor-mri-dataset/versions/2/Testing/notumor/Te-no_366.jpg,NORMAL,train
C:/Users/Ankit/.cache/kagglehub/datasets/masoudnickparvar/brain-tumor-mri-dataset/versions/2/Training/notumor/Tr-no_542.jpg,NORMAL,train
C:/Users/Ankit/.cache/kagglehub/datasets/masoudnickparvar/brain-tumor-mri-dataset/versions/2/Training/notumor/Tr-no_232.jpg,NORMAL,train
C:/Users/Ankit/.cache/kagglehub/datasets/masoudnickparvar/brain-tumor-mri-dataset/versions/2/Training/notumor/Tr-no_901.jpg,NORMAL,train
C:/Users/Ankit/.cache/kagglehub/datasets/masoudnickparvar/brain-tumor-mri-dataset/versions/2/Training/notumor/Tr-no_509.jpg,NORMAL,train
C:/Users/Ankit/.cache/kagglehub/datasets/masoudnickparvar/brain-tumor-mri-dataset/versions/2/Training/notumor/Tr-no_693.jpg,NORMAL,train
C:/Users/Ankit/.cache/kagglehub/datasets/masoudnickparvar/brain-tumor-mri-dataset/versions/2/Training/notumor/Tr-no_768.jpg,NORMAL,train
C:/Users/Ankit/.cache/kagglehub/datasets/masoudnickparvar/brain-tumor-mri-dataset/versions/2/Training/notumor/Tr-no_201.jpg,NORMAL,train
C:/Users/Ankit/.cache/kagglehub/datasets/masoudnickparvar/brain-tumor-mri-dataset/versions/2/Training/notumor/Tr-no_277.jpg,NORMAL,train
C:/Users/Ankit/.cache/kagglehub/datasets/masoudnickparvar/brain-tumor-mri-dataset/versions/2/Training/notumor/Tr-no_884.jpg,NORMAL,train
C:/Users/Ankit/.cache/kagglehub/datasets/masoudnickparvar/brain-tumor-mri-dataset/versions/2/Training/notumor/Tr-no_619.jpg,NORMAL,train
C:/Users/Ankit/.cache/kagglehub/datasets/masoudnickparvar/brain-tumor-mri-dataset/versions/2/Training/notumor/Tr-no_1237.jpg,NORMAL,train
C:/Users/Ankit/.cache/kagglehub/datasets/masoudnickparvar/brain-tumor-mri-dataset/versions/2/Training/notumor/Tr-no_1293.jpg,NORMAL,train
C:/Users/Ankit/.cache/kagglehub/datasets/masoudnickparvar/brain-tumor-mri-dataset/versions/2/Training/notumor/Tr-no_857.jpg,NORMAL,train
C:/Users/Ankit/.cache/kagglehub/datasets/masoudnickparvar/brain-tumor-mri-dataset/versions/2/Training/notumor/Tr-no_738.jpg,NORMAL,train
C:/Users/Ankit/.cache/kagglehub/datasets/masoudnickparvar/brain-tumor-mri-dataset/versions/2/Training/notumor/Tr-no_370.jpg,NORMAL,train
C:/Users/Ankit/.cache/kagglehub/datasets/masoudnickparvar/brain-tumor-mri-dataset/versions/2/Training/notumor/Tr-no_575.jpg,NORMAL,train
C:/Users/Ankit/.cache/kagglehub/datasets/masoudnickparvar/brain-tumor-mri-dataset/versions/2/Training/notumor/Tr-no_576.jpg,NORMAL,train
C:/Users/Ankit/.cache/kagglehub/datasets/masoudnickparvar/brain-tumor-mri-dataset/versions/2/Training/notumor/Tr-no_70.jpg,NORMAL,train
C:/Users/Ankit/.cache/kagglehub/datasets/masoudnickparvar/brain-tumor-mri-dataset/versions/2/Training/notumor/Tr-no_991.jpg,NORMAL,train
C:/Users/Ankit/.cache/kagglehub/datasets/masoudnickparvar/brain-tumor-mri-dataset/versions/2/Training/notumor/Tr-no_1004.jpg,NORMAL,train
C:/Users/Ankit/.cache/kagglehub/datasets/masoudnickparvar/brain-tumor-mri-dataset/versions/2/Training/notumor/Tr-no_495.jpg,NORMAL,train
C:/Users/Ankit/.cache/kagglehub/datasets/masoudnickparvar/brain-tumor-mri-dataset/versions/2/Training/notumor/Tr-no_630.jpg,NORMAL,train
C:/Users/Ankit/.cache/kagglehub/datasets/masoudnickparvar/brain-tumor-mri-dataset/versions/2/Training/notumor/Tr-no_1286.jpg,NORMAL,train
C:/Users/Ankit/.cache/kagglehub/datasets/masoudnickparvar/brain-tumor-mri-dataset/versions/2/Testing/notumor/Te-no_322.jpg,NORMAL,train
C:/Users/Ankit/.cache/kagglehub/datasets/masoudnickparvar/brain-tumor-mri-dataset/versions/2/Training/notumor/Tr-no_1398.jpg,NORMAL,train
C:/Users/Ankit/.cache/kagglehub/datasets/masoudnickparvar/brain-tumor-mri-dataset/versions/2/Testing/notumor/Te-no_135.jpg,NORMAL,train
C:/Users/Ankit/.cache/kagglehub/datasets/masoudnickparvar/brain-tumor-mri-dataset/versions/2/Training/notumor/Tr-no_1272.jpg,NORMAL,train
C:/Users/Ankit/.cache/kagglehub/datasets/masoudnickparvar/brain-tumor-mri-dataset/versions/2/Training/notumor/Tr-no_990.jpg,NORMAL,train
C:/Users/Ankit/.cache/kagglehub/datasets/masoudnickparvar/brain-tumor-mri-dataset/versions/2/Training/notumor/Tr-no_958.jpg,NORMAL,train
C:/Users/Ankit/.cache/kagglehub/datasets/masoudnickparvar/brain-tumor-mri-dataset/versions/2/Training/notumor/Tr-no_410.jpg,NORMAL,train
C:/Users/Ankit/.cache/kagglehub/datasets/masoudnickparvar/brain-tumor-mri-dataset/versions/2/Training/notumor/Tr-no_1301.jpg,NORMAL,train
C:/Users/Ankit/.cache/kagglehub/datasets/masoudnickparvar/brain-tumor-mri-dataset/versions/2/Training/notumor/Tr-no_1303.jpg,NORMAL,train
C:/Users/Ankit/.cache/kagglehub/datasets/masoudnickparvar/brain-tumor-mri-dataset/versions/2/Training/notumor/Tr-no_1117.jpg,NORMAL,train
C:/Users/Ankit/.cache/kagglehub/datasets/masoudnickparvar/brain-tumor-mri-dataset/versions/2/Training/notumor/Tr-no_1255.jpg,NORMAL,train
C:/Users/Ankit/.cache/kagglehub/datasets/masoudnickparvar/brain-tumor-mri-dataset/versions/2/Training/notumor/Tr-no_207.jpg,NORMAL,train
C:/Users/Ankit/.cache/kagglehub/datasets/masoudnickparvar/brain-tumor-mri-dataset/versions/2/Testing/notumor/Te-no_277.jpg,NORMAL,train
C:/Users/Ankit/.cache/kagglehub/datasets/masoudnickparvar/brain-tumor-mri-dataset/versions/2/Training/notumor/Tr-no_539.jpg,NORMAL,train
C:/Users/Ankit/.cache/kagglehub/datasets/masoudnickparvar/brain-tumor-mri-dataset/versions/2/Training/notumor/Tr-no_791.jpg,NORMAL,train
C:/Users/Ankit/.cache/kagglehub/datasets/masoudnickparvar/brain-tumor-mri-dataset/versions/2/Training/notumor/Tr-no_1106.jpg,NORMAL,train
C:/Users/Ankit/.cache/kagglehub/datasets/masoudnickparvar/brain-tumor-mri-dataset/versions/2/Training/notumor/Tr-no_1035.jpg,NORMAL,train
C:/Users/Ankit/.cache/kagglehub/datasets/masoudnickparvar/brain-tumor-mri-dataset/versions/2/Testing/notumor/Te-no_209.jpg,NORMAL,train
C:/Users/Ankit/.cache/kagglehub/datasets/masoudnickparvar/brain-tumor-mri-dataset/versions/2/Testing/notumor/Te-no_40.jpg,NORMAL,train
C:/Users/Ankit/.cache/kagglehub/datasets/masoudnickparvar/brain-tumor-mri-dataset/versions/2/Training/notumor/Tr-no_651.jpg,NORMAL,train
C:/Users/Ankit/.cache/kagglehub/datasets/masoudnickparvar/brain-tumor-mri-dataset/versions/2/Testing/notumor/Te-no_281.jpg,NORMAL,train
C:/Users/Ankit/.cache/kagglehub/datasets/masoudnickparvar/brain-tumor-mri-dataset/versions/2/Training/notumor/Tr-no_946.jpg,NORMAL,val
C:/Users/Ankit/.cache/kagglehub/datasets/masoudnickparvar/brain-tumor-mri-dataset/versions/2/Testing/notumor/Te-no_187.jpg,NORMAL,val
C:/Users/Ankit/.cache/kagglehub/datasets/masoudnickparvar/brain-tumor-mri-dataset/versions/2/Training/notumor/Tr-no_424.jpg,NORMAL,val
C:/Users/Ankit/.cache/kagglehub/datasets/masoudnickparvar/brain-tumor-mri-dataset/versions/2/Training/notumor/Tr-no_414.jpg,NORMAL,val
C:/Users/Ankit/.cache/kagglehub/datasets/masoudnickparvar/brain-tumor-mri-dataset/versions/2/Training/notumor/Tr-no_110.jpg,NORMAL,val
C:/Users/Ankit/.cache/kagglehub/datasets/masoudnickparvar/brain-tumor-mri-dataset/versions/2/Training/notumor/Tr-no_1191.jpg,NORMAL,val
C:/Users/Ankit/.cache/kagglehub/datasets/masoudnickparvar/brain-tumor-mri-dataset/versions/2/Training/notumor/Tr-no_275.jpg,NORMAL,val
C:/Users/Ankit/.cache/kagglehub/datasets/masoudnickparvar/brain-tumor-mri-dataset/versions/2/Training/notumor/Tr-no_732.jpg,NORMAL,val
C:/Users/Ankit/.cache/kagglehub/datasets/masoudnickparvar/brain-tumor-mri-dataset/versions/2/Training/notumor/Tr-no_362.jpg,NORMAL,val
C:/Users/Ankit/.cache/kagglehub/datasets/masoudnickparvar/brain-tumor-mri-dataset/versions/2/Training/notumor/Tr-no_330.jpg,NORMAL,val
C:/Users/Ankit/.cache/kagglehub/datasets/masoudnickparvar/brain-tumor-mri-dataset/versions/2/Training/notumor/Tr-no_540.jpg,NORMAL,val
C:/Users/Ankit/.cache/kagglehub/datasets/masoudnickparvar/brain-tumor-mri-dataset/versions/2/Testing/notumor/Te-no_347.jpg,NORMAL,val
C:/Users/Ankit/.cache/kagglehub/datasets/masoudnickparvar/brain-tumor-mri-dataset/versions/2/Training/notumor/Tr-no_3.jpg,NORMAL,val
C:/Users/Ankit/.cache/kagglehub/datasets/masoudnickparvar/brain-tumor-mri-dataset/versions/2/Training/notumor/Tr-no_155.jpg,NORMAL,val
C:/Users/Ankit/.cache/kagglehub/datasets/masoudnickparvar/brain-tumor-mri-dataset/versions/2/Testing/notumor/Te-no_64.jpg,NORMAL,val
C:/Users/Ankit/.cache/kagglehub/datasets/masoudnickparvar/brain-tumor-mri-dataset/versions/2/Training/notumor/Tr-no_802.jpg,NORMAL,val
C:/Users/Ankit/.cache/kagglehub/datasets/masoudnickparvar/brain-tumor-mri-dataset/versions/2/Training/notumor/Tr-no_25.jpg,NORMAL,val
C:/Users/Ankit/.cache/kagglehub/datasets/masoudnickparvar/brain-tumor-mri-dataset/versions/2/Testing/notumor/Te-no_375.jpg,NORMAL,val
C:/Users/Ankit/.cache/kagglehub/datasets/masoudnickparvar/brain-tumor-mri-dataset/versions/2/Testing/notumor/Te-no_368.jpg,NORMAL,val
C:/Users/Ankit/.cache/kagglehub/datasets/masoudnickparvar/brain-tumor-mri-dataset/versions/2/Training/notumor/Tr-no_10.jpg,NORMAL,val
C:/Users/Ankit/.cache/kagglehub/datasets/masoudnickparvar/brain-tumor-mri-dataset/versions/2/Training/notumor/Tr-no_1340.jpg,NORMAL,val
C:/Users/Ankit/.cache/kagglehub/datasets/masoudnickparvar/brain-tumor-mri-dataset/versions/2/Training/notumor/Tr-no_175.jpg,NORMAL,val
C:/Users/Ankit/.cache/kagglehub/datasets/masoudnickparvar/brain-tumor-mri-dataset/versions/2/Training/notumor/Tr-no_401.jpg,NORMAL,val
C:/Users/Ankit/.cache/kagglehub/datasets/masoudnickparvar/brain-tumor-mri-dataset/versions/2/Training/notumor/Tr-no_1072.jpg,NORMAL,val
C:/Users/Ankit/.cache/kagglehub/datasets/masoudnickparvar/brain-tumor-mri-dataset/versions/2/Training/notumor/Tr-no_1135.jpg,NORMAL,val
C:/Users/Ankit/.cache/kagglehub/datasets/masoudnickparvar/brain-tumor-mri-dataset/versions/2/Testing/notumor/Te-no_283.jpg,NORMAL,val
C:/Users/Ankit/.cache/kagglehub/datasets/masoudnickparvar/brain-tumor-mri-dataset/versions/2/Training/notumor/Tr-no_106.jpg,NORMAL,val
C:/Users/Ankit/.cache/kagglehub/datasets/masoudnickparvar/brain-tumor-mri-dataset/versions/2/Training/notumor/Tr-no_642.jpg,NORMAL,val
C:/Users/Ankit/.cache/kagglehub/datasets/masoudnickparvar/brain-tumor-mri-dataset/versions/2/Training/notumor/Tr-no_44.jpg,NORMAL,val
C:/Users/Ankit/.cache/kagglehub/datasets/masoudnickparvar/brain-tumor-mri-dataset/versions/2/Testing/notumor/Te-no_340.jpg,NORMAL,val
C:/Users/Ankit/.cache/kagglehub/datasets/masoudnickparvar/brain-tumor-mri-dataset/versions/2/Training/notumor/Tr-no_431.jpg,NORMAL,val
C:/Users/Ankit/.cache/kagglehub/datasets/masoudnickparvar/brain-tumor-mri-dataset/versions/2/Testing/notumor/Te-no_70.jpg,NORMAL,val
C:/Users/Ankit/.cache/kagglehub/datasets/masoudnickparvar/brain-tumor-mri-dataset/versions/2/Training/notumor/Tr-no_209.jpg,NORMAL,val
C:/Users/Ankit/.cache/kagglehub/datasets/masoudnickparvar/brain-tumor-mri-dataset/versions/2/Training/notumor/Tr-no_1153.jpg,NORMAL,val
C:/Users/Ankit/.cache/kagglehub/datasets/masoudnickparvar/brain-tumor-mri-dataset/versions/2/Training/notumor/Tr-no_905.jpg,NORMAL,val
C:/Users/Ankit/.cache/kagglehub/datasets/masoudnickparvar/brain-tumor-mri-dataset/versions/2/Training/notumor/Tr-no_1310.jpg,NORMAL,val
C:/Users/Ankit/.cache/kagglehub/datasets/masoudnickparvar/brain-tumor-mri-dataset/versions/2/Training/notumor/Tr-no_1324.jpg,NORMAL,val
C:/Users/Ankit/.cache/kagglehub/datasets/masoudnickparvar/brain-tumor-mri-dataset/versions/2/Training/notumor/Tr-no_801.jpg,NORMAL,val
C:/Users/Ankit/.cache/kagglehub/datasets/masoudnickparvar/brain-tumor-mri-dataset/versions/2/Training/notumor/Tr-no_150.jpg,NORMAL,val
C:/Users/Ankit/.cache/kagglehub/datasets/masoudnickparvar/brain-tumor-mri-dataset/versions/2/Training/notumor/Tr-no_728.jpg,NORMAL,val
C:/Users/Ankit/.cache/kagglehub/datasets/masoudnickparvar/brain-tumor-mri-dataset/versions/2/Training/notumor/Tr-no_16.jpg,NORMAL,val
C:/Users/Ankit/.cache/kagglehub/datasets/masoudnickparvar/brain-tumor-mri-dataset/versions/2/Training/notumor/Tr-no_782.jpg,NORMAL,val
C:/Users/Ankit/.cache/kagglehub/datasets/masoudnickparvar/brain-tumor-mri-dataset/versions/2/Testing/notumor/Te-no_78.jpg,NORMAL,val
C:/Users/Ankit/.cache/kagglehub/datasets/masoudnickparvar/brain-tumor-mri-dataset/versions/2/Training/notumor/Tr-no_1312.jpg,NORMAL,val
C:/Users/Ankit/.cache/kagglehub/datasets/masoudnickparvar/brain-tumor-mri-dataset/versions/2/Training/notumor/Tr-no_1270.jpg,NORMAL,val
C:/Users/Ankit/.cache/kagglehub/datasets/masoudnickparvar/brain-tumor-mri-dataset/versions/2/Training/notumor/Tr-no_508.jpg,NORMAL,val
C:/Users/Ankit/.cache/kagglehub/datasets/masoudnickparvar/brain-tumor-mri-dataset/versions/2/Training/notumor/Tr-no_917.jpg,NORMAL,val
C:/Users/Ankit/.cache/kagglehub/datasets/masoudnickparvar/brain-tumor-mri-dataset/versions/2/Training/notumor/Tr-no_787.jpg,NORMAL,val
C:/Users/Ankit/.cache/kagglehub/datasets/masoudnickparvar/brain-tumor-mri-dataset/versions/2/Training/notumor/Tr-no_1075.jpg,NORMAL,val
C:/Users/Ankit/.cache/kagglehub/datasets/masoudnickparvar/brain-tumor-mri-dataset/versions/2/Training/notumor/Tr-no_912.jpg,NORMAL,val
C:/Users/Ankit/.cache/kagglehub/datasets/masoudnickparvar/brain-tumor-mri-dataset/versions/2/Training/notumor/Tr-no_39.jpg,NORMAL,val
C:/Users/Ankit/.cache/kagglehub/datasets/masoudnickparvar/brain-tumor-mri-dataset/versions/2/Testing/notumor/Te-no_84.jpg,NORMAL,val
C:/Users/Ankit/.cache/kagglehub/datasets/masoudnickparvar/brain-tumor-mri-dataset/versions/2/Training/notumor/Tr-no_1116.jpg,NORMAL,val
C:/Users/Ankit/.cache/kagglehub/datasets/masoudnickparvar/brain-tumor-mri-dataset/versions/2/Training/notumor/Tr-no_507.jpg,NORMAL,val
C:/Users/Ankit/.cache/kagglehub/datasets/masoudnickparvar/brain-tumor-mri-dataset/versions/2/Training/notumor/Tr-no_1304.jpg,NORMAL,val
C:/Users/Ankit/.cache/kagglehub/datasets/masoudnickparvar/brain-tumor-mri-dataset/versions/2/Training/notumor/Tr-no_1238.jpg,NORMAL,val
C:/Users/Ankit/.cache/kagglehub/datasets/masoudnickparvar/brain-tumor-mri-dataset/versions/2/Testing/notumor/Te-no_285.jpg,NORMAL,val
C:/Users/Ankit/.cache/kagglehub/datasets/masoudnickparvar/brain-tumor-mri-dataset/versions/2/Training/notumor/Tr-no_449.jpg,NORMAL,val
C:/Users/Ankit/.cache/kagglehub/datasets/masoudnickparvar/brain-tumor-mri-dataset/versions/2/Training/notumor/Tr-no_1338.jpg,NORMAL,val
C:/Users/Ankit/.cache/kagglehub/datasets/masoudnickparvar/brain-tumor-mri-dataset/versions/2/Training/notumor/Tr-no_1026.jpg,NORMAL,val
C:/Users/Ankit/.cache/kagglehub/datasets/masoudnickparvar/brain-tumor-mri-dataset/versions/2/Training/notumor/Tr-no_879.jpg,NORMAL,val
C:/Users/Ankit/.cache/kagglehub/datasets/masoudnickparvar/brain-tumor-mri-dataset/versions/2/Testing/notumor/Te-no_120.jpg,NORMAL,val
C:/Users/Ankit/.cache/kagglehub/datasets/masoudnickparvar/brain-tumor-mri-dataset/versions/2/Testing/notumor/Te-no_114.jpg,NORMAL,val
C:/Users/Ankit/.cache/kagglehub/datasets/masoudnickparvar/brain-tumor-mri-dataset/versions/2/Training/notumor/Tr-no_649.jpg,NORMAL,val
C:/Users/Ankit/.cache/kagglehub/datasets/masoudnickparvar/brain-tumor-mri-dataset/versions/2/Training/notumor/Tr-no_807.jpg,NORMAL,val
C:/Users/Ankit/.cache/kagglehub/datasets/masoudnickparvar/brain-tumor-mri-dataset/versions/2/Training/notumor/Tr-no_226.jpg,NORMAL,val
C:/Users/Ankit/.cache/kagglehub/datasets/masoudnickparvar/brain-tumor-mri-dataset/versions/2/Training/notumor/Tr-no_89.jpg,NORMAL,val
C:/Users/Ankit/.cache/kagglehub/datasets/masoudnickparvar/brain-tumor-mri-dataset/versions/2/Training/notumor/Tr-no_882.jpg,NORMAL,val
C:/Users/Ankit/.cache/kagglehub/datasets/masoudnickparvar/brain-tumor-mri-dataset/versions/2/Testing/notumor/Te-no_320.jpg,NORMAL,val
C:/Users/Ankit/.cache/kagglehub/datasets/masoudnickparvar/brain-tumor-mri-dataset/versions/2/Training/notumor/Tr-no_220.jpg,NORMAL,val
C:/Users/Ankit/.cache/kagglehub/datasets/masoudnickparvar/brain-tumor-mri-dataset/versions/2/Testing/notumor/Te-no_60.jpg,NORMAL,val
C:/Users/Ankit/.cache/kagglehub/datasets/masoudnickparvar/brain-tumor-mri-dataset/versions/2/Training/notumor/Tr-no_643.jpg,NORMAL,val
C:/Users/Ankit/.cache/kagglehub/datasets/masoudnickparvar/brain-tumor-mri-dataset/versions/2/Training/notumor/Tr-no_1364.jpg,NORMAL,val
C:/Users/Ankit/.cache/kagglehub/datasets/masoudnickparvar/brain-tumor-mri-dataset/versions/2/Training/notumor/Tr-no_852.jpg,NORMAL,val
C:/Users/Ankit/.cache/kagglehub/datasets/masoudnickparvar/brain-tumor-mri-dataset/versions/2/Training/notumor/Tr-no_304.jpg,NORMAL,val
C:/Users/Ankit/.cache/kagglehub/datasets/masoudnickparvar/brain-tumor-mri-dataset/versions/2/Testing/notumor/Te-no_159.jpg,NORMAL,val
C:/Users/Ankit/.cache/kagglehub/datasets/masoudnickparvar/brain-tumor-mri-dataset/versions/2/Training/notumor/Tr-no_375.jpg,NORMAL,val
C:/Users/Ankit/.cache/kagglehub/datasets/masoudnickparvar/brain-tumor-mri-dataset/versions/2/Training/notumor/Tr-no_26.jpg,NORMAL,val
C:/Users/Ankit/.cache/kagglehub/datasets/masoudnickparvar/brain-tumor-mri-dataset/versions/2/Training/notumor/Tr-no_158.jpg,NORMAL,val
C:/Users/Ankit/.cache/kagglehub/datasets/masoudnickparvar/brain-tumor-mri-dataset/versions/2/Training/notumor/Tr-no_347.jpg,NORMAL,val
C:/Users/Ankit/.cache/kagglehub/datasets/masoudnickparvar/brain-tumor-mri-dataset/versions/2/Testing/notumor/Te-no_199.jpg,NORMAL,val
C:/Users/Ankit/.cache/kagglehub/datasets/masoudnickparvar/brain-tumor-mri-dataset/versions/2/Testing/notumor/Te-no_335.jpg,NORMAL,val
C:/Users/Ankit/.cache/kagglehub/datasets/masoudnickparvar/brain-tumor-mri-dataset/versions/2/Training/notumor/Tr-no_441.jpg,NORMAL,val
C:/Users/Ankit/.cache/kagglehub/datasets/masoudnickparvar/brain-tumor-mri-dataset/versions/2/Training/notumor/Tr-no_911.jpg,NORMAL,val
C:/Users/Ankit/.cache/kagglehub/datasets/masoudnickparvar/brain-tumor-mri-dataset/versions/2/Training/notumor/Tr-no_1371.jpg,NORMAL,val
C:/Users/Ankit/.cache/kagglehub/datasets/masoudnickparvar/brain-tumor-mri-dataset/versions/2/Training/notumor/Tr-no_1154.jpg,NORMAL,val
C:/Users/Ankit/.cache/kagglehub/datasets/masoudnickparvar/brain-tumor-mri-dataset/versions/2/Training/notumor/Tr-no_32.jpg,NORMAL,val
C:/Users/Ankit/.cache/kagglehub/datasets/masoudnickparvar/brain-tumor-mri-dataset/versions/2/Training/notumor/Tr-no_786.jpg,NORMAL,val
C:/Users/Ankit/.cache/kagglehub/datasets/masoudnickparvar/brain-tumor-mri-dataset/versions/2/Training/notumor/Tr-no_283.jpg,NORMAL,val
C:/Users/Ankit/.cache/kagglehub/datasets/masoudnickparvar/brain-tumor-mri-dataset/versions/2/Training/notumor/Tr-no_1144.jpg,NORMAL,val
C:/Users/Ankit/.cache/kagglehub/datasets/masoudnickparvar/brain-tumor-mri-dataset/versions/2/Training/notumor/Tr-no_437.jpg,NORMAL,val
C:/Users/Ankit/.cache/kagglehub/datasets/masoudnickparvar/brain-tumor-mri-dataset/versions/2/Training/notumor/Tr-no_765.jpg,NORMAL,val
C:/Users/Ankit/.cache/kagglehub/datasets/masoudnickparvar/brain-tumor-mri-dataset/versions/2/Training/notumor/Tr-no_1219.jpg,NORMAL,val
C:/Users/Ankit/.cache/kagglehub/datasets/masoudnickparvar/brain-tumor-mri-dataset/versions/2/Training/notumor/Tr-no_522.jpg,NORMAL,val
C:/Users/Ankit/.cache/kagglehub/datasets/masoudnickparvar/brain-tumor-mri-dataset/versions/2/Training/notumor/Tr-no_1322.jpg,NORMAL,val
C:/Users/Ankit/.cache/kagglehub/datasets/masoudnickparvar/brain-tumor-mri-dataset/versions/2/Training/notumor/Tr-no_816.jpg,NORMAL,val
C:/Users/Ankit/.cache/kagglehub/datasets/masoudnickparvar/brain-tumor-mri-dataset/versions/2/Testing/notumor/Te-no_177.jpg,NORMAL,val
C:/Users/Ankit/.cache/kagglehub/datasets/masoudnickparvar/brain-tumor-mri-dataset/versions/2/Training/notumor/Tr-no_376.jpg,NORMAL,val
C:/Users/Ankit/.cache/kagglehub/datasets/masoudnickparvar/brain-tumor-mri-dataset/versions/2/Testing/notumor/Te-no_110.jpg,NORMAL,val
C:/Users/Ankit/.cache/kagglehub/datasets/masoudnickparvar/brain-tumor-mri-dataset/versions/2/Training/notumor/Tr-no_904.jpg,NORMAL,val
C:/Users/Ankit/.cache/kagglehub/datasets/masoudnickparvar/brain-tumor-mri-dataset/versions/2/Training/notumor/Tr-no_286.jpg,NORMAL,val
C:/Users/Ankit/.cache/kagglehub/datasets/masoudnickparvar/brain-tumor-mri-dataset/versions/2/Training/notumor/Tr-no_600.jpg,NORMAL,val
C:/Users/Ankit/.cache/kagglehub/datasets/masoudnickparvar/brain-tumor-mri-dataset/versions/2/Training/notumor/Tr-no_624.jpg,NORMAL,val
C:/Users/Ankit/.cache/kagglehub/datasets/masoudnickparvar/brain-tumor-mri-dataset/versions/2/Testing/notumor/Te-no_243.jpg,NORMAL,val
C:/Users/Ankit/.cache/kagglehub/datasets/masoudnickparvar/brain-tumor-mri-dataset/versions/2/Testing/notumor/Te-no_32.jpg,NORMAL,val
C:/Users/Ankit/.cache/kagglehub/datasets/masoudnickparvar/brain-tumor-mri-dataset/versions/2/Training/notumor/Tr-no_840.jpg,NORMAL,val
C:/Users/Ankit/.cache/kagglehub/datasets/masoudnickparvar/brain-tumor-mri-dataset/versions/2/Testing/notumor/Te-no_387.jpg,NORMAL,val
C:/Users/Ankit/.cache/kagglehub/datasets/masoudnickparvar/brain-tumor-mri-dataset/versions/2/Training/notumor/Tr-no_1295.jpg,NORMAL,val
C:/Users/Ankit/.cache/kagglehub/datasets/masoudnickparvar/brain-tumor-mri-dataset/versions/2/Training/notumor/Tr-no_518.jpg,NORMAL,val
C:/Users/Ankit/.cache/kagglehub/datasets/masoudnickparvar/brain-tumor-mri-dataset/versions/2/Training/notumor/Tr-no_1099.jpg,NORMAL,val
C:/Users/Ankit/.cache/kagglehub/datasets/masoudnickparvar/brain-tumor-mri-dataset/versions/2/Training/notumor/Tr-no_1011.jpg,NORMAL,val
C:/Users/Ankit/.cache/kagglehub/datasets/masoudnickparvar/brain-tumor-mri-dataset/versions/2/Training/notumor/Tr-no_1060.jpg,NORMAL,val
C:/Users/Ankit/.cache/kagglehub/datasets/masoudnickparvar/brain-tumor-mri-dataset/versions/2/Training/notumor/Tr-no_1019.jpg,NORMAL,val
C:/Users/Ankit/.cache/kagglehub/datasets/masoudnickparvar/brain-tumor-mri-dataset/versions/2/Training/notumor/Tr-no_1127.jpg,NORMAL,val
C:/Users/Ankit/.cache/kagglehub/datasets/masoudnickparvar/brain-tumor-mri-dataset/versions/2/Training/notumor/Tr-no_1084.jpg,NORMAL,val
C:/Users/Ankit/.cache/kagglehub/datasets/masoudnickparvar/brain-tumor-mri-dataset/versions/2/Training/notumor/Tr-no_945.jpg,NORMAL,val
C:/Users/Ankit/.cache/kagglehub/datasets/masoudnickparvar/brain-tumor-mri-dataset/versions/2/Training/notumor/Tr-no_1070.jpg,NORMAL,val
C:/Users/Ankit/.cache/kagglehub/datasets/masoudnickparvar/brain-tumor-mri-dataset/versions/2/Training/notumor/Tr-no_1005.jpg,NORMAL,val
C:/Users/Ankit/.cache/kagglehub/datasets/masoudnickparvar/brain-tumor-mri-dataset/versions/2/Training/notumor/Tr-no_920.jpg,NORMAL,val
C:/Users/Ankit/.cache/kagglehub/datasets/masoudnickparvar/brain-tumor-mri-dataset/versions/2/Training/notumor/Tr-no_298.jpg,NORMAL,val
C:/Users/Ankit/.cache/kagglehub/datasets/masoudnickparvar/brain-tumor-mri-dataset/versions/2/Testing/notumor/Te-no_9.jpg,NORMAL,val
C:/Users/Ankit/.cache/kagglehub/datasets/masoudnickparvar/brain-tumor-mri-dataset/versions/2/Training/notumor/Tr-no_638.jpg,NORMAL,val
C:/Users/Ankit/.cache/kagglehub/datasets/masoudnickparvar/brain-tumor-mri-dataset/versions/2/Training/notumor/Tr-no_754.jpg,NORMAL,val
C:/Users/Ankit/.cache/kagglehub/datasets/masoudnickparvar/brain-tumor-mri-dataset/versions/2/Testing/notumor/Te-no_76.jpg,NORMAL,val
C:/Users/Ankit/.cache/kagglehub/datasets/masoudnickparvar/brain-tumor-mri-dataset/versions/2/Training/notumor/Tr-no_1134.jpg,NORMAL,val
C:/Users/Ankit/.cache/kagglehub/datasets/masoudnickparvar/brain-tumor-mri-dataset/versions/2/Training/notumor/Tr-no_435.jpg,NORMAL,val
C:/Users/Ankit/.cache/kagglehub/datasets/masoudnickparvar/brain-tumor-mri-dataset/versions/2/Training/notumor/Tr-no_1040.jpg,NORMAL,val
C:/Users/Ankit/.cache/kagglehub/datasets/masoudnickparvar/brain-tumor-mri-dataset/versions/2/Training/notumor/Tr-no_1290.jpg,NORMAL,val
C:/Users/Ankit/.cache/kagglehub/datasets/masoudnickparvar/brain-tumor-mri-dataset/versions/2/Training/notumor/Tr-no_1216.jpg,NORMAL,val
C:/Users/Ankit/.cache/kagglehub/datasets/masoudnickparvar/brain-tumor-mri-dataset/versions/2/Training/notumor/Tr-no_256.jpg,NORMAL,val
C:/Users/Ankit/.cache/kagglehub/datasets/masoudnickparvar/brain-tumor-mri-dataset/versions/2/Testing/notumor/Te-no_68.jpg,NORMAL,val
C:/Users/Ankit/.cache/kagglehub/datasets/masoudnickparvar/brain-tumor-mri-dataset/versions/2/Training/notumor/Tr-no_40.jpg,NORMAL,val
C:/Users/Ankit/.cache/kagglehub/datasets/masoudnickparvar/brain-tumor-mri-dataset/versions/2/Testing/notumor/Te-no_239.jpg,NORMAL,val
C:/Users/Ankit/.cache/kagglehub/datasets/masoudnickparvar/brain-tumor-mri-dataset/versions/2/Training/notumor/Tr-no_1269.jpg,NORMAL,val
C:/Users/Ankit/.cache/kagglehub/datasets/masoudnickparvar/brain-tumor-mri-dataset/versions/2/Training/notumor/Tr-no_759.jpg,NORMAL,val
C:/Users/Ankit/.cache/kagglehub/datasets/masoudnickparvar/brain-tumor-mri-dataset/versions/2/Training/notumor/Tr-no_62.jpg,NORMAL,val
C:/Users/Ankit/.cache/kagglehub/datasets/masoudnickparvar/brain-tumor-mri-dataset/versions/2/Training/notumor/Tr-no_1374.jpg,NORMAL,val
C:/Users/Ankit/.cache/kagglehub/datasets/masoudnickparvar/brain-tumor-mri-dataset/versions/2/Testing/notumor/Te-no_270.jpg,NORMAL,val
C:/Users/Ankit/.cache/kagglehub/datasets/masoudnickparvar/brain-tumor-mri-dataset/versions/2/Training/notumor/Tr-no_1168.jpg,NORMAL,val
C:/Users/Ankit/.cache/kagglehub/datasets/masoudnickparvar/brain-tumor-mri-dataset/versions/2/Training/notumor/Tr-no_1096.jpg,NORMAL,val
C:/Users/Ankit/.cache/kagglehub/datasets/masoudnickparvar/brain-tumor-mri-dataset/versions/2/Training/notumor/Tr-no_1123.jpg,NORMAL,val
C:/Users/Ankit/.cache/kagglehub/datasets/masoudnickparvar/brain-tumor-mri-dataset/versions/2/Training/notumor/Tr-no_670.jpg,NORMAL,val
C:/Users/Ankit/.cache/kagglehub/datasets/masoudnickparvar/brain-tumor-mri-dataset/versions/2/Testing/notumor/Te-no_116.jpg,NORMAL,val
C:/Users/Ankit/.cache/kagglehub/datasets/masoudnickparvar/brain-tumor-mri-dataset/versions/2/Training/notumor/Tr-no_97.jpg,NORMAL,val
C:/Users/Ankit/.cache/kagglehub/datasets/masoudnickparvar/brain-tumor-mri-dataset/versions/2/Training/notumor/Tr-no_33.jpg,NORMAL,val
C:/Users/Ankit/.cache/kagglehub/datasets/masoudnickparvar/brain-tumor-mri-dataset/versions/2/Training/notumor/Tr-no_869.jpg,NORMAL,val
C:/Users/Ankit/.cache/kagglehub/datasets/masoudnickparvar/brain-tumor-mri-dataset/versions/2/Training/notumor/Tr-no_1399.jpg,NORMAL,val
C:/Users/Ankit/.cache/kagglehub/datasets/masoudnickparvar/brain-tumor-mri-dataset/versions/2/Training/notumor/Tr-no_98.jpg,NORMAL,val
C:/Users/Ankit/.cache/kagglehub/datasets/masoudnickparvar/brain-tumor-mri-dataset/versions/2/Training/notumor/Tr-no_940.jpg,NORMAL,val
C:/Users/Ankit/.cache/kagglehub/datasets/masoudnickparvar/brain-tumor-mri-dataset/versions/2/Training/notumor/Tr-no_671.jpg,NORMAL,val
C:/Users/Ankit/.cache/kagglehub/datasets/masoudnickparvar/brain-tumor-mri-dataset/versions/2/Training/notumor/Tr-no_626.jpg,NORMAL,val
C:/Users/Ankit/.cache/kagglehub/datasets/masoudnickparvar/brain-tumor-mri-dataset/versions/2/Training/notumor/Tr-no_1044.jpg,NORMAL,val
C:/Users/Ankit/.cache/kagglehub/datasets/masoudnickparvar/brain-tumor-mri-dataset/versions/2/Training/notumor/Tr-no_546.jpg,NORMAL,val
C:/Users/Ankit/.cache/kagglehub/datasets/masoudnickparvar/brain-tumor-mri-dataset/versions/2/Training/notumor/Tr-no_1343.jpg,NORMAL,val
C:/Users/Ankit/.cache/kagglehub/datasets/masoudnickparvar/brain-tumor-mri-dataset/versions/2/Testing/notumor/Te-no_223.jpg,NORMAL,val
C:/Users/Ankit/.cache/kagglehub/datasets/masoudnickparvar/brain-tumor-mri-dataset/versions/2/Training/notumor/Tr-no_1113.jpg,NORMAL,val
C:/Users/Ankit/.cache/kagglehub/datasets/masoudnickparvar/brain-tumor-mri-dataset/versions/2/Testing/notumor/Te-no_313.jpg,NORMAL,val
C:/Users/Ankit/.cache/kagglehub/datasets/masoudnickparvar/brain-tumor-mri-dataset/versions/2/Training/notumor/Tr-no_267.jpg,NORMAL,val
C:/Users/Ankit/.cache/kagglehub/datasets/masoudnickparvar/brain-tumor-mri-dataset/versions/2/Testing/notumor/Te-no_15.jpg,NORMAL,val
C:/Users/Ankit/.cache/kagglehub/datasets/masoudnickparvar/brain-tumor-mri-dataset/versions/2/Training/notumor/Tr-no_46.jpg,NORMAL,val
C:/Users/Ankit/.cache/kagglehub/datasets/masoudnickparvar/brain-tumor-mri-dataset/versions/2/Training/notumor/Tr-no_227.jpg,NORMAL,val
C:/Users/Ankit/.cache/kagglehub/datasets/masoudnickparvar/brain-tumor-mri-dataset/versions/2/Training/notumor/Tr-no_634.jpg,NORMAL,val
C:/Users/Ankit/.cache/kagglehub/datasets/masoudnickparvar/brain-tumor-mri-dataset/versions/2/Training/notumor/Tr-no_223.jpg,NORMAL,val
C:/Users/Ankit/.cache/kagglehub/datasets/masoudnickparvar/brain-tumor-mri-dataset/versions/2/Training/notumor/Tr-no_808.jpg,NORMAL,val
C:/Users/Ankit/.cache/kagglehub/datasets/masoudnickparvar/brain-tumor-mri-dataset/versions/2/Training/notumor/Tr-no_1264.jpg,NORMAL,val
C:/Users/Ankit/.cache/kagglehub/datasets/masoudnickparvar/brain-tumor-mri-dataset/versions/2/Training/notumor/Tr-no_775.jpg,NORMAL,val
C:/Users/Ankit/.cache/kagglehub/datasets/masoudnickparvar/brain-tumor-mri-dataset/versions/2/Training/notumor/Tr-no_1087.jpg,NORMAL,val
C:/Users/Ankit/.cache/kagglehub/datasets/masoudnickparvar/brain-tumor-mri-dataset/versions/2/Training/notumor/Tr-no_798.jpg,NORMAL,val
C:/Users/Ankit/.cache/kagglehub/datasets/masoudnickparvar/brain-tumor-mri-dataset/versions/2/Training/notumor/Tr-no_952.jpg,NORMAL,val
C:/Users/Ankit/.cache/kagglehub/datasets/masoudnickparvar/brain-tumor-mri-dataset/versions/2/Training/notumor/Tr-no_416.jpg,NORMAL,val
C:/Users/Ankit/.cache/kagglehub/datasets/masoudnickparvar/brain-tumor-mri-dataset/versions/2/Training/notumor/Tr-no_1333.jpg,NORMAL,val
C:/Users/Ankit/.cache/kagglehub/datasets/masoudnickparvar/brain-tumor-mri-dataset/versions/2/Training/notumor/Tr-no_194.jpg,NORMAL,val
C:/Users/Ankit/.cache/kagglehub/datasets/masoudnickparvar/brain-tumor-mri-dataset/versions/2/Training/notumor/Tr-no_658.jpg,NORMAL,val
C:/Users/Ankit/.cache/kagglehub/datasets/masoudnickparvar/brain-tumor-mri-dataset/versions/2/Training/notumor/Tr-no_11.jpg,NORMAL,val
C:/Users/Ankit/.cache/kagglehub/datasets/masoudnickparvar/brain-tumor-mri-dataset/versions/2/Training/notumor/Tr-no_846.jpg,NORMAL,val
C:/Users/Ankit/.cache/kagglehub/datasets/masoudnickparvar/brain-tumor-mri-dataset/versions/2/Training/notumor/Tr-no_37.jpg,NORMAL,val
C:/Users/Ankit/.cache/kagglehub/datasets/masoudnickparvar/brain-tumor-mri-dataset/versions/2/Training/notumor/Tr-no_998.jpg,NORMAL,val
C:/Users/Ankit/.cache/kagglehub/datasets/masoudnickparvar/brain-tumor-mri-dataset/versions/2/Training/notumor/Tr-no_324.jpg,NORMAL,val
C:/Users/Ankit/.cache/kagglehub/datasets/masoudnickparvar/brain-tumor-mri-dataset/versions/2/Testing/notumor/Te-no_314.jpg,NORMAL,val
C:/Users/Ankit/.cache/kagglehub/datasets/masoudnickparvar/brain-tumor-mri-dataset/versions/2/Training/notumor/Tr-no_1265.jpg,NORMAL,val
C:/Users/Ankit/.cache/kagglehub/datasets/masoudnickparvar/brain-tumor-mri-dataset/versions/2/Training/notumor/Tr-no_1180.jpg,NORMAL,test
C:/Users/Ankit/.cache/kagglehub/datasets/masoudnickparvar/brain-tumor-mri-dataset/versions/2/Training/notumor/Tr-no_305.jpg,NORMAL,test
C:/Users/Ankit/.cache/kagglehub/datasets/masoudnickparvar/brain-tumor-mri-dataset/versions/2/Testing/notumor/Te-no_232.jpg,NORMAL,test
C:/Users/Ankit/.cache/kagglehub/datasets/masoudnickparvar/brain-tumor-mri-dataset/versions/2/Training/notumor/Tr-no_408.jpg,NORMAL,test
C:/Users/Ankit/.cache/kagglehub/datasets/masoudnickparvar/brain-tumor-mri-dataset/versions/2/Training/notumor/Tr-no_977.jpg,NORMAL,test
C:/Users/Ankit/.cache/kagglehub/datasets/masoudnickparvar/brain-tumor-mri-dataset/versions/2/Training/notumor/Tr-no_310.jpg,NORMAL,test
C:/Users/Ankit/.cache/kagglehub/datasets/masoudnickparvar/brain-tumor-mri-dataset/versions/2/Training/notumor/Tr-no_1389.jpg,NORMAL,test
C:/Users/Ankit/.cache/kagglehub/datasets/masoudnickparvar/brain-tumor-mri-dataset/versions/2/Training/notumor/Tr-no_919.jpg,NORMAL,test
C:/Users/Ankit/.cache/kagglehub/datasets/masoudnickparvar/brain-tumor-mri-dataset/versions/2/Training/notumor/Tr-no_1119.jpg,NORMAL,test
C:/Users/Ankit/.cache/kagglehub/datasets/masoudnickparvar/brain-tumor-mri-dataset/versions/2/Testing/notumor/Te-no_107.jpg,NORMAL,test
C:/Users/Ankit/.cache/kagglehub/datasets/masoudnickparvar/brain-tumor-mri-dataset/versions/2/Training/notumor/Tr-no_438.jpg,NORMAL,test
C:/Users/Ankit/.cache/kagglehub/datasets/masoudnickparvar/brain-tumor-mri-dataset/versions/2/Training/notumor/Tr-no_1383.jpg,NORMAL,test
C:/Users/Ankit/.cache/kagglehub/datasets/masoudnickparvar/brain-tumor-mri-dataset/versions/2/Training/notumor/Tr-no_216.jpg,NORMAL,test
C:/Users/Ankit/.cache/kagglehub/datasets/masoudnickparvar/brain-tumor-mri-dataset/versions/2/Training/notumor/Tr-no_888.jpg,NORMAL,test
C:/Users/Ankit/.cache/kagglehub/datasets/masoudnickparvar/brain-tumor-mri-dataset/versions/2/Training/notumor/Tr-no_496.jpg,NORMAL,test
C:/Users/Ankit/.cache/kagglehub/datasets/masoudnickparvar/brain-tumor-mri-dataset/versions/2/Training/notumor/Tr-no_1055.jpg,NORMAL,test
C:/Users/Ankit/.cache/kagglehub/datasets/masoudnickparvar/brain-tumor-mri-dataset/versions/2/Training/notumor/Tr-no_1148.jpg,NORMAL,test
C:/Users/Ankit/.cache/kagglehub/datasets/masoudnickparvar/brain-tumor-mri-dataset/versions/2/Training/notumor/Tr-no_1279.jpg,NORMAL,test
C:/Users/Ankit/.cache/kagglehub/datasets/masoudnickparvar/brain-tumor-mri-dataset/versions/2/Training/notumor/Tr-no_128.jpg,NORMAL,test
C:/Users/Ankit/.cache/kagglehub/datasets/masoudnickparvar/brain-tumor-mri-dataset/versions/2/Training/notumor/Tr-no_452.jpg,NORMAL,test
C:/Users/Ankit/.cache/kagglehub/datasets/masoudnickparvar/brain-tumor-mri-dataset/versions/2/Training/notumor/Tr-no_970.jpg,NORMAL,test
C:/Users/Ankit/.cache/kagglehub/datasets/masoudnickparvar/brain-tumor-mri-dataset/versions/2/Training/notumor/Tr-no_717.jpg,NORMAL,test
C:/Users/Ankit/.cache/kagglehub/datasets/masoudnickparvar/brain-tumor-mri-dataset/versions/2/Training/notumor/Tr-no_1162.jpg,NORMAL,test
C:/Users/Ankit/.cache/kagglehub/datasets/masoudnickparvar/brain-tumor-mri-dataset/versions/2/Training/notumor/Tr-no_391.jpg,NORMAL,test
C:/Users/Ankit/.cache/kagglehub/datasets/masoudnickparvar/brain-tumor-mri-dataset/versions/2/Testing/notumor/Te-no_265.jpg,NORMAL,test
C:/Users/Ankit/.cache/kagglehub/datasets/masoudnickparvar/brain-tumor-mri-dataset/versions/2/Testing/notumor/Te-no_225.jpg,NORMAL,test
C:/Users/Ankit/.cache/kagglehub/datasets/masoudnickparvar/brain-tumor-mri-dataset/versions/2/Training/notumor/Tr-no_676.jpg,NORMAL,test
C:/Users/Ankit/.cache/kagglehub/datasets/masoudnickparvar/brain-tumor-mri-dataset/versions/2/Training/notumor/Tr-no_737.jpg,NORMAL,test
C:/Users/Ankit/.cache/kagglehub/datasets/masoudnickparvar/brain-tumor-mri-dataset/versions/2/Testing/notumor/Te-no_127.jpg,NORMAL,test
C:/Users/Ankit/.cache/kagglehub/datasets/masoudnickparvar/brain-tumor-mri-dataset/versions/2/Training/notumor/Tr-no_332.jpg,NORMAL,test
C:/Users/Ankit/.cache/kagglehub/datasets/masoudnickparvar/brain-tumor-mri-dataset/versions/2/Training/notumor/Tr-no_1007.jpg,NORMAL,test
C:/Users/Ankit/.cache/kagglehub/datasets/masoudnickparvar/brain-tumor-mri-dataset/versions/2/Training/notumor/Tr-no_459.jpg,NORMAL,test
C:/Users/Ankit/.cache/kagglehub/datasets/masoudnickparvar/brain-tumor-mri-dataset/versions/2/Training/notumor/Tr-no_1386.jpg,NORMAL,test
C:/Users/Ankit/.cache/kagglehub/datasets/masoudnickparvar/brain-tumor-mri-dataset/versions/2/Training/notumor/Tr-no_1367.jpg,NORMAL,test
C:/Users/Ankit/.cache/kagglehub/datasets/masoudnickparvar/brain-tumor-mri-dataset/versions/2/Training/notumor/Tr-no_612.jpg,NORMAL,test
C:/Users/Ankit/.cache/kagglehub/datasets/masoudnickparvar/brain-tumor-mri-dataset/versions/2/Training/notumor/Tr-no_129.jpg,NORMAL,test
C:/Users/Ankit/.cache/kagglehub/datasets/masoudnickparvar/brain-tumor-mri-dataset/versions/2/Training/notumor/Tr-no_1375.jpg,NORMAL,test
C:/Users/Ankit/.cache/kagglehub/datasets/masoudnickparvar/brain-tumor-mri-dataset/versions/2/Training/notumor/Tr-no_815.jpg,NORMAL,test
C:/Users/Ankit/.cache/kagglehub/datasets/masoudnickparvar/brain-tumor-mri-dataset/versions/2/Training/notumor/Tr-no_1147.jpg,NORMAL,test
C:/Users/Ankit/.cache/kagglehub/datasets/masoudnickparvar/brain-tumor-mri-dataset/versions/2/Testing/notumor/Te-no_259.jpg,NORMAL,test
C:/Users/Ankit/.cache/kagglehub/datasets/masoudnickparvar/brain-tumor-mri-dataset/versions/2/Testing/notumor/Te-no_39.jpg,NORMAL,test
C:/Users/Ankit/.cache/kagglehub/datasets/masoudnickparvar/brain-tumor-mri-dataset/versions/2/Testing/notumor/Te-no_1.jpg,NORMAL,test
C:/Users/Ankit/.cache/kagglehub/datasets/masoudnickparvar/brain-tumor-mri-dataset/versions/2/Training/notumor/Tr-no_586.jpg,NORMAL,test
C:/Users/Ankit/.cache/kagglehub/datasets/masoudnickparvar/brain-tumor-mri-dataset/versions/2/Training/notumor/Tr-no_1079.jpg,NORMAL,test
C:/Users/Ankit/.cache/kagglehub/datasets/masoudnickparvar/brain-tumor-mri-dataset/versions/2/Training/notumor/Tr-no_1300.jpg,NORMAL,test
C:/Users/Ankit/.cache/kagglehub/datasets/masoudnickparvar/brain-tumor-mri-dataset/versions/2/Testing/notumor/Te-no_165.jpg,NORMAL,test
C:/Users/Ankit/.cache/kagglehub/datasets/masoudnickparvar/brain-tumor-mri-dataset/versions/2/Training/notumor/Tr-no_620.jpg,NORMAL,test
C:/Users/Ankit/.cache/kagglehub/datasets/masoudnickparvar/brain-tumor-mri-dataset/versions/2/Testing/notumor/Te-no_51.jpg,NORMAL,test
C:/Users/Ankit/.cache/kagglehub/datasets/masoudnickparvar/brain-tumor-mri-dataset/versions/2/Training/notumor/Tr-no_511.jpg,NORMAL,test
C:/Users/Ankit/.cache/kagglehub/datasets/masoudnickparvar/brain-tumor-mri-dataset/versions/2/Training/notumor/Tr-no_1065.jpg,NORMAL,test
C:/Users/Ankit/.cache/kagglehub/datasets/masoudnickparvar/brain-tumor-mri-dataset/versions/2/Training/notumor/Tr-no_666.jpg,NORMAL,test
C:/Users/Ankit/.cache/kagglehub/datasets/masoudnickparvar/brain-tumor-mri-dataset/versions/2/Training/notumor/Tr-no_329.jpg,NORMAL,test
C:/Users/Ankit/.cache/kagglehub/datasets/masoudnickparvar/brain-tumor-mri-dataset/versions/2/Training/notumor/Tr-no_319.jpg,NORMAL,test
C:/Users/Ankit/.cache/kagglehub/datasets/masoudnickparvar/brain-tumor-mri-dataset/versions/2/Training/notumor/Tr-no_483.jpg,NORMAL,test
C:/Users/Ankit/.cache/kagglehub/datasets/masoudnickparvar/brain-tumor-mri-dataset/versions/2/Training/notumor/Tr-no_959.jpg,NORMAL,test
C:/Users/Ankit/.cache/kagglehub/datasets/masoudnickparvar/brain-tumor-mri-dataset/versions/2/Testing/notumor/Te-no_160.jpg,NORMAL,test
C:/Users/Ankit/.cache/kagglehub/datasets/masoudnickparvar/brain-tumor-mri-dataset/versions/2/Testing/notumor/Te-no_98.jpg,NORMAL,test
C:/Users/Ankit/.cache/kagglehub/datasets/masoudnickparvar/brain-tumor-mri-dataset/versions/2/Training/notumor/Tr-no_1165.jpg,NORMAL,test
C:/Users/Ankit/.cache/kagglehub/datasets/masoudnickparvar/brain-tumor-mri-dataset/versions/2/Training/notumor/Tr-no_333.jpg,NORMAL,test
C:/Users/Ankit/.cache/kagglehub/datasets/masoudnickparvar/brain-tumor-mri-dataset/versions/2/Training/notumor/Tr-no_860.jpg,NORMAL,test
C:/Users/Ankit/.cache/kagglehub/datasets/masoudnickparvar/brain-tumor-mri-dataset/versions/2/Training/notumor/Tr-no_59.jpg,NORMAL,test
C:/Users/Ankit/.cache/kagglehub/datasets/masoudnickparvar/brain-tumor-mri-dataset/versions/2/Training/notumor/Tr-no_101.jpg,NORMAL,test
C:/Users/Ankit/.cache/kagglehub/datasets/masoudnickparvar/brain-tumor-mri-dataset/versions/2/Testing/notumor/Te-no_118.jpg,NORMAL,test
C:/Users/Ankit/.cache/kagglehub/datasets/masoudnickparvar/brain-tumor-mri-dataset/versions/2/Training/notumor/Tr-no_188.jpg,NORMAL,test
C:/Users/Ankit/.cache/kagglehub/datasets/masoudnickparvar/brain-tumor-mri-dataset/versions/2/Training/notumor/Tr-no_29.jpg,NORMAL,test
C:/Users/Ankit/.cache/kagglehub/datasets/masoudnickparvar/brain-tumor-mri-dataset/versions/2/Training/notumor/Tr-no_559.jpg,NORMAL,test
C:/Users/Ankit/.cache/kagglehub/datasets/masoudnickparvar/brain-tumor-mri-dataset/versions/2/Testing/notumor/Te-no_61.jpg,NORMAL,test
C:/Users/Ankit/.cache/kagglehub/datasets/masoudnickparvar/brain-tumor-mri-dataset/versions/2/Training/notumor/Tr-no_890.jpg,NORMAL,test
C:/Users/Ankit/.cache/kagglehub/datasets/masoudnickparvar/brain-tumor-mri-dataset/versions/2/Training/notumor/Tr-no_804.jpg,NORMAL,test
C:/Users/Ankit/.cache/kagglehub/datasets/masoudnickparvar/brain-tumor-mri-dataset/versions/2/Testing/notumor/Te-no_204.jpg,NORMAL,test
C:/Users/Ankit/.cache/kagglehub/datasets/masoudnickparvar/brain-tumor-mri-dataset/versions/2/Training/notumor/Tr-no_48.jpg,NORMAL,test
C:/Users/Ankit/.cache/kagglehub/datasets/masoudnickparvar/brain-tumor-mri-dataset/versions/2/Training/notumor/Tr-no_690.jpg,NORMAL,test
C:/Users/Ankit/.cache/kagglehub/datasets/masoudnickparvar/brain-tumor-mri-dataset/versions/2/Training/notumor/Tr-no_1166.jpg,NORMAL,test
C:/Users/Ankit/.cache/kagglehub/datasets/masoudnickparvar/brain-tumor-mri-dataset/versions/2/Training/notumor/Tr-no_339.jpg,NORMAL,test
C:/Users/Ankit/.cache/kagglehub/datasets/masoudnickparvar/brain-tumor-mri-dataset/versions/2/Training/notumor/Tr-no_588.jpg,NORMAL,test
C:/Users/Ankit/.cache/kagglehub/datasets/masoudnickparvar/brain-tumor-mri-dataset/versions/2/Training/notumor/Tr-no_929.jpg,NORMAL,test
C:/Users/Ankit/.cache/kagglehub/datasets/masoudnickparvar/brain-tumor-mri-dataset/versions/2/Training/notumor/Tr-no_933.jpg,NORMAL,test
C:/Users/Ankit/.cache/kagglehub/datasets/masoudnickparvar/brain-tumor-mri-dataset/versions/2/Training/notumor/Tr-no_1347.jpg,NORMAL,test
C:/Users/Ankit/.cache/kagglehub/datasets/masoudnickparvar/brain-tumor-mri-dataset/versions/2/Training/notumor/Tr-no_713.jpg,NORMAL,test
C:/Users/Ankit/.cache/kagglehub/datasets/masoudnickparvar/brain-tumor-mri-dataset/versions/2/Testing/notumor/Te-no_169.jpg,NORMAL,test
C:/Users/Ankit/.cache/kagglehub/datasets/masoudnickparvar/brain-tumor-mri-dataset/versions/2/Training/notumor/Tr-no_500.jpg,NORMAL,test
C:/Users/Ankit/.cache/kagglehub/datasets/masoudnickparvar/brain-tumor-mri-dataset/versions/2/Testing/notumor/Te-no_246.jpg,NORMAL,test
C:/Users/Ankit/.cache/kagglehub/datasets/masoudnickparvar/brain-tumor-mri-dataset/versions/2/Training/notumor/Tr-no_1321.jpg,NORMAL,test
C:/Users/Ankit/.cache/kagglehub/datasets/masoudnickparvar/brain-tumor-mri-dataset/versions/2/Training/notumor/Tr-no_1047.jpg,NORMAL,test
C:/Users/Ankit/.cache/kagglehub/datasets/masoudnickparvar/brain-tumor-mri-dataset/versions/2/Training/notumor/Tr-no_1122.jpg,NORMAL,test
C:/Users/Ankit/.cache/kagglehub/datasets/masoudnickparvar/brain-tumor-mri-dataset/versions/2/Testing/notumor/Te-no_217.jpg,NORMAL,test
C:/Users/Ankit/.cache/kagglehub/datasets/masoudnickparvar/brain-tumor-mri-dataset/versions/2/Testing/notumor/Te-no_261.jpg,NORMAL,test
C:/Users/Ankit/.cache/kagglehub/datasets/masoudnickparvar/brain-tumor-mri-dataset/versions/2/Training/notumor/Tr-no_180.jpg,NORMAL,test
C:/Users/Ankit/.cache/kagglehub/datasets/masoudnickparvar/brain-tumor-mri-dataset/versions/2/Training/notumor/Tr-no_485.jpg,NORMAL,test
C:/Users/Ankit/.cache/kagglehub/datasets/masoudnickparvar/brain-tumor-mri-dataset/versions/2/Training/notumor/Tr-no_247.jpg,NORMAL,test
C:/Users/Ankit/.cache/kagglehub/datasets/masoudnickparvar/brain-tumor-mri-dataset/versions/2/Testing/notumor/Te-no_367.jpg,NORMAL,test
C:/Users/Ankit/.cache/kagglehub/datasets/masoudnickparvar/brain-tumor-mri-dataset/versions/2/Training/notumor/Tr-no_897.jpg,NORMAL,test
C:/Users/Ankit/.cache/kagglehub/datasets/masoudnickparvar/brain-tumor-mri-dataset/versions/2/Testing/notumor/Te-no_267.jpg,NORMAL,test
C:/Users/Ankit/.cache/kagglehub/datasets/masoudnickparvar/brain-tumor-mri-dataset/versions/2/Training/notumor/Tr-no_980.jpg,NORMAL,test
C:/Users/Ankit/.cache/kagglehub/datasets/masoudnickparvar/brain-tumor-mri-dataset/versions/2/Testing/notumor/Te-no_108.jpg,NORMAL,test
C:/Users/Ankit/.cache/kagglehub/datasets/masoudnickparvar/brain-tumor-mri-dataset/versions/2/Training/notumor/Tr-no_550.jpg,NORMAL,test
C:/Users/Ankit/.cache/kagglehub/datasets/masoudnickparvar/brain-tumor-mri-dataset/versions/2/Training/notumor/Tr-no_1355.jpg,NORMAL,test
C:/Users/Ankit/.cache/kagglehub/datasets/masoudnickparvar/brain-tumor-mri-dataset/versions/2/Testing/notumor/Te-no_396.jpg,NORMAL,test
C:/Users/Ankit/.cache/kagglehub/datasets/masoudnickparvar/brain-tumor-mri-dataset/versions/2/Testing/notumor/Te-no_195.jpg,NORMAL,test
C:/Users/Ankit/.cache/kagglehub/datasets/masoudnickparvar/brain-tumor-mri-dataset/versions/2/Training/notumor/Tr-no_681.jpg,NORMAL,test
C:/Users/Ankit/.cache/kagglehub/datasets/masoudnickparvar/brain-tumor-mri-dataset/versions/2/Training/notumor/Tr-no_64.jpg,NORMAL,test
C:/Users/Ankit/.cache/kagglehub/datasets/masoudnickparvar/brain-tumor-mri-dataset/versions/2/Training/notumor/Tr-no_663.jpg,NORMAL,test
C:/Users/Ankit/.cache/kagglehub/datasets/masoudnickparvar/brain-tumor-mri-dataset/versions/2/Training/notumor/Tr-no_51.jpg,NORMAL,test
C:/Users/Ankit/.cache/kagglehub/datasets/masoudnickparvar/brain-tumor-mri-dataset/versions/2/Training/notumor/Tr-no_393.jpg,NORMAL,test
C:/Users/Ankit/.cache/kagglehub/datasets/masoudnickparvar/brain-tumor-mri-dataset/versions/2/Training/notumor/Tr-no_855.jpg,NORMAL,test
C:/Users/Ankit/.cache/kagglehub/datasets/masoudnickparvar/brain-tumor-mri-dataset/versions/2/Training/notumor/Tr-no_1262.jpg,NORMAL,test
C:/Users/Ankit/.cache/kagglehub/datasets/masoudnickparvar/brain-tumor-mri-dataset/versions/2/Training/notumor/Tr-no_827.jpg,NORMAL,test
C:/Users/Ankit/.cache/kagglehub/datasets/masoudnickparvar/brain-tumor-mri-dataset/versions/2/Training/notumor/Tr-no_1377.jpg,NORMAL,test
C:/Users/Ankit/.cache/kagglehub/datasets/masoudnickparvar/brain-tumor-mri-dataset/versions/2/Training/notumor/Tr-no_315.jpg,NORMAL,test
C:/Users/Ankit/.cache/kagglehub/datasets/masoudnickparvar/brain-tumor-mri-dataset/versions/2/Training/notumor/Tr-no_1033.jpg,NORMAL,test
C:/Users/Ankit/.cache/kagglehub/datasets/masoudnickparvar/brain-tumor-mri-dataset/versions/2/Testing/notumor/Te-no_284.jpg,NORMAL,test
C:/Users/Ankit/.cache/kagglehub/datasets/masoudnickparvar/brain-tumor-mri-dataset/versions/2/Testing/notumor/Te-no_398.jpg,NORMAL,test
C:/Users/Ankit/.cache/kagglehub/datasets/masoudnickparvar/brain-tumor-mri-dataset/versions/2/Training/notumor/Tr-no_668.jpg,NORMAL,test
C:/Users/Ankit/.cache/kagglehub/datasets/masoudnickparvar/brain-tumor-mri-dataset/versions/2/Training/notumor/Tr-no_821.jpg,NORMAL,test
C:/Users/Ankit/.cache/kagglehub/datasets/masoudnickparvar/brain-tumor-mri-dataset/versions/2/Training/notumor/Tr-no_200.jpg,NORMAL,test
C:/Users/Ankit/.cache/kagglehub/datasets/masoudnickparvar/brain-tumor-mri-dataset/versions/2/Training/notumor/Tr-no_1061.jpg,NORMAL,test
C:/Users/Ankit/.cache/kagglehub/datasets/masoudnickparvar/brain-tumor-mri-dataset/versions/2/Training/notumor/Tr-no_757.jpg,NORMAL,test
C:/Users/Ankit/.cache/kagglehub/datasets/masoudnickparvar/brain-tumor-mri-dataset/versions/2/Testing/notumor/Te-no_318.jpg,NORMAL,test
C:/Users/Ankit/.cache/kagglehub/datasets/masoudnickparvar/brain-tumor-mri-dataset/versions/2/Training/notumor/Tr-no_594.jpg,NORMAL,test
C:/Users/Ankit/.cache/kagglehub/datasets/masoudnickparvar/brain-tumor-mri-dataset/versions/2/Testing/notumor/Te-no_353.jpg,NORMAL,test
C:/Users/Ankit/.cache/kagglehub/datasets/masoudnickparvar/brain-tumor-mri-dataset/versions/2/Training/notumor/Tr-no_734.jpg,NORMAL,test
C:/Users/Ankit/.cache/kagglehub/datasets/masoudnickparvar/brain-tumor-mri-dataset/versions/2/Training/notumor/Tr-no_1372.jpg,NORMAL,test
C:/Users/Ankit/.cache/kagglehub/datasets/masoudnickparvar/brain-tumor-mri-dataset/versions/2/Training/notumor/Tr-no_679.jpg,NORMAL,test
C:/Users/Ankit/.cache/kagglehub/datasets/masoudnickparvar/brain-tumor-mri-dataset/versions/2/Training/notumor/Tr-no_805.jpg,NORMAL,test
C:/Users/Ankit/.cache/kagglehub/datasets/masoudnickparvar/brain-tumor-mri-dataset/versions/2/Training/notumor/Tr-no_1273.jpg,NORMAL,test
C:/Users/Ankit/.cache/kagglehub/datasets/masoudnickparvar/brain-tumor-mri-dataset/versions/2/Training/notumor/Tr-no_989.jpg,NORMAL,test
C:/Users/Ankit/.cache/kagglehub/datasets/masoudnickparvar/brain-tumor-mri-dataset/versions/2/Training/notumor/Tr-no_1203.jpg,NORMAL,test
C:/Users/Ankit/.cache/kagglehub/datasets/masoudnickparvar/brain-tumor-mri-dataset/versions/2/Training/notumor/Tr-no_972.jpg,NORMAL,test
C:/Users/Ankit/.cache/kagglehub/datasets/masoudnickparvar/brain-tumor-mri-dataset/versions/2/Training/notumor/Tr-no_27.jpg,NORMAL,test
C:/Users/Ankit/.cache/kagglehub/datasets/masoudnickparvar/brain-tumor-mri-dataset/versions/2/Training/notumor/Tr-no_400.jpg,NORMAL,test
C:/Users/Ankit/.cache/kagglehub/datasets/masoudnickparvar/brain-tumor-mri-dataset/versions/2/Training/notumor/Tr-no_409.jpg,NORMAL,test
C:/Users/Ankit/.cache/kagglehub/datasets/masoudnickparvar/brain-tumor-mri-dataset/versions/2/Training/notumor/Tr-no_1320.jpg,NORMAL,test
C:/Users/Ankit/.cache/kagglehub/datasets/masoudnickparvar/brain-tumor-mri-dataset/versions/2/Testing/notumor/Te-no_69.jpg,NORMAL,test
C:/Users/Ankit/.cache/kagglehub/datasets/masoudnickparvar/brain-tumor-mri-dataset/versions/2/Training/notumor/Tr-no_268.jpg,NORMAL,test
C:/Users/Ankit/.cache/kagglehub/datasets/masoudnickparvar/brain-tumor-mri-dataset/versions/2/Training/notumor/Tr-no_405.jpg,NORMAL,test
C:/Users/Ankit/.cache/kagglehub/datasets/masoudnickparvar/brain-tumor-mri-dataset/versions/2/Training/notumor/Tr-no_823.jpg,NORMAL,test
C:/Users/Ankit/.cache/kagglehub/datasets/masoudnickparvar/brain-tumor-mri-dataset/versions/2/Training/notumor/Tr-no_396.jpg,NORMAL,test
C:/Users/Ankit/.cache/kagglehub/datasets/masoudnickparvar/brain-tumor-mri-dataset/versions/2/Training/notumor/Tr-no_140.jpg,NORMAL,test
C:/Users/Ankit/.cache/kagglehub/datasets/masoudnickparvar/brain-tumor-mri-dataset/versions/2/Training/notumor/Tr-no_1013.jpg,NORMAL,test
C:/Users/Ankit/.cache/kagglehub/datasets/masoudnickparvar/brain-tumor-mri-dataset/versions/2/Training/notumor/Tr-no_770.jpg,NORMAL,test
C:/Users/Ankit/.cache/kagglehub/datasets/masoudnickparvar/brain-tumor-mri-dataset/versions/2/Training/notumor/Tr-no_1370.jpg,NORMAL,test
C:/Users/Ankit/.cache/kagglehub/datasets/masoudnickparvar/brain-tumor-mri-dataset/versions/2/Training/notumor/Tr-no_632.jpg,NORMAL,test
C:/Users/Ankit/.cache/kagglehub/datasets/masoudnickparvar/brain-tumor-mri-dataset/versions/2/Training/notumor/Tr-no_1146.jpg,NORMAL,test
C:/Users/Ankit/.cache/kagglehub/datasets/masoudnickparvar/brain-tumor-mri-dataset/versions/2/Training/notumor/Tr-no_506.jpg,NORMAL,test
C:/Users/Ankit/.cache/kagglehub/datasets/masoudnickparvar/brain-tumor-mri-dataset/versions/2/Training/notumor/Tr-no_1311.jpg,NORMAL,test
C:/Users/Ankit/.cache/kagglehub/datasets/masoudnickparvar/brain-tumor-mri-dataset/versions/2/Training/notumor/Tr-no_419.jpg,NORMAL,test
C:/Users/Ankit/.cache/kagglehub/datasets/masoudnickparvar/brain-tumor-mri-dataset/versions/2/Training/notumor/Tr-no_159.jpg,NORMAL,test
C:/Users/Ankit/.cache/kagglehub/datasets/masoudnickparvar/brain-tumor-mri-dataset/versions/2/Training/notumor/Tr-no_366.jpg,NORMAL,test
C:/Users/Ankit/.cache/kagglehub/datasets/masoudnickparvar/brain-tumor-mri-dataset/versions/2/Training/notumor/Tr-no_954.jpg,NORMAL,test
C:/Users/Ankit/.cache/kagglehub/datasets/masoudnickparvar/brain-tumor-mri-dataset/versions/2/Training/notumor/Tr-no_112.jpg,NORMAL,test
C:/Users/Ankit/.cache/kagglehub/datasets/masoudnickparvar/brain-tumor-mri-dataset/versions/2/Training/notumor/Tr-no_1105.jpg,NORMAL,test
C:/Users/Ankit/.cache/kagglehub/datasets/masoudnickparvar/brain-tumor-mri-dataset/versions/2/Training/notumor/Tr-no_457.jpg,NORMAL,test
C:/Users/Ankit/.cache/kagglehub/datasets/masoudnickparvar/brain-tumor-mri-dataset/versions/2/Training/notumor/Tr-no_58.jpg,NORMAL,test
C:/Users/Ankit/.cache/kagglehub/datasets/masoudnickparvar/brain-tumor-mri-dataset/versions/2/Training/notumor/Tr-no_163.jpg,NORMAL,test
C:/Users/Ankit/.cache/kagglehub/datasets/masoudnickparvar/brain-tumor-mri-dataset/versions/2/Testing/notumor/Te-no_384.jpg,NORMAL,test
C:/Users/Ankit/.cache/kagglehub/datasets/masoudnickparvar/brain-tumor-mri-dataset/versions/2/Testing/notumor/Te-no_296.jpg,NORMAL,test
C:/Users/Ankit/.cache/kagglehub/datasets/masoudnickparvar/brain-tumor-mri-dataset/versions/2/Training/notumor/Tr-no_1305.jpg,NORMAL,test
C:/Users/Ankit/.cache/kagglehub/datasets/masoudnickparvar/brain-tumor-mri-dataset/versions/2/Training/notumor/Tr-no_1392.jpg,NORMAL,test
C:/Users/Ankit/.cache/kagglehub/datasets/masoudnickparvar/brain-tumor-mri-dataset/versions/2/Training/notumor/Tr-no_122.jpg,NORMAL,test
C:/Users/Ankit/.cache/kagglehub/datasets/masoudnickparvar/brain-tumor-mri-dataset/versions/2/Training/notumor/Tr-no_861.jpg,NORMAL,test
C:/Users/Ankit/.cache/kagglehub/datasets/masoudnickparvar/brain-tumor-mri-dataset/versions/2/Training/notumor/Tr-no_646.jpg,NORMAL,test
C:/Users/Ankit/.cache/kagglehub/datasets/masoudnickparvar/brain-tumor-mri-dataset/versions/2/Training/notumor/Tr-no_1016.jpg,NORMAL,test
C:/Users/Ankit/.cache/kagglehub/datasets/masoudnickparvar/brain-tumor-mri-dataset/versions/2/Training/notumor/Tr-no_585.jpg,NORMAL,test
C:/Users/Ankit/.cache/kagglehub/datasets/masoudnickparvar/brain-tumor-mri-dataset/versions/2/Training/notumor/Tr-no_133.jpg,NORMAL,test
C:/Users/Ankit/.cache/kagglehub/datasets/masoudnickparvar/brain-tumor-mri-dataset/versions/2/Training/notumor/Tr-no_99.jpg,NORMAL,test
C:/Users/Ankit/.cache/kagglehub/datasets/masoudnickparvar/brain-tumor-mri-dataset/versions/2/Training/notumor/Tr-no_336.jpg,NORMAL,test
C:/Users/Ankit/.cache/kagglehub/datasets/masoudnickparvar/brain-tumor-mri-dataset/versions/2/Testing/notumor/Te-no_316.jpg,NORMAL,test
C:/Users/Ankit/.cache/kagglehub/datasets/masoudnickparvar/brain-tumor-mri-dataset/versions/2/Training/notumor/Tr-no_341.jpg,NORMAL,test
C:/Users/Ankit/.cache/kagglehub/datasets/masoudnickparvar/brain-tumor-mri-dataset/versions/2/Training/notumor/Tr-no_443.jpg,NORMAL,test
C:/Users/Ankit/.cache/kagglehub/datasets/masoudnickparvar/brain-tumor-mri-dataset/versions/2/Testing/notumor/Te-no_111.jpg,NORMAL,test
C:/Users/Ankit/.cache/kagglehub/datasets/masoudnickparvar/brain-tumor-mri-dataset/versions/2/Training/notumor/Tr-no_833.jpg,NORMAL,test
C:/Users/Ankit/.cache/kagglehub/datasets/masoudnickparvar/brain-tumor-mri-dataset/versions/2/Training/notumor/Tr-no_749.jpg,NORMAL,test
C:/Users/Ankit/.cache/kagglehub/datasets/masoudnickparvar/brain-tumor-mri-dataset/versions/2/Training/notumor/Tr-no_686.jpg,NORMAL,test
C:/Users/Ankit/.cache/kagglehub/datasets/masoudnickparvar/brain-tumor-mri-dataset/versions/2/Testing/notumor/Te-no_109.jpg,NORMAL,test
C:/Users/Ankit/.cache/kagglehub/datasets/masoudnickparvar/brain-tumor-mri-dataset/versions/2/Testing/notumor/Te-no_88.jpg,NORMAL,test
C:/Users/Ankit/.cache/kagglehub/datasets/masoudnickparvar/brain-tumor-mri-dataset/versions/2/Training/notumor/Tr-no_1112.jpg,NORMAL,test
C:/Users/Ankit/.cache/kagglehub/datasets/masoudnickparvar/brain-tumor-mri-dataset/versions/2/Training/notumor/Tr-no_1391.jpg,NORMAL,test
C:/Users/Ankit/.cache/kagglehub/datasets/masoudnickparvar/brain-tumor-mri-dataset/versions/2/Training/notumor/Tr-no_380.jpg,NORMAL,test
C:/Users/Ankit/.cache/kagglehub/datasets/masoudnickparvar/brain-tumor-mri-dataset/versions/2/Training/notumor/Tr-no_995.jpg,NORMAL,test
C:/Users/Ankit/.cache/kagglehub/datasets/masoudnickparvar/brain-tumor-mri-dataset/versions/2/Training/notumor/Tr-no_481.jpg,NORMAL,test
